architecture,K,epoch,valid_seed_count,train_accuracy_mean,train_accuracy_std,test_accuracy_mean,test_accuracy_std,effective_mean_participation_rank_mean,effective_mean_participation_rank_std
lstm,79,0,5,0.15975274741649625,0.045792528234054115,0.15408435910940166,0.04282985692834834,10.036928334533226,5.783189961183232
lstm,79,1,5,0.1575091570615768,0.034362781582612065,0.1507741644978523,0.032470778595874356,8.817371539218126,5.118817476906164
lstm,79,2,5,0.16025641262531276,0.037261324589922866,0.15568606704473492,0.036660118090726154,7.693333755947298,4.4297561686249205
lstm,79,3,5,0.16121795177459713,0.03212576231919211,0.15301655530929564,0.031103219459649254,6.558354081760113,3.6679470295363212
lstm,79,4,5,0.16707875728607174,0.0419138652878371,0.15920982807874676,0.03632972347186379,5.514662681275103,2.9220894850990264
lstm,79,5,5,0.16858974397182463,0.03978862581761802,0.15899626314640042,0.03224127800113095,4.614140244640205,2.252075204239504
lstm,79,6,5,0.17133699357509607,0.03942072344152628,0.1618793427944183,0.036067893213238986,3.875871338628445,1.6851796466315772
lstm,79,7,5,0.17522893846034998,0.04143064173902681,0.16316070854663844,0.036942832522076065,3.295401832046945,1.2256423789599573
lstm,79,8,5,0.17577838599681853,0.038851819748702325,0.16550987958908076,0.0356557585792307,2.8596143320207754,0.8739182133866645
lstm,79,9,5,0.1783424913883209,0.044312322318817855,0.16668446660041805,0.037845766431848574,2.5459968959363932,0.6210241310633698
lstm,79,10,5,0.18328754901885985,0.05062542745707872,0.17031500637531277,0.041815193484387086,2.32310814141054,0.4491994303572877
lstm,79,11,5,0.1909340679645538,0.059679681631339014,0.1785371154546737,0.051720556017440175,2.1636338755421773,0.3355248179145848
lstm,79,12,5,0.19835164844989772,0.06721274689868312,0.18419648408889766,0.059596573720826884,2.051679890624387,0.2572254997353886
lstm,79,13,5,0.20599817037582394,0.07231848832892743,0.18793379962444304,0.0625897145876092,1.9793182569066752,0.1996992461662921
lstm,79,14,5,0.206456047296524,0.07102724144304466,0.18878804743289943,0.06163468997044765,1.9417547534232107,0.15877237974568895
lstm,79,15,5,0.21112637519836422,0.07265399394542059,0.19103043377399442,0.06256398071758634,1.933333593628396,0.1401078981250661
lstm,79,16,5,0.21465201675891876,0.06808975916517794,0.19305927157402036,0.05611900689137385,1.9447644891735412,0.14542194051772683
lstm,79,17,5,0.2152930378913879,0.06314213065155355,0.19562200307846064,0.052379101412042176,1.9577088977485644,0.14637422931571414
lstm,79,18,5,0.2194597095251083,0.06637015181306863,0.19893219769001003,0.05437505928091201,1.9629192178108128,0.12205143455073769
lstm,79,19,5,0.22074175775051114,0.06677321014149698,0.20074746906757351,0.05672827902201777,1.967007538992723,0.08978696324486249
lstm,79,20,5,0.22083333134651179,0.06949562938170274,0.20213561356067652,0.0591616339617024,1.9765555523673572,0.07676982283814203
lstm,79,21,5,0.22197801768779754,0.07210858603066321,0.20160171091556545,0.06241139122367315,1.991286577841382,0.08377504249610339
lstm,79,22,5,0.22280219495296474,0.0731065210596702,0.2020288378000259,0.06213330610090671,2.0057272117305045,0.08952725599807511
lstm,79,23,5,0.2252747297286987,0.07236116465397409,0.20512547492980956,0.06130753035301845,2.0132485487017897,0.0829085526476354
lstm,79,24,5,0.22985347509384152,0.07374229287558369,0.20790176689624787,0.06316614621542518,2.0148246540144834,0.06424655365394143
lstm,79,25,5,0.23759157657623292,0.08105453042677163,0.21398825943469996,0.06867701168645705,2.0158065336196156,0.038113289168363165
lstm,79,26,5,0.24565018415451045,0.09005506512370115,0.21900694668292994,0.07607918721056658,2.018846878140527,0.014659992054970455
lstm,79,27,5,0.25114468634128573,0.09770719967733651,0.2228510469198227,0.0815881502110361,2.020956303751311,0.02980920810967548
lstm,79,28,5,0.2533424913883209,0.10016524114032269,0.2244527548551559,0.08530641215926203,2.01717129427088,0.04727005583288927
lstm,79,29,5,0.25837911963462823,0.10361342713034986,0.22658836245536795,0.08821893836856232,2.0063318861365005,0.05285819511496487
lstm,79,30,5,0.2624542146921158,0.10451422796848757,0.2296850055456161,0.08769295639242948,1.9926135344937002,0.04909818086924235
lstm,79,31,5,0.26561355590820307,0.10708835553821854,0.23310198485851283,0.08907269096902483,1.9821889150311474,0.03856667036657513
lstm,79,32,5,0.26831501722335815,0.1106819828769634,0.23587827384471893,0.09168014588604469,1.9795500801265256,0.024688795087051997
lstm,79,33,5,0.2694597035646439,0.1116292684884491,0.2339562237262726,0.09018802656438372,1.9848701086624572,0.017129043675846563
lstm,79,34,5,0.2686813235282898,0.1098260152006043,0.23256808221340175,0.08838680927948883,1.994913070546323,0.018080718382123245
lstm,79,35,5,0.2685439527034759,0.10740058988811052,0.23395622968673702,0.08659222634601284,2.0065260990465887,0.01811346192843538
lstm,79,36,5,0.27042125165462494,0.10694068666883212,0.23555793762207028,0.08659058189245514,2.0173401624467537,0.017639264821326342
lstm,79,37,5,0.27550366222858425,0.10904462576809766,0.23950881361961365,0.08829000314239954,2.024746521818362,0.016444868700208084
lstm,79,38,5,0.2814560443162918,0.11393126944297356,0.24420715570449825,0.09053439872309951,2.0249862381116204,0.014688463990240635
lstm,79,39,5,0.2845238089561462,0.11770265166451585,0.2463427722454071,0.0924504843052655,2.017435424215738,0.01758343856079961
lstm,79,40,5,0.28434066474437714,0.11786269321063417,0.24773092269897456,0.09349704889608683,2.0074904703718217,0.022069304586010006
lstm,79,41,5,0.28827838599681854,0.11941273918547646,0.24954618811607357,0.09456834801792008,2.0017944201587587,0.023972079704878593
lstm,79,42,5,0.29262820482254026,0.11991086053955252,0.25499199628829955,0.09532042011761038,2.001272461313012,0.026067769673301152
lstm,79,43,5,0.29761904776096343,0.1221046456465154,0.259583568572998,0.09799873807011769,2.0017870417451333,0.024444870450062318
lstm,79,44,5,0.3027930349111557,0.12555199912181814,0.26470902264118196,0.10099686117308022,2.001632160843142,0.018511444778310855
lstm,79,45,5,0.30654761791229246,0.12825101157376928,0.2682327926158905,0.10268133021093584,2.001836837969889,0.012008873178803387
lstm,79,46,5,0.30769231021404264,0.1277131919081895,0.27036840021610253,0.10284706948149522,2.0017061870836157,0.00951534160873993
lstm,79,47,5,0.30970696210861204,0.12680312938330696,0.27058196067810053,0.10227089817957814,2.0000284994346074,0.015435224946749345
lstm,79,48,5,0.31144689023494715,0.12578754858641375,0.2723972320556641,0.10202742330396732,1.9994411914528976,0.01946737514799802
lstm,79,49,5,0.31263736188411706,0.12624235635752518,0.2728243499994278,0.10144224165425159,2.0018066515005644,0.0169534368553692
lstm,79,50,5,0.31336995661258693,0.12689103296464935,0.2730379223823547,0.1005401589799293,2.003317402736836,0.01003368969237015
lstm,79,51,5,0.3141483515501022,0.12728303506377225,0.27303791344165795,0.10074903739856415,2.001246142184736,0.006358022893455574
lstm,79,52,5,0.31350732445716856,0.12615347333583826,0.27378537654876706,0.10092487007579291,1.9995064689281157,0.013089112038674786
lstm,79,53,5,0.3146062314510345,0.12593358893792145,0.27399893999099734,0.10034419431617268,2.000275219246187,0.014436363068495684
lstm,79,54,5,0.3162545830011368,0.1269942853400237,0.2744260638952255,0.10127209466052212,2.0009073609051677,0.01241568429549806
lstm,79,55,5,0.31863553225994107,0.1293532035097303,0.2764548897743225,0.10317829638003594,2.001659415171912,0.009356145899841888
lstm,79,56,5,0.3217490822076797,0.13176132463216822,0.2794447422027587,0.10634896877256807,2.003614673462116,0.006570355132635726
lstm,79,57,5,0.3244047582149505,0.1333505699877289,0.28307529091835015,0.10734196320121658,2.0043449248118947,0.0055191239072273105
lstm,79,58,5,0.32522893846035006,0.13339121734844703,0.28371597528457637,0.10628864943198194,2.0032532480996292,0.006883523025138762
lstm,79,59,5,0.32623626887798307,0.1341376843904956,0.2845702111721039,0.1071662798496729,2.0020450628333375,0.005202203617878099
lstm,79,60,5,0.3276098906993866,0.13511855248463425,0.2863854855298996,0.10802043423495995,2.0002044046766123,0.0024723757871800423
lstm,79,61,5,0.3293498188257217,0.13608192830381075,0.2888414353132248,0.10970436723857996,1.9991180349962652,0.004329718146915434
lstm,79,62,5,0.3319139242172241,0.13643396187836992,0.2900160223245621,0.10955316105283057,2.0011126717852874,0.00487076653568705
lstm,79,63,5,0.33246336579322816,0.1359079863512839,0.29119060933589935,0.10994160383573408,2.0030001166632814,0.0033872276677311868
lstm,79,64,5,0.33521062433719634,0.13698038780317853,0.29087027013301847,0.10957853610095517,2.002343552814515,0.005027936370616195
lstm,79,65,5,0.33635531663894647,0.13794447456437908,0.2934330075979233,0.11189411540463493,2.0017219411292517,0.0042417395849016215
lstm,79,66,5,0.3375000059604645,0.1372978022552547,0.2951414942741394,0.11156807172628466,2.000814335365323,0.0034065404232176792
lstm,79,67,5,0.3405677706003189,0.13758696979243643,0.2961025118827819,0.11270573640581115,1.9979707557875936,0.002229171059383634
lstm,79,68,5,0.34372710585594174,0.13809571967963785,0.29941271543502807,0.11248472186426241,1.9973629805924804,0.004850217716434753
lstm,79,69,5,0.34377289712429043,0.13566397231312574,0.29898559153079984,0.11061778663082318,1.9985604859578259,0.004380311469827213
lstm,79,70,5,0.34532967507839196,0.13362989880240408,0.2989855945110321,0.10936801077310744,2.0010745572505724,0.0019469479988760447
lstm,79,71,5,0.3473901122808456,0.13378160070859238,0.2996262699365616,0.10998100325148809,2.003297713420443,0.005559795435784992
lstm,79,72,5,0.3485348016023636,0.13305976425947852,0.301121199131012,0.10975501887391012,2.0036105764630348,0.006627453044448453
lstm,79,73,5,0.35009158253669737,0.1330768760460553,0.3032568126916885,0.11105820501735862,2.003659645032125,0.004021181830450126
lstm,79,74,5,0.351373627781868,0.13411055789643553,0.30389749705791474,0.11098722049953724,2.0006071066237814,0.0027223263077056923
lstm,79,75,5,0.35187729001045226,0.13433056237350002,0.3044313997030258,0.11219101193329316,1.9984327212250619,0.0027889718996030443
lstm,79,76,5,0.3535256445407867,0.13396881534743463,0.3063534557819366,0.1123230626222641,1.998588373192197,0.0024132971151283843
lstm,79,77,5,0.3565018326044082,0.1338096856734976,0.30816871821880343,0.11350076206574464,1.9998290483465844,0.0016208720947426438
lstm,79,78,5,0.3581959784030914,0.1341233807321628,0.30934330224990847,0.11391451749419743,2.002463162904965,0.0014357095301370667
lstm,79,79,5,0.3590201467275619,0.1341034293206864,0.3108382374048233,0.11339711694494187,2.0011015269791903,0.002525090426757171
lstm,79,80,5,0.35993589758872985,0.13347289387876268,0.31222638487815857,0.11273469652800228,2.0010195942266416,0.00288172650018375
lstm,79,81,5,0.361675825715065,0.13396510256932498,0.31329419314861295,0.11305725460854602,1.9979173999804059,0.0052414808054440775
lstm,79,82,5,0.3628663003444671,0.13370855229176085,0.31500267386436465,0.11332268739194556,2.003276913039465,0.006904207778809331
lstm,79,83,5,0.3635989040136337,0.13327602111149348,0.31681794226169585,0.11289337165854334,1.997323066170545,0.00931914895363739
lstm,79,84,5,0.3657051265239716,0.13354426301743139,0.3190603405237197,0.11274304225329161,2.0039991037261515,0.004733655153426274
lstm,79,85,5,0.3671703338623047,0.1339021945697696,0.3201281458139419,0.1117979030945952,2.001771400385371,0.0023720192855286037
lstm,79,86,5,0.3696428596973419,0.13470691538185672,0.32237053811550137,0.11261642414203149,1.9970571780187805,0.00627280274245572
lstm,79,87,5,0.37174908220767977,0.13509434446772542,0.3234383434057236,0.11345491945862261,2.002814276700719,0.006379376200623194
lstm,79,88,5,0.373351639509201,0.13516473764996184,0.3251468330621719,0.11389976357102671,1.9986653076885716,0.0037912089463513535
lstm,79,89,5,0.37541208863258363,0.13526891933602184,0.32674853801727294,0.11434934708760097,2.001268074651643,0.005669563820686821
lstm,79,90,5,0.37774725258350367,0.13525269969930376,0.32824347019195554,0.11463902509834943,2.0014379434681326,0.007189383230736801
lstm,79,91,5,0.37994505465030665,0.13528695025631154,0.3299519509077072,0.1147232834450809,2.0002884006913466,0.004793599235917738
lstm,79,92,5,0.3817307710647583,0.1356724615853657,0.331446886062622,0.11382678342233572,1.9999440724911484,0.0016912189296547826
lstm,79,93,5,0.38443224132061,0.13613004406239984,0.3334757208824157,0.11427803619151507,2.0013375170381225,0.005247099656554951
lstm,79,94,5,0.38557692170143126,0.13588706275076257,0.33497064411640165,0.11419756566353471,1.999841173983635,0.006626687223748089
lstm,79,95,5,0.3878205120563507,0.13606895655494483,0.3362520098686218,0.11433214709934703,2.0007457632591272,0.003344773245649395
lstm,79,96,5,0.38965201675891875,0.13605442499242376,0.3379604995250701,0.11328180364032846,2.0011820550415607,0.00232385511745729
lstm,79,97,5,0.3918956041336059,0.13638390944908976,0.3399893313646316,0.11450840509668021,1.9997125384368897,0.006013810618978889
lstm,79,98,5,0.3945054978132248,0.13609991219422302,0.3418046057224273,0.11437827192617349,2.001605674907503,0.005966705748665834
lstm,79,99,5,0.39697802066802973,0.13619120616547425,0.34244528710842126,0.11337274035821387,2.0002654956682115,0.003318396325407842
lstm,79,100,5,0.39880951642990115,0.13522876304717776,0.3437266528606414,0.1142785306310716,1.9993985094501372,0.0017969205148761012
lstm,79,101,5,0.4013278394937515,0.13550124952593914,0.3461826056241989,0.11374236182875458,2.001507199802843,0.004019746000164987
lstm,79,102,5,0.40242673754692077,0.13436493643979064,0.34789109528064727,0.11247471682768545,2.000178922110115,0.005445816735454718
lstm,79,103,5,0.40462453961372374,0.13442238063590867,0.350133490562439,0.11368583519880054,2.0010496906310764,0.0038322004216080866
lstm,79,104,5,0.40576923489570615,0.13297317830588265,0.34981314241886136,0.11080986259643678,2.0003400671817846,0.0013892146339178916
lstm,79,105,5,0.40833333134651184,0.1337416327815836,0.35397758483886715,0.11421279218254521,2.0001819455200374,0.0022469435705851346
lstm,79,106,5,0.4083791315555573,0.13230664129259512,0.35344368219375605,0.11211451438232611,2.001372047930025,0.003672004354693276
lstm,79,107,5,0.4101190507411957,0.13318555327208684,0.35643354058265686,0.1146739553339818,1.9999046063116654,0.0046242084301265285
lstm,79,108,5,0.4100732564926147,0.13226532447910078,0.3564335316419601,0.1130706129874214,2.000037136056471,0.003833448141861557
lstm,79,109,5,0.41199633479118347,0.1320809639246332,0.35654031634330746,0.1133241932444721,2.0011608497315194,0.0023398837392064036
lstm,79,110,5,0.41369047164916994,0.13249897931592414,0.35995729863643644,0.11345492131336973,2.000381426271306,0.0017235970499803173
lstm,79,111,5,0.414652019739151,0.13204839315006983,0.3599572956562042,0.11243973408941083,2.001259208303683,0.0014151529219003113
lstm,79,112,5,0.4155219793319702,0.13142550968820488,0.36209290921688075,0.11328520518063231,1.9988479053589612,0.0026135049316007913
lstm,79,113,5,0.4172161161899567,0.13113082215632882,0.3628403723239898,0.1138938759563879,2.0025011446318213,0.004109319843551479
lstm,79,114,5,0.41813185811042786,0.1326134073302333,0.36337428390979765,0.11059433825423871,1.9973140565506493,0.006512503478202981
lstm,79,115,5,0.4203754663467407,0.13229138734546578,0.36657769083976743,0.11439770346583567,2.004823319158972,0.007499328332916308
lstm,79,116,5,0.4201465368270874,0.13200969968899576,0.3650827705860138,0.1104239658397132,1.9958173900692717,0.007372212034288981
lstm,79,117,5,0.42243590354919436,0.1324845863679757,0.36828618645668026,0.11229133328943691,2.004043805637549,0.005976774544011993
lstm,79,118,5,0.4218406677246094,0.1314189867764559,0.36796584427356716,0.1147111168849197,1.998047121411057,0.01076161890481578
lstm,79,119,5,0.4247710645198822,0.13384837950264594,0.3696743309497833,0.1120519453128096,2.001571580179486,0.011516633966710248
lstm,79,120,5,0.42472527027130125,0.13184939404524276,0.3711692571640014,0.11519280094871931,1.999199631988357,0.007656128482616839
lstm,79,121,5,0.4267399311065674,0.13293507370608568,0.3741591125726699,0.11535168937981673,2.0019614374093893,0.004453319586225869
lstm,79,122,5,0.4270604372024536,0.13362077614644643,0.37415911257267,0.1142567015691279,1.9995744977402619,0.00870589661752616
lstm,79,123,5,0.4279304027557373,0.13151635609047369,0.3759743839502334,0.11628876755739449,1.999714816273805,0.008695788357555594
lstm,79,124,5,0.4303571403026581,0.13441388673197263,0.37693541049957274,0.11539776399284082,2.002427201777054,0.0034639738084545194
lstm,79,125,5,0.4309523940086365,0.13361068604521972,0.37618794441223147,0.11396330379070217,1.9983090153974579,0.0054368669343224365
lstm,79,126,5,0.4333333492279053,0.13393497953185673,0.380565944314003,0.11834254598405974,2.0009999458902006,0.00784164158359066
lstm,79,127,5,0.4339285731315613,0.13485011687075885,0.3793913573026657,0.11494953236443949,2.002051010271761,0.005012558007252594
lstm,79,128,5,0.43461537957191465,0.13465144960759656,0.38174052834510797,0.11748713139612939,1.9978636087351558,0.003245497492416576
lstm,79,129,5,0.436904764175415,0.13476420068649328,0.3845168262720108,0.1196939464760984,2.001971360689706,0.005373131733257713
lstm,79,130,5,0.43699634075164795,0.13593893976788024,0.3828083395957947,0.1167899487956016,2.000879505121204,0.005369346249463844
lstm,79,131,5,0.4396520137786865,0.13676596905578825,0.3863320976495742,0.12028323090431386,1.9982121168069018,0.003945967107024925
lstm,79,132,5,0.4392399251461029,0.13580471741575995,0.3864388823509216,0.11877712363715077,2.0029270457627146,0.0030465607910687208
lstm,79,133,5,0.4406135618686676,0.1370749929264983,0.3875066876411438,0.1193194678727576,1.9991033421310278,0.004812782287451522
lstm,79,134,5,0.44212454557418823,0.13722553027039514,0.3891083925962448,0.12086821848755812,1.9995843269914495,0.004883289570146881
lstm,79,135,5,0.44249085187911985,0.1372382295275697,0.3885744929313659,0.11937140696726026,2.0030497776764946,0.0029189643758777456
lstm,79,136,5,0.44505494832992554,0.13983419786391732,0.3913507848978042,0.12213020306305081,1.9969971405636275,0.002686877091776598
lstm,79,137,5,0.44487179517745973,0.13879013269562926,0.3901761949062347,0.1210967740428484,2.0033051203277594,0.003380510023774363
lstm,79,138,5,0.4463827908039093,0.1403991687624083,0.3914575636386871,0.12166215510316153,1.9991196788604495,0.004474642721357895
lstm,79,139,5,0.44716118574142455,0.14017968094992492,0.3927389234304428,0.12268071718128133,1.9999037699328153,0.006054629270490715
lstm,79,140,5,0.44789376854896545,0.14082132758420635,0.392952486872673,0.12239423697297916,2.0016397654506752,0.0065527115535867295
lstm,79,141,5,0.44908424019813536,0.1417198988413978,0.39391351938247676,0.12363649664149712,2.0000538067007536,0.008996233779027026
lstm,79,142,5,0.45045787692070005,0.14284848119074034,0.39508810639381403,0.12388271865272263,1.9985127994857386,0.010993550376277732
lstm,79,143,5,0.450549453496933,0.14305036494145348,0.3956220090389252,0.12330381927078855,2.0040115239871925,0.010734860425236241
lstm,79,144,5,0.4528388261795044,0.14494624781726526,0.39668981134891507,0.1248687892616432,1.9966611079968088,0.00666830538283457
lstm,79,145,5,0.45329671502113345,0.14399464884507518,0.39754405915737145,0.12520255548121706,2.002513826621182,0.0030409219038908765
lstm,79,146,5,0.4551281988620758,0.14569641797486763,0.3994661062955856,0.1277932982568951,2.0001169282553573,0.008449154068908345
lstm,79,147,5,0.454899263381958,0.1448769716718204,0.3974372804164886,0.12455543107311992,1.9999202312867534,0.01006227336892346
lstm,79,148,5,0.4573718011379242,0.1461323546828329,0.4006406873464584,0.129278149899219,1.9993596011045702,0.006475876386439085
lstm,79,149,5,0.45558608770370485,0.14394613876085618,0.3960491299629211,0.12427808545663191,2.003656113838464,0.003163586009028986
lstm,79,150,5,0.46080586314201355,0.14797335109725354,0.4043780118227005,0.1317407858697356,1.9960456649838871,0.0075698916906022685
lstm,79,151,5,0.4570970594882965,0.14452613119243754,0.39658302962779995,0.12448606250745427,2.003164306681782,0.010432108188582572
lstm,79,152,5,0.46245420575141905,0.1482863626105971,0.40512547492980955,0.1307437501965744,2.000330791865159,0.011306172921957958
lstm,79,153,5,0.46066848635673524,0.14704374809238283,0.4019220620393753,0.12831086053081506,1.9982053338490224,0.012622714426667672
lstm,79,154,5,0.4629120886325836,0.14829908664411137,0.4048051476478577,0.12829531872672226,2.0018736253707266,0.011928201306880562
lstm,79,155,5,0.46446887254714964,0.14903199989714525,0.40683397054672243,0.13217088308110383,2.0012341743826743,0.0099707286971508
lstm,79,156,5,0.46263736486434937,0.14684980519568622,0.40437801480293273,0.1273940681062844,1.9967463968278245,0.008352045132873104
lstm,79,157,5,0.46694138646125793,0.15062507137051265,0.40790177285671236,0.1327519189182038,2.0046495082183577,0.006821291341145252
lstm,79,158,5,0.4671703398227692,0.15073117588203735,0.4073678731918335,0.12980538647787895,1.997695592235629,0.0072518855609460375
lstm,79,159,5,0.4664835214614868,0.14871198713095846,0.4057661652565002,0.12814114003905397,2.0001171192934293,0.008004369220170834
lstm,79,160,5,0.46881868243217467,0.15044556959654826,0.41206621527671816,0.13276715452980062,2.002351689249699,0.006976466669280582
lstm,79,161,5,0.46959707140922546,0.15042266212849767,0.4103577256202698,0.13060751754233668,1.9987678939532785,0.005332502174215614
lstm,79,162,5,0.47037544250488283,0.14972742557055901,0.41195943057537077,0.12965410395189508,2.0000683838684674,0.0049146339492349795
lstm,79,163,5,0.4732142806053162,0.1517839865383585,0.41356113851070403,0.1306844264178948,2.002083814287921,0.006246135030016539
lstm,79,164,5,0.47147435545921323,0.14890569721513514,0.4126001179218292,0.12851896031761106,1.9986333411261448,0.006745443392922156
lstm,79,165,5,0.4740842580795288,0.14952153851505798,0.4145221620798111,0.12948305350988587,2.000457092242213,0.005476338723547819
lstm,79,166,5,0.4774267315864563,0.15204589814136987,0.41783236563205717,0.13034700535741778,2.00210085228091,0.005496849615771996
lstm,79,167,5,0.47417581677436826,0.14799662264089808,0.4136679321527481,0.128734482710863,1.997493627548198,0.0065627190519749155
lstm,79,168,5,0.47893773317337035,0.1516021565472409,0.4190069556236267,0.13190340613438756,2.0027179848840477,0.005699971272292672
lstm,79,169,5,0.47880037426948546,0.14985323432024333,0.4184730380773544,0.1309996729349671,1.9993843851954298,0.004863417459619798
lstm,79,170,5,0.4794871866703033,0.15026197322041554,0.41847304403781893,0.13111821645576835,1.9997426755165943,0.003985748976558641
lstm,79,171,5,0.48218865394592286,0.15175510310209872,0.4217832565307617,0.13239768241173808,2.00156856259393,0.004348481391617263
lstm,79,172,5,0.48076923489570617,0.1495348102464002,0.4191137284040451,0.13103100315304775,1.9996933134398958,0.004578282154273111
lstm,79,173,5,0.4829670310020447,0.15260279735698667,0.42189002931118014,0.13328625225652468,1.9992367502883504,0.005160654466963748
lstm,79,174,5,0.48333333134651185,0.15099110852903344,0.42210358679294585,0.1325405596364836,2.0037928048349705,0.0064059034232854485
lstm,79,175,5,0.48415751457214357,0.15191147649383352,0.4219968140125275,0.13133174724495333,1.9939870981171466,0.009419883407445519
lstm,79,176,5,0.4844780325889587,0.15309272638876367,0.42327816486358644,0.13264955767156386,2.0082703013970016,0.011866367566175956
lstm,79,177,5,0.4870421290397644,0.1542816580766955,0.42381207048892977,0.13361626745697783,1.993540360719453,0.012748392364712412
lstm,79,178,5,0.48420330286026003,0.1523979171878308,0.4240256428718567,0.13319427435788067,2.0020860970657046,0.012092146582440875
lstm,79,179,5,0.4875915825366974,0.15626835779692308,0.42701549232006075,0.13549167163649858,2.003278897985615,0.01148535358870429
lstm,79,180,5,0.4881410300731659,0.15629451380201392,0.427229055762291,0.13428978302173672,1.9967093260461273,0.007516124275942247
lstm,79,181,5,0.4866300344467163,0.15484422295830283,0.42520022988319395,0.1331344423954787,2.0004051715021047,0.009368149328527952
lstm,79,182,5,0.48887361884117125,0.15771205770691618,0.42840364277362825,0.1356489333708651,2.003653963630188,0.011112899528869074
lstm,79,183,5,0.48910256028175353,0.15777634515792016,0.4291511118412018,0.13537117459237674,1.9959654077617561,0.006315766998532692
lstm,79,184,5,0.4897435963153839,0.1574100933342253,0.42722904980182647,0.13435237832737296,2.0050537731758373,0.00985846586222121
lstm,79,185,5,0.49175825119018557,0.1599364118349241,0.4317138373851776,0.13683055812908693,1.9932177996460794,0.010187731505370064
lstm,79,186,5,0.4908882796764374,0.15809483835549687,0.42957823872566225,0.13466243866857316,2.009116573941572,0.005261451882567282
lstm,79,187,5,0.49262820482254027,0.1586648639257159,0.4325680822134018,0.1375659432075269,1.9940423319893092,0.005985424190210623
lstm,79,188,5,0.49418498277664186,0.16004823402820156,0.4319273978471756,0.139088097144856,1.9997464972472723,0.00327979286687554
lstm,79,189,5,0.4948717951774597,0.1596341804429934,0.4306460380554199,0.13643312312802933,2.006595558561523,0.0043097212226784745
lstm,79,190,5,0.4971153914928436,0.16029374299218446,0.433208766579628,0.13821517269657208,1.9941357991601745,0.006348510448887908
lstm,79,191,5,0.497802197933197,0.1601399843089154,0.43384944200515746,0.13775862220290006,2.001216537448516,0.008156928541786219
lstm,79,192,5,0.49853479862213135,0.16047044834941643,0.4334223210811615,0.13716492413451511,2.005214884647639,0.00988135604802261
lstm,79,193,5,0.49990842342376707,0.16082501810631195,0.4354511648416519,0.1397819527276129,1.9921661132341177,0.013168569292584868
lstm,79,194,5,0.4995421290397644,0.1600238683473616,0.4350240439176559,0.13869733464951678,2.007762588024611,0.015639597710270018
lstm,79,195,5,0.5022893786430359,0.16103511867692863,0.43587827384471894,0.13799637837446632,1.9960572810762662,0.009559504836748224
lstm,79,196,5,0.5028846144676209,0.16054556641968196,0.4388681322336197,0.14052247619632127,1.9993141708509892,0.0038108251817788354
lstm,79,197,5,0.5026099026203156,0.16019660152019768,0.4378003358840942,0.13910551469718496,2.0056161458685837,0.012330062127218417
lstm,79,198,5,0.5053113579750061,0.1617883147219432,0.4394020438194275,0.13950708424293612,1.9955684752077456,0.010247825500512477
lstm,79,199,5,0.503754585981369,0.1593288632832589,0.44025627374649046,0.13957071135375815,1.9993518230509544,0.00743560834474885
lstm,79,200,5,0.5066849827766419,0.16221805361207942,0.44121732115745543,0.13968964064021655,2.0067550522493374,0.012189770288114665
lstm,79,205,5,0.5100274622440338,0.16246510091381533,0.4439936101436615,0.13907969876143603,2.0020557175030502,0.009245294467528411
lstm,79,210,5,0.5161172091960907,0.16245519876434153,0.4493326246738434,0.1397538887989713,2.0011604403844134,0.0032228970143470042
lstm,79,215,5,0.5186813175678253,0.16274168587251844,0.4522157073020935,0.1385038032465616,1.99733356741477,0.0045446678451161035
lstm,79,220,5,0.5245421290397644,0.16419779376894092,0.45766151547431944,0.14184413119666744,2.006996214556873,0.0076447345888932825
lstm,79,225,5,0.5290293037891388,0.16439007366960956,0.46139883399009707,0.1442952798871779,2.001887842069018,0.00870891822672364
lstm,79,230,5,0.5328296661376953,0.1644497015403763,0.46620396375656126,0.14305677441152534,2.005888173586247,0.007435591165941663
lstm,79,235,5,0.5404761910438538,0.16604894944655868,0.4726107954978943,0.1449580187512104,2.002293076873126,0.008446433800211768
lstm,79,240,5,0.5442765653133392,0.16362319338713072,0.4756006598472595,0.1468710350555622,2.0068603257378514,0.002830076863955539
lstm,79,245,5,0.5470696032047272,0.1635654544514251,0.4799786448478699,0.1476108643893036,2.000332477254713,0.006160290088121807
lstm,79,250,5,0.5512362539768219,0.16598841056367689,0.485638028383255,0.14821868055713824,2.000205854382086,0.0077563582023747
lstm,79,255,5,0.5508699655532837,0.15864472360226295,0.4810464560985565,0.143836537576478,2.002941153531576,0.004707196106724292
lstm,79,260,5,0.5508699715137482,0.15560992375694924,0.4830753028392792,0.13826095330797897,2.002904879842281,0.00451165481176097
lstm,79,265,5,0.5603479862213134,0.16040845658825095,0.4921516478061676,0.14564220352012502,2.004660529207963,0.008524645182174587
lstm,79,270,5,0.5633699655532837,0.16036898973536018,0.4967432081699371,0.1470379493694246,2.0020848792937693,0.006680615631016977
lstm,79,275,5,0.571108055114746,0.1600284996895246,0.5036839365959167,0.14687160478254555,1.9980962431770526,0.007541208135962023
lstm,79,280,5,0.5741300404071807,0.16110868563953495,0.5088094115257263,0.14837985340372897,2.0060162743547783,0.007109499599930217
lstm,79,285,5,0.5805860817432403,0.15941884253731012,0.5115857124328613,0.14687637469546805,2.0041996806689126,0.004630328397143559
lstm,79,290,5,0.582646518945694,0.1567866529470799,0.5157501459121704,0.1469499141751288,2.002064524621879,0.0033583108702102474
lstm,79,295,5,0.5868589878082275,0.15357597947451282,0.5158569276332855,0.14616237441911858,1.9990515757972704,0.004448601956638272
lstm,79,300,5,0.5868589878082275,0.15434883234344735,0.5186332285404205,0.14748122920330514,2.002287143454501,0.005330925026554617
lstm,79,305,5,0.5947344362735748,0.15322147178697373,0.5234383344650269,0.15050028658448045,1.9970713239324571,0.007832745704591486
lstm,79,310,5,0.5981227159500122,0.15139818725044252,0.5247197270393371,0.15018165820215745,1.9994635917093813,0.004870031975287774
lstm,79,315,5,0.6039835095405579,0.1504449610164031,0.5296316266059875,0.1504374909131533,1.999877511820753,0.005928302225102189
lstm,79,320,5,0.6064560353755951,0.15220821034751422,0.5301655292510986,0.15068550360716113,2.000309219047366,0.00646340457637068
lstm,79,325,5,0.6099358916282653,0.15142482222937254,0.5319807887077331,0.15166816509619116,1.9987623084919597,0.0047934221389156866
lstm,79,330,5,0.6122252762317657,0.1538878300605165,0.5365723550319672,0.15454574200752105,2.000888422330792,0.007864265459830384
lstm,79,335,5,0.6143314898014068,0.15082883780191655,0.5425520598888397,0.15612544649662632,1.993326713008474,0.012949402181936992
lstm,79,340,5,0.6167582511901856,0.154377973416966,0.543726646900177,0.1575025130563219,1.999165762307148,0.009871135879527313
lstm,79,345,5,0.6193223476409913,0.15491672079172844,0.5450080275535584,0.15989226518852023,2.002411118531991,0.006235178344567904
lstm,79,350,5,0.6249084353446961,0.14919739305802712,0.5488521158695221,0.16046733332942884,1.9949006790975268,0.0037765215817595894
lstm,79,355,5,0.6280677735805511,0.15136200471348302,0.5539775967597962,0.16152948046370957,1.9943891043399855,0.0055554720362086096
lstm,79,360,5,0.6282051384449006,0.1548849721239555,0.55568608045578,0.16282872688637476,1.9969678698209286,0.005194313200630362
lstm,79,365,5,0.629945057630539,0.15805847562984096,0.5536572635173798,0.16285481172397165,2.0022842684203406,0.006288214545291602
lstm,79,370,5,0.6329212486743927,0.16045821676652258,0.558355587720871,0.1661306234864201,2.0007482776823644,0.0043759551347074665
lstm,79,375,5,0.6378663063049317,0.15979775235852048,0.5621996998786927,0.16796442678069226,1.9990812413391144,0.0030009268553079396
lstm,79,380,5,0.6436813116073609,0.16075362834816787,0.5668980360031128,0.17203249073872226,1.9979362925509612,0.005422489748332354
lstm,79,385,5,0.6404761970043182,0.16465618264936793,0.5711692690849304,0.1705927815511913,2.0027767223360415,0.004156300238009581
lstm,79,390,5,0.6492674052715302,0.15857007628326494,0.5715963840484619,0.16844215640502413,2.0035749277809543,0.011024718293324293
lstm,79,395,5,0.6492674112319946,0.16222682584224374,0.5754404723644256,0.16476953313609574,1.9989627304236017,0.004592862612906471
lstm,79,400,5,0.6529304087162018,0.1615294785134957,0.5785371243953705,0.1723512624464495,2.007535599441195,0.007220760415848209
lstm,79,405,5,0.6558607995510102,0.1619865349000741,0.5853710770606995,0.1707744736005931,2.002113400108725,0.007310128299873019
lstm,79,410,5,0.6613553166389465,0.16161004161883122,0.589535528421402,0.17402219964047677,2.0035204285050154,0.002902741753355246
lstm,79,415,5,0.6584249079227448,0.1544724239531921,0.5888948261737823,0.16558220122319964,1.9995655846781268,0.005437454221531864
lstm,79,420,5,0.6645146429538726,0.15855739561653504,0.5933796226978302,0.17022234515683124,2.0068084527434076,0.004677130135826212
lstm,79,425,5,0.671108067035675,0.15793556172800122,0.5982915341854096,0.17234752373405218,2.0017347923049864,0.0063942207142881295
lstm,79,430,5,0.6678113579750061,0.15717604551575848,0.5940203011035919,0.16903467598139282,2.004931490945838,0.008881965765800599
lstm,79,435,5,0.6733516395092011,0.15750760863795382,0.6017085075378418,0.17100400739127133,2.0022990951186683,0.003495145530821164
lstm,79,440,5,0.676694142818451,0.15932523482420743,0.606940746307373,0.17623663010177817,2.0017069608638267,0.006819718871826577
lstm,79,445,5,0.6833791196346283,0.16050477976334326,0.6132408022880554,0.17835535693099125,2.002140479573324,0.0035977826481157133
lstm,79,450,5,0.6859432339668274,0.15753041327962397,0.6149492919445038,0.1715305284469015,2.0015214687700493,0.003968595225829765
lstm,79,455,5,0.6814102590084076,0.15861549790165863,0.6135611414909363,0.1750266779626785,2.0045562505044807,0.004806874852050089
lstm,79,460,5,0.6908424973487854,0.15375444064984328,0.6197544217109681,0.17405126403709423,1.9997065888255494,0.005707741664313434
lstm,79,465,5,0.6894688725471496,0.16036835549905762,0.6244527697563171,0.17318280756638416,1.9987325023060087,0.007264743990542525
lstm,79,470,5,0.6915292978286743,0.16033353226981975,0.6269087195396423,0.17466269643747137,2.0000833845377803,0.010145500160821044
lstm,79,475,5,0.7026098966598511,0.1563353181099786,0.6316070675849914,0.1791524548472758,1.9955606035972788,0.00667593583875059
lstm,79,480,5,0.705402934551239,0.15675352178130528,0.6349172592163086,0.177364814536399,2.0021167001377465,0.00977346447760124
lstm,79,485,5,0.7069139242172241,0.15624814463227896,0.6332087755203247,0.18147122123530637,1.9896444624774794,0.016718129080778996
lstm,79,490,5,0.693452388048172,0.1779320448846916,0.6250934600830078,0.19498985137412667,2.0316745999301316,0.07233458786769942
lstm,79,495,5,0.6885073244571686,0.19486344554783144,0.6208222270011902,0.21121725936306768,2.0139435329843223,0.030893042231320337
lstm,79,500,5,0.6891483545303345,0.19555545715157052,0.6256273567676545,0.209258383191788,2.0139503880198912,0.03508760755668701
lstm,79,505,5,0.7050366282463074,0.18253283539202014,0.6332087576389313,0.2068472159003874,2.001368070644289,0.0057483267579894505
lstm,79,510,5,0.7103937864303589,0.17362124520057975,0.638974916934967,0.20209982555434902,1.986841450987916,0.026470361170630636
lstm,79,515,5,0.7158882737159729,0.16950647287343212,0.6418579995632172,0.19817054315150992,1.9970697494918295,0.01023877550745354
lstm,79,520,5,0.7240842461585999,0.15954555790175273,0.6449546396732331,0.19279659081702968,2.006453146050397,0.013926467578049252
lstm,79,525,5,0.7259615540504456,0.16021044904405152,0.6515750348567962,0.19007301185798048,1.9956222241899308,0.0014805732885782496
lstm,79,530,5,0.7238553166389465,0.16098078075533123,0.6516818165779114,0.18803487305147057,2.004274541314559,0.010345300105758857
lstm,79,535,5,0.7303113579750061,0.16020513233483635,0.6561665892601013,0.1903316926224852,1.998706611924853,0.0060161320823455
lstm,79,540,5,0.7367216229438782,0.157268308836254,0.6616123974323272,0.19053765313122067,1.9994716839581,0.004494321955134841
lstm,79,545,5,0.7384615421295166,0.1568399449271666,0.6662039637565613,0.19308741774253588,2.0004804351468297,0.004483350393778298
lstm,79,550,5,0.7461538434028625,0.15618522483474398,0.6707955300807953,0.19305537852170856,1.9995001446879985,0.008199557494764384
lstm,79,555,5,0.7471611857414245,0.15835266369188505,0.6753870964050293,0.1923499435761802,2.0015934872981993,0.008026567539382747
lstm,79,560,5,0.7494047522544861,0.15961702293931823,0.676454883813858,0.1948324707544517,2.0006006765827054,0.007405974197243065
lstm,79,565,5,0.7529761910438537,0.15850427586423008,0.6793379724025727,0.19514116829774505,2.0004435182297504,0.009803098299214249
lstm,79,570,5,0.751602566242218,0.15915642770678373,0.6809396743774414,0.1955646838608749,2.000744060626176,0.008832806308844908
lstm,79,575,5,0.7535256505012512,0.15380616411977566,0.6805125653743744,0.1948908405846145,2.003181848516607,0.005569535983700291
lstm,79,580,5,0.752793037891388,0.1588833193261225,0.6839295446872711,0.19578407327841832,2.000030563963816,0.006024379794483913
lstm,79,585,5,0.7603479862213135,0.1583277376650656,0.687453293800354,0.1975922380061957,1.9979775287211126,0.003173770402936297
lstm,79,590,5,0.7640567660331726,0.1592252881235119,0.6904431581497192,0.19752218286669418,1.9996985520488626,0.0025058049157615798
lstm,79,595,5,0.7535714268684387,0.15046084219877293,0.6835024297237396,0.19143317053847766,2.001397980596739,0.004904825499698813
lstm,79,600,5,0.762500011920929,0.1577619835079393,0.6911906242370606,0.19669396348646676,2.001210034701347,0.0038496662687294765
lstm,79,605,5,0.7693223476409912,0.16256762000014147,0.6986652612686157,0.20170528327578796,2.003754663254395,0.005335149204619569
lstm,79,610,5,0.7698260188102722,0.16198291904580148,0.7009076595306396,0.20179670753257994,2.00269517027271,0.0023356278430089208
lstm,79,615,5,0.7710622787475586,0.16090649095398474,0.7008008837699891,0.20037318077947128,2.0024466782498527,0.008049834101083961
lstm,79,620,5,0.7747710585594177,0.16123162458700693,0.7034703731536865,0.2008701162150982,2.0066215779833265,0.007893146493327851
lstm,79,625,5,0.7707417726516723,0.17680616704500865,0.7015483260154725,0.2088014040175886,1.9997980994153242,0.0069115516136987794
lstm,79,630,5,0.7824633598327637,0.16473103102529849,0.7092365384101867,0.20287801528429852,1.9999957502568655,0.005145582202798141
lstm,79,635,5,0.7826465368270874,0.1682156117829474,0.7140416622161865,0.20329841331245527,2.002344093213624,0.004077261327838355
lstm,79,640,5,0.7814560413360596,0.1652287778734887,0.7097704410552979,0.20163603554192994,2.001541451555329,0.0034980623830074844
lstm,79,645,5,0.7833333492279053,0.1696295413305889,0.7156433582305908,0.20414526913623904,2.0069975456974265,0.004852200637952675
lstm,79,650,5,0.7839743614196777,0.16656141271596153,0.7168179512023926,0.20196020978512597,2.0013551004659975,0.006802192356223378
lstm,79,655,5,0.7862179636955261,0.16552019234938034,0.7185264348983764,0.20259990938565717,2.0026665917214133,0.0064616567592035885
lstm,79,660,5,0.7860805869102478,0.1633437094030973,0.7190603494644165,0.20052917377048327,1.9996481373877983,0.004687288185786529
lstm,79,665,5,0.7868589639663697,0.16529296784224726,0.7208756148815155,0.20275286465966758,1.998253150032165,0.005927797427924985
lstm,79,670,5,0.7907509088516236,0.1662133757144319,0.7272824585437775,0.20264950965922776,2.00175182047626,0.004214697765434928
lstm,79,675,5,0.7967948675155639,0.17078182684059767,0.7315536677837372,0.2070243621086034,1.9958445023859266,0.007050519111692428
lstm,79,680,5,0.7997710585594178,0.17097775593230757,0.7330485999584198,0.20682483215683814,1.9957255339290114,0.007924986738754237
lstm,79,685,5,0.8014194130897522,0.17344271436575873,0.734650319814682,0.21233935019536315,1.9987236406353381,0.011484147689471915
lstm,79,690,5,0.7987637400627137,0.17375883568873468,0.7316604495048523,0.20860630812443987,2.0049757353213566,0.004404416620168829
lstm,79,695,5,0.8032509207725524,0.17026569079564502,0.7384944081306457,0.20969688733614295,2.0005488084535323,0.004433547442035598
lstm,79,700,5,0.8072344422340393,0.16861267790554216,0.7389215350151062,0.2090490529617427,1.9973483314503337,0.007058228517200567
lstm,79,705,5,0.8039377212524415,0.17706417113794184,0.7395622372627259,0.2160207489226413,1.9991525820930227,0.009660788237289343
lstm,79,710,5,0.8053571343421936,0.17816029375206793,0.7440469920635223,0.21492743179795804,1.999659415058541,0.008327048829964129
lstm,79,715,5,0.8089743733406067,0.17736120347509232,0.7481046676635742,0.2127471889312195,2.0031291568497673,0.0075450774486789185
lstm,79,720,5,0.8119505524635315,0.17673092936866158,0.7493860244750976,0.21406329567537455,2.0022878192856104,0.0019822643604138507
lstm,79,725,5,0.8062729001045227,0.17079602308834746,0.7413774967193604,0.21031388076896643,1.997093738635971,0.00627634653531566
lstm,79,730,5,0.8153846144676209,0.17259774361070174,0.7502402663230896,0.21363967808236525,2.0007506278058003,0.0019114243751179251
lstm,79,735,5,0.8169414162635803,0.17153613866470604,0.7531233549118042,0.21392340715539931,2.002801471794413,0.004172135717280949
lstm,79,740,5,0.8147435784339905,0.17614473851746745,0.7516284227371216,0.21396564984519592,2.0015842491410334,0.004504896640776435
lstm,79,745,5,0.8132783889770507,0.18249004701288926,0.7507741868495941,0.219851111059063,1.9996867385846957,0.010683606512353597
lstm,79,750,5,0.8190934181213378,0.17915898207930173,0.7594234108924866,0.22088502026196136,2.001935834034091,0.005575323568855909
lstm,79,755,5,0.8230311393737793,0.1777302277031736,0.7630539298057556,0.21786946191034287,1.9984320700857623,0.003966222160062308
lstm,79,760,5,0.8199175834655762,0.18382129033655586,0.7628404021263122,0.22440737724324158,1.9980972496797924,0.003819878148234178
lstm,79,765,5,0.8187271237373352,0.177858042169449,0.7572878122329711,0.2168866842291737,1.9999392962653768,0.008169142027825066
lstm,79,770,5,0.8234432220458985,0.17766063500993046,0.7635878503322602,0.22173410419018869,1.9992760475718314,0.0029149823015172777
lstm,79,775,5,0.8253205180168152,0.18075157821798465,0.7660438179969787,0.22314117615688914,2.0027735889138674,0.004481389571037288
lstm,79,780,5,0.8225732684135437,0.18205832785759188,0.7659370183944703,0.22297991370193235,2.0050200060664034,0.0027777504403494954
lstm,79,785,5,0.827106237411499,0.18563480874595847,0.7696743369102478,0.22575019778531533,2.000996558459809,0.004925105531227594
lstm,79,790,5,0.826511001586914,0.18223086770846955,0.7719167232513428,0.22620392019263055,2.002988792786513,0.009041354980036399
lstm,79,795,5,0.8285714268684388,0.18192906427528666,0.7736252188682556,0.22472775805325182,2.0012761872401574,0.0046149393168454095
lstm,79,800,5,0.8313186883926391,0.18389825220348255,0.7772557616233826,0.22440610113928403,1.9985996514747106,0.004707178662253265
lstm,79,805,5,0.8262820720672608,0.18822359584481954,0.7739455580711365,0.22767954383286187,1.9984515318167353,0.006800041117680904
lstm,79,810,5,0.8303571462631225,0.18589602206107173,0.7770421981811524,0.2290096626708083,2.003582430517609,0.005949394659419947
lstm,79,815,5,0.8303571462631225,0.18419324135880785,0.7769354104995727,0.22644953669606951,2.00047515096396,0.006373632083657931
lstm,79,820,5,0.8372710585594177,0.18260725415999682,0.7833422422409058,0.22615604780149215,2.0027712236758255,0.003554091546427161
lstm,79,825,5,0.837408435344696,0.18237836183979575,0.7841964960098267,0.2247453183301935,1.996733351942785,0.0065278481497395065
lstm,79,830,5,0.8376831531524658,0.18418164715852345,0.7823812246322632,0.22893185323149193,1.9961958391576489,0.004600151902985242
lstm,79,835,5,0.8390109896659851,0.18372794042740279,0.7867592215538025,0.22798576637933482,1.9968663081473879,0.0043731225374185004
lstm,79,840,5,0.8381410479545593,0.1812449478376902,0.7866524577140808,0.224866490727965,2.002102490660589,0.0066722540660600635
lstm,79,845,5,0.8392857193946839,0.1804235573484659,0.7875066995620728,0.2254502554191548,1.9968889747170333,0.0038284125879564294
lstm,79,850,5,0.8348901033401489,0.1887374922329471,0.788574492931366,0.2289658942245695,2.0033447567658262,0.0028497017910726788
lstm,79,855,5,0.8413003563880921,0.1825421533857541,0.7910304427146911,0.22893092077217858,2.0010417786858037,0.0044009001201650196
lstm,79,860,5,0.8439102649688721,0.1809909790030455,0.7914575695991516,0.23064281312489798,2.002802095125073,0.007885915078067107
lstm,79,865,5,0.8453754663467408,0.18258380814129688,0.793272852897644,0.22995022633037404,1.9985032653840373,0.010266326399892743
lstm,79,870,5,0.8448259949684143,0.17997173866125873,0.794660997390747,0.22963178727744393,1.9989528168797555,0.00946484776754889
lstm,79,875,5,0.8463827848434449,0.18026691168020748,0.7962626934051513,0.22759627563181176,2.0041485825576713,0.007000781463250988
lstm,79,880,5,0.8455586194992065,0.17695787109976138,0.7940203070640564,0.22601862141837978,2.0000914542996298,0.008341597943940937
lstm,79,885,5,0.8486263751983643,0.1798334351118002,0.7971169471740722,0.22917433836745016,2.001909390849863,0.006221327376872806
lstm,79,890,5,0.8482142925262451,0.1815261086672698,0.7988254427909851,0.22798069609050114,2.0040605955776094,0.005727372561306489
lstm,79,895,5,0.8489468932151795,0.18009385353568494,0.7983983039855957,0.22609748613783714,2.0003562717072465,0.005984714915973637
lstm,79,900,5,0.8485347986221313,0.17774399401822036,0.7950881123542786,0.2255729664673243,2.000957655997353,0.004530220322386502
lstm,79,905,5,0.8488095283508301,0.17675508684320784,0.7990389943122864,0.22751235181686977,2.000871567861892,0.003110025122657444
lstm,79,910,5,0.8526556730270386,0.17459384822841914,0.8020288467407226,0.22691510776205848,2.00330876866738,0.006122154850055282
lstm,79,915,5,0.8532509326934814,0.1769319089688233,0.8019220709800721,0.22429607249741015,2.0024408186157627,0.006255181535219829
lstm,79,920,5,0.8537087917327881,0.1765133113894323,0.8028831005096435,0.22509226351600253,2.003021429967435,0.003658635888597453
lstm,79,925,5,0.8547161102294922,0.17470998202408275,0.8072611093521118,0.22207919577264096,1.9944136036667595,0.0065431695981729284
lstm,79,930,5,0.8544414162635803,0.1743641777579567,0.8072611093521118,0.22314425540077507,1.9990235964052487,0.005828604017320371
lstm,79,935,5,0.848397433757782,0.186417556253428,0.8006407022476196,0.23087410989264875,2.000777138977928,0.006694985457951782
lstm,79,940,5,0.8569597125053405,0.17428201970759316,0.8050187110900879,0.2293015902392563,1.9984048339418223,0.007092328182051808
lstm,79,945,5,0.8549450635910034,0.17045428614466607,0.8051254868507385,0.21807072574956352,2.0038707687068906,0.006348812722312313
lstm,79,950,5,0.8562271237373352,0.17843893578678913,0.811959445476532,0.22321046695815652,1.9963895330737191,0.003922160398242506
lstm,79,955,5,0.8587454199790955,0.16983499682882694,0.8080085635185241,0.22172806457406385,1.9994041385020673,0.003985479518804544
lstm,79,960,5,0.8579212546348571,0.17183302385257765,0.8103577375411988,0.2186905351990169,1.9983086617158725,0.004871502950318181
lstm,79,965,5,0.8603021979331971,0.16945849397462037,0.8146289587020874,0.21650250269590784,1.9993024045344572,0.006161112236547958
lstm,79,970,5,0.8593864560127258,0.1730132692034745,0.8123865723609924,0.22266360449185485,2.0050194849120038,0.007062770119370186
lstm,79,975,5,0.8623168587684631,0.16879632644567694,0.8138814806938172,0.2177998422712668,2.002613953869818,0.009817216983459238
lstm,79,980,5,0.8635073304176331,0.16582690315566395,0.8159103035926819,0.21351855200863945,1.9998519166994613,0.0061898577680640525
lstm,79,985,5,0.8623168468475342,0.16804174074463823,0.8101441740989686,0.22246796320164225,1.9999017766277152,0.003998431223364274
lstm,79,990,5,0.8628205180168151,0.16674742450386243,0.8138814926147461,0.2205340522525978,2.004112246712147,0.010312200240144282
lstm,79,995,5,0.8640109896659851,0.1671384073456176,0.8146289587020874,0.22024166787795127,2.000254819783311,0.002433304530119815
lstm,79,1000,5,0.8639194250106812,0.16729941653527455,0.8187934041023255,0.21432478716782555,1.9974026214434546,0.007781538873225544
lstm,79,1025,5,0.8657509207725524,0.16443161597227143,0.8192205309867859,0.20942932635383735,2.0000249971542887,0.004537290545016945
lstm,79,1050,5,0.8686813235282898,0.16177051443938598,0.8195408701896667,0.21675567295649698,1.999300928429451,0.004312845132239358
lstm,79,1075,5,0.8714743733406067,0.1605032764590774,0.8293646693229675,0.20651504913500696,1.9996208599122434,0.006740913588759397
lstm,79,1100,5,0.8746337056159973,0.16007458851742262,0.8338494658470154,0.203833588304458,1.9970838689355292,0.007897385737531314
lstm,79,1125,5,0.8841117262840271,0.14882170564551495,0.8360918521881103,0.2017534885559257,1.995885884905676,0.009667262535727405
lstm,79,1150,5,0.8792582511901855,0.15554079788572447,0.8323545336723328,0.20771085013748933,2.0024696606022063,0.005887602831476248
lstm,79,1175,5,0.8891483545303345,0.14389965007801372,0.8402562975883484,0.1983556614577856,2.0022508010361495,0.003790010683843544
lstm,79,1200,5,0.890201473236084,0.14273322777200578,0.8441004037857056,0.19732207742010904,1.9999073277393329,0.0009424321330473775
lstm,79,1225,5,0.8858516573905945,0.14892294136578565,0.8461292386054993,0.19496938236094075,2.00168835466557,0.005932984615585766
lstm,79,1250,5,0.8935897469520568,0.1378893692729578,0.8466631531715393,0.1934682959700772,2.0017781360798605,0.004637205940644172
lstm,79,1275,5,0.8940476179122925,0.1429175109451782,0.854030990600586,0.1923523858796009,1.9985275977241137,0.003112637307447778
lstm,79,1300,5,0.8926282167434693,0.14257030209055074,0.8455953359603882,0.1996305558108341,1.9962623577201513,0.01003703916919567
lstm,79,1325,5,0.8937271118164063,0.14139295483864614,0.8561665892601014,0.1882462164846414,2.001453189529555,0.0023125674110246663
lstm,79,1350,5,0.8937271118164063,0.14356196148107347,0.858729338645935,0.18715354556248281,1.9971572561640027,0.004415316329810148
lstm,79,1375,5,0.8984432220458984,0.13740323164506435,0.8610785007476807,0.18610071335084954,2.000062407952954,0.005307913590501702
lstm,79,1400,5,0.9034340739250183,0.13224639864973445,0.8638547897338867,0.1854668863298508,2.0008467076489507,0.006050283134430083
lstm,79,1425,5,0.8994505524635314,0.13609480097500476,0.857661509513855,0.19112476647097099,1.9991930180987267,0.0028299461820923254
lstm,79,1450,5,0.9061355352401733,0.1294848750019208,0.8611852884292602,0.1894918849846653,2.001325881877821,0.002077020710698103
lstm,79,1475,5,0.9084706902503967,0.1257384526005584,0.8683395743370056,0.17858535459572183,1.9973732287414063,0.005109197854709171
lstm,79,1500,5,0.9041208863258362,0.12647639746583633,0.8648158192634583,0.17571300801661754,1.9964110699026183,0.0014736802687238182
lstm,79,1525,5,0.9099358916282654,0.12332336012235422,0.8689802646636963,0.17577594458567142,2.0019780201804798,0.0022394548118236752
lstm,79,1550,5,0.9022435903549194,0.1366418816011423,0.861292052268982,0.1906270150430593,2.0021014934701187,0.0014372906957826387
lstm,79,1575,5,0.9125,0.12040366064729649,0.8735718131065369,0.17238919727752466,2.0008344160727143,0.0020870209013503856
lstm,79,1600,5,0.9111721515655518,0.12262133451827267,0.8739989519119262,0.1720505441531865,2.0012396251792124,0.006566218812240136
lstm,79,1625,5,0.9151556730270386,0.11745014942516253,0.8741057276725769,0.17190319874762094,2.000821999832453,0.003367577574018345
lstm,79,1650,5,0.9201465249061584,0.11094464176486799,0.8764549016952514,0.1691762532707172,2.0011339457006794,0.001305645645850619
lstm,79,1675,5,0.9206501841545105,0.10979462906651981,0.8767752408981323,0.16857781309587377,1.9995763692007933,0.004407696605663905
lstm,79,1700,5,0.9207417607307434,0.10988967483081295,0.8766684532165527,0.16890916076930215,2.0021495839968475,0.0064725897323438105
lstm,79,1725,5,0.9185439586639405,0.11522055545589302,0.8743192791938782,0.17264620606306127,2.001555064378871,0.001647055281427267
lstm,79,1750,5,0.9232600808143616,0.10729614386331134,0.8798718810081482,0.1642764301478529,2.0022787352022298,0.0035883548980036872
lstm,79,1775,5,0.923397445678711,0.10627366025851395,0.8802989959716797,0.16395527752635686,2.0008158199658306,0.0007190811889965361
lstm,79,1800,5,0.9158424973487854,0.11723148751604982,0.8750667452812195,0.17108690031133597,2.001370860220669,0.0007208828477948266
lstm,79,1825,5,0.9292582392692565,0.10103912296771853,0.8822210431098938,0.16156254954933982,1.9998228489476688,0.0011061552153138663
lstm,79,1850,5,0.9282509207725524,0.10209384521584505,0.8841431021690369,0.1588708366862009,1.9986815143412557,0.0021439058883633865
lstm,79,1875,5,0.9247710585594178,0.10627737733769799,0.8778430342674255,0.1678843826894449,2.0034193781067806,0.004261072954668063
lstm,79,1900,5,0.9273351669311524,0.10321456143236599,0.8851041197776794,0.15776235696079052,2.000728030461075,0.0028671078975033744
lstm,79,1925,5,0.9293040275573731,0.10100207792996975,0.8868126153945923,0.15545832852796265,1.999815829193834,0.0027935800832838585
lstm,79,1950,5,0.9260073304176331,0.10407572193347851,0.8862787127494812,0.15585937425726698,2.0011570536723107,0.003433428466743329
lstm,79,1975,5,0.9276556849479676,0.10416803944270671,0.8804057836532593,0.16542544090636427,2.001101201391749,0.0015543455133682368
lstm,79,2000,5,0.9307692289352417,0.09961324930540202,0.8867058277130127,0.1558495062725259,2.0001120619661354,0.0026051420110536406
lstm,79,2025,5,0.9302197813987731,0.10093887445076821,0.8899092435836792,0.15118709463543376,1.9998598219313688,0.0023119742381693346
lstm,79,2050,5,0.9262820601463317,0.10288756961426702,0.883288848400116,0.1599658666590368,2.0002633688482288,0.0036990998769506826
lstm,79,2075,5,0.9303571462631226,0.10012569909178155,0.8886278748512269,0.153057745799989,2.0004070969900076,0.0013225564388094394
lstm,79,2100,5,0.9292124509811401,0.10041489611129742,0.8871329545974731,0.15470729854090337,2.0001959488107763,0.0024066822702977593
lstm,79,2125,5,0.9308608055114747,0.0991995449785847,0.8894821286201477,0.15168852989730094,1.9998237428864432,0.00200260020958541
lstm,79,2150,5,0.9285256385803222,0.10223222067319704,0.8865990519523621,0.15542926609995306,2.0024975719774627,0.003444904592783367
lstm,79,2175,5,0.9312728881835938,0.0981182438044872,0.8888414382934571,0.1523375400449068,2.0000631520120047,0.0015435644865861738
lstm,79,2200,5,0.9324175834655761,0.09731635656403102,0.889695680141449,0.15153794472731993,1.999899032432993,0.0021489015446776154
lstm,79,2225,5,0.9358516454696655,0.09451280622805665,0.8922584056854248,0.14807234997511853,2.000458884479792,0.0024547077083167546
lstm,79,2250,5,0.9305860757827759,0.09922733288929599,0.8900160193443298,0.1506944841606678,2.00079162957661,0.0015417539583198524
lstm,79,2275,5,0.9355769276618957,0.09462630512733956,0.8925787568092346,0.14747193701189026,1.9982126945938528,0.0054164469307576985
lstm,79,2300,5,0.9313186764717102,0.09850456843367719,0.8894821166992187,0.15136686319734563,2.0001424366177494,0.002227674804166713
lstm,79,2325,5,0.9352564215660095,0.09535995642560542,0.8932194352149964,0.14674511253341094,1.999542083143729,0.0017399365095107765
lstm,79,2350,5,0.9348901033401489,0.0944713782434499,0.889695680141449,0.15150784609401827,2.0003695656560536,0.0026294755893079714
lstm,79,2375,5,0.9343864560127259,0.0951491090598443,0.8882007479667664,0.15336659614712922,2.000203967212072,0.0031449903051846396
lstm,79,2400,5,0.93420330286026,0.09802004671612524,0.8906567096710205,0.15007104159644918,2.001221086375879,0.0023904748650437602
lstm,79,2425,5,0.934798538684845,0.0969845683767794,0.8907634854316712,0.14988773330762908,2.000909049966097,0.001971263097964253
lstm,79,2450,5,0.9308608174324036,0.10092374887107806,0.8886278748512269,0.15273894570151575,2.0031105249449177,0.002975209506953545
lstm,79,2475,5,0.9368131875991821,0.09484489557479547,0.8926855444908142,0.14752246435338992,2.0010669892615303,0.001977420523103893
lstm,79,2500,5,0.9340659379959106,0.09699518019250294,0.8906567096710205,0.1499983705873647,1.9994340410709657,0.0019117290748175816
lstm,79,2525,5,0.9375457882881164,0.09226934266277662,0.8905499219894409,0.15031237249367801,1.9993951805878516,0.003823635713694372
lstm,79,2550,5,0.9393314957618714,0.09061077133014042,0.8903363585472107,0.15101788586092957,2.000750388293077,0.0018409859252145023
lstm,79,2575,5,0.938095235824585,0.09151134591151462,0.8909770488739014,0.14964639320262146,2.001666472158816,0.00327955115761112
lstm,79,2600,5,0.9401098847389221,0.08921504545139142,0.8921516299247741,0.1484096187511936,2.000288872815634,0.0013400022424446196
lstm,79,2625,5,0.9389652013778687,0.09107084865156705,0.891083836555481,0.14956902554345167,2.002633945854172,0.0024077785279314127
lstm,79,2650,5,0.9407967090606689,0.08819118964210312,0.8922584176063537,0.1479510038341647,2.0014601336524973,0.0027563958526438358
lstm,79,2675,5,0.9413003563880921,0.0867141783281818,0.8908702731132507,0.14995047038027642,2.001238216041127,0.0016849978224117586
lstm,79,2700,5,0.9424908518791199,0.08532950768738914,0.8911906123161316,0.14985482294166605,1.998681814982757,0.0014713487562763754
lstm,79,2725,5,0.9414835214614868,0.08576973131031634,0.8914041757583618,0.14896538028313838,2.000094289553895,0.0007957087686103378
lstm,79,2750,5,0.9421703338623046,0.08582807830815344,0.8932194352149964,0.14643008893345436,2.0008064590142944,0.001879076989182234
lstm,79,2775,5,0.942902934551239,0.08410518451553022,0.8932194471359253,0.14651959217776275,2.0011451066588295,0.0013581487113370472
lstm,79,2800,5,0.9408882856369019,0.08708731089852585,0.8942872405052185,0.1448496173789468,2.0000432371656074,0.0019460500519869418
lstm,79,2825,5,0.9428571343421936,0.08480430716885563,0.8956753849983216,0.14310468624336747,2.000888773216327,0.001848791885946421
lstm,79,2850,5,0.9438186764717102,0.08189631229693543,0.8936465620994568,0.14588907522520145,1.9998372374618065,0.0023408093893455863
lstm,79,2875,5,0.9419871807098389,0.08612192218765692,0.8962092995643616,0.14218192919571687,2.0001062710177404,0.0029225750349632065
lstm,79,2900,5,0.9453754544258117,0.08018535992877068,0.8955686092376709,0.14326195394370048,1.9998588992701833,0.0014563465303395597
lstm,79,2925,5,0.9445970773696899,0.08103731636549387,0.8947143673896789,0.1443466232573424,1.9998476138606498,0.0008761135156060817
lstm,79,2950,5,0.9437271118164062,0.08373808067502574,0.8931126594543457,0.14708145193492458,1.9995000874773552,0.0012220379753554197
lstm,79,2975,5,0.9450549483299255,0.08079976924354657,0.8959957361221313,0.1425942322835415,2.00026943076267,0.0009925944817588855
lstm,79,3000,5,0.945604395866394,0.08009968578518571,0.893860125541687,0.14577863422602455,1.9998997503001477,0.0018439948387981657
lstm,79,3025,5,0.9463370084762573,0.07881137727132619,0.8969567656517029,0.14130985174453353,2.000369163891162,0.0014876863035919513
lstm,79,3050,5,0.9468406677246094,0.07767778707069918,0.8970635414123536,0.1411960425513826,2.0006102944220596,0.001653404692302963
lstm,79,3075,5,0.945100736618042,0.08071188996038349,0.8955686211585998,0.14364296187242712,2.0000671804452734,0.0010624476113611468
lstm,79,3100,5,0.9457417607307435,0.08019619419756088,0.8953550457954407,0.14376814555769057,1.9999989464046333,0.001179150011803498
lstm,79,3125,5,0.9458791255950928,0.07974998962575201,0.895248281955719,0.1440273285661052,2.0008099960253896,0.0031541669843027694
lstm,79,3150,5,0.9471153855323792,0.07732539651338365,0.898878812789917,0.13866144930943297,1.999689311627413,0.0012080096711137214
lstm,79,3175,5,0.9486721634864808,0.07482068384230406,0.8982381224632263,0.13972941628437222,1.9994041070528912,0.0004915642235812675
lstm,79,3200,5,0.947802197933197,0.07630274694405248,0.8989855885505676,0.13861611968107881,2.00073504205817,0.0009216430195149963
lstm,79,3225,5,0.9487637400627136,0.07426804875949794,0.8985584735870361,0.13919972680751,2.000247657720857,0.001736505851306069
lstm,79,3250,5,0.9472069621086121,0.07709486234752781,0.8965296387672425,0.14214975020722317,1.9999958557385393,0.0011630302702515215
lstm,79,3275,5,0.9474816799163819,0.07691313476593838,0.8985584735870361,0.13919972680751,1.9999428123675602,0.0014803842911525387
lstm,79,3300,5,0.9487179517745972,0.07495813956783398,0.8999466180801392,0.13724396579102147,2.0000302076065197,0.0016432083592775024
lstm,79,3325,5,0.9490842461585999,0.07489494481373332,0.8983449101448059,0.1394915403700162,2.000574655425876,0.0006796834819533961
lstm,79,3350,5,0.948901104927063,0.07472324823306689,0.8998398303985595,0.1375282274326223,2.000149584748095,0.0012752694393827445
lstm,79,3375,5,0.9511446833610535,0.07103153246415791,0.9008008599281311,0.13609935306364823,1.9997884578233152,0.0014007907479089586
lstm,79,3400,5,0.9491758227348328,0.075017558758245,0.8984516978263855,0.13949602716078918,2.0002900074262864,0.0008370715512818897
lstm,79,3425,5,0.9532509207725525,0.06896468476408252,0.8994127154350281,0.13790234590722775,2.000364621856681,0.001167793815748518
lstm,79,3450,5,0.9516025662422181,0.0712415055737003,0.8996262788772583,0.13776605553733584,2.000472569990464,0.0011579642539331354
lstm,79,3475,5,0.9511446952819824,0.07352886404846193,0.8985584735870361,0.13949634102932643,2.000306233745119,0.0009864997497436964
lstm,79,3500,5,0.9515109896659851,0.07320861249015741,0.8990923762321472,0.13862156021481256,1.9999668051665094,0.0012245147689804543
lstm,79,3525,5,0.954807698726654,0.06692886784440225,0.9012279868125915,0.1354703981791451,2.000726880740758,0.0007788385177265216
lstm,79,3550,5,0.9539835214614868,0.06879073580318273,0.9005872964859009,0.13655100653475996,2.00016775369713,0.0008499684564786296
lstm,79,3575,5,0.9555402994155884,0.06587807449070936,0.9018686652183533,0.1346400819593617,2.0006506217171562,0.0005184147572073133
lstm,79,3600,5,0.9561355352401734,0.06547490496731644,0.9024025678634644,0.13397365015219725,1.9995866228660404,0.0008219179962585009
lstm,79,3625,5,0.9534340739250183,0.07007206903010903,0.9008008599281311,0.1362898145951153,2.000924443628956,0.0009685657107799648
lstm,79,3650,5,0.9551739931106568,0.06805044090070636,0.9000534057617188,0.13749390007665427,2.000262363144742,0.0010870947375018858
lstm,79,3675,5,0.9574175834655761,0.0644765542720608,0.902509343624115,0.1338976771705005,2.0004149084167984,0.0009418247434109971
lstm,79,3700,5,0.9575091600418091,0.06402128223496599,0.9022957921028137,0.13413291106934272,1.999622090977851,0.0008612124288376833
lstm,79,3725,5,0.9582417607307434,0.06331806343864331,0.903043246269226,0.13315423130592874,2.000132858700091,0.0005286177092820293
lstm,79,3750,5,0.9590201377868652,0.06232197276968103,0.9027229070663452,0.1335773196665901,2.000097838093345,0.0009635023762328888
lstm,79,3775,5,0.9580586075782775,0.06210384194775774,0.902509343624115,0.1339583371999512,2.001023457790351,0.0007850851734213513
lstm,79,3800,5,0.959798538684845,0.06132830461621521,0.9021890163421631,0.13426534267442497,1.9999168900885969,0.0009022903944982274
lstm,79,3825,5,0.9602564096450805,0.06027056942319067,0.9028296947479248,0.13339024206621322,2.0001166464352336,0.0006163436372969186
lstm,79,3850,5,0.9595695972442627,0.06048541491245037,0.9037907242774963,0.13206427516929328,2.000824350742625,0.001040058727240496
lstm,79,3875,5,0.960302197933197,0.060602291613103675,0.9042178392410278,0.1314060479293178,2.000379726882605,0.0008370020231128334
lstm,79,3900,5,0.9628205060958862,0.057193812950279345,0.9035771608352661,0.1323829109902489,1.9999028840504682,0.0008404746122661164
lstm,79,3925,5,0.9632783889770508,0.054827031195787294,0.9042178392410278,0.13172778929360665,2.000096193056454,0.0006383783782574821
lstm,79,3950,5,0.9645604372024537,0.053977239001289146,0.9045381784439087,0.13111331155213526,1.9998489950168519,0.0004942255995123814
lstm,79,3975,5,0.9616300344467164,0.060881209133310674,0.9056059837341308,0.12952090394068558,2.000239087416731,0.0003741064500145992
lstm,79,4000,5,0.9672161221504212,0.0487864010746623,0.9050720810890198,0.1305282639718652,2.0005552772730155,0.0005697908322626869
lstm,79,4025,5,0.9677197813987732,0.04864697324523566,0.9044313907623291,0.1313042844216514,1.9998475511556222,0.001252236891491951
lstm,79,4050,5,0.9666666626930237,0.0508173757293915,0.9059263229370117,0.12936345188319612,1.9999482446124106,0.0006638039052259657
lstm,79,4075,5,0.9698260188102722,0.045218636681119355,0.9050720930099487,0.13042993697201632,2.000106922146635,0.00046996365993301963
lstm,79,4100,5,0.9674450516700744,0.048154376706368865,0.9065670132637024,0.12842221030207876,2.000179154831002,0.0013106549599972194
lstm,79,4125,5,0.970100736618042,0.04542080317448824,0.9062466621398926,0.12872351935680465,1.9999822265245992,0.0007692442333737341
lstm,79,4150,5,0.9713369965553283,0.043370672780803136,0.9064602375030517,0.12843185820013847,1.999980152202945,0.0005482849703092892
lstm,79,4175,5,0.9719322323799133,0.04281124013416633,0.9060331106185913,0.12893724556889552,1.999967494158095,0.0003612107904607012
lstm,79,4200,5,0.9709249138832092,0.04514661017969737,0.9074212551116944,0.12688680375138794,2.000351044005938,0.0005111439007430419
lstm,79,4225,5,0.9730311393737793,0.041392285387701684,0.9065670132637024,0.12817225547242206,2.000165637365529,0.0006157402584818027
lstm,79,4250,5,0.9731227040290833,0.04106278369307341,0.9073144793510437,0.127162257761949,1.9997413844132406,0.0003299927345793809
lstm,79,4275,5,0.9726648449897766,0.04176829715261682,0.9084890604019165,0.1255452881570429,2.000434671979831,0.00018236353847122668
lstm,79,4300,5,0.972802197933197,0.041708591113241315,0.9087026238441467,0.12520902410838727,2.0002867269518454,0.0005855861152941141
lstm,79,4325,5,0.9730311393737793,0.04168879401408985,0.909450089931488,0.12408766526603683,2.0003090281885556,0.0007124922948639206
lstm,79,4350,5,0.9735347986221313,0.04030656213384278,0.9081687211990357,0.12594957997444226,2.0000610058474786,0.0005013140156353831
lstm,79,4375,5,0.9739468932151795,0.039981066315040344,0.9083822846412659,0.12565762072361306,2.0001443553828033,0.0003446441515414684
lstm,79,4400,5,0.9741758346557617,0.03981258156476842,0.9088094115257264,0.12507371129073735,2.0002717366294336,0.0004817222695075372
lstm,79,4425,5,0.9747710704803467,0.039593774746259774,0.9093433141708374,0.12421267674656224,2.0001698879159413,0.0008099616570794971
lstm,79,4450,5,0.9762820601463318,0.039236135764183916,0.9104111075401307,0.12281412734224212,2.0005301837712093,0.0003983163524126048
lstm,79,4475,5,0.9753205060958863,0.039100938155013025,0.9096636533737182,0.12386451965967493,2.0003067936620558,0.00026521838251700874
lstm,79,4500,5,0.9757783889770508,0.03831489893499104,0.9093433022499084,0.12427463886498166,2.0001680125328503,0.00014451271410943612
lstm,79,4525,5,0.9769230723381043,0.03860551927662275,0.9111585736274719,0.12176589528536694,2.0003131104662275,0.0007279237266595434
lstm,79,4550,5,0.9768315076828002,0.03816000905647719,0.9111585736274719,0.12176589528536694,2.0001491591651352,0.0007103933238945944
lstm,79,4575,5,0.9773351669311523,0.03781839945836555,0.9115857005119323,0.12121686093532164,2.0002953418195846,0.0003812703621897634
lstm,79,4600,5,0.9775640964508057,0.037056461388947345,0.9109450101852417,0.12204228912398245,2.0001545253043083,0.00025323417261106864
lstm,79,4625,5,0.9780219793319702,0.03635570989883875,0.9124399423599243,0.1199559691213735,2.000311852625871,0.0002989102276127051
lstm,79,4650,5,0.9789377212524414,0.035702554254569786,0.9117992639541626,0.1209065209244435,2.0001227857542236,0.0003689847537887008
lstm,79,4675,5,0.9786630034446716,0.03535676621072853,0.9125467300415039,0.11979330983555538,2.0000161471600117,0.0004406793813333371
lstm,79,4700,5,0.9796245455741882,0.03460898749322723,0.9134009718894959,0.11872489695781978,2.0003617760668284,0.00032105566413436794
lstm,79,4725,5,0.9803571462631225,0.0337076933861737,0.913080632686615,0.11913654280435054,2.000095182801015,0.00021975910932167452
lstm,79,4750,5,0.9807692408561707,0.034220242814287254,0.9137213110923768,0.1182438574316075,2.000422028664469,0.00024188247608096514
lstm,79,4775,5,0.9812729001045227,0.034384270664398114,0.9140416622161865,0.11781359259183068,2.0002180305761805,0.00029165686854545713
lstm,79,4800,5,0.9815476179122925,0.03410466296877649,0.9141484379768372,0.11765949637376738,2.000139304507946,0.00029519656553437764
lstm,79,4825,5,0.9822802186012268,0.032600776525186684,0.9143619894981384,0.11742014644609193,2.0001869282000118,0.0002979644610925058
lstm,79,4850,5,0.9821428537368775,0.03333972762299633,0.9148958921432495,0.11668042562933052,2.0003190498816954,0.0003213810516420873
lstm,79,4875,5,0.9829212427139282,0.03206338167040312,0.9140416502952575,0.11783054451134256,2.0003953579971268,0.0004139402634430026
lstm,79,4900,5,0.9834707021713257,0.03129436077553416,0.9140416502952575,0.11784868607421072,2.0001794573344824,0.0003001542783401542
lstm,79,4925,5,0.9832875490188598,0.03158759284433427,0.9145755648612977,0.1171280845229458,2.0002839688858494,0.00010375648051489015
lstm,79,4950,5,0.9831501841545105,0.03200325082054094,0.9147891163825989,0.11679945459069459,2.000329704898572,0.00018806323982921257
lstm,79,4975,5,0.983608067035675,0.031327505251045835,0.9145755529403686,0.11710923808706732,2.0000701105801237,0.0002837504917636784
lstm,79,5000,5,0.9843406558036805,0.0307325370006947,0.9143620014190674,0.11740131432677202,2.0002802944410543,0.00018708299859828702
lstm,79,5025,5,0.9844780206680298,0.030659883471181964,0.9142552137374877,0.11755661495476928,2.000156139350596,0.0001390033837964773
lstm,79,5050,5,0.9852564096450805,0.03047262874613069,0.913934862613678,0.11792268842583764,2.0002147539886304,0.0001728633990114783
lstm,79,5075,5,0.9849816918373108,0.029890875813655335,0.9141484379768372,0.11767584765248683,2.0001234682078612,0.0002690384449650034
lstm,79,5100,5,0.9851648449897766,0.030075212918856346,0.9147891163825989,0.11676772315060883,2.000094207826329,0.00016844002358357412
lstm,79,5125,5,0.9852106213569641,0.0302126579374938,0.9152162432670593,0.11614464996088653,2.0001418806396507,0.000277214525438435
lstm,79,5150,5,0.984798538684845,0.029947372435262187,0.9148959040641784,0.11658875988059103,2.0000011354464293,0.00026742938674481333
lstm,79,5175,5,0.9851190447807312,0.0295852850310766,0.9147891163825989,0.11674086815977484,2.00016452904699,7.277314442501756e-05
lstm,79,5200,5,0.9860348105430603,0.030213698824670013,0.9148959040641784,0.11658875988059103,2.000146991350004,0.0002103996430259348
lstm,79,5225,5,0.985210633277893,0.030092722412347665,0.9148958921432495,0.11655943293002106,2.0003179139740928,0.00020135173869559805
lstm,79,5250,5,0.9858974337577819,0.029529244798820842,0.9147891163825989,0.11672926846602788,2.0002008890158782,0.0002316720549945886
lstm,79,5275,5,0.9861721634864807,0.029532350895154626,0.9147891163825989,0.11671888998502955,2.000126012812181,0.00025733090501477726
lstm,79,5300,5,0.9861263751983642,0.029510601840865847,0.9151094555854797,0.11627564484483482,2.0001885184259875,0.0002147720868851813
lstm,79,5325,5,0.9862179517745971,0.02943003523261231,0.914468777179718,0.11717335203937214,2.000192169834886,0.00015429483066036165
lstm,79,5350,5,0.9860805869102478,0.0293658510844543,0.9147891163825989,0.11671888998502955,2.000195432857752,0.00012788063540652688
lstm,79,5375,5,0.9860805869102478,0.029120301435506087,0.9151094555854797,0.1162670645650833,2.000180712946489,0.00014158784010596343
lstm,79,5400,5,0.986401104927063,0.028896797417861154,0.9146823406219482,0.11685178574511722,2.000162439115338,0.00026073957509176697
lstm,79,5425,5,0.9865384697914124,0.028962835456016002,0.91532301902771,0.1159746956382441,2.000177181077849,0.00026956133200940134
lstm,79,5450,5,0.9864926815032959,0.028816151709091617,0.9150026679039002,0.11640943078072162,2.0001177843318954,0.0001192092105544945
lstm,79,5475,5,0.9864468932151794,0.02854770679719235,0.9146823406219482,0.116844467531883,2.000151578750887,0.0001193084906806154
lstm,79,5500,5,0.986401104927063,0.028527136287731188,0.9154298067092895,0.11581788997272159,2.0001458832904944,0.00014219420165224056
lstm,79,5525,5,0.9865384697914124,0.028589903420572608,0.9152162432670593,0.11610476105366462,2.0002344017385325,0.0002611816734231092
lstm,79,5550,5,0.9865842580795288,0.028611527977673624,0.91532301902771,0.11596732207553055,2.0001239063271528,0.00015009588954446014
lstm,79,5575,5,0.9864468932151794,0.02854770679719235,0.9148958921432495,0.11653375192493842,2.0001250977795495,0.0001879594600439558
lstm,79,5600,5,0.986904752254486,0.0285201744318864,0.9158569216728211,0.11523991935377649,2.0002280327477835,9.163324029727736e-05
lstm,79,5625,5,0.9867216110229492,0.02842888114120669,0.9152162432670593,0.11610476105366462,2.0000876473486127,0.00015913626722987507
lstm,79,5650,5,0.9868589758872985,0.02849683134039457,0.9154297947883606,0.11580806116450286,2.000172956006794,0.00010774537361376995
lstm,79,5675,5,0.9869505524635315,0.028292121049183487,0.9152162432670593,0.11610476105366462,2.000199112854773,0.00015875789908322566
lstm,79,5700,5,0.9871336936950683,0.02826078902159504,0.9154297947883606,0.11581236838711008,2.000154729321321,0.0001464859357809618
lstm,79,5725,5,0.986996340751648,0.028189766236720728,0.9152162432670593,0.11610476105366462,2.0001369438433505,0.00015317295996177083
lstm,79,5750,5,0.9870421290397644,0.028087411649590548,0.9152162432670593,0.11610476105366462,2.000143068098434,0.00011158919228802652
lstm,79,5775,5,0.9870421290397644,0.027962104745358696,0.9148958921432495,0.11654108999093112,2.000170346394461,0.00014778410469163165
lstm,79,5800,5,0.9872710585594178,0.027827282492149382,0.9148959040641784,0.11653740465868895,2.0000993272014513,0.00012101771149546078
lstm,79,5825,5,0.9872710585594178,0.027701272054354,0.9151094675064086,0.11624865872585119,2.000191612224375,0.0001348802857827881
lstm,79,5850,5,0.9872710585594178,0.027701272054354,0.9148958921432495,0.11654108999093112,2.000175146952868,0.000183220338811829
lstm,79,5875,5,0.9873626351356506,0.027748911724013704,0.9148958921432495,0.11654108999093112,2.00021646559184,0.00020696902629865966
lstm,79,5900,5,0.9873168468475342,0.02759891002258308,0.9150026798248291,0.1164026802514945,2.000164503672411,0.00017962464846573792
lstm,79,5925,5,0.9874542117118835,0.027670887252602853,0.9147891163825989,0.11670179301781682,2.00016653243019,0.00018250143863315216
lstm,79,5950,5,0.9873626351356506,0.02749654816723776,0.91532301902771,0.11596732207553055,2.0001921054894956,0.00011591360326510896
lstm,79,5975,5,0.9874084234237671,0.027520174593538203,0.9150026679039002,0.11640943078072162,2.00025304565799,0.00014147622805236597
lstm,79,6000,5,0.9875457882881165,0.027339411269840096,0.9152162432670593,0.11611703618115732,2.000201502672014,0.00014090423647154378
lstm,97,0,5,0.12903127819299692,0.046045677254665386,0.13283740580081935,0.04243780317495463,9.241961128916602,5.877166959597712
lstm,97,1,5,0.12669298499822615,0.03495829135253379,0.1299326956272125,0.033774412373796116,7.982489059641952,5.177886258189159
lstm,97,2,5,0.13741269335150713,0.05224282060580578,0.13978037238121027,0.047201873274754634,6.78700489018036,4.381138463067799
lstm,97,3,5,0.13695718497037884,0.04829343235252274,0.13815089911222456,0.04406608231993522,5.638540521798873,3.5619485870069814
lstm,97,4,5,0.1415730327367782,0.05439806878138667,0.1424725458025932,0.047737033278788796,4.698558003910702,2.8489334293399735
lstm,97,5,5,0.1432432442903518,0.05346294401168182,0.1424725458025932,0.04647235748672976,3.991039139993471,2.2736426477117924
lstm,97,6,5,0.14889158606529232,0.05470657529497295,0.146227416396141,0.04786958770069146,3.4452007817164274,1.7907246574110687
lstm,97,7,5,0.15426662415266032,0.055238398208183756,0.14962805360555645,0.04898135733848653,3.018270632197202,1.3722798599722217
lstm,97,8,5,0.15766777992248532,0.0561720372809453,0.15189514458179468,0.04926222077838234,2.696428008757406,1.0203346000484228
lstm,97,9,5,0.15900394767522805,0.054714033860057174,0.15147006362676618,0.04756599735035086,2.4715704186703986,0.7385506856703866
lstm,97,10,5,0.16337685883045192,0.05850010532683968,0.15345376729965204,0.050150822400829416,2.3220067262523325,0.5237608431391136
lstm,97,11,5,0.16380200386047358,0.059150045582060065,0.15458731651306148,0.05018784031824437,2.217298100973509,0.36720355595568893
lstm,97,12,5,0.16349832564592356,0.058056786777360814,0.15345376878976819,0.04869925423792481,2.128189079437712,0.26434283649276097
lstm,97,13,5,0.16541147828102107,0.06063455750419105,0.15529578328132626,0.050181587432250783,2.048475915852595,0.1975035745596063
lstm,97,14,5,0.1708168804645538,0.0648243593325793,0.1596882730722427,0.05408374871499692,1.989079900294253,0.15285324753857638
lstm,97,15,5,0.1725781962275505,0.06383889481712607,0.16160112917423244,0.05342135558666248,1.9583397220015963,0.11980646120930764
lstm,97,16,5,0.17658670097589488,0.06158146255599166,0.16266382783651345,0.05272923156736999,1.9579478933037877,0.09123597047372843
lstm,97,17,5,0.18059519678354258,0.06168223565162351,0.16535600572824477,0.052816022881389146,1.984107428292243,0.08127728354880318
lstm,97,18,5,0.1840874552726745,0.06316726073088702,0.16641870141029352,0.05249669676820029,2.018788745147959,0.09111136752355677
lstm,97,19,5,0.18830852955579755,0.06666089962378118,0.1698901861906051,0.0558490906616928,2.0378260177448704,0.07168809701080377
lstm,97,20,5,0.19061645716428752,0.06971731812837735,0.1721572801470756,0.05849406391099894,2.0407987392425597,0.035034337411068615
lstm,97,21,5,0.1912845447659492,0.07100248710386554,0.17272404879331585,0.05947456425272471,2.0379104460867676,0.053297130135997434
lstm,97,22,5,0.19605223238468167,0.07201314925208074,0.17683315426111218,0.059856689846949376,2.035864943445572,0.07581473702683189
lstm,97,23,5,0.2007895559072494,0.07410672913015524,0.17796670198440548,0.06149367780224451,2.036048576989819,0.07147397054305422
lstm,97,24,5,0.2055268719792366,0.07453790128852796,0.18094225972890848,0.06263838511959524,2.0362896010635794,0.04944296940163161
lstm,97,25,5,0.21181293129920958,0.07734009213493936,0.185476441681385,0.06409886259217215,2.0291980461869294,0.03659815020589451
lstm,97,26,5,0.21770421713590618,0.08016145343845889,0.18831030577421187,0.0655118597402817,2.010190920416959,0.040836345117896494
lstm,97,27,5,0.21709687262773508,0.07716031400354051,0.18859369307756418,0.06164398999730756,1.9861418023306172,0.046697027007307296
lstm,97,28,5,0.2184634029865265,0.07625543081053951,0.18880623430013654,0.061010926942355215,1.9683266694340333,0.05153367298605389
lstm,97,29,5,0.2174612790346145,0.07652794940811981,0.18760184347629544,0.06081915227602154,1.9639288473756413,0.056529983190306915
lstm,97,30,5,0.21773459315299987,0.07782536112970902,0.1886645376682281,0.06253021389416412,1.9725974084943245,0.060748352090960765
lstm,97,31,5,0.22125720679759975,0.08107214904105982,0.19064824283123014,0.06344402202119875,1.9866842246922125,0.05831607638224878
lstm,97,32,5,0.22241117954254147,0.0796295751332548,0.19164009690284725,0.06163451865884487,1.9976063944519857,0.0471690273305014
lstm,97,33,5,0.2212875783443451,0.07514766602215403,0.19171094298362729,0.057237637913694184,2.0050838608873165,0.04159400189941701
lstm,97,34,5,0.22286668568849563,0.07207762726157252,0.19447395950555796,0.05777257839470189,2.0137371939471294,0.04300663187122669
lstm,97,35,5,0.22663224637508392,0.07187208084558366,0.19461565762758254,0.05600614786063709,2.0243022270277513,0.036382116044694324
lstm,97,36,5,0.2275129064917564,0.07063366345951848,0.19752036631107328,0.056769431615572914,2.0322858424456225,0.027837664231914007
lstm,97,37,5,0.2303674459457397,0.07187960756382124,0.19971661418676376,0.0580296093418592,2.030637838635008,0.03095559294797202
lstm,97,38,5,0.23316125124692913,0.0744235251726084,0.20247963219881057,0.06002688374679473,2.018412417289795,0.034596721708463285
lstm,97,39,5,0.23647130131721497,0.07783650761960043,0.2048175677657127,0.06251757121563237,2.003772769493269,0.032005050688176405
lstm,97,40,5,0.24008502811193466,0.07944224959842036,0.20786397010087962,0.06376952471252754,1.9948354405543287,0.024900835272517283
lstm,97,41,5,0.24457940906286235,0.07989101533155674,0.2116188436746597,0.06518928296801205,1.9926459638438652,0.02141662054574083
lstm,97,42,5,0.24949893355369568,0.08085160551584236,0.21487778723239898,0.06584191663047839,1.9924535996207364,0.022065234520073824
lstm,97,43,5,0.2524142071604728,0.08304528676077318,0.2176408007740974,0.06835348815853268,1.9921002761209272,0.020268335779205445
lstm,97,44,5,0.2546917721629143,0.0864873028360804,0.2187035039067268,0.0710948542985498,1.995289049959491,0.016629016602669557
lstm,97,45,5,0.2578196138143539,0.09008472027372835,0.2207580596208572,0.07463204174081078,2.0029464195545983,0.007946517644873596
lstm,97,46,5,0.2613422408699989,0.09387952668676015,0.22337938100099564,0.07682718737230192,2.0101524003665916,0.008351762938851403
lstm,97,47,5,0.2652900084853172,0.09613451774481692,0.22614239901304245,0.07821439403585927,2.0109927087610826,0.013938986274836869
lstm,97,48,5,0.2704828396439552,0.09931701603190346,0.2309599682688713,0.08132909037359723,2.007074501271655,0.01280756996702967
lstm,97,49,5,0.2743395149707794,0.10219606702702227,0.23627346158027646,0.08445246137208758,2.0034626988958193,0.005270138796259923
lstm,97,50,5,0.2771029412746429,0.10399753222485658,0.23910733014345165,0.08545904944450036,2.000989666837609,0.007314548393030812
lstm,97,51,5,0.2808988690376282,0.10552173441959388,0.2420828834176063,0.08776820137315318,1.9979785563406616,0.013854245074424234
lstm,97,52,5,0.28672942817211144,0.10714371749314287,0.24746722877025604,0.08841419273243162,1.9970282633982983,0.014293951455504961
lstm,97,53,5,0.2884603679180145,0.10602650604619204,0.24831739813089365,0.08699975158171923,2.0013598085287887,0.008510634695845601
lstm,97,54,5,0.29119343757629396,0.10584783172523202,0.2506553292274475,0.08721352715412442,2.007428899182217,0.006150455782443218
lstm,97,55,5,0.2935013651847839,0.10565487695487417,0.2512929514050483,0.08690796815751561,2.0084851079490176,0.014558824822555225
lstm,97,56,5,0.2955967187881469,0.1058697751742692,0.25256818532943726,0.08723020691717696,2.0042287882425236,0.016028907316401324
lstm,97,57,5,0.2963255405426025,0.10481117201814871,0.25377257913351053,0.08614807312017554,1.9989295576784791,0.011988611061795478
lstm,97,58,5,0.29732765853404997,0.10330732400682997,0.25596882402896876,0.08574694498580107,1.9951553097932642,0.008085154637991818
lstm,97,59,5,0.29820831120014185,0.10262579052819802,0.2561105191707611,0.0857035430922221,1.9952825179532803,0.009197725935091995
lstm,97,60,5,0.29902823865413664,0.10224738354549642,0.2567481428384781,0.08547718913712168,2.0006040293009213,0.007454491355916456
lstm,97,61,5,0.30018220841884613,0.10223331651869273,0.2574566066265106,0.0856429048562863,2.006761988324311,0.005812478305194816
lstm,97,62,5,0.300941389799118,0.10068692263552657,0.2592986166477203,0.08495392698668174,2.0074238104046858,0.007549293623628583
lstm,97,63,5,0.30197388231754296,0.0998562310910916,0.26085723936557764,0.08504014086740853,2.003607920868446,0.00377778803918176
lstm,97,64,5,0.30467658042907714,0.1004515208490046,0.26213248372077935,0.08458125729607761,1.9983307718926675,0.0036131673201489673
lstm,97,65,5,0.3069541424512863,0.1011072720280303,0.26432872414588926,0.0856319201211881,1.9961550250414526,0.00533742933039683
lstm,97,66,5,0.30847251117229463,0.10114203509634147,0.265462264418602,0.08533547518170373,2.000581824696148,0.0023150011383249445
lstm,97,67,5,0.3108715444803238,0.10184852853236039,0.2680127501487731,0.08589352275429378,2.005362029026382,0.006498794059323028
lstm,97,68,5,0.3125417470932007,0.10121774049966067,0.26865036785602564,0.08483294432687719,2.004388948924638,0.008272378075156265
lstm,97,69,5,0.3141208618879318,0.10137169917962208,0.26850867867469785,0.08440155837327477,2.0006714019583063,0.0023431589162509502
lstm,97,70,5,0.3153962939977646,0.10210048288594105,0.2688629031181335,0.08482569059515416,1.996915619667351,0.005001860715998827
lstm,97,71,5,0.31691466271877283,0.10247080647689087,0.2696422219276428,0.0856040676786512,1.9979845929882596,0.003807152516523509
lstm,97,72,5,0.31879744827747347,0.10323868506042094,0.2715550810098648,0.08619321306904773,2.0030537449640398,0.002415825137997248
lstm,97,73,5,0.32022472023963927,0.10425049766880146,0.2716967731714249,0.08601337964912131,2.0044306610499296,0.005829609162116807
lstm,97,74,5,0.3219860345125198,0.10582116161390838,0.2734679371118546,0.08737430579679371,2.002448001175202,0.0034367580468167833
lstm,97,75,5,0.32432431876659396,0.10782977497670586,0.27445979118347164,0.08870317025676043,1.998956834135131,0.0032646992860584966
lstm,97,76,5,0.32550865113735195,0.1087963476488488,0.2761601090431213,0.0901895765881901,1.999811473965093,0.003057952436376325
lstm,97,77,5,0.3265411466360092,0.11027828886872365,0.2777187347412109,0.09118113290103254,2.0022854575546747,0.006521253205220681
lstm,97,78,5,0.3277558445930481,0.11197409282587553,0.27906482219696044,0.09235720019973227,2.0010869210761877,0.002789520444008388
lstm,97,79,5,0.3292742133140564,0.11340363764727775,0.28083598315715785,0.09444194986826691,2.000443136544826,0.00396659035220009
lstm,97,80,5,0.33109626173973083,0.11516854561387768,0.28175698816776273,0.09511655947711514,1.999526013748697,0.002299075454577662
lstm,97,81,5,0.3322502255439758,0.11627907981842366,0.2838115364313125,0.09621272578071324,2.002542164065532,0.003817751787025351
lstm,97,82,5,0.33282721042633057,0.11634671381199992,0.28437831699848176,0.09687397600031684,1.9988816452884248,0.00557142243230602
lstm,97,83,5,0.33385970294475553,0.11674409251340315,0.28586609959602355,0.09752577592045845,2.00399881477479,0.006827768494107351
lstm,97,84,5,0.33631946444511407,0.11816473376473377,0.2872121810913085,0.09815465780049908,1.999178638156215,0.007166899018365483
lstm,97,85,5,0.33659277260303494,0.11817479926094421,0.2874955683946609,0.0985776002110928,2.002956199411531,0.0045064561903915305
lstm,97,86,5,0.33774673044681547,0.11712993206689953,0.2889125019311905,0.09915730105766855,2.000622238992273,0.0030727475114916206
lstm,97,87,5,0.33868812322616576,0.11655812440642961,0.2892667323350906,0.09982857276051846,1.9967604507636252,0.004476446025477971
lstm,97,88,5,0.3403583377599716,0.11721955482856666,0.28997519910335534,0.10059459345716512,2.00373266342899,0.003920897177209784
lstm,97,89,5,0.3416641324758529,0.1177117698160107,0.2913212865591049,0.10016424833287897,2.001297608237045,0.0027453040205224206
lstm,97,90,5,0.3422714829444885,0.11755498547559999,0.2921714454889297,0.09941221940215046,1.9985118587136792,0.0025924279171803707
lstm,97,91,5,0.34515638947486876,0.11893495801741381,0.2937300682067871,0.09992556622325877,2.0040826255390205,0.003920926484438756
lstm,97,92,5,0.34658365845680233,0.1202934972884606,0.29535954296588895,0.10144136693202963,1.999019813566698,0.005404998459307835
lstm,97,93,5,0.3478894650936127,0.12110746639665096,0.297343248128891,0.10189501190076264,2.001846733969977,0.003265000698886471
lstm,97,94,5,0.34843607544898986,0.12133198254828044,0.297484940290451,0.10218332100843915,1.9995263178753166,0.005105720977054137
lstm,97,95,5,0.3498937159776687,0.12250492032296219,0.299397799372673,0.1033396940257134,2.00159211975708,0.008459896483744036
lstm,97,96,5,0.3512298822402954,0.12260000251465279,0.301381504535675,0.1034913546104875,1.9994331207102838,0.008687531343661202
lstm,97,97,5,0.35286971628665925,0.12279656784877792,0.3014523506164551,0.10284814124220464,2.0004864416441057,0.005608837500370552
lstm,97,98,5,0.35417552292346954,0.12303564680240091,0.30336520969867703,0.10299401662318954,2.0048869953045605,0.002976236555775246
lstm,97,99,5,0.35508654415607455,0.12281452341149908,0.303931987285614,0.1020621707411066,1.9964108201784003,0.005481173729927186
lstm,97,100,5,0.35693895518779756,0.12306790778957755,0.30520722270011896,0.10271616886485302,2.0021836073546884,0.00525431121318067
lstm,97,101,5,0.3573641061782836,0.12210312411682381,0.3064116179943085,0.10228598763250346,2.0010744050557285,0.008759033880621341
lstm,97,102,5,0.358669900894165,0.12225657215139868,0.3059865355491638,0.10154058531588406,2.0001765168755314,0.01136915548480175
lstm,97,103,5,0.35924688577651975,0.12194698827525889,0.3072617709636688,0.10190147373455376,1.9994958948336354,0.011247175511570654
lstm,97,104,5,0.36027938127517695,0.1216578884066501,0.3081119298934936,0.10227323590405606,2.0026052722000833,0.008012144706619706
lstm,97,105,5,0.3609474629163742,0.12153982150770065,0.30903294086456295,0.1030366581181728,2.0014552516655972,0.006346954366433282
lstm,97,106,5,0.3620103240013122,0.12138127471558718,0.30988310277462,0.1021845526703491,1.996418350299932,0.005854585350267398
lstm,97,107,5,0.36389310956001275,0.12186858378279353,0.31087495386600494,0.10217356005348889,2.0063546717316383,0.005916077892940046
lstm,97,108,5,0.3626784086227417,0.12202786178733521,0.3115125715732574,0.1015041842363763,1.9961893715539305,0.004718049506369786
lstm,97,109,5,0.3661099344491958,0.12132884222829803,0.31200850009918213,0.10243474531588392,2.001807927899742,0.0020181083962012335
lstm,97,110,5,0.36456119120121,0.12180535453062312,0.31335457861423494,0.10150325804896837,2.00322946165294,0.005636757013831105
lstm,97,111,5,0.36902520060539246,0.11999895041873884,0.3158342212438583,0.10230273434810055,1.9975266070608786,0.00826322359872468
lstm,97,112,5,0.3674461007118225,0.12075871762508565,0.3147715091705322,0.10171505052369983,2.000636230898148,0.00667540172394993
lstm,97,113,5,0.37060431838035585,0.11993989893318564,0.31817215681076044,0.10159063031294048,2.0060889616508586,0.006333998550409181
lstm,97,114,5,0.37075614631175996,0.12076990620620619,0.3168969184160232,0.10210537414222456,1.9896095033212444,0.009247891384475208
lstm,97,115,5,0.3738536238670349,0.1185423615770691,0.320864325761795,0.1004484707770333,2.014066408250947,0.011939610579498524
lstm,97,116,5,0.37388399839401243,0.11870402362269476,0.32036839723587035,0.10091838787136224,1.9885666870985332,0.01500641196873111
lstm,97,117,5,0.3752505302429199,0.11812139325854763,0.3202267080545425,0.10038899201064087,2.0053543799208753,0.013129304797465722
lstm,97,118,5,0.3775888264179229,0.11721280208359157,0.3238398820161819,0.09955033495417649,2.0045076179603645,0.009682957530507953
lstm,97,119,5,0.377831768989563,0.11684792909931925,0.32334395349025724,0.09958025932089354,1.992576418564727,0.0091877336618855
lstm,97,120,5,0.3795019716024398,0.11701793208274823,0.32525681853294375,0.09977790637988941,2.00607142884644,0.0113270780330007
lstm,97,121,5,0.38156695663928986,0.11448562331261726,0.32631951570510864,0.09769431508287074,2.0000811585570966,0.012565411790982046
lstm,97,122,5,0.38174916207790377,0.11682093808754235,0.32568188607692716,0.10053032634481185,1.9976017645535529,0.010278181165935147
lstm,97,123,5,0.3820224702358246,0.11719301411162264,0.326036137342453,0.10012102359732096,2.003123508798982,0.01193452658215981
lstm,97,124,5,0.38305496573448183,0.11676833086236567,0.32624866366386407,0.10022949592435636,2.0007065344449235,0.011880991510045057
lstm,97,125,5,0.38351047337055205,0.11836242156920124,0.3275239020586013,0.10198178810204506,1.9978148534883364,0.005485022231626604
lstm,97,126,5,0.3828727543354034,0.11736833760137376,0.3270988285541534,0.09995858411371236,2.0043752394960754,0.007480431307620383
lstm,97,127,5,0.38481627404689783,0.11873941449070972,0.32908253073692323,0.10188096940768647,1.9974057353551946,0.010609567799533712
lstm,97,128,5,0.3839659869670868,0.11766158015415275,0.3285866022109985,0.1008779698423775,2.001393185938038,0.007670060068709748
lstm,97,129,5,0.38609170615673066,0.11841022735515382,0.33071201145648954,0.10161446246852356,2.002555877624901,0.0065061289929870935
lstm,97,130,5,0.3849073737859726,0.11927116567141534,0.32986184358596793,0.10115988194425526,1.9964218708348853,0.010562166185725409
lstm,97,131,5,0.3866686910390854,0.11923489538160909,0.33014522790908807,0.10225500761943462,2.005083427713374,0.010010483432414103
lstm,97,132,5,0.3876404494047164,0.11915537150181318,0.3322706282138824,0.10217551746751463,1.9971576468915047,0.009540568574804176
lstm,97,133,5,0.3873367697000503,0.12025354833124902,0.3317038565874099,0.10286266979836733,2.001912082027516,0.009544299998691162
lstm,97,134,5,0.3889158755540848,0.1206502068087044,0.33361671268939974,0.10223764182705461,2.000586172033564,0.009209868240930421
lstm,97,135,5,0.3875189810991287,0.1187881794900671,0.3336875647306442,0.10160625222554068,1.9999288018897214,0.0058544626847352385
lstm,97,136,5,0.3897054374217987,0.12255572485166001,0.33475026190280915,0.10420445169807671,2.000964212400815,0.006744782978150674
lstm,97,137,5,0.3878530204296112,0.11931477246525087,0.3335458695888519,0.10202792549625206,2.001225708713658,0.010927684737207649
lstm,97,138,5,0.3912238121032715,0.12240876567747677,0.3355295747518539,0.10481571034036381,1.9978308580197264,0.011542131186136567
lstm,97,139,5,0.38988763093948364,0.12205599461887717,0.3351044952869415,0.10437981340469961,2.0046151677625876,0.011357059761007413
lstm,97,140,5,0.3893713980913162,0.12051686472134211,0.33460856676101686,0.10339558894835103,1.9966784130184032,0.009244734507174005
lstm,97,141,5,0.3932280600070953,0.12377232772191295,0.3373007446527481,0.1061134713651711,2.0016677703693913,0.0072942344599706424
lstm,97,142,5,0.3896750599145889,0.12107372354022862,0.3352461814880371,0.10253643059836015,2.0029698478924445,0.009409297515096657
lstm,97,143,5,0.39289401173591615,0.12310420201708212,0.3370173543691635,0.1057190202583257,1.9957112273623117,0.009656400574016925
lstm,97,144,5,0.39426055252552034,0.12300022660061335,0.3390010595321655,0.10623686137209347,2.0049815245251406,0.006903191538433721
lstm,97,145,5,0.39192225635051725,0.12175013931644961,0.3364505767822265,0.10359134016244263,1.9977234259215657,0.007449981316994069
lstm,97,146,5,0.395475247502327,0.12318700610416974,0.3394969880580902,0.10675664892489747,2.0020226927971736,0.009521748707217616
lstm,97,147,5,0.39526267945766447,0.12241393558783331,0.3401346087455749,0.10623136550345752,1.9986101351846493,0.009262274201318175
lstm,97,148,5,0.3947464287281036,0.12163045153876176,0.33843428194522857,0.10353112422168763,2.003265904668397,0.006816474122168674
lstm,97,149,5,0.39778317213058473,0.12366125601582674,0.34197661280632013,0.10738538861480992,1.9978598041591904,0.008431168390420981
lstm,97,150,5,0.3977528065443039,0.12396329142346178,0.3423308491706848,0.10654074008558959,2.0018008733990285,0.00987229880120561
lstm,97,151,5,0.39787428081035614,0.1207588428618928,0.3411264568567276,0.10302885692398156,2.000551602369567,0.014365759074466928
lstm,97,152,5,0.3997266799211502,0.12433482344843838,0.3445270985364913,0.1074551890160796,1.9980633451540648,0.015156165398903488
lstm,97,153,5,0.4009717583656311,0.121122499687214,0.3450230300426483,0.10658796413497479,2.006123405338092,0.014978529021577097
lstm,97,154,5,0.39978743493556973,0.12169979140105747,0.34396031796932214,0.10413097317135508,1.9911736741765218,0.01652336553116872
lstm,97,155,5,0.40300638377666476,0.12150539062836545,0.34700672924518583,0.10668492753112252,2.0094766595861437,0.017315677952647834
lstm,97,156,5,0.40236865282058715,0.12346434822544686,0.3470067232847214,0.10727316165313652,1.9963839077126941,0.014849369896646425
lstm,97,157,5,0.4013665348291397,0.11937098664101965,0.34551894962787627,0.10310057413897859,1.996402958525086,0.009326764734610039
lstm,97,158,5,0.40552686154842377,0.12409362183873783,0.34941551387310027,0.10858229517922732,2.010367577392869,0.01028191758175861
lstm,97,159,5,0.40252049565315245,0.12222420963808457,0.3479277312755585,0.106366532510549,1.990532827961609,0.011934853548278912
lstm,97,160,5,0.4053143084049225,0.11942086341572535,0.3491321265697479,0.10288431345378216,2.003827732474459,0.007689925177865345
lstm,97,161,5,0.40655936300754547,0.1256853897384045,0.35047820806503294,0.10882066534599956,2.0051565408643426,0.00874059409295874
lstm,97,162,5,0.4058305412530899,0.12015627764683907,0.3514700651168823,0.10544501479132573,1.9918855384129805,0.011165492301927217
lstm,97,163,5,0.4077740639448166,0.12217937664856382,0.35061990320682523,0.10554493205044144,2.005949639392247,0.006956331657098502
lstm,97,164,5,0.40980868935585024,0.12528315866317513,0.3528870016336441,0.10941685732738615,2.0016201070900537,0.00613882259414105
lstm,97,165,5,0.4081992030143738,0.12009131889199828,0.3541622400283813,0.10555028265647384,1.994355454860694,0.009592491981458952
lstm,97,166,5,0.41017308831214905,0.12398923059689558,0.3536663144826889,0.10732666472902991,2.0059643217610397,0.007045796336918602
lstm,97,167,5,0.4129061609506607,0.12371992815143924,0.3567127138376236,0.10720395098620086,1.9994857910004504,0.0030334886957368466
lstm,97,168,5,0.411053740978241,0.12179339269996897,0.35550831258296967,0.10554261510178166,1.9970854293030247,0.007692209362696113
lstm,97,169,5,0.4143638014793396,0.12357213471182057,0.35706694424152374,0.1075413957020101,2.0050745986783673,0.00878039797937822
lstm,97,170,5,0.4151533514261246,0.12253891633080778,0.3603967308998107,0.10668550949958698,1.9971583638887658,0.0053456623409270775
lstm,97,171,5,0.41530519127845766,0.12075926435670599,0.35770456790924066,0.1055383888604036,2.0013234172167707,0.005789048850552265
lstm,97,172,5,0.4181293576955795,0.12174801027542675,0.3600425064563751,0.10575224734338852,2.0005712571643604,0.010640281805301058
lstm,97,173,5,0.4215305209159851,0.12081013179563586,0.3633014470338821,0.10693192406714369,2.001476489764631,0.015165462763688667
lstm,97,174,5,0.4171272337436676,0.11993734998982813,0.3603258848190308,0.10323672897001324,1.9983264206234466,0.015317389657212918
lstm,97,175,5,0.42341330647468567,0.11977906691297273,0.3652851551771164,0.1057127303435656,1.999259870374243,0.010473046281403617
lstm,97,176,5,0.42125720977783204,0.12074605144282417,0.36592277288436886,0.1053347626723978,2.006381759376228,0.01611851039710122
lstm,97,177,5,0.4236258685588837,0.11711350850660672,0.363868224620819,0.10245771343254391,1.9932402809255596,0.019653877136976423
lstm,97,178,5,0.42584269046783446,0.11966048697393783,0.36868579089641573,0.10597532813225939,2.001431257791868,0.014181863570874316
lstm,97,179,5,0.426541143655777,0.1192942857774853,0.3672688573598862,0.10290315530540746,2.005995980902111,0.011689689452794878
lstm,97,180,5,0.42672334909439086,0.11555909014924841,0.3671980112791061,0.10160211029261995,1.9949287285957626,0.013113390840819524
lstm,97,181,5,0.4274825394153595,0.1210568781635559,0.3707403481006622,0.10718041364893013,1.998697682118927,0.012309183789379199
lstm,97,182,5,0.43082296252250674,0.11603120074715201,0.37052780091762544,0.10370895573784966,2.007945748466235,0.008484115973387416
lstm,97,183,5,0.4272092342376709,0.1180196534025914,0.3693234086036682,0.10344230402930868,1.9932689284554201,0.006044672342984065
lstm,97,184,5,0.4325538992881775,0.11848964603159907,0.37286574840545655,0.10730152696572175,2.0031102696552687,0.010058380843851541
lstm,97,185,5,0.4313999354839325,0.11885283127867455,0.372724050283432,0.10353591072043908,2.001143824490429,0.007731001683286887
lstm,97,186,5,0.4330701470375061,0.11639763384508652,0.3708111822605133,0.10449707240786116,1.9984043470410195,0.010242649295323166
lstm,97,187,5,0.43352565765380857,0.12038664974060419,0.3746369063854217,0.10624765685293036,2.0014676210384543,0.009492967708176767
lstm,97,188,5,0.434861832857132,0.11694642157715403,0.3744952112436294,0.10377197371579215,2.001256055102605,0.004191048908395605
lstm,97,189,5,0.43556028008461,0.11530373519784638,0.3754162192344665,0.10528692392942413,1.9973611985874178,0.005106200043650285
lstm,97,190,5,0.43650166392326356,0.11942783428416802,0.37782500386238094,0.10524884344247058,2.0051940487642765,0.00625723256089298
lstm,97,191,5,0.4382326066493988,0.11521031534037848,0.37662061154842374,0.1062242765732405,1.9957381716027356,0.005617025452115998
lstm,97,192,5,0.4387184977531433,0.11704299778707128,0.3781792372465133,0.1043072399392196,2.00318111023871,0.007404938001118266
lstm,97,193,5,0.4397813618183136,0.11883048799079819,0.3793836325407028,0.10627464179810459,1.9977015729517142,0.01124899214275355
lstm,97,194,5,0.440419065952301,0.1161243455841967,0.3803046375513076,0.1068852737115826,2.005767925693712,0.01614480612661951
lstm,97,195,5,0.4398117125034332,0.11748142508343441,0.38065887093544004,0.10476008347983182,1.9911620848459575,0.01923590365193618
lstm,97,196,5,0.4406923711299896,0.11682843659308778,0.38051717877388,0.10798253635370372,2.0096895635230156,0.014690602228323758
lstm,97,197,5,0.44400243163108827,0.11769130262661315,0.383917811512947,0.1050136450873018,1.9938016433678432,0.01414278458596966
lstm,97,198,5,0.44315214157104493,0.11611913418480223,0.383917811512947,0.10739030110486578,2.0032811152458083,0.021016203891317874
lstm,97,199,5,0.4433647096157074,0.11957170361587323,0.38356357514858247,0.10849523487870441,2.0003053292429844,0.0211441521806489
lstm,97,200,5,0.4469784379005432,0.11649386468181888,0.3866808325052261,0.10589898569518476,1.9963167144930432,0.012038017188294652
lstm,97,205,5,0.4497722387313843,0.11946504727862962,0.3873184502124786,0.10846059729802833,2.001761704157329,0.005692409140333079
lstm,97,210,5,0.45153353810310365,0.11919006651142004,0.391569247841835,0.1077499360783547,2.0001824483391877,0.012354324154855321
lstm,97,215,5,0.4569085896015167,0.11733743997316236,0.39674104750156397,0.10703086426900166,1.9992715649229755,0.013259756357620032
lstm,97,220,5,0.46358943581581114,0.11844912354354387,0.4029755562543869,0.10772547407083347,1.998383461160482,0.006251680094081567
lstm,97,225,5,0.46756756901741026,0.11973520823547164,0.40637619197368624,0.1101708808479292,2.000382427559465,0.0080309808049307
lstm,97,230,5,0.47382325530052183,0.1213955243492127,0.4104852914810181,0.10986606632271412,1.998260015653905,0.005305239072628363
lstm,97,235,5,0.4776191830635071,0.12152853580223322,0.4158696413040161,0.1098433986897072,1.9966397009244907,0.006158024782690565
lstm,97,240,5,0.47980563044548036,0.12250803070247013,0.4182784199714661,0.11029524073999451,2.0025694807946564,0.007387590761892937
lstm,97,245,5,0.48290312886238096,0.12293437738312031,0.41983704566955565,0.11047767428829738,1.995101552342031,0.017731618245621573
lstm,97,250,5,0.48894624710083007,0.1256651650203089,0.42479631304740906,0.1126002781859187,2.010367109633141,0.013388073250022791
lstm,97,255,5,0.4883692741394043,0.12297483260317814,0.427346795797348,0.1107565251183197,1.9943776574749728,0.004799801714367975
lstm,97,260,5,0.49246888756752016,0.12603207033191632,0.4294013440608978,0.11398172815906821,2.0025653115453403,0.009871754673755253
lstm,97,265,5,0.49459458589553834,0.1265542447830436,0.431101655960083,0.11539927912858738,2.002539104806492,0.005690946796074143
lstm,97,270,5,0.5028849005699157,0.13128061202144486,0.43981578946113586,0.11951352903038844,2.0022954270359277,0.008785194763187395
lstm,97,275,5,0.5067719459533692,0.13289451344248546,0.4425788104534149,0.12102844031142941,1.9981814427604612,0.003911942348317459
lstm,97,280,5,0.5085939884185791,0.1329860420189781,0.44264965653419497,0.12079675401319573,1.9942185367353844,0.004594929997833953
lstm,97,285,5,0.5085939943790436,0.1349998544244093,0.4444916665554047,0.12377707646623913,1.99897778889729,0.007074577398478297
lstm,97,290,5,0.5127543330192565,0.13226170121267763,0.446900463104248,0.12094598392343357,2.0015058674645934,0.0035214403405956444
lstm,97,295,5,0.5140601336956024,0.13376896461514584,0.4490258455276489,0.12385616968325362,2.0011924501401426,0.008654871553575564
lstm,97,300,5,0.513634979724884,0.1355296558523388,0.4483173847198486,0.12526799889316728,2.002684717971238,0.007383536849920836
lstm,97,305,5,0.5200121462345123,0.13891668879668792,0.45462273359298705,0.12973652909452577,2.0054404385798223,0.006360025996260682
lstm,97,310,5,0.5222593307495117,0.13940438039991243,0.45561458468437194,0.12975509795499968,2.0034212583167976,0.006405014593427861
lstm,97,315,5,0.5253264427185058,0.14121724726271503,0.45851929783821105,0.13169174259895722,1.9985930613648133,0.009228354158939597
lstm,97,320,5,0.5290616512298584,0.14228021507299152,0.4622033298015594,0.13319291325022692,2.0020205315870245,0.00961389341433608
lstm,97,325,5,0.5290009140968323,0.14466132399327175,0.4643287181854248,0.13589522965402084,2.0057926507484387,0.01141563737803154
lstm,97,330,5,0.5317947208881378,0.14580472758027294,0.4681544303894043,0.13464155645257136,2.0020905682462664,0.009657632770350096
lstm,97,335,5,0.5350744068622589,0.14782347828777093,0.46942968368530275,0.1380503590263924,2.006009758149612,0.009481342722531164
lstm,97,340,5,0.5399028241634369,0.145711437456528,0.475239098072052,0.13686848331113882,2.0036811240197503,0.006525127919751901
lstm,97,345,5,0.540874582529068,0.14581274635596056,0.477860426902771,0.13716368577292284,1.996165930164603,0.004367950064002516
lstm,97,350,5,0.5436683893203735,0.14534862592692416,0.4775770425796509,0.13838287318725645,1.996949551269339,0.007229193315433917
lstm,97,355,5,0.5493470847606658,0.1476640245165951,0.4828196883201599,0.13906593273372803,2.0053175996490955,0.0072057540920461875
lstm,97,360,5,0.5525356829166412,0.1473253453105125,0.4874955594539642,0.13986720964991387,2.002310761745649,0.01341507648470128
lstm,97,365,5,0.5576677739620208,0.14917848697186553,0.49125043749809266,0.14077330596023024,1.9994059251026464,0.005233506567900422
lstm,97,370,5,0.5614333391189575,0.14935052690041223,0.49373006224632265,0.1413193329213865,2.0033934548531023,0.007057292857287911
lstm,97,375,5,0.5618584811687469,0.1485970568097973,0.49458022117614747,0.14207581089640273,2.0018068525121353,0.005081954078958224
lstm,97,380,5,0.5667476415634155,0.14834747979566884,0.4981225609779358,0.14070844927062587,1.9995476359021311,0.0038260846943501967
lstm,97,385,5,0.5696021974086761,0.14929393935118845,0.502727597951889,0.14207384532894668,1.999729797220255,0.005921825515469281
lstm,97,390,5,0.5748861193656921,0.15249838236215477,0.5086787045001984,0.14555875571609792,1.9961163333371679,0.008831860725099807
lstm,97,395,5,0.577588826417923,0.15111290543427905,0.5114417254924775,0.14475816213702666,1.9951845396348198,0.012236300995589547
lstm,97,400,5,0.5846644461154937,0.1555688747181899,0.516684377193451,0.14892764295208197,1.9917164718987515,0.01893958292916664
lstm,97,405,5,0.5800182282924652,0.1522147184380627,0.5134962677955628,0.14538551079420622,1.9868746294842041,0.011888394648216855
lstm,97,410,5,0.5806863009929657,0.13991746486676457,0.5130003452301025,0.13935154067272026,2.004535752365052,0.007026336558939773
lstm,97,415,5,0.5862739145755768,0.15408331598994648,0.5207934677600861,0.15012868460855786,2.0020681107128953,0.004222049546910818
lstm,97,420,5,0.592620724439621,0.14874362421754694,0.5222812592983246,0.14468602887728335,1.9964804432100682,0.005662457746037527
lstm,97,425,5,0.5945035099983216,0.15484277481070235,0.5279489815235138,0.15113212175204835,1.9957959762713877,0.005475197483727864
lstm,97,430,5,0.5968417882919311,0.14958184631524377,0.528586608171463,0.14724114476343106,1.9987900566359607,0.004935982191332786
lstm,97,435,5,0.6005162477493287,0.15533167543280024,0.5307828485965729,0.1515539335527616,2.0036587402085924,0.0038319238546836313
lstm,97,440,5,0.6044640004634857,0.15406596704070927,0.5336875736713409,0.14916359693628536,2.0019227174295797,0.0017105245883160412
lstm,97,445,5,0.6059823870658875,0.1546446663146617,0.5349628090858459,0.15102973008694356,1.9993782806388638,0.00618362101760442
lstm,97,450,5,0.6086243629455567,0.15423769994438605,0.5368048012256622,0.1506470886255107,2.0026869116363293,0.0020982608810537376
lstm,97,455,5,0.6145459949970246,0.15537606545699784,0.5404179990291595,0.1509319006905195,1.9966666651899623,0.003577970349908335
lstm,97,460,5,0.6169753909111023,0.15559491593554817,0.5482111215591431,0.1552334537968802,2.0120111102207345,0.013764205651753566
lstm,97,465,5,0.6180686354637146,0.15531856192979826,0.5486362099647522,0.15620804316918258,2.004000561086014,0.01003496509775131
lstm,97,470,5,0.6184026718139648,0.15383836726937422,0.548069429397583,0.1521008079841791,1.9981998932492715,0.00523967645695942
lstm,97,475,5,0.6234133005142212,0.15579067184278936,0.5525327563285828,0.15459167568712445,1.9922283102737748,0.006816975537160911
lstm,97,480,5,0.6238991856575012,0.15511431549127708,0.554233068227768,0.15448636072190614,1.9974315621155803,0.0068800729960090245
lstm,97,485,5,0.6255086362361908,0.15597484346310544,0.556925255060196,0.15742969412274277,2.000521053027462,0.005794045119786012
lstm,97,490,5,0.6347403407096863,0.1600423929436762,0.5642224490642548,0.15910476937232473,2.0020407159650384,0.008338797175036203
lstm,97,495,5,0.6346796214580536,0.1616819869749373,0.5683315634727478,0.1628184945649964,2.000483914641933,0.008679745935235898
lstm,97,500,5,0.630914056301117,0.1606035830495875,0.5654268562793732,0.15975272248721348,2.0020761465144603,0.0076633719640943395
lstm,97,505,5,0.6400546610355378,0.16013064300142898,0.5692525625228881,0.1605182080416549,1.9995343463229063,0.0065587245380028655
lstm,97,510,5,0.6403886914253235,0.16173039238756423,0.5718030333518982,0.16382684394593547,2.0015210500556897,0.0027936181282340916
lstm,97,515,5,0.6431217670440674,0.16323634582756585,0.5770456850528717,0.16260011606227404,2.002138505176439,0.00266067050452661
lstm,97,520,5,0.6447008788585663,0.16182610278359516,0.5773999273777009,0.1615963022827112,1.9991164941560722,0.00640370630882257
lstm,97,525,5,0.649650776386261,0.16191732597689973,0.5810839474201203,0.16315474105441116,2.0007324938748345,0.007209266870158802
lstm,97,530,5,0.6514728188514709,0.16210776749820852,0.5839886486530304,0.16334497057544242,2.001972897200397,0.01008999061501266
lstm,97,535,5,0.6504706919193268,0.16220953171664412,0.58306764960289,0.16315981456001782,1.99800577029907,0.008985938429418028
lstm,97,540,5,0.6536289155483246,0.1610014634717922,0.5868933737277985,0.16452295020331367,1.9994009471816825,0.005806918814017406
lstm,97,545,5,0.6551472842693329,0.16674484053425565,0.5912858545780182,0.16932144413212044,1.9851280390765935,0.04481627632462278
lstm,97,550,5,0.6482842326164245,0.18430596448064235,0.5829967975616455,0.1837353975445211,2.015507853593864,0.030691939515242413
lstm,97,555,5,0.6603401124477386,0.17007541881687696,0.5952532649040222,0.17087048965407758,1.9862631705995917,0.014187150017285651
lstm,97,560,5,0.6629517197608947,0.1640130727847135,0.5953241050243377,0.17009193691142466,2.0010803968491566,0.011689785932892856
lstm,97,565,5,0.6628909766674042,0.16644451002974212,0.5975912094116211,0.16957944755808083,1.995582107235082,0.01735183530788063
lstm,97,570,5,0.6718190133571624,0.16628122590324715,0.6033297777175903,0.16895309169252812,1.9980561675615143,0.0042017503164235
lstm,97,575,5,0.669055563211441,0.1614689748779471,0.5992206752300262,0.1639074747905787,2.0068494687942064,0.01708728935545338
lstm,97,580,5,0.6457333743572236,0.147646085868494,0.5768331587314606,0.14831426490135266,2.0118881437480067,0.02076173370821947
lstm,97,585,5,0.6652292668819427,0.15983656392150303,0.598583060503006,0.15669046918256896,1.990613312720561,0.02206304324182787
lstm,97,590,5,0.6669298529624939,0.15535703116777552,0.6034714818000794,0.16150495839999976,2.000670128235581,0.006524183253708167
lstm,97,595,5,0.6703310132026672,0.15484663919377328,0.6038965582847595,0.15882652046431667,1.9958857526351985,0.009458722567032738
lstm,97,600,5,0.6783783793449402,0.15995741430994342,0.6136733889579773,0.16727729379607537,1.9990044318372377,0.004488212904150104
lstm,97,605,5,0.6851806759834289,0.16685003976506532,0.6217499017715454,0.17305062988076206,2.0011217932271705,0.004570873823313376
lstm,97,610,5,0.6890373587608337,0.16644050805750618,0.6231668293476105,0.171672688616336,2.001313933552011,0.006567766421059983
lstm,97,615,5,0.6894624948501586,0.1654035636433254,0.6240169942378998,0.17338534415922993,1.998539198097036,0.006880840935411767
lstm,97,620,5,0.6941390812397004,0.16672994360777166,0.6287637114524841,0.1764359739355888,2.0009930458746275,0.006905238305694916
lstm,97,625,5,0.69538414478302,0.16719239237621916,0.6303223431110382,0.17573541119116418,2.0008948915231355,0.0066448109294119624
lstm,97,630,5,0.6980564713478088,0.16843290819803805,0.6332270562648773,0.17810574019672046,2.0014112396418455,0.006791248588218752
lstm,97,635,5,0.698633462190628,0.16736859072837107,0.6349273920059204,0.17818340690232923,1.9998184243984867,0.003845204672333414
lstm,97,640,5,0.7019435167312622,0.1679435925009388,0.636202609539032,0.17848742685060118,1.9973756188984289,0.00940549924135251
lstm,97,645,5,0.7007895410060883,0.16735586152327622,0.6339355349540711,0.17509949960368537,2.001180381081597,0.0022991463547431864
lstm,97,650,5,0.7045854747295379,0.16781485935264392,0.639249038696289,0.17683055322457927,2.0002845613952256,0.0029567446404746905
lstm,97,655,5,0.7088065624237061,0.16973970494919619,0.6440665900707245,0.1800766501683908,2.000459019728315,0.006413330009675945
lstm,97,660,5,0.7120862364768982,0.16894525291741758,0.6473255395889282,0.18106831136016693,1.9980702278689055,0.004379265158652637
lstm,97,665,5,0.7146978437900543,0.1704027206042482,0.650442773103714,0.18161076511231705,1.9977768285469648,0.0033082557091245277
lstm,97,670,5,0.7134223997592926,0.16998082061712366,0.6492383897304534,0.18067664517130544,1.998895302399529,0.00393262107257033
lstm,97,675,5,0.7136046051979065,0.16775709507577094,0.6488133132457733,0.17965810827081152,2.0005048877410636,0.002112260798789247
lstm,97,680,5,0.7119647681713104,0.1796088198331412,0.6515763342380524,0.1858023570770842,1.9998630693998052,0.003212919587378223
lstm,97,685,5,0.7147282183170318,0.17254106660244262,0.6529224157333374,0.18314010333551387,2.0012536983894664,0.0055439720809306575
lstm,97,690,5,0.7214394271373749,0.16714750628339908,0.6590152263641358,0.1802246945854262,2.000246859638222,0.010523300239019625
lstm,97,695,5,0.7204372942447662,0.1663640155099003,0.6565356016159057,0.17811278846789932,2.001236770664814,0.01373798140212391
lstm,97,700,5,0.7200728714466095,0.16895222439066027,0.6568189918994903,0.17957127080657662,1.9921830881058409,0.008912745926792691
lstm,97,705,5,0.7243546903133392,0.16782396608515604,0.6606447041034699,0.18012064398780925,2.003421582586963,0.004575094354986608
lstm,97,710,5,0.724688720703125,0.16417710516233655,0.6616365492343903,0.1789011139279403,2.001394465606535,0.006164909608454554
lstm,97,715,5,0.7252353429794312,0.17010807039071074,0.664895498752594,0.17949657309518857,2.0016530326710336,0.006273423413702483
lstm,97,720,5,0.7300030350685119,0.16459333428762002,0.6658873558044434,0.17920157819433366,1.9977572073663925,0.0028338934809939756
lstm,97,725,5,0.7328575849533081,0.16421988322130995,0.6665958166122437,0.18109702489305937,2.0050249120784036,0.006042903298849202
lstm,97,730,5,0.7345885276794434,0.16560509613411367,0.6681544423103333,0.1817401041366174,2.001348550203127,0.002455094221040892
lstm,97,735,5,0.7352262377738953,0.16678168853237602,0.6717676103115082,0.179867850962673,2.0015923235720803,0.0032269641181056955
lstm,97,740,5,0.7382326126098633,0.16399998828598442,0.6741055488586426,0.17969656958696303,2.0021180939021272,0.0017194117000240608
lstm,97,745,5,0.7432432413101197,0.16342237438647747,0.676726883649826,0.1834463310491756,1.9994287346703836,0.0012895192612055297
lstm,97,750,5,0.7405101656913757,0.16759883820393262,0.6760184109210968,0.18464764395343802,1.9987991683372788,0.0011921635248366101
lstm,97,755,5,0.7372608661651612,0.16946432040577564,0.6756641745567322,0.1819497466101269,2.005450083715174,0.005462045474901399
lstm,97,760,5,0.7423625946044922,0.16533594181787886,0.6799149751663208,0.18158353145810704,1.9977610567690705,0.004497044198030248
lstm,97,765,5,0.7484360694885254,0.16316542607246476,0.6823946058750152,0.18452748755511875,1.9979950778020032,0.007688618946351382
lstm,97,770,5,0.750136649608612,0.1641251108693587,0.684307473897934,0.18545251573873517,1.9965460017744001,0.006031501896827089
lstm,97,775,5,0.7488004922866821,0.16956474730641616,0.6878497838973999,0.18546383947636244,2.001904168404086,0.009289367552984887
lstm,97,780,5,0.7503795981407165,0.1629411948996793,0.6839532375335693,0.1836894864350883,2.008621572393499,0.010693931707445875
lstm,97,785,5,0.7539933204650879,0.15925915404940935,0.6848034024238586,0.17985876172266038,2.0006663112782115,0.009204291120156484
lstm,97,790,5,0.7465836644172669,0.17022590350734357,0.6853701651096344,0.18396814052374955,2.002394777977242,0.0024923496996899874
lstm,97,795,5,0.7528393507003784,0.16205211191974742,0.688345730304718,0.18095597935321459,2.0016165156079007,0.005382658865303679
lstm,97,800,5,0.7590646862983703,0.1613652327124219,0.6926673769950866,0.18314476975377772,2.000724717612444,0.0032998486812541262
lstm,97,805,5,0.7577285170555115,0.15997111573981074,0.6909670472145081,0.18384280095814423,2.00165088590058,0.003143719055787636
lstm,97,810,5,0.7640145540237426,0.16349134516433217,0.6967764735221863,0.19067482556853593,1.9999613329274424,0.006433990459919234
lstm,97,815,5,0.765806257724762,0.1639616385936485,0.6993977904319764,0.1921793031003779,2.006665850196228,0.0018979288295313604
lstm,97,820,5,0.7671424150466919,0.1705863197566992,0.7032943785190582,0.19385202924998812,1.9956086896436993,0.006490896857474016
lstm,97,825,5,0.7667779922485352,0.16362988847920912,0.70017711520195,0.18866422969197963,1.9996098496220345,0.00959822009920817
lstm,97,830,5,0.7679319739341736,0.16521324215781685,0.7043570637702942,0.18944326892852256,1.998852467029074,0.006579044030463332
lstm,97,835,5,0.7716064333915711,0.16355080049325627,0.7060573697090149,0.18853910355868828,1.996185792085796,0.008721939681198063
lstm,97,840,5,0.7719404816627502,0.1701107565454067,0.7067658424377441,0.1956286330095562,1.99191876822348,0.0073613706527913625
lstm,97,845,5,0.7726996660232544,0.159838206943274,0.7049238324165344,0.18921402032037285,2.0010139707875885,0.012252791175833536
lstm,97,850,5,0.7682052850723267,0.16737796343777533,0.7041445195674896,0.19264491382088042,1.994047495974467,0.007912147123543033
lstm,97,855,5,0.7785302042961121,0.1682620582574321,0.7113000273704528,0.19687569042492198,2.0042416409676327,0.009623994857581485
lstm,97,860,5,0.7784998536109924,0.1628190176507073,0.7148423671722413,0.19228314479726966,1.9984223666167487,0.004621321362659456
lstm,97,865,5,0.7780139684677124,0.1668956714578353,0.7151965916156768,0.19444412895528648,2.000969336058839,0.005326124936247765
lstm,97,870,5,0.7821135759353638,0.16842564770492552,0.7187389135360718,0.19602648276623075,1.9964344253713189,0.010372624359002049
lstm,97,875,5,0.7744305968284607,0.17146812708183262,0.7132837295532226,0.19612017588041114,2.002396108764617,0.009581983462685604
lstm,97,880,5,0.7829638600349427,0.16277846224348644,0.7183138310909272,0.19166683164786608,2.0007239667195673,0.006651973674661181
lstm,97,885,5,0.7806863069534302,0.16829545090411568,0.7188097596168518,0.19312289092244816,2.002915175877665,0.0029496141396502026
lstm,97,890,5,0.7798056483268738,0.16799893719083342,0.7156216681003571,0.19564580289956143,1.9971774010337362,0.002683573043863638
lstm,97,895,5,0.7910719633102417,0.1701821528616548,0.728728300333023,0.20003092108781456,2.002939881436415,0.0056248806177182
lstm,97,900,5,0.7917400479316712,0.18575373674417647,0.7345377206802368,0.20696650023065313,1.9983821831389654,0.0058346799469477795
lstm,97,905,5,0.7896750569343567,0.17513888546709544,0.7323414742946625,0.20300191993218322,2.0016675635543395,0.0013327997329832856
lstm,97,910,5,0.7839356303215027,0.1671902373215526,0.7234147906303405,0.19632414039879212,1.9974381013526958,0.005282153391403393
lstm,97,915,5,0.7815973281860351,0.16788612879878045,0.7198724687099457,0.1982704664302304,1.9996722292757316,0.0042135571293120105
lstm,97,920,5,0.7926207184791565,0.16930808886925264,0.7297909915447235,0.19942479208434336,2.0026664344252927,0.003330553127483864
lstm,97,925,5,0.7918007850646973,0.16698013384135615,0.7309953808784485,0.19800909426353464,2.002580578855679,0.004186305061512583
lstm,97,930,5,0.7875797152519226,0.17162587729267617,0.7280906677246094,0.20286125225594284,2.0017404758494637,0.004107773724577776
lstm,97,935,5,0.7897661566734314,0.17325925383805488,0.7287282884120941,0.20291362687534237,1.9986360062975645,0.00566521687527092
lstm,97,940,5,0.7890069723129273,0.1726934745383037,0.7290825307369232,0.19942212302500292,1.993690651017555,0.006637558133479243
lstm,97,945,5,0.7934710025787354,0.17645532743904904,0.7349628031253814,0.20561016677883245,1.9952605388666096,0.007751822384248868
lstm,97,950,5,0.7938657641410828,0.18007577331432112,0.7365214169025421,0.2055564573264044,2.0006260172336376,0.003262412721417641
lstm,97,955,5,0.7998481631278992,0.17366138505915854,0.7406305253505707,0.20246450347993106,1.9992634504055384,0.006482730341034478
lstm,97,960,5,0.8026723384857177,0.1731635898698296,0.7462982535362244,0.2012956379536603,1.995947525470586,0.0018892093372434506
lstm,97,965,5,0.7991800785064698,0.17557292850302048,0.7403471350669861,0.2049721260071927,2.0017138119991786,0.006428012795134639
lstm,97,970,5,0.8032796740531921,0.17957721682321962,0.7457314968109131,0.21085282402351138,2.001595566922674,0.0030528885575100114
lstm,97,975,5,0.8111448407173156,0.18015288189947035,0.7555083096027374,0.21078377517007502,2.0052997649958053,0.01282257872873391
lstm,97,980,5,0.8023990392684937,0.16787647805426295,0.7449521601200104,0.19937295518606168,2.001772637332131,0.007345300065519722
lstm,97,985,5,0.8068326711654663,0.1740876022129078,0.7513992011547088,0.2054354024047248,1.9955896775262736,0.00940619457667292
lstm,97,990,5,0.8054054141044616,0.1769137107545033,0.7484945118427276,0.20745905864187492,2.0064022164337376,0.00772010598151881
lstm,97,995,5,0.8119951367378235,0.1749083851801468,0.7547998487949371,0.20733825602628725,1.9953771828135192,0.009455451643448142
lstm,97,1000,5,0.8124810218811035,0.17363481421543603,0.7584130227565765,0.2042504583176801,2.003538562896325,0.0062461700821468446
lstm,97,1025,5,0.811752188205719,0.17510322422248933,0.7591923415660858,0.206193696951565,2.0013724329823863,0.0032693402027376877
lstm,97,1050,5,0.8173701763153076,0.17664846197324538,0.7638682186603546,0.2076260107023318,2.0024171250741896,0.003931425176674225
lstm,97,1075,5,0.8253568291664124,0.17847597175711713,0.7750619769096374,0.2088473666856985,2.000535698934866,0.004683389710471503
lstm,97,1100,5,0.8288187026977539,0.17511807125485457,0.7797378540039063,0.20692646504823123,2.0036448717394664,0.004428876264465703
lstm,97,1125,5,0.8331916213035584,0.1660759327974028,0.7825717329978943,0.19993648116693066,1.9998351925769833,0.004276381685597443
lstm,97,1150,5,0.8429699182510376,0.16435014904077258,0.791923463344574,0.2007246308050713,2.0011689621297806,0.005185616513400526
lstm,97,1175,5,0.8460674047470093,0.1641104996975273,0.7963868021965027,0.20039191488076194,1.9972730562057177,0.007369136346306299
lstm,97,1200,5,0.8457940936088562,0.16561115669882867,0.7956783533096313,0.19959005233522703,2.002552668318732,0.005779729409902784
lstm,97,1225,5,0.8513513445854187,0.16733598920712628,0.8042507886886596,0.2008102716114026,1.9992969063313084,0.002157089862376478
lstm,97,1250,5,0.8563923478126526,0.1676421842420265,0.8085015892982483,0.20342643783870407,2.000140262298479,0.005273556362324868
lstm,97,1275,5,0.8482234954833985,0.1701923609847042,0.8026213228702546,0.2019224049805905,1.996905469942965,0.006075107191018039
lstm,97,1300,5,0.859854233264923,0.16510429978011798,0.8163655638694763,0.19999330399337706,1.9990086462114351,0.009022156637756908
lstm,97,1325,5,0.8591254234313965,0.16649820002792357,0.815657103061676,0.20024239221929774,2.0014696534173306,0.003976040876171256
lstm,97,1350,5,0.8571819186210632,0.17507740270154964,0.8165072560310364,0.2068942628850794,1.9972374593368187,0.003232702002704316
lstm,97,1375,5,0.8659277200698853,0.16381698417462845,0.8264966368675232,0.20048488225886613,2.0014632419123126,0.00329912206756878
lstm,97,1400,5,0.8643789887428284,0.17514301884198524,0.8267091691493988,0.20894999405299272,2.008013497126362,0.00559712089264598
lstm,97,1425,5,0.8708776116371155,0.16212065636042597,0.830818259716034,0.1999660057578382,1.999877979927352,0.004420101297392239
lstm,97,1450,5,0.8800485849380493,0.16196117932020157,0.836415147781372,0.20369687849532622,2.0004921403702953,0.0035179256314228345
lstm,97,1475,5,0.8723656177520752,0.1654524031364088,0.8360609173774719,0.19874485419354915,2.0011000094418407,0.002293763667802257
lstm,97,1500,5,0.8785909652709961,0.15888471286079384,0.8388947963714599,0.19908094203776255,2.0016525338014355,0.006510551471778956
lstm,97,1525,5,0.8855147361755371,0.15811273186483263,0.8418703436851501,0.20220141130590025,2.0042134527507027,0.006312101372990443
lstm,97,1550,5,0.8782265305519104,0.15995531506453245,0.8397449374198913,0.19972363225261608,2.0024515035941115,0.0037969732950330955
lstm,97,1575,5,0.8815669417381287,0.16395661417592275,0.8456960439682006,0.2012735270514955,2.0018237809111357,0.0010913962851674544
lstm,97,1600,5,0.8800789594650269,0.16831457595023466,0.8452709674835205,0.20489229033105538,2.0001440056473023,0.004823844776837821
lstm,97,1625,5,0.8829334855079651,0.1628681099327771,0.8483173847198486,0.20405354555665042,1.9994558766948145,0.0010877010288372119
lstm,97,1650,5,0.8839052438735961,0.15894951402735114,0.8478214740753174,0.20075525893815904,1.9997173184300094,0.001999304753259422
lstm,97,1675,5,0.8852717757225037,0.16416255029157323,0.849521791934967,0.2014811658125841,2.0025401915619887,0.004670919863541073
lstm,97,1700,5,0.8893713831901551,0.1640680330196762,0.8563230514526368,0.20238269584020604,2.0040576622018778,0.007662132285942147
lstm,97,1725,5,0.8883389115333558,0.1559568204899527,0.8510095596313476,0.19833629324282204,2.000941331885075,0.0022022537158805566
lstm,97,1750,5,0.8914667367935181,0.1603029167458656,0.8568189740180969,0.20056623850412603,1.9994820453818367,0.0019146081378055497
lstm,97,1775,5,0.8961737036705018,0.15732060793904254,0.8600070834159851,0.198185331966745,1.9998203866191477,0.001634400195509821
lstm,97,1800,5,0.891041612625122,0.16209854020396325,0.8587318301200867,0.20020114303558628,2.001581036264925,0.0038972507126125585
lstm,97,1825,5,0.8965077519416809,0.15596783984558002,0.8612823247909546,0.19705784567608678,2.0000610148345093,0.004317643849075681
lstm,97,1850,5,0.89538414478302,0.15773753060817713,0.862203323841095,0.19954063264396973,2.003446047136882,0.007627012976196347
lstm,97,1875,5,0.8989371418952942,0.16043744387891404,0.867516815662384,0.19895558994417673,1.997377175758255,0.002475392410283026
lstm,97,1900,5,0.8967506766319275,0.16144624931528967,0.867375123500824,0.19950535164045374,1.997810368443023,0.00285267192418519
lstm,97,1925,5,0.8995444893836975,0.1598173018506228,0.8660290360450744,0.20091893780425601,2.0008287901864685,0.0028792429929945292
lstm,97,1950,5,0.9008806586265564,0.15791569471001407,0.8707049131393433,0.19929917548818898,1.999522324066207,0.0023644226212927626
lstm,97,1975,5,0.902095353603363,0.15744149930857324,0.8697130560874939,0.19949305358854064,2.000848369195719,0.0019077915246134148
lstm,97,2000,5,0.9036440849304199,0.15488855620840528,0.8719801664352417,0.19713104667675668,2.001131510749373,0.0050772235584267
lstm,97,2025,5,0.9034922480583191,0.15681995510386326,0.8732553958892822,0.196556503506568,2.000411691251302,0.002065018106547033
lstm,97,2050,5,0.9048284292221069,0.155082138651922,0.8733262419700623,0.1961580940732311,1.9996925572627735,0.0021303326107307294
lstm,97,2075,5,0.9046462178230286,0.1549138252673945,0.8741764068603516,0.19775145164296745,2.0015639288115334,0.0025737332289791203
lstm,97,2100,5,0.9053750276565552,0.1543818629113186,0.8739638566970825,0.19855364691301952,1.9997603759354878,0.0027420216896933726
lstm,97,2125,5,0.9054053902626038,0.1527612419662372,0.875168251991272,0.1961006727881408,2.0000356847692977,0.0010806288521258915
lstm,97,2150,5,0.9055572390556336,0.1540534861271105,0.8756641745567322,0.1951953017372796,2.0006615799593686,0.00228454669109952
lstm,97,2175,5,0.9055572509765625,0.1558098573810715,0.8758767247200012,0.19886166502177854,2.0001455830611037,0.0019343409626138368
lstm,97,2200,5,0.9050713539123535,0.15341630991883648,0.8762309670448303,0.19498295739620916,1.9986819372721822,0.004366190516886293
lstm,97,2225,5,0.9049498915672303,0.1553007881930218,0.8760892629623414,0.19696146418380997,2.001541562299532,0.0023173316939716537
lstm,97,2250,5,0.9055572390556336,0.1532077777196583,0.8763018012046814,0.19554476002427063,1.999348400751258,0.0035854928938884195
lstm,97,2275,5,0.9074096560478211,0.1551867154393318,0.8786397337913513,0.19514699199010038,2.001210272086191,0.0016126778657846196
lstm,97,2300,5,0.8999089002609253,0.1651109114596276,0.8712008476257325,0.20607761421103812,1.9987892724665606,0.0035162631355301695
lstm,97,2325,5,0.906012749671936,0.15359947354571876,0.8774353504180908,0.19446347231795622,1.9997108142092075,0.0017781848088462473
lstm,97,2350,5,0.9061949610710144,0.15612711266381285,0.8763726472854614,0.19680923887665353,1.9988453767068628,0.002074368960102075
lstm,97,2375,5,0.9060431122779846,0.15618736362643995,0.8765143513679504,0.19762263067568014,2.0015953059361644,0.0020066526591761614
lstm,97,2400,5,0.9093531727790832,0.154291680740376,0.8789231300354003,0.2009073896873254,1.9995769206727103,0.0015288925709882996
lstm,97,2425,5,0.9080170035362244,0.15433570713741437,0.8791356682777405,0.19396216642500336,1.9989510857245372,0.001111022748250286
lstm,97,2450,5,0.9084725141525268,0.15728627975920606,0.8811193704605103,0.19753897323459035,2.000460378510322,0.002290570871488549
lstm,97,2475,5,0.9088672995567322,0.15362267448309225,0.8789231300354003,0.19446482736662507,2.0013748997953122,0.0010045894027187739
lstm,97,2500,5,0.911266314983368,0.1535319521839768,0.8811902165412903,0.19583828911708698,2.00060589082205,0.0012030171543157906
lstm,97,2525,5,0.9109626412391663,0.15445401735190928,0.8809776782989502,0.19866745264863067,2.000506998778141,0.004383570481233038
lstm,97,2550,5,0.911114490032196,0.15336730309396807,0.8815444469451904,0.19719438496800934,1.9990370647616515,0.002418767043848846
lstm,97,2575,5,0.9085636258125305,0.15431257610488913,0.8822529196739197,0.19507866854439074,1.999844553144282,0.003138551379536161
lstm,97,2600,5,0.909930157661438,0.15474067216203416,0.8833864688873291,0.19515469081491552,2.000276056433768,0.0012025004030788828
lstm,97,2625,5,0.9093835353851318,0.15143426870867924,0.8813319206237793,0.199458389834495,1.9995662510365169,0.001297194210164397
lstm,97,2650,5,0.9106589674949646,0.15172318942203827,0.8822529196739197,0.19860737796196898,1.999353561148468,0.0030740567695338138
lstm,97,2675,5,0.9115092635154725,0.15077883003257456,0.8796315908432006,0.19936185390946845,1.9994805666346014,0.0011983424108771472
lstm,97,2700,5,0.9105678677558899,0.15172088738936215,0.8831739306449891,0.19608799177862696,2.000431526708298,0.0020059340084563
lstm,97,2725,5,0.9100516319274903,0.14958343019211634,0.8820403814315796,0.1989118932175867,2.000033020846719,0.0014278690971202743
lstm,97,2750,5,0.9116003632545471,0.15122119623282282,0.8835281610488892,0.19500353249441654,2.000107813658936,0.0008155678418622934
lstm,97,2775,5,0.9082599401473999,0.15795343730229974,0.8826779961585999,0.2024719291383458,1.9977508138932873,0.0038042078382464644
lstm,97,2800,5,0.9126632213592529,0.1484398675488562,0.8838115572929383,0.19672042688590183,2.000022928112525,0.0015239792542026903
lstm,97,2825,5,0.9123899102210998,0.14993875258969644,0.8840240716934205,0.19816746732280416,1.9986790516094903,0.00047696578477547956
lstm,97,2850,5,0.9146978497505188,0.14808750797301254,0.8845200181007385,0.19876438347403014,2.0004443036573534,0.0011309328668949543
lstm,97,2875,5,0.9125113844871521,0.15321838289952142,0.8862203359603882,0.1955311146778167,2.0010728665340336,0.0013064046875747495
lstm,97,2900,5,0.9084421396255493,0.1589947899932735,0.8845908641815186,0.19857354429938118,2.0007016706121044,0.0019500151845512313
lstm,97,2925,5,0.9142119646072387,0.1490111607176303,0.8874247193336486,0.19420204637493282,1.9996130873067446,0.002120356223490487
lstm,97,2950,5,0.9087761878967285,0.1550975233667653,0.8826779961585999,0.1966634072862004,1.9987931743003202,0.003982014796602682
lstm,97,2975,5,0.9153051853179932,0.1463475180619405,0.8863620162010193,0.19440772919690785,1.9997541074566285,0.0015266642421135552
lstm,97,3000,5,0.9154873847961426,0.14802392632750005,0.8872830271720886,0.19661824820513668,1.9997444471269685,0.001955961464845984
lstm,97,3025,5,0.9153355479240417,0.14836217585502803,0.8875664114952088,0.19389152558091308,1.9993575628961266,0.0017542303652637275
lstm,97,3050,5,0.9172790765762329,0.1440326234243465,0.8881331801414489,0.19577482393920212,1.9997277082129556,0.0009870661288490892
lstm,97,3075,5,0.918038272857666,0.14329856173238725,0.8880623340606689,0.19402453741476,1.9998670732314732,0.00143141559316193
lstm,97,3100,5,0.9165198922157287,0.14911051994843916,0.8875664114952088,0.19412582016328553,1.999731072290509,0.0020865958311481786
lstm,97,3125,5,0.9193440675735474,0.14313102071083394,0.8889124989509583,0.1929228599768158,2.000480080624083,0.0014576579793631386
lstm,97,3150,5,0.9190100193023681,0.14630184536409147,0.8885582566261292,0.19432609631988904,1.999995884099126,0.0010493419073351572
lstm,97,3175,5,0.9201639890670776,0.14215700168750658,0.8894084334373474,0.19252534052440182,2.0010777805644637,0.0011382216859621057
lstm,97,3200,5,0.9199210405349731,0.14365518154704388,0.8896918177604676,0.19269980254028612,2.0005745734867415,0.000967088499110782
lstm,97,3225,5,0.9220163941383361,0.14180888471856806,0.8896209716796875,0.19332261588171148,1.9991081465927618,0.001515924128651103
lstm,97,3250,5,0.9225933790206909,0.14147435860854063,0.8901877403259277,0.1927430027596527,2.000151689005153,0.0013451622786594573
lstm,97,3275,5,0.9220163941383361,0.14133765583818225,0.8904002785682679,0.19147988303644914,2.0004890304479344,0.0009136069220224973
lstm,97,3300,5,0.9234133005142212,0.14096623784486284,0.8912504315376282,0.19200446699931953,2.000612052891855,0.0015082332009822767
lstm,97,3325,5,0.9238080859184266,0.1388644457757407,0.8911087393760682,0.19125169655182503,2.0008748664106326,0.001176028550588219
lstm,97,3350,5,0.9246279954910278,0.13989733905604249,0.8931632876396179,0.18993609470456965,2.0001927126638157,0.001053321280139108
lstm,97,3375,5,0.9225933790206909,0.13888190933868153,0.8913212895393372,0.18981892650958593,1.9994407781658723,0.0030629175000819087
lstm,97,3400,5,0.9249924063682556,0.13736834520328564,0.8923839926719666,0.18975677944030617,2.000744062353056,0.001298260707122537
lstm,97,3425,5,0.9255390286445617,0.13666351991523118,0.8928090691566467,0.1897247382984872,1.9999929321219363,0.0008328701268926776
lstm,97,3450,5,0.9254479169845581,0.1372532555375411,0.8943676948547363,0.18727582294430917,2.000439076612517,0.0010897370938717558
lstm,97,3475,5,0.9267537117004394,0.13515479035284209,0.8940134525299073,0.18859467906768757,1.9999998214753838,0.0011517014109169595
lstm,97,3500,5,0.9275736451148987,0.1343672040479785,0.8938717603683471,0.18907696826898332,1.9999725939712547,0.00046583951517946545
lstm,97,3525,5,0.9285150289535522,0.13336493265055588,0.8947219133377076,0.18777118265499176,2.000153865638373,0.0006254092602743669
lstm,97,3550,5,0.9294260382652283,0.1337041068743741,0.8964222550392151,0.1877235798748813,2.0002439675538572,0.0006905224165177074
lstm,97,3575,5,0.9296993494033814,0.13276453633810453,0.895997154712677,0.18674931142521212,2.000364022108142,0.0009518420073261008
lstm,97,3600,5,0.9295171618461608,0.13166347949745622,0.8954303860664368,0.18632111149964428,2.0006893212327457,0.0009261833286920839
lstm,97,3625,5,0.9301852345466614,0.1308642129756472,0.8968473196029663,0.18541918614277483,2.000921607934798,0.00044099507527944074
lstm,97,3650,5,0.9305496454238892,0.1314854224193855,0.8969890117645264,0.18607446369215216,2.0001547699406874,0.0008415770221282154
lstm,97,3675,5,0.9314910531044006,0.12960503319809313,0.8972723960876465,0.18507738930845144,2.0001162561249326,0.001030864681946124
lstm,97,3700,5,0.9317643404006958,0.12838812938782837,0.8974849343299866,0.18458087723355207,2.0009323147635185,0.0009483217717747527
lstm,97,3725,5,0.9322502255439759,0.12961467635639112,0.8990435719490051,0.18476777956297374,2.000217835623403,0.0010410862011212122
lstm,97,3750,5,0.9331612467765809,0.12818949687396336,0.8998228788375855,0.1842513315018465,2.0003760703977305,0.0005979782230297486
lstm,97,3775,5,0.9332523584365845,0.1281608926790246,0.8996103405952454,0.1848929675203045,1.9993879049915129,0.0007804034439919289
lstm,97,3800,5,0.9322806000709534,0.12724824128733317,0.8976266384124756,0.18349615214058193,1.9995127024054575,0.0013215196927057104
lstm,97,3825,5,0.9324931740760803,0.12862306158348907,0.8997520208358765,0.18289167671132275,2.0002034750392435,0.001087878470793053
lstm,97,3850,5,0.933221983909607,0.12792526077013203,0.9001062631607055,0.1836555934110657,2.0003216328271782,0.000768859170364747
lstm,97,3875,5,0.9344063043594361,0.12528770708758616,0.9005313396453858,0.18234257096744438,2.0003004756675353,0.0005498764301777173
lstm,97,3900,5,0.9345885157585144,0.12497013615559731,0.901239812374115,0.1818419411113757,2.0007901917936026,0.00031404536246235813
lstm,97,3925,5,0.934892189502716,0.12414536573275824,0.9003188014030457,0.18358701788017215,2.0002225731740904,0.0012051847767876485
lstm,97,3950,5,0.9354995369911194,0.12329646710642027,0.9018774390220642,0.18135332357008105,2.0003282981990083,0.0006885744763215913
lstm,97,3975,5,0.9349833011627198,0.1244520941246268,0.9020191311836243,0.1810067954322535,1.999760748820097,0.0008086259489868872
lstm,97,4000,5,0.9368053436279297,0.12024015195787503,0.9018774390220642,0.18189548924818535,2.0006336130763627,0.0009391028495511303
lstm,97,4025,5,0.9358943223953247,0.12224803614837411,0.9023733615875245,0.18127487861316705,2.000400541289727,0.0005832594837509952
lstm,97,4050,5,0.9373823165893554,0.11869056654809554,0.9006021976470947,0.1831730416522693,1.9999390509301276,0.0011863166415819644
lstm,97,4075,5,0.9368357062339783,0.12129048803662293,0.9040028333663941,0.1812953744706127,2.0003222399220184,0.00041988978876662217
lstm,97,4100,5,0.9371090173721314,0.11938270948412469,0.9023733615875245,0.18042997193993884,2.0001556601433395,0.00040032110693300957
lstm,97,4125,5,0.9372001171112061,0.12022204813570207,0.9043570518493652,0.18080328600960557,2.000267840160553,0.0010318967047218384
lstm,97,4150,5,0.9380807757377625,0.11827118564138861,0.9044987440109253,0.17964833091605678,2.000089425713653,0.0005720690834245706
lstm,97,4175,5,0.9389917969703674,0.11581909442698676,0.9034360527992249,0.18049620138997094,2.0000835014648435,0.0004557433316786515
lstm,97,4200,5,0.9391436338424682,0.11574357098908346,0.9040028214454651,0.1808903638910059,2.000174331486739,0.0006671358273009077
lstm,97,4225,5,0.9385970234870911,0.11738900693229655,0.9050655245780945,0.18001682610460706,2.0001536893496983,0.00046541182124742775
lstm,97,4250,5,0.9389006972312928,0.11628147223340769,0.9052072048187256,0.17961986572586447,2.0004500573430914,0.0003852890043256378
lstm,97,4275,5,0.9388703227043151,0.11591446646410904,0.9044987440109253,0.17925115728296312,1.9997388502556,0.0005304546986802464
lstm,97,4300,5,0.9395384192466736,0.11511833402837668,0.9051363587379455,0.17942709195298465,1.9999334919427327,0.000535107992245575
lstm,97,4325,5,0.9393562078475952,0.11500027110414221,0.9047112822532654,0.17941268505652416,2.0002227099120753,0.00027148419713022106
lstm,97,4350,5,0.9399331927299499,0.11440617196517608,0.9057031512260437,0.1789542223574598,2.000086255060458,0.0005196543150968851
lstm,97,4375,5,0.9396902441978454,0.11519300574435266,0.9057031512260437,0.1789542223574598,2.000289833200954,0.0004361533559406248
lstm,97,4400,5,0.9399331927299499,0.11431914869459794,0.9057031393051147,0.1786965187094457,2.0002862321294885,0.0003557504739489885
lstm,97,4425,5,0.9415122985839843,0.11142159786291238,0.9058448433876037,0.17911068901056512,2.0005813164788435,0.0006977015357435517
lstm,97,4450,5,0.9414819240570068,0.11175002018320436,0.9059865474700928,0.17920160795597134,2.000379114529133,0.0005027697054556695
lstm,97,4475,5,0.9404190659523011,0.11400472820336313,0.906553316116333,0.1782968836438764,2.000230421300312,0.0004999473869095961
lstm,97,4500,5,0.9406012892723083,0.11383840336390687,0.9063407778739929,0.17841687136628034,2.0001312227757095,0.0005592300512361212
lstm,97,4525,5,0.9421500086784362,0.11117120022690226,0.9064824700355529,0.17848093026931083,2.0002245711657585,0.0002599618226990353
lstm,97,4550,5,0.9407227396965027,0.1137197445014313,0.9064824700355529,0.17862956240134872,2.000180530195046,0.00034136164074174567
lstm,97,4575,5,0.9425751686096191,0.1112007569359115,0.9063407778739929,0.17859225787680832,2.000086040643121,0.00031827039729318696
lstm,97,4600,5,0.9419374346733094,0.11198615037107042,0.9067658543586731,0.1783271432077491,2.000242641514011,0.0005277835018337812
lstm,97,4625,5,0.941815972328186,0.11213789455945855,0.9068367004394531,0.1781963216323403,2.0001870519204545,0.00040965764267420456
lstm,97,4650,5,0.9426358938217163,0.11130500510225147,0.9071200847625732,0.17774427098929646,2.000155909195206,0.0003949748420425603
lstm,97,4675,5,0.9430003046989441,0.11011715633012764,0.906340765953064,0.1798769472207662,2.0003656175851083,0.0007648236826685108
lstm,97,4700,5,0.9432432413101196,0.1103379651327719,0.9071909308433532,0.17776343673436276,2.00005260418227,0.00012761679245606208
lstm,97,4725,5,0.9434254407882691,0.11006500365264124,0.9071909308433532,0.177737493641757,2.0000190514007534,0.00032836537825913956
lstm,97,4750,5,0.9435165524482727,0.10980760008210046,0.9075451612472534,0.17824085464621978,1.9999523210771954,0.00032248254302904525
lstm,97,4775,5,0.9438506007194519,0.10914247064186712,0.9076868534088135,0.17772418528313247,2.000074186305189,0.00047117542587186924
lstm,97,4800,5,0.944123899936676,0.10899380257666447,0.9077576994895935,0.1779217662360419,2.000130644594134,0.00026301410496691634
lstm,97,4825,5,0.9446097850799561,0.10805762144477274,0.9076868534088135,0.178256623326271,2.000254898480265,0.0002655607096485466
lstm,97,4850,5,0.9444579362869263,0.10863487364904689,0.9078993916511535,0.17856984323573594,2.000009322068375,0.00014045721151100603
lstm,97,4875,5,0.9447008848190308,0.10793190631180426,0.9077576994895935,0.1778972569313837,1.999993071864846,0.00026707787359792296
lstm,97,4900,5,0.9450045466423035,0.10749756893257184,0.9078993916511535,0.17839214868700623,2.0001316713028556,0.00019182740174274608
lstm,97,4925,5,0.945247495174408,0.1070346754079409,0.9076868534088135,0.17843445283843712,2.0001659957468974,0.000326705818938689
lstm,97,4950,5,0.9453082323074341,0.10689979236079668,0.9079702377319336,0.1782101227078884,2.000303670404611,0.00015668124878084053
lstm,97,4975,5,0.9456119060516357,0.10630201234652605,0.9076160073280335,0.17859169568836372,2.000189099656573,0.0001320660708805313
lstm,97,5000,5,0.9460370421409607,0.10535795513741537,0.9079702377319336,0.1782101227078884,2.0002510966926654,0.00032268826694487886
lstm,97,5025,5,0.9461281538009644,0.10523220828174075,0.9083953261375427,0.1780030317328096,2.000119073793708,0.00024050261209488397
lstm,97,5050,5,0.946158516407013,0.10516478570866569,0.9081827878952027,0.1780701286666035,2.0001162707822067,0.00017018342195982935
lstm,97,5075,5,0.9463407158851623,0.10483675417891307,0.9081827878952027,0.17845077049442915,2.0003174889543462,0.00021964676001276845
lstm,97,5100,5,0.9465836644172668,0.10429727293627168,0.9081119418144226,0.1786080692384733,2.0002177138027735,0.00019841036209618755
lstm,97,5125,5,0.947130274772644,0.10308363778225703,0.9080410957336426,0.17896776115008878,2.0001552365101776,0.0001888552590512702
lstm,97,5150,5,0.9472517490386962,0.10281395706268326,0.9078994035720825,0.1794373246604105,2.0002242164734314,0.00023505235764979034
lstm,97,5175,5,0.9473124742507935,0.10267914701026995,0.9081827878952027,0.1791891470713816,2.0002155420194785,0.00019261684306951174
lstm,97,5200,5,0.9472821116447449,0.1027465517152898,0.9081827878952027,0.1788079718199953,2.000152287894198,0.00012085187326998414
lstm,97,5225,5,0.9476161479949952,0.10208138163981213,0.9081827878952027,0.1791891470713816,2.0001570514243143,0.00023232297503436632
lstm,97,5250,5,0.9477376222610474,0.1018881318854018,0.9083244800567627,0.1786721298264204,2.000097199973981,6.903801481833829e-05
lstm,97,5275,5,0.9479198336601258,0.1014836201347961,0.9081827878952027,0.1791891470713816,2.000130353011415,0.00024387305016074912
lstm,97,5300,5,0.9480109333992004,0.10135777161074212,0.9083953261375427,0.17889605599044398,2.000014158515295,0.00016370314806355286
lstm,97,5325,5,0.9481931328773499,0.10095328520949082,0.9082536339759827,0.17921078399625653,2.0001127116978616,6.125650811881694e-05
lstm,97,5350,5,0.9481323957443237,0.1010881202220027,0.9083244800567627,0.1790534190651178,2.000113669100723,0.00022271040127037903
lstm,97,5375,5,0.9483146071434021,0.1006836230660682,0.9083244800567627,0.17923255832746524,2.000070546657009,0.00023083023656291307
lstm,97,5400,5,0.9483146071434021,0.1006836230660682,0.9082536339759827,0.1793899409828823,2.0002360819154577,0.00023439205151866877
lstm,97,5425,5,0.948466444015503,0.10034657350479591,0.9080410957336426,0.18022102953103292,2.0002892220088087,0.0002663914854865617
lstm,97,5450,5,0.9483449697494507,0.10061622241123012,0.9080410957336426,0.18022102953103292,2.0001256660041427,0.00019547028449356352
lstm,97,5475,5,0.9485575437545777,0.10014435706354473,0.9081827878952027,0.17990618568031985,2.0000673779094624,8.606324959988746e-05
lstm,97,5500,5,0.9485879063606262,0.1000769617452137,0.9081119418144226,0.18006360673328126,2.0001143981059486,0.00013683028597025667
lstm,97,5525,5,0.9484968066215516,0.10027917617521967,0.9081119418144226,0.18006360673328126,2.0001579718580516,0.0002863055345502099
lstm,97,5550,5,0.948739743232727,0.09973994235801013,0.9081827878952027,0.17990618568031985,2.000066490136792,0.00012475888230065215
lstm,97,5575,5,0.9486790180206299,0.0999510640903194,0.9078993916511535,0.18053590683215695,2.000160673754086,0.0002096532731663837
lstm,97,5600,5,0.9487701177597045,0.09974884318013393,0.9081119418144226,0.18006360673328126,2.0001083328450853,0.00015732058130351527
lstm,97,5625,5,0.948739755153656,0.09981624065895241,0.9078993916511535,0.18071565960657637,2.0001551828213815,5.2045622971841126e-05
lstm,97,5650,5,0.9488308548927307,0.09961402378000514,0.9081827878952027,0.18008587020768027,2.0001373289155944,0.00014416996806038525
lstm,97,5675,5,0.9489219546318054,0.09941181297826504,0.9082536339759827,0.1799284337640483,2.000065091924462,9.183702240496121e-05
lstm,97,5700,5,0.9488612294197083,0.09954660186195854,0.9081827878952027,0.18008587020768027,2.0001723223582544,0.0002877017126941667
lstm,97,5725,5,0.9489523291587829,0.09934439309472995,0.9081827878952027,0.18008587020768027,2.000145184266395,0.00017445252636263373
lstm,97,5750,5,0.9489523291587829,0.09934439309472995,0.9081119418144226,0.1802433083690017,2.0001013792307325,8.000413537825352e-05
lstm,97,5775,5,0.9490434288978576,0.09914219045432557,0.9079702377319336,0.18055821631882069,2.0001235086098297,0.00016524733472278344
lstm,97,5800,5,0.9491041660308838,0.09900738329690262,0.9080410838127136,0.18040077473530905,2.0001655337481075,0.00016520464387739068
lstm,97,5825,5,0.9491649031639099,0.09887257889076782,0.9080410838127136,0.18040077473530905,2.0001330223905676,7.195059905100757e-05
lstm,97,5850,5,0.9492256283760071,0.09873780370455183,0.9078993916511535,0.18071565960657637,2.0001455219728457,0.00012700403593844144
lstm,97,5875,5,0.9492256283760071,0.09873780370455183,0.9076868534088135,0.1811879996508806,2.00018972691033,0.00012774960898019572
lstm,97,5900,5,0.9493471026420593,0.0984682087493562,0.9078285455703735,0.1808731045941257,2.0001296774551807,0.00017087598755162912
lstm,97,5925,5,0.9493471026420593,0.0984682087493562,0.9077576994895935,0.18103055127703366,2.000164506769562,0.00013468081047220422
lstm,97,5950,5,0.9494078397750855,0.09833341546112798,0.9075451612472534,0.1815029014537893,2.0001456546682364,0.00010446598559730094
lstm,97,5975,5,0.9494382023811341,0.09826603309710595,0.9076868534088135,0.18136797095067766,2.0001517838677083,0.00011977857285793022
lstm,97,6000,5,0.9494382023811341,0.09826603309710595,0.9076868534088135,0.1811879996508806,2.0001228710660843,0.00012091172607047395
lstm,113,0,5,0.0844260476529598,0.022244042996049894,0.08462542220950123,0.025614327193756153,7.163135864228177,3.95910423782731
lstm,113,1,5,0.08223316296935078,0.0215505484955383,0.08227616474032398,0.025644233798834182,6.234605673718958,3.306929997295737
lstm,113,2,5,0.08735735192894933,0.02389016956060324,0.08739232346415517,0.02695894378363832,5.188745398849428,2.379223633735114
lstm,113,3,5,0.09169836714863774,0.028154752220251513,0.09130774959921835,0.03119175122994657,4.307762610477779,1.5977927263764353
lstm,113,4,5,0.0923696584999561,0.02860825699789951,0.0923518650233745,0.03158250063698055,3.6686943959186182,1.0865583130077223
lstm,113,5,5,0.0931975834071636,0.029646261152234343,0.09313494935631746,0.032376680775726335,3.176312309578484,0.7147637607322379
lstm,113,6,5,0.09308570399880406,0.029067330288779655,0.09287391975522039,0.03125557989956413,2.7786155009036464,0.41833327236766016
lstm,113,7,5,0.09590512365102762,0.030174869496403214,0.09464891478419302,0.03154969179055535,2.4716790393311636,0.23570396734841517
lstm,113,8,5,0.0980756342411041,0.03141954322040734,0.09600626155734057,0.03178250556776025,2.2494945318457904,0.20574407503674674
lstm,113,9,5,0.09939583837985988,0.03391114793909291,0.09762463793158528,0.033963802389655705,2.097622092280312,0.24188032761933184
lstm,113,10,5,0.10100693926215168,0.03658206696102824,0.0986165456473827,0.03616981901862969,2.000149208704941,0.26598131878340575
lstm,113,11,5,0.10299843624234195,0.03933061655286916,0.09929522201418872,0.03715994671570317,1.9440155087861015,0.26519149453303753
lstm,113,12,5,0.10669053867459297,0.0419190270573862,0.10154006257653232,0.0389269444741925,1.9191554160271722,0.24183600177439127
lstm,113,13,5,0.1095994636416435,0.043860654215012354,0.10446358248591421,0.04145564017743201,1.9188667840721556,0.20015575252469286
lstm,113,14,5,0.1168270334601402,0.047648367214239325,0.11119811609387395,0.04560981746831095,1.938357129078852,0.1454117213860402
lstm,113,15,5,0.12266726493835445,0.05058263729186887,0.11563559919595714,0.046861331905199,1.9725837165537101,0.08615158568338695
lstm,113,16,5,0.1265831291675567,0.05244327749006176,0.11975985020399087,0.04889858006861261,2.0146187470953913,0.04956619545442953
lstm,113,17,5,0.13186395317316052,0.05547713523816577,0.12273557335138316,0.05032619120278453,2.05387238691686,0.06792902414451618
lstm,113,18,5,0.13696576654911036,0.058216764660073826,0.12649438232183452,0.053499560339689646,2.0780012784977173,0.08918733930447165
lstm,113,19,5,0.14220183640718456,0.0632119121111868,0.12941790223121638,0.057207646223811755,2.0801171716094418,0.09092539639182647
lstm,113,20,5,0.1457373052835464,0.06634507101271143,0.13150613009929654,0.059790442843407746,2.066906109219373,0.0807109554980119
lstm,113,21,5,0.1478406801819801,0.0676785177965285,0.13249803781509395,0.059241554636733404,2.0491127118484966,0.06990192233525352
lstm,113,22,5,0.1481539502739906,0.06518360768288035,0.1315061271190643,0.054601571829319004,2.0330130891366727,0.06428039132673748
lstm,113,23,5,0.15025733262300486,0.06563399440568873,0.13348994553089139,0.05456606094750884,2.020324438753454,0.06647500694987381
lstm,113,24,5,0.15233833342790598,0.06697736610647927,0.13411641269922253,0.054653958093514,2.0100318195027866,0.07315944887580893
lstm,113,25,5,0.15567241162061687,0.0690620851960176,0.13677890449762342,0.05662061365911247,1.997960866770626,0.06959774400596115
lstm,113,26,5,0.1597672894597053,0.07067568904595277,0.1394935995340347,0.05839970933283744,1.9868151504428684,0.05154516485750015
lstm,113,27,5,0.16292235702276225,0.07163621357425604,0.14325240850448603,0.06075865154134377,1.9841535727077484,0.03674203637512947
lstm,113,28,5,0.1660998001694679,0.07235554425189379,0.14429652392864223,0.06004346370212456,1.9924355349530654,0.039992124223267686
lstm,113,29,5,0.16621168255805965,0.07264146512358939,0.14283476471900936,0.05902372017890547,2.007647834412097,0.04798481440875447
lstm,113,30,5,0.16665920913219448,0.07169796370341813,0.14320020526647564,0.058711558300892634,2.0217852867304194,0.048409545197744625
lstm,113,31,5,0.16954576373100277,0.07171865091081936,0.14487078636884684,0.05932011354556866,2.0267208737985074,0.03873457972195039
lstm,113,32,5,0.17565451264381404,0.07446849087477239,0.14909944683313364,0.0620222453932813,2.022919800342244,0.02841298154828685
lstm,113,33,5,0.17986126840114586,0.07591538754210914,0.15238840430974956,0.06267167350731509,2.0169319140005926,0.03241175624433287
lstm,113,34,5,0.18395614624023432,0.0769335370254196,0.15781779587268824,0.06455445092382239,2.0137397099511896,0.039987638163587434
lstm,113,35,5,0.18749161064624784,0.07954160055764256,0.16110675185918802,0.06659868138771521,2.013214370572998,0.04143809679155783
lstm,113,36,5,0.18975162655115124,0.08025236675605905,0.16450012475252146,0.06802268004989777,2.0107080812361255,0.03561367252938955
lstm,113,37,5,0.19181024879217143,0.08027492356307503,0.16731923371553417,0.06923161414158813,2.0031354505188976,0.023121809408928207
lstm,113,38,5,0.19541284590959546,0.08031580156242626,0.16972069293260567,0.06795252817001494,1.995550020738866,0.017094027333860156
lstm,113,39,5,0.19852316230535502,0.08088321422751288,0.17253980040550226,0.06747901133199827,1.994824025504433,0.023780816179377034
lstm,113,40,5,0.20143209099769588,0.0809108750791249,0.1737927377223968,0.06533730260616089,2.0005852718944226,0.025596027322305013
lstm,113,41,5,0.20393824875354763,0.08040766432419409,0.1761941999197006,0.06540156016639975,2.0061078046271326,0.017611707444563633
lstm,113,42,5,0.20792123973369595,0.08229560971699972,0.17885668873786922,0.06652241904746675,2.0060973902278225,0.007745752965210795
lstm,113,43,5,0.2129335448145866,0.08405374708919347,0.18298093676567076,0.06799377636915073,2.004924492226004,0.020922201285040316
lstm,113,44,5,0.21700604557991027,0.08562206302764791,0.18626989573240277,0.06868684180538229,2.0080045549837746,0.02688622550690375
lstm,113,45,5,0.22174983471632004,0.0883280105406348,0.19081179350614547,0.0718885811357588,2.012226792270154,0.021315582012474646
lstm,113,46,5,0.22530767917633057,0.09019233527777039,0.19279561042785642,0.07128409478147808,2.010446021041794,0.009791262250504749
lstm,113,47,5,0.22725442647933955,0.08982341208236717,0.19436178207397456,0.070855546725856,2.0045714979992866,0.011767846109283017
lstm,113,48,5,0.2291116625070572,0.0896795110142508,0.19702426493167874,0.07161708678509261,2.0013019077674383,0.017925292764279097
lstm,113,49,5,0.23166256695985793,0.0901254911530914,0.1992169082164764,0.0720916898838049,1.999840531951192,0.018293724540008566
lstm,113,50,5,0.23669725060462948,0.09072199259193196,0.20522055774927134,0.07393798137434449,1.996169294861862,0.014734649507477167
lstm,113,51,5,0.2411725223064422,0.09357251539497742,0.20866613537073136,0.07674915559068614,1.994676254893416,0.013203594128977631
lstm,113,52,5,0.24235848039388652,0.09470412510960448,0.208457313477993,0.07693314494027169,2.000636951849935,0.01692915342221954
lstm,113,53,5,0.24549116790294642,0.09456639617315739,0.21002348810434338,0.07687733423583865,2.008189493266019,0.016952100261140194
lstm,113,54,5,0.24819870442152023,0.09527475846374507,0.21111980974674222,0.07660515808201179,2.009024191327595,0.014139243318723033
lstm,113,55,5,0.25005594044923785,0.09534585518619428,0.21284259110689158,0.07691985918272382,2.004484255629606,0.008978235285576104
lstm,113,56,5,0.25276348739862436,0.09609281970118409,0.21560949236154547,0.0774909405939382,2.000256007742247,0.006471011525853573
lstm,113,57,5,0.25518013387918465,0.0971270596651853,0.2170190438628196,0.0772786557934124,1.9980559487562428,0.008145073195135695
lstm,113,58,5,0.2562318205833435,0.09698192928428113,0.21910727769136423,0.07851287193006447,1.999585091205001,0.0035599161841725602
lstm,113,59,5,0.25782054513692854,0.09709229080683075,0.22009918242692947,0.07920705727554204,2.004206361995344,0.005918970996190172
lstm,113,60,5,0.2587827265262604,0.09710039823559169,0.22171756178140636,0.08004887304057236,2.0055785092994562,0.006702989422007577
lstm,113,61,5,0.26046095937490465,0.09668492661492799,0.2216653540730476,0.07919437120254043,2.0014419065568267,0.00394090274753626
lstm,113,62,5,0.2609084889292717,0.09619774325732411,0.22150873392820353,0.07880975508540261,1.996475717511728,0.005860820125378841
lstm,113,63,5,0.26336988210678103,0.09678394683585904,0.22448446601629252,0.07976266921035398,1.997273674682108,0.0025630778347762017
lstm,113,64,5,0.2641530588269233,0.09773458226853679,0.22495430856943122,0.08083296805193256,2.0034666992920513,0.005788433548459259
lstm,113,65,5,0.2649362310767173,0.09795845566587032,0.22594621628522868,0.08053977333128115,2.0070402683661324,0.009273555985828305
lstm,113,66,5,0.2671962469816208,0.09801305335372901,0.2270425423979759,0.08000583825365484,2.0046652887299428,0.006950449027323472
lstm,113,67,5,0.26869546473026273,0.09736089559383174,0.2280344501137733,0.08069972227887169,2.000847193131219,0.005482431187315756
lstm,113,68,5,0.2693667560815811,0.09648824551395459,0.22907856106758112,0.0794660365012295,1.9976599807981068,0.00526758523778535
lstm,113,69,5,0.2714925080537796,0.09661199362370798,0.23054032176733016,0.07987500148421402,1.9990364897914457,0.00405115169574974
lstm,113,70,5,0.2739762842655182,0.097605212643673,0.23241972029209138,0.08060932148643074,2.0023289969914813,0.0028222132002474363
lstm,113,71,5,0.27475946396589274,0.09807797483839462,0.23309840261936182,0.08192759363968403,2.001735870244473,0.007420533799434033
lstm,113,72,5,0.2777355149388313,0.09739450832658694,0.23476898521184916,0.08191961074604663,2.0024838404973853,0.0042342608323213266
lstm,113,73,5,0.2781382873654365,0.0962137069604032,0.23487339764833445,0.08159099932417627,2.00278206064342,0.004094415051985393
lstm,113,74,5,0.2787200838327407,0.09534268964743084,0.23403810411691656,0.07997287112625705,2.0006898849301336,0.003650843507724954
lstm,113,75,5,0.2799283981323242,0.09552073298278786,0.23549986034631726,0.08087384093673636,2.001466162312054,0.003917543124574505
lstm,113,76,5,0.2813828617334365,0.0960656404904923,0.23753589093685146,0.08132555087581729,2.0000579817631303,0.0047749853714837386
lstm,113,77,5,0.2835757464170456,0.09593608125019246,0.23972852081060406,0.08132546362016753,2.001630173192344,0.001359154789531353
lstm,113,78,5,0.28527635335922236,0.09507141963410594,0.24098145812749858,0.08058603763268764,2.000206189399985,0.002273083785615021
lstm,113,79,5,0.2861042767763137,0.09443863812629326,0.24202557802200317,0.07967642998939882,2.000473851008387,0.0021862004408131895
lstm,113,80,5,0.2874021023511886,0.09379741911338535,0.24327850639820095,0.07905370378865118,2.003575791049001,0.003456322940374733
lstm,113,81,5,0.28869993686676027,0.0935791722357585,0.24453144371509553,0.07863964440999248,2.001786622330374,0.0032617231432861757
lstm,113,82,5,0.29004252552986143,0.09377050208016033,0.245418943464756,0.07892181239798184,2.0002625983060773,0.0031656923546097403
lstm,113,83,5,0.2913179725408554,0.09356020876186799,0.24557555913925166,0.07853560021482767,1.9977669983118098,0.002088448476616721
lstm,113,84,5,0.2934884786605835,0.09327630867794225,0.24698511064052578,0.07914638643064635,2.004511637510735,0.0024282586807162377
lstm,113,85,5,0.2957037419080734,0.09420880559799136,0.2500652462244034,0.07973703170068622,1.9984545417892172,0.006349564137490653
lstm,113,86,5,0.29859029352664945,0.0955259261795894,0.25272773653268815,0.08081315895023158,2.0039667813323594,0.006969151740342427
lstm,113,87,5,0.3012530833482742,0.0962834735644041,0.25502478778362275,0.08151425555048208,1.99811162694616,0.007880816333821391
lstm,113,88,5,0.30346834659576416,0.0972402167951138,0.2572696343064308,0.08204407073471179,2.002272216604119,0.0028138395270925717
lstm,113,89,5,0.30438577234745023,0.09732163936406957,0.2588358074426651,0.08272225752589815,2.0018464662403685,0.003994968545201801
lstm,113,90,5,0.3061311304569244,0.09797038872273704,0.26076741963624955,0.08330488782558289,1.9975562247609937,0.007322645073084337
lstm,113,91,5,0.308995309472084,0.09917060829918063,0.2630122616887093,0.08425733716408616,2.0038464701616436,0.0032659700394989046
lstm,113,92,5,0.30944283008575435,0.09924422852627272,0.2638997539877891,0.08445349468510352,2.0007516539831345,0.002807356941013038
lstm,113,93,5,0.31076304018497464,0.1003497507410969,0.26436960846185686,0.08504268672236852,1.9988876490803993,0.005542972488374784
lstm,113,94,5,0.31163571476936336,0.10068880900152359,0.2654659301042556,0.0856986638439592,2.002600316438047,0.003961514643350342
lstm,113,95,5,0.3128887891769409,0.10086173803204165,0.26734533160924906,0.08575080329916435,2.0005164094313783,0.0026911811948110926
lstm,113,96,5,0.3147684097290039,0.10155475365783087,0.2679195910692215,0.08562619987746137,1.9999138530207836,0.005069749692000302
lstm,113,97,5,0.31394048333168023,0.10022641345878362,0.267971795797348,0.08482834055968774,2.001191317481186,0.005469144031777623
lstm,113,98,5,0.31494741439819335,0.10016653452635013,0.26844164729118347,0.08540749373927456,2.001727495993591,0.0023898077022897644
lstm,113,99,5,0.31570821404457095,0.09982737877728227,0.2692247331142425,0.085592972469066,1.998779116426744,0.002259122039208897
lstm,113,100,5,0.31470127403736115,0.09769478346561333,0.26791958957910533,0.08422215430874247,2.0030327882266366,0.003916200057573622
lstm,113,101,5,0.3170508027076721,0.09816236488269996,0.2691203236579895,0.08510007782846897,1.9993020200039346,0.003353157448441846
lstm,113,102,5,0.31669277250766753,0.0969966124672917,0.26959017515182493,0.08472964874917097,2.000463243776823,0.0035187441094157025
lstm,113,103,5,0.3172298103570938,0.09645528792785481,0.26964237987995143,0.08415101327618199,2.0013950733858623,0.005256540578308039
lstm,113,104,5,0.31850526034832,0.09630926666539937,0.27110413014888757,0.08381098164824353,2.001602930877049,0.0077685739533004524
lstm,113,105,5,0.31832625567913053,0.09508438920115857,0.270373260974884,0.08267422684351285,1.9973292486425323,0.00932352236961276
lstm,113,106,5,0.32089953124523163,0.09207589434685412,0.2726703137159347,0.08032332967792795,2.0065377887467024,0.012147274429171556
lstm,113,107,5,0.3213918209075928,0.09206094542448538,0.2732445746660232,0.07903245530248647,1.9929578989704335,0.013118361758880719
lstm,113,108,5,0.3219959765672683,0.09028203326949405,0.27350560426712034,0.07827141398098998,2.0062197200451823,0.007830651349884686
lstm,113,109,5,0.3234280705451965,0.09013249958291364,0.2748629510402679,0.07791972294664108,2.0005124135964465,0.0023097489400319706
lstm,113,110,5,0.32465876042842867,0.08839340657270783,0.2755416244268417,0.07594797298287424,1.9961928270304459,0.0095796431145437
lstm,113,111,5,0.32517342567443847,0.08769670057905803,0.27752543687820436,0.07532228564169274,2.0058550380070193,0.010561609761044494
lstm,113,112,5,0.3276795715093612,0.08710282057465452,0.2794048458337784,0.07513304127393422,1.9978295575420386,0.005694873614021715
lstm,113,113,5,0.32828373908996583,0.0870680017224373,0.280292347073555,0.07513889009140093,1.9996760033758196,0.004853448624871863
lstm,113,114,5,0.3298053324222564,0.08590149549927108,0.28185851871967316,0.07455810910320818,2.0044521171398904,0.009669886101871906
lstm,113,115,5,0.33103603422641753,0.0872895500121166,0.282067334651947,0.07546241722170989,1.9962959364937345,0.008281935699645438
lstm,113,116,5,0.3304542422294617,0.0849144451239663,0.28264160156249996,0.07416869445764111,2.0025562940017045,0.007238330207620714
lstm,113,117,5,0.33318416178226473,0.08822403943558557,0.28472982347011566,0.07613922382150991,2.0015558523708696,0.01117782978346845
lstm,113,118,5,0.3304094970226288,0.08452240713063977,0.28368571400642395,0.07343426316401375,1.9977424121238017,0.014283775233700585
lstm,113,119,5,0.33472813963890075,0.08867095700593317,0.2870790779590606,0.07605551299103659,2.0029808527188266,0.009168472741424403
lstm,113,120,5,0.333005154132843,0.08621543053390489,0.2865048170089722,0.07440675556394273,1.9994104877606655,0.004682817328714706
lstm,113,121,5,0.3333407938480377,0.0867852214750989,0.2865570247173309,0.07461200674735947,2.000484158867694,0.009424765847985815
lstm,113,122,5,0.3360483348369598,0.08826111676796271,0.2885930448770523,0.07580991392574649,2.0002033568761113,0.011705800806049509
lstm,113,123,5,0.3341463416814804,0.08616764780898384,0.28702687621116635,0.07377658856686414,2.0024148091791254,0.009604804647121786
lstm,113,124,5,0.3368538856506348,0.0876252599307287,0.2892717182636261,0.07511303509978913,1.9967986342262538,0.004227231191857852
lstm,113,125,5,0.3383754789829254,0.0888064815380663,0.2895327478647232,0.07557447331752522,2.0045083419146366,0.005787508562003942
lstm,113,126,5,0.3364063620567322,0.08597075811452055,0.28927172124385836,0.07385799404855299,1.9983136952662561,0.008714622811318061
lstm,113,127,5,0.34021034240722653,0.08847971582536672,0.291412153840065,0.0762901352535163,1.9990540910312276,0.007078107303977339
lstm,113,128,5,0.3398299396038055,0.08533647260387917,0.2910989195108413,0.07403122380102835,2.0052127737660155,0.004611204956905081
lstm,113,129,5,0.3403446018695831,0.0846733200724093,0.2913599461317062,0.0747509087603837,1.99467144065379,0.003787653017894268
lstm,113,130,5,0.34432759582996364,0.0851429599943587,0.29517097175121304,0.07384946867948258,2.004682526332975,0.00614416315246498
lstm,113,131,5,0.3430521458387375,0.08203833540157864,0.29318715333938594,0.07282539572323497,1.9990089442565555,0.008256121819219182
lstm,113,132,5,0.34663236141204834,0.08218349843012412,0.29621507525444024,0.07325799371754264,1.9995396655833506,0.007520251170799659
lstm,113,133,5,0.3480868220329284,0.08104164221333832,0.29715477824211123,0.07270628154413045,2.0022267306858765,0.006860371587245971
lstm,113,134,5,0.3472141504287719,0.07941352788068938,0.29637169241905215,0.07086829009512374,1.9992406873901867,0.0073651989277149395
lstm,113,135,5,0.35092862546443937,0.080013392753299,0.29981727302074435,0.07094996545952681,2.000328377549377,0.009324877497664424
lstm,113,136,5,0.35066010653972624,0.07899918132382545,0.30033932328224183,0.06995479304040192,2.001480930365491,0.00956611483718321
lstm,113,137,5,0.3520698189735413,0.07822811874400927,0.30107021033763887,0.06916997740828182,1.998937446968815,0.010144556192256328
lstm,113,138,5,0.3534571588039398,0.07946401940096948,0.30185329020023344,0.06920715024539462,2.00200350640241,0.009985715561444867
lstm,113,139,5,0.3537927985191345,0.07733478208000019,0.30331505239009854,0.06858469112224835,1.9986706784432389,0.009789188578101456
lstm,113,140,5,0.35632132589817045,0.07910918920094887,0.3052466601133346,0.06875773649647907,2.0017874809605285,0.009870758028373922
lstm,113,141,5,0.3563660860061645,0.07826003731710379,0.30670841634273527,0.06955489519344427,2.0001026097173664,0.009006705405096356
lstm,113,142,5,0.3572835117578506,0.07653436774258553,0.3061863660812377,0.06767662368672885,1.999302488283115,0.008575503901551582
lstm,113,143,5,0.3605057120323181,0.0796087677617054,0.30817017555236814,0.0703309657832976,2.002148583597857,0.006403335530930937
lstm,113,144,5,0.3575744062662124,0.07764394769399227,0.30822238624095916,0.07022256841132073,1.9994622692670585,0.005027857891448896
lstm,113,145,5,0.3593197613954544,0.08000352519891955,0.3067084223031997,0.07331321710015785,1.9993139016626273,0.0036497733680579654
lstm,113,146,5,0.3622063189744949,0.08042564569318647,0.31031061112880703,0.07198670288379838,2.003833672263431,0.005821522504027007
lstm,113,147,5,0.3576862931251526,0.08006813952396308,0.30817018151283265,0.07429884904469278,1.995403798955855,0.009493234446165334
lstm,113,148,5,0.36328038871288293,0.08084101383974783,0.3111459046602249,0.07226646372475144,2.005412185904448,0.012431369278016843
lstm,113,149,5,0.3626314669847488,0.08285255397705628,0.3109892815351486,0.07417126901410223,1.9963444376139052,0.015746533705220573
lstm,113,150,5,0.3606623411178589,0.08022621487407842,0.31161575019359583,0.07171097871627558,2.0020467898861054,0.015041911311056012
lstm,113,151,5,0.3659431725740433,0.08299836430444921,0.31469588875770566,0.0735464945405875,2.001538979047975,0.01032706708644211
lstm,113,152,5,0.3643096923828125,0.08129678706812776,0.31396501660346987,0.07297166809739647,1.9965122755012583,0.004593705992985937
lstm,113,153,5,0.3663906991481781,0.08071864661285677,0.316105443239212,0.07189023571171503,2.0057530324794124,0.0077251238124253566
lstm,113,154,5,0.368203181028366,0.08247851901046023,0.31688853204250333,0.07339287162253821,1.995695720587109,0.01041972057717775
lstm,113,155,5,0.36844932436943056,0.08002925745687638,0.3176194101572037,0.07175989725248462,2.001648936745066,0.00850311631907199
lstm,113,156,5,0.3699261665344238,0.08245353640008582,0.3180892586708069,0.07319686146884274,2.003925647532753,0.00734023581217998
lstm,113,157,5,0.37079883515834805,0.07923756974822825,0.32038630545139307,0.07043889976511639,1.9933525195457562,0.008298114392855119
lstm,113,158,5,0.3720519214868545,0.07919736347166591,0.3210127800703048,0.0706023805117516,2.0072655205144105,0.008320750236996036
lstm,113,159,5,0.3726113259792328,0.08051058531802431,0.3214826315641403,0.07243424513857939,1.99688553651613,0.005425989832374579
lstm,113,160,5,0.3732826203107834,0.07928255043060661,0.3221090942621231,0.07098054131667426,1.998745171025837,0.00586378027694079
lstm,113,161,5,0.37574402093887327,0.08114792599541043,0.3220046848058701,0.07305732907969288,2.0056965302327434,0.007768433613503164
lstm,113,162,5,0.37585590183734896,0.07956651157327793,0.32372747063636775,0.07187303100793327,1.9943094702677922,0.007238412526727933
lstm,113,163,5,0.3771984905004501,0.08072625747211777,0.32320542335510255,0.073968623682424,2.0036175462752666,0.0064965979713183615
lstm,113,164,5,0.3797717720270157,0.0812630805713887,0.32560687661170956,0.07622892968248404,2.0009014751684417,0.00848080549146561
lstm,113,165,5,0.37836205661296846,0.08095095959846337,0.3233098238706589,0.07455837567639749,1.9971790489490657,0.010844961903545372
lstm,113,166,5,0.38203178346157074,0.08317882081377807,0.3274340778589248,0.07727403166322716,2.0038833951982298,0.009271441134110811
lstm,113,167,5,0.37981651723384857,0.08208173095403261,0.3255546689033508,0.07509534726453197,1.9975106161494494,0.00660824549537378
lstm,113,168,5,0.38388901650905605,0.08457877198458309,0.32826936841011045,0.07757521606325771,2.002195471711153,0.005100954096371434
lstm,113,169,5,0.38171850740909574,0.08344981665310923,0.3268598198890686,0.07640454715108447,1.9989836945817117,0.007838048437834212
lstm,113,170,5,0.38420228958129876,0.08519309695695164,0.3291046589612961,0.0787454921518017,2.0013361677208747,0.010340685367868342
lstm,113,171,5,0.3833519876003265,0.08448578933410426,0.32842599153518676,0.07840970196081606,1.9992319869753463,0.010690521619334306
lstm,113,172,5,0.3850973397493362,0.08626733058248293,0.32983554601669307,0.07925956078223469,2.0015452507891025,0.010339662355486137
lstm,113,173,5,0.38664131462574003,0.08646815350387546,0.3300443649291992,0.0801753909964604,1.9986271658189523,0.01056397468611563
lstm,113,174,5,0.3852539747953415,0.08750751291190778,0.329470095038414,0.08057905852097912,2.002472821122408,0.0118677294843886
lstm,113,175,5,0.3882971704006195,0.08838973109031155,0.33202817142009733,0.08105132372960043,1.9977493048190893,0.009831810728464943
lstm,113,176,5,0.38614903390407557,0.08910470065781348,0.33087965548038484,0.08219652417208503,2.0019465555332676,0.007418109304738442
lstm,113,177,5,0.38990826606750484,0.08992204789660559,0.33411641120910646,0.08321794505362495,2.000749917443822,0.0075267652842012185
lstm,113,178,5,0.38923697471618646,0.09070772499583504,0.33291567862033844,0.08357937412583512,1.9977839364804466,0.007901773587214111
lstm,113,179,5,0.3901320219039917,0.09168255327366427,0.33348993957042683,0.08388351102403623,2.00397648990335,0.008948612400954306
lstm,113,180,5,0.39015440344810487,0.0916120549191171,0.33484728038311,0.08425487039289303,1.9967238296613563,0.009974768964008047
lstm,113,181,5,0.3907585710287094,0.0930304371637879,0.33495169579982753,0.08429872682524578,2.0024026413672487,0.010121961123166013
lstm,113,182,5,0.3902439117431641,0.09204678056035746,0.3346906751394272,0.08474774058494051,1.9997646889805423,0.008381392286756408
lstm,113,183,5,0.3925263017416,0.09406781156493473,0.3368833065032959,0.08537038649246605,2.0001471240938367,0.008325336885352932
lstm,113,184,5,0.3929290771484375,0.09354313315104737,0.3367789059877396,0.08504309150213686,2.000168954371952,0.008021577591986394
lstm,113,185,5,0.39210115075111385,0.09390445810150629,0.3368833065032959,0.08592527019957434,2.000900269204169,0.006079039146700181
lstm,113,186,5,0.3952338457107544,0.09593543016545446,0.3393369793891906,0.08572867073364483,1.999490181594004,0.0038971951917124137
lstm,113,187,5,0.394495415687561,0.09387907618646146,0.3391803622245788,0.08521021390387883,2.0002237152455034,0.00550983410662169
lstm,113,188,5,0.3958603799343109,0.09612247904262836,0.3402244687080383,0.08602928998291005,2.0024626884416095,0.007446538531245079
lstm,113,189,5,0.39796375632286074,0.09473509686843386,0.3423126995563507,0.08521101019109417,1.9957074847461844,0.0058754062482736175
lstm,113,190,5,0.3949877023696899,0.09500540625700438,0.3405899167060852,0.08523116681270491,2.006168296360679,0.005341812779198717
lstm,113,191,5,0.39979861676692957,0.09585250723592992,0.3438788682222366,0.08694590354662778,1.9948687898460242,0.007521802198419581
lstm,113,192,5,0.3961512744426727,0.09480412480825141,0.34387887120246885,0.08708019913046144,2.0031137083702752,0.011358830949710652
lstm,113,193,5,0.40082792937755585,0.09722264713169869,0.34497518837451935,0.08770547864787667,2.001382831877174,0.014825277966810166
lstm,113,194,5,0.40046991109848024,0.0965690300863768,0.3461237072944641,0.08757124886054363,1.9971049709301916,0.015901873199072245
lstm,113,195,5,0.39923920929431916,0.0958755212433212,0.34492298662662507,0.0868816249483141,1.9991775934734661,0.009295052128409163
lstm,113,196,5,0.40176773965358736,0.09739066818769646,0.3465413630008697,0.08918193044368392,2.006930862195781,0.009549067384382
lstm,113,197,5,0.4022152632474899,0.09802568132738095,0.34821193516254423,0.08965614219485642,1.9934469948166822,0.003815289108456204
lstm,113,198,5,0.39975385963916776,0.09616943440929847,0.3442965179681778,0.08722549806013015,2.0039003143278387,0.008712446161386897
lstm,113,199,5,0.40519132614135744,0.10007819691360559,0.35050899088382714,0.0905191909466996,1.9963547210988424,0.008715705374010108
lstm,113,200,5,0.40554935336112974,0.09971584520764692,0.3512398719787598,0.09161644814962816,2.005756108219293,0.004421168061591864
lstm,113,205,5,0.4116133481264114,0.10180502331417328,0.35614720582962034,0.09393843689184161,1.9982011614522563,0.004767357318758819
lstm,113,210,5,0.41543970108032224,0.10387844411538902,0.36126336455345154,0.09428132733233284,2.0016903264292436,0.005241417113208744
lstm,113,215,5,0.41716268062591555,0.10442774696766581,0.3636126190423965,0.09490223559388399,1.9981374066196373,0.006971362167972624
lstm,113,220,5,0.41987023055553435,0.10524370556103507,0.3661707013845444,0.09603087383010858,2.0033082282791645,0.00944122323305008
lstm,113,225,5,0.42544194459915163,0.10728159068662392,0.37003392577171323,0.09695979066504351,2.000763474838231,0.004589296185595119
lstm,113,230,5,0.4281942337751389,0.10702341272344901,0.3736361175775528,0.09676018974974948,2.0042632598229977,0.008853212584830635
lstm,113,235,5,0.43275901675224304,0.10924147533960914,0.3781780123710632,0.09883683198114221,2.000571259550464,0.008322400346970439
lstm,113,240,5,0.43526516258716585,0.1081344744699248,0.38016182184219355,0.09821202880984645,2.00033779843961,0.008729679008467724
lstm,113,245,5,0.43956142365932466,0.11123178270849872,0.3843382805585861,0.10060599936338882,2.000185865139499,0.005245938604509651
lstm,113,250,5,0.4439695715904236,0.10956998951034237,0.38788827061653136,0.10064415346611172,2.004899906783682,0.0029263858004743384
lstm,113,255,5,0.4465652346611023,0.11167785950404248,0.3902375251054764,0.10223288478863964,1.9998152066362422,0.009612607993003662
lstm,113,260,5,0.4507943749427795,0.11374510464958235,0.3938919186592102,0.10262932802959167,1.9992803572639093,0.0037275270385158463
lstm,113,265,5,0.45403892993927003,0.11158296028532401,0.39785954654216765,0.10239909853438661,1.996410083622982,0.012975948730296522
lstm,113,270,5,0.45833521485328677,0.1139611474012362,0.40146174728870393,0.10413497296801756,1.9974889204501944,0.0076023187747138714
lstm,113,275,5,0.46453346610069274,0.11432877423600482,0.4070999562740326,0.10417088653954512,1.999196953867505,0.008156925789809673
lstm,113,280,5,0.46829270124435424,0.11396301376477813,0.41106759309768676,0.1031964666284575,1.9957770763590144,0.00505144620763875
lstm,113,285,5,0.47077646255493166,0.11344643389602954,0.41440876126289367,0.10295026356606778,1.9983414757166158,0.0054373814263957
lstm,113,290,5,0.47621392607688906,0.11409808703544344,0.4204646110534668,0.10327483866874729,1.9997858978024674,0.007332395909227536
lstm,113,295,5,0.48004029393196107,0.11103744566441504,0.42098666727542877,0.10219311523527927,1.9932931497856514,0.0069679793983641256
lstm,113,300,5,0.4861490368843079,0.10733002957864161,0.42615503668785093,0.0991311357957857,1.9994091374433232,0.007913725279168551
lstm,113,305,5,0.4908256888389587,0.1110623309754827,0.4326285421848297,0.10125441653679264,1.9946546569506995,0.008900673820582808
lstm,113,310,5,0.4979637622833252,0.10984801820527418,0.43816234469413756,0.10137782343687718,1.998131322455261,0.007942775422897735
lstm,113,315,5,0.49982100129127505,0.10777962619331423,0.4411380708217621,0.0986960189562087,1.999025800012176,0.006794540400383927
lstm,113,320,5,0.5022152602672577,0.10604792926266439,0.4432785093784332,0.09816481123094262,2.0021986960781955,0.0029814996570991944
lstm,113,325,5,0.5080331265926361,0.10501553608719602,0.4507439136505127,0.09945412853474503,2.0012160278008073,0.006411448566829851
lstm,113,330,5,0.5113000750541687,0.10506248563237283,0.4532497823238373,0.10112815719481535,1.9982992178571073,0.007353261384202806
lstm,113,335,5,0.5166256606578827,0.10558782955475597,0.4594100594520569,0.09882055994169306,2.0013904564806575,0.0017464000563032483
lstm,113,340,5,0.5215036928653717,0.10181836348486158,0.463273286819458,0.10049669889171109,1.9992050716366019,0.00470129810516478
lstm,113,345,5,0.5241888642311097,0.10319752107983227,0.4654137194156647,0.09926943631450459,2.0001803761782204,0.005656632573846779
lstm,113,350,5,0.5279704868793488,0.10585256928731934,0.47037325501441957,0.10024018677608985,1.99579610460018,0.006200248015245345
lstm,113,355,5,0.5352875471115113,0.10507408477214149,0.47710779309272766,0.1007573853226763,2.0037267755213035,0.00485181179749381
lstm,113,360,5,0.5358917117118835,0.10346741275586091,0.4774732232093811,0.09978107058616259,1.9987327711905984,0.01335305584437906
lstm,113,365,5,0.5406578779220581,0.10344900653431725,0.4827982008457184,0.09993155359637348,1.9986437260574281,0.006786784177709935
lstm,113,370,5,0.5442380845546723,0.10574198158445665,0.4870790660381317,0.10203308063732186,2.003186218094519,0.007983452230688649
lstm,113,375,5,0.5498321831226349,0.10519080264106616,0.4908900856971741,0.1023087657974968,1.999440387640243,0.004498862947253048
lstm,113,380,5,0.5518013000488281,0.10681216670638163,0.49323933720588686,0.10506461323743566,2.0026260703771683,0.0063692451557283945
lstm,113,385,5,0.5557395458221436,0.10562669767764384,0.49673712849617,0.10179439303404246,2.002589406943148,0.009229905570660763
lstm,113,390,5,0.5573058903217316,0.10804336166997348,0.5000260829925537,0.10327206588546256,1.997104199691543,0.006980544360811806
lstm,113,395,5,0.561244136095047,0.10559533760222103,0.5039937138557434,0.10305689484888814,1.9954190583919131,0.007494042197113035
lstm,113,400,5,0.5650481164455414,0.1075040769810939,0.5056120932102204,0.1048400520730566,1.9981115924854116,0.005590947834317483
lstm,113,405,5,0.5674647688865662,0.10736793892390216,0.5088488340377808,0.10308054551807463,1.9992407094806108,0.003989581502901906
lstm,113,410,5,0.569702398777008,0.10708390987822057,0.5137561798095703,0.10319167860289692,1.9956403273635583,0.006506228397778241
lstm,113,415,5,0.5726784586906433,0.10806703602542664,0.5146436870098114,0.10454337865923428,2.0051762705361673,0.005154743004340704
lstm,113,420,5,0.5761244177818299,0.10949754242417051,0.5172539591789246,0.10487637250022307,1.9990999847023958,0.005090386024116131
lstm,113,425,5,0.577086615562439,0.10707266328551086,0.51944659948349,0.10330066526642906,2.006640918168668,0.006319462823106597
lstm,113,430,5,0.5797046422958374,0.10585311621089973,0.5225789487361908,0.103038311789493,2.0082338639262742,0.004251523112117015
lstm,113,435,5,0.5868874430656433,0.10882393955924835,0.529522305727005,0.10618414431924712,1.9973302126965264,0.015344695692656283
lstm,113,440,5,0.5850749671459198,0.10878500380050508,0.5282171547412873,0.10333209425540897,1.9955339736667532,0.011154796219927118
lstm,113,445,5,0.5902886748313904,0.1102487386289775,0.5316105425357819,0.1055995768876639,2.0054339586929912,0.0056078434681132334
lstm,113,450,5,0.5962183952331543,0.1096982948908968,0.5374053597450257,0.10883655664310624,2.002648322453993,0.0062588479656768056
lstm,113,455,5,0.5989706993103028,0.10908741928632687,0.5403288841247559,0.10742311743481305,2.0023633980773203,0.0042292498274302225
lstm,113,460,5,0.6008950650691987,0.10828398905350306,0.541895055770874,0.10637990075987352,2.002343962867755,0.00408496063593537
lstm,113,465,5,0.6070933222770691,0.1102192584446929,0.5484207570552826,0.1083134348537301,1.9963457626787005,0.006919221290408133
lstm,113,470,5,0.6088834166526794,0.11017713886787775,0.5517097234725952,0.10848482368668555,1.997471331869687,0.002055937611425168
lstm,113,475,5,0.6105616509914398,0.10941374307985542,0.5543200016021729,0.10763248031956162,2.004509854412185,0.012864220765322225
lstm,113,480,5,0.6137391149997711,0.11047183595691173,0.5569302797317505,0.10847429102843478,2.0038365256880075,0.005232921996602957
lstm,113,485,5,0.6178116023540496,0.11155533294486551,0.5616287887096405,0.1092700459697417,2.000767292025097,0.011392779181322081
lstm,113,490,5,0.6206086456775666,0.11158760518352957,0.5650221765041351,0.10923232019081452,1.9983146040639688,0.005935808249342757
lstm,113,495,5,0.6244573831558228,0.11119138789313289,0.5671626031398773,0.11048080202813937,2.000841922763074,0.009825330232465932
lstm,113,500,5,0.6286641359329224,0.11255272308911983,0.5698772966861725,0.11073106085863618,1.9949977189153063,0.00908522131113331
lstm,113,505,5,0.628485131263733,0.11229864419918499,0.5709736168384552,0.10918020288433064,2.0023820794721603,0.004258477448788721
lstm,113,510,5,0.6317073345184326,0.11367195165356342,0.5752022802829743,0.10939655337413652,2.0050205100925873,0.0070653945813907645
lstm,113,515,5,0.6349071443080903,0.11243217588655945,0.5778125524520874,0.10950487210131934,2.001149777009201,0.003488379528385356
lstm,113,520,5,0.635578453540802,0.1103918953849312,0.5772382974624634,0.10987383962972097,2.0029718445343088,0.003954065694669452
lstm,113,525,5,0.6404788494110107,0.11150014769495532,0.5828765153884887,0.10841623468579867,1.99522515848302,0.005714342498904937
lstm,113,530,5,0.6419556975364685,0.11116457376982014,0.5862176895141602,0.10904467767487194,1.9991035803333588,0.013284155097579213
lstm,113,535,5,0.647527426481247,0.11186845095573585,0.5898720741271972,0.10875702266345988,2.0050152797666896,0.007709409166419184
lstm,113,540,5,0.6491161525249481,0.11133231912507545,0.5920647084712982,0.10912274729364892,1.9980590959746443,0.00387799245832475
lstm,113,545,5,0.6507048606872559,0.1106310719718264,0.5954580664634704,0.10890570687708202,1.9968472120435066,0.009134749343011209
lstm,113,550,5,0.6535242736339569,0.11023705143284315,0.5973896980285645,0.10708333473863516,2.004315637117446,0.008883651846655625
lstm,113,555,5,0.6568583726882935,0.11133906107706325,0.5992690980434418,0.10944181352964936,2.0011352074042286,0.00623947228389681
lstm,113,560,5,0.6596330404281616,0.1106332999646907,0.6035499691963195,0.10914476558033781,2.0022239873564436,0.005034781642063821
lstm,113,565,5,0.6609532475471497,0.1112290485847685,0.6061602354049682,0.10829713913420697,2.0024814233225,0.006168603105381812
lstm,113,570,5,0.6623405694961548,0.1086535763786769,0.6071521520614624,0.10633312575078463,2.0024753599755347,0.006899716190699694
lstm,113,575,5,0.6672633826732636,0.10890835582553443,0.6087183356285095,0.10666166365582155,2.000261297713596,0.010328774760161412
lstm,113,580,5,0.6686507046222687,0.1091007076052448,0.610545527935028,0.10707782669784063,2.0011600833435077,0.007559699141868597
lstm,113,585,5,0.6729245960712433,0.11113790073976769,0.6170712292194367,0.11007355375775009,2.002102236741891,0.005497085468461377
lstm,113,590,5,0.6777131617069244,0.11051472952481774,0.6204646110534668,0.11028753091902195,2.0013123809345172,0.0033446665556416556
lstm,113,595,5,0.6774893820285797,0.10921874961666175,0.6207256317138672,0.10912565172837493,1.9969283816905494,0.00789322510930715
lstm,113,600,5,0.6796822547912598,0.10919052391138688,0.6244844436645508,0.10895656385254995,1.999993896332363,0.009200224605275632
lstm,113,605,5,0.6818304002285004,0.10726997843634074,0.6275645792484283,0.10869687010083917,2.000007418828676,0.006624765063743125
lstm,113,610,5,0.682725465297699,0.10806288430437283,0.6290785372257233,0.11166969045476137,1.9962423307610961,0.004839915097261675
lstm,113,615,5,0.6887223124504089,0.10826062456443308,0.6326285362243652,0.10889620834521646,1.9981955886941172,0.008385786173261056
lstm,113,620,5,0.6886104345321655,0.10708444530375093,0.6318976581096649,0.10835800096231615,2.0008473818286467,0.004214028358200793
lstm,113,625,5,0.6906914353370667,0.10495673401783087,0.6341947078704834,0.10497767682344021,2.00274637835272,0.004537666466787567
lstm,113,630,5,0.6938465118408204,0.10614991174489753,0.6363873362541199,0.1091113012005483,1.996538821434393,0.00996878895487249
lstm,113,635,5,0.6985903024673462,0.10688766727635572,0.6406160235404968,0.10951278703525806,1.9977795728587542,0.005935761705233608
lstm,113,640,5,0.6999552607536316,0.1064616637227569,0.643800550699234,0.11052829972118221,2.000436829943128,0.007082472644287438
lstm,113,645,5,0.7038487553596496,0.10639178427153453,0.6480292022228241,0.11014542457666364,2.003255869635601,0.010563057130116031
lstm,113,650,5,0.7052137017250061,0.10601475287034061,0.6501174390316009,0.10955199975159656,1.9994063314626243,0.0077267874424256176
lstm,113,655,5,0.7070933103561401,0.10827252304695592,0.6524144947528839,0.11361869803526878,2.007042816899335,0.012049571826403564
lstm,113,660,5,0.7093085765838623,0.10316392360189153,0.6537196457386016,0.1086533197619394,2.0018717383702493,0.001950174649583696
lstm,113,665,5,0.71127769947052,0.1077470859332488,0.6567997634410858,0.11270466360157019,2.002123377667544,0.011113883169587722
lstm,113,670,5,0.7168941736221314,0.1041663454952307,0.6624379694461823,0.11006201161168776,2.001431138445936,0.007267997626056928
lstm,113,675,5,0.7155739665031433,0.10863103780969341,0.6616548955440521,0.11286551276698611,2.0040428115939166,0.005637067914286596
lstm,113,680,5,0.720675778388977,0.10862860871991288,0.6676585495471954,0.1134486801462119,1.9999158603395994,0.005893251578189345
lstm,113,685,5,0.7232266783714294,0.10532191272879059,0.6683372378349304,0.11250289565782655,2.002593440719056,0.010132664286938204
lstm,113,690,5,0.7255985736846924,0.10721093864153224,0.6708953082561493,0.11107648634583826,2.007659952359856,0.008946694943850784
lstm,113,695,5,0.7241217374801636,0.10897522171099334,0.6703210473060608,0.11267966731041992,1.9992785711147536,0.009625167430339586
lstm,113,700,5,0.7319982171058654,0.11223170525276092,0.6775254130363464,0.11534897417005208,1.9954230500967285,0.00630795633644147
lstm,113,705,5,0.7309241652488708,0.10788848166675029,0.6774210214614869,0.11293732246553591,1.9969545700872264,0.01326063869113111
lstm,113,710,5,0.7348623871803284,0.10967867969367051,0.6820151209831238,0.11524715478794272,2.0012627173984927,0.007444786298535208
lstm,113,715,5,0.7325128793716431,0.111878055900746,0.6803445279598236,0.11569517591550033,2.000147016671526,0.006086913880555449
lstm,113,720,5,0.7362273454666137,0.11057498821108154,0.6843643665313721,0.11699263675688246,1.9994266125037066,0.008536391133755915
lstm,113,725,5,0.7439248204231262,0.11442163690172277,0.6923518419265747,0.11978569755957982,1.9976451201801602,0.00778343587361051
lstm,113,730,5,0.7428507566452026,0.11103035069701012,0.6929783046245575,0.11639006921973036,1.998379495975487,0.007471135337704782
lstm,113,735,5,0.7428060054779053,0.1149128991503914,0.6903158307075501,0.11906525852418165,2.001890336563965,0.003094094101324648
lstm,113,740,5,0.7450883984565735,0.1107387699998191,0.6933437526226044,0.1188805328229667,2.004176561588404,0.006385726319433426
lstm,113,745,5,0.7501902103424072,0.1140651123790758,0.7001304924488068,0.11931089771126063,2.0006652542564836,0.002862658591181489
lstm,113,750,5,0.7527411103248596,0.11279692484916948,0.7021143078804016,0.11986669433668413,2.0043210633771826,0.0038050685179914145
lstm,113,755,5,0.7512642741203308,0.11678815250778332,0.7003393054008484,0.12052632375516278,1.9983043246363636,0.005097800377611744
lstm,113,760,5,0.7574401497840881,0.11607471534913638,0.7055598795413971,0.12219616231772094,1.9954783437880277,0.005398276400528003
lstm,113,765,5,0.7527187466621399,0.11420822952585735,0.701226806640625,0.11794119424875446,1.9964714570882265,0.006550796372841384
lstm,113,770,5,0.7554039120674133,0.11322458931280212,0.7043069541454315,0.12112639897397473,1.9999263443155466,0.008202777602416729
lstm,113,775,5,0.7552025198936463,0.11989218717535821,0.7067083954811096,0.12436815013709134,1.9941320191179333,0.00714593965297152
lstm,113,780,5,0.7566346049308776,0.11952708273751186,0.706499582529068,0.12487715939670789,2.0017716422805907,0.006262296300258432
lstm,113,785,5,0.755292022228241,0.11351624065415775,0.7076481223106384,0.12242581309873711,2.0018628742627156,0.007269284609022247
lstm,113,790,5,0.7573730230331421,0.11478991375226322,0.7094231009483337,0.12396768514622611,2.0006372577676084,0.007485612235869164
lstm,113,795,5,0.762049674987793,0.11972692909759787,0.7135473489761353,0.1259333755454604,2.0011473087762717,0.005668521879358745
lstm,113,800,5,0.764757227897644,0.12281825571940093,0.7167841076850892,0.12837824812874665,2.0008569923945596,0.004068986862531069
lstm,113,805,5,0.7644887208938599,0.11932847900784946,0.7167318940162659,0.12516338217570205,2.001550606121302,0.008593538522933365
lstm,113,810,5,0.7648914813995361,0.11937279608276669,0.7165230751037598,0.12482755524985002,2.0001047966779013,0.013335023508835907
lstm,113,815,5,0.7701499342918396,0.12163870710497618,0.7220568656921387,0.12733109968380155,2.0047070019241806,0.005408189980265759
lstm,113,820,5,0.7723428249359131,0.12241610979384374,0.7259201049804688,0.12862610430137494,2.0026477144088544,0.008182084956570395
lstm,113,825,5,0.7756992816925049,0.12308244805948365,0.7309840559959412,0.13024726131650793,1.9996905941372725,0.005602942592080846
lstm,113,830,5,0.7753188729286193,0.12756098377601796,0.731140673160553,0.13044202598314122,2.001935083070469,0.00469971255123204
lstm,113,835,5,0.778966224193573,0.12557831319599824,0.7323935985565185,0.1301929481194761,2.0012915190545875,0.004157975275476891
lstm,113,840,5,0.7755202770233154,0.12358815456295008,0.7291046380996704,0.1305531451106964,2.001575988190679,0.00979170805518265
lstm,113,845,5,0.776460075378418,0.12500191141013678,0.7300443410873413,0.13029678839234243,2.000754262769232,0.0101042594561346
lstm,113,850,5,0.773528778553009,0.12508057902996775,0.7293656706809998,0.12958721002087847,1.9976683254072314,0.004768583123108185
lstm,113,855,5,0.7745357036590577,0.12568718386977037,0.731140673160553,0.1302081866211195,1.9994839225448033,0.003315864127257558
lstm,113,860,5,0.777153742313385,0.12569708818896158,0.7341163992881775,0.12984000976392165,2.0022294803010348,0.004133339716661609
lstm,113,865,5,0.7787872076034545,0.1250499166307426,0.7340641856193543,0.13144374601869366,1.998014443007588,0.005372921684851134
lstm,113,870,5,0.7809800982475281,0.12529235668900812,0.7378230094909668,0.13027627807092046,2.0013002096319568,0.010230445791216179
lstm,113,875,5,0.7816513895988464,0.12906338999032962,0.7398590087890625,0.1333858663242151,2.0030154658578962,0.0071426926142855035
lstm,113,880,5,0.7842246532440186,0.12765512032692816,0.7414773941040039,0.132483265678074,2.0000340822602225,0.004569938665784107
lstm,113,885,5,0.7865294337272644,0.12755567494023318,0.7427303314208984,0.1363553943226494,2.0010542444259474,0.0026140702842215656
lstm,113,890,5,0.7883195519447327,0.12915539860383046,0.7458626747131347,0.13338126536388437,2.0018449463935313,0.006555364401626456
lstm,113,895,5,0.7874021291732788,0.13119981022902855,0.7456538438796997,0.13309028825588498,1.9952973722514717,0.006299594054472572
lstm,113,900,5,0.7852763652801513,0.12736590792029562,0.743617844581604,0.1299974622029068,1.9987326104445842,0.004500952873105572
lstm,113,905,5,0.7922801733016968,0.12774165928598047,0.7504045724868774,0.13595714964350641,1.9969825782038604,0.009312621179106332
lstm,113,910,5,0.7943164110183716,0.12966458791188432,0.7481075167655945,0.13717076844936282,1.9944498206493002,0.003430939014489569
lstm,113,915,5,0.7942269086837769,0.13096821388293267,0.75280601978302,0.13512502280279995,1.9976960737454728,0.0037522119981593903
lstm,113,920,5,0.7940255165100097,0.13399064759979087,0.7546332240104675,0.13693460532353577,1.9975767247830203,0.0032868192840560364
lstm,113,925,5,0.7971358299255371,0.13046917016757328,0.7565126299858094,0.13726215583983592,1.9983864961301248,0.0029952588888460243
lstm,113,930,5,0.7949429631233216,0.12956134249333576,0.7534847021102905,0.14002121755509356,1.9940210648212244,0.007964158518545853
lstm,113,935,5,0.796733045578003,0.12976257679122385,0.7566170454025268,0.13478077534321478,1.9976910796196812,0.0043473751047970926
lstm,113,940,5,0.7963302850723266,0.1331869427889045,0.7579221844673156,0.13517891050847103,1.9986126273795395,0.008080246079923439
lstm,113,945,5,0.8008503198623658,0.13330800393109973,0.7604280591011048,0.13607562844172358,1.994919868087268,0.0028405589220668374
lstm,113,950,5,0.8027746915817261,0.13127658984312843,0.761054515838623,0.13989877796632635,1.9987468558577972,0.008065110965424314
lstm,113,955,5,0.8066681861877442,0.13315999583056115,0.765648627281189,0.14192380017516606,2.000608186414188,0.005392792062237398
lstm,113,960,5,0.8070261836051941,0.1358472260029239,0.7681022882461548,0.13821679180575583,1.9999093949074858,0.0063723466475565605
lstm,113,965,5,0.80870441198349,0.1385960705992368,0.7706081509590149,0.14048076249484132,1.997895689376841,0.0072673529674513815
lstm,113,970,5,0.805571722984314,0.13331549135604867,0.764500105381012,0.13875514911660475,1.9987653207778635,0.005738406690255853
lstm,113,975,5,0.8098008751869201,0.1346767046657418,0.7686243534088135,0.14394311242239102,1.9983085992831682,0.005428899382914611
lstm,113,980,5,0.8126202940940856,0.13472285659598074,0.7729574203491211,0.14192669903126942,2.0004647487656415,0.004678110795676987
lstm,113,985,5,0.8124188899993896,0.13826399138164788,0.7755676984786988,0.14073978051977315,1.9994427140934927,0.005558413789263114
lstm,113,990,5,0.8151264548301697,0.13779329394751103,0.7787522673606873,0.14327926682826372,1.9982319283847172,0.007502316255046358
lstm,113,995,5,0.808145010471344,0.13262132599738422,0.7678934693336487,0.1427327338076404,1.9954376913348804,0.004912273114643928
lstm,113,1000,5,0.8158424854278564,0.13518834563395477,0.777551531791687,0.14476591881578746,2.0010062826949424,0.00465031338884717
lstm,113,1025,5,0.8217051029205322,0.13692415196874239,0.7836595892906189,0.14655852304263262,2.0015093513879045,0.011339261603982265
lstm,113,1050,5,0.8309912919998169,0.14108882755352822,0.795771312713623,0.14564528593424003,1.9975421439452763,0.003656572698308095
lstm,113,1075,5,0.8383307337760926,0.14384218646792463,0.8047506809234619,0.1490565042360402,2.0001926133802193,0.002447402376052754
lstm,113,1100,5,0.8363616108894348,0.14294518848176813,0.8006786465644836,0.15542787450009732,2.0011264680555696,0.005697845476729363
lstm,113,1125,5,0.8515775442123413,0.15033028486595415,0.8184807896614075,0.1627514591385132,1.9962823596020018,0.00438422138153594
lstm,113,1150,5,0.8518908143043518,0.14784967952171432,0.8190028548240662,0.16152689721244132,1.9985637525086357,0.00589986221715061
lstm,113,1175,5,0.8584023475646972,0.14942488972134857,0.8280866384506226,0.16137751815635684,1.9970095073216676,0.005417206585758879
lstm,113,1200,5,0.8562765836715698,0.14694428071425836,0.8256329417228698,0.1551186565247274,1.9999516688471395,0.005420460714633654
lstm,113,1225,5,0.8668829798698425,0.1525679995812116,0.8385277628898621,0.16345473185836285,2.0009250162978924,0.0035652643258411868
lstm,113,1250,5,0.8712911248207093,0.1547392863748293,0.8454711318016053,0.16522924950958612,2.0002122257986223,0.005817652152651908
lstm,113,1275,5,0.876527202129364,0.15609803061658328,0.8536152124404908,0.16268371468174453,1.9986421812434707,0.004079069439005988
lstm,113,1300,5,0.8868874669075012,0.15127272200249084,0.8635865092277527,0.16514042812135518,2.002487700903695,0.005076683259310751
lstm,113,1325,5,0.8837323904037475,0.14820164837884942,0.8583137273788453,0.16138878810469048,2.0005138900520527,0.003084822419757796
lstm,113,1350,5,0.8900648951530457,0.15023710043558605,0.8664056062698364,0.16398792295826134,1.9996653477199726,0.004453803545567825
lstm,113,1375,5,0.8911165952682495,0.14866892263611284,0.8675019264221191,0.16281202771313524,2.00080741192734,0.00299186757661484
lstm,113,1400,5,0.8935779929161072,0.14816131701604437,0.8711041212081909,0.16234504060047142,2.0025771150812597,0.0038684450796457343
lstm,113,1425,5,0.8987245559692383,0.1485532238258193,0.876115870475769,0.16392208781500295,1.9989529395359362,0.003515838784202871
lstm,113,1450,5,0.9003804206848145,0.1462407988979545,0.8775776267051697,0.16303989169347644,1.9984835809760682,0.0035339985560642897
lstm,113,1475,5,0.9028418183326721,0.1486754770918275,0.8814408540725708,0.1644526299536081,2.0014085902546177,0.00325340960879393
lstm,113,1500,5,0.9042515158653259,0.1448117883224368,0.8833202719688416,0.16132634946555854,1.9986807179097563,0.005005067269856573
lstm,113,1525,5,0.9071828365325928,0.14919194472443284,0.8886974334716797,0.16230267935540935,1.999744608323001,0.0045269230376494
lstm,113,1550,5,0.9140747547149658,0.14379401285265428,0.8943356394767761,0.16538025989009172,2.001291041492033,0.0020130173015114844
lstm,113,1575,5,0.9112776994705201,0.14726696548831358,0.8942312359809875,0.16061411892896274,1.999237456520199,0.004543067521813511
lstm,113,1600,5,0.910718297958374,0.14642288318785515,0.8928216934204102,0.16076433252983852,1.9986211524584294,0.005732243332265291
lstm,113,1625,5,0.9176326036453247,0.14390377901869347,0.8996606230735779,0.16058295241393836,2.001782998658517,0.0034522594474397854
lstm,113,1650,5,0.9170955538749694,0.14535900394374868,0.9007047414779663,0.16013257136647827,2.000346021358321,0.002150169089579539
lstm,113,1675,5,0.9178787350654602,0.13935662861032422,0.9004959344863892,0.15708289615345247,1.9995816841279583,0.0036871600740415555
lstm,113,1700,5,0.917475950717926,0.14264621729826948,0.8998694539070129,0.1616086160165545,2.0001873026176034,0.0021595732590079745
lstm,113,1725,5,0.9233385682106018,0.14094101124664896,0.9069172143936157,0.15937370466777254,2.0002798869524563,0.0015258974501638058
lstm,113,1750,5,0.9223987579345703,0.14577774019681372,0.9053510546684265,0.1683204920970046,1.999175021309267,0.0038143036545606615
lstm,113,1775,5,0.9258223533630371,0.14047435544760714,0.9102061748504638,0.1595732628707313,2.0008727282863497,0.0018586496087517259
lstm,113,1800,5,0.9247482776641845,0.14071860225797725,0.9089532494544983,0.1585358700386796,2.0012833756214796,0.0024629398510253252
lstm,113,1825,5,0.9268292784690857,0.13988825500671606,0.911772346496582,0.1599417556088148,2.002336176821551,0.002450979190296337
lstm,113,1850,5,0.9259789824485779,0.1415121299278498,0.9119289755821228,0.15936813047888237,2.0007222515103296,0.0015768977748626997
lstm,113,1875,5,0.9273215651512146,0.1397046826003608,0.9127120494842529,0.15927852917615995,1.9993850153640227,0.002404142359943316
lstm,113,1900,5,0.9291116714477539,0.1406164571801231,0.9142260074615478,0.16069079902300556,1.999941246003265,0.00198711068889959
lstm,113,1925,5,0.927433454990387,0.13982413992928006,0.9128686666488648,0.15975446058372028,2.0014150274265265,0.004687759133815903
lstm,113,1950,5,0.9290445446968079,0.14003029671333922,0.9150613069534301,0.15930205529005817,2.0017569964261925,0.002741494357121197
lstm,113,1975,5,0.929380190372467,0.13894330893639942,0.9154267549514771,0.1575301800409551,2.0022105074290173,0.0018585946415699515
lstm,113,2000,5,0.9301633596420288,0.14005362686385495,0.9164186477661133,0.15868526842095676,1.9992461010747875,0.0012969810924107134
lstm,113,2025,5,0.9297605872154235,0.13730887972012645,0.9156877756118774,0.15588240363240333,1.9988433116687023,0.003232729540855018
lstm,113,2050,5,0.9281718611717225,0.1438322734578904,0.915217924118042,0.16263238897366775,2.001852328813589,0.00261054468961086
lstm,113,2075,5,0.930633270740509,0.13444690393109798,0.9158966064453125,0.15428674419859015,2.0002699027417075,0.0013750498676302785
lstm,113,2100,5,0.9313940525054931,0.1407295318345901,0.9202818751335144,0.15724191196930476,1.9990462249075531,0.0012499581839764528
lstm,113,2125,5,0.932938027381897,0.13411656769979283,0.9205428957939148,0.1532284311438835,2.001272518817354,0.0018528204838202218
lstm,113,2150,5,0.9328261494636536,0.13740791054582477,0.9206995129585266,0.1564752207786822,1.9995538061669713,0.0023545724733070187
lstm,113,2175,5,0.9253076910972595,0.15109817834136863,0.913495135307312,0.1682599785056985,1.9990118295477664,0.0038268776120411615
lstm,113,2200,5,0.9363392353057861,0.13389793400006425,0.9246671557426452,0.15355570594824447,2.000074559291182,0.002140817376636074
lstm,113,2225,5,0.9324233651161193,0.13307865063663976,0.9192899703979492,0.15310985307306235,2.0014635150176194,0.0031664871746587757
lstm,113,2250,5,0.9313045501708984,0.1408628764242237,0.9193421602249146,0.15915373177188782,2.0015058623934996,0.0018039704594565733
lstm,113,2275,5,0.9283508777618408,0.14795262588558253,0.917723786830902,0.16352077213828142,1.9994556970349997,0.0015452377297680447
lstm,113,2300,5,0.9361825942993164,0.13015790763629162,0.9226311326026917,0.15244703803285037,1.9998100720261924,0.0013797986360351239
lstm,113,2325,5,0.9377489447593689,0.12902820475136373,0.9244061350822449,0.1520103073815075,1.9997872431169106,0.002573249933182899
lstm,113,2350,5,0.9317968487739563,0.13780713838381262,0.9195510029792786,0.1560918966964656,2.001657905387366,0.0008489994459097703
lstm,113,2375,5,0.9383978605270386,0.12539153590901403,0.9243539094924926,0.15003691957911502,1.9994735695180736,0.0035754078516779257
lstm,113,2400,5,0.9404117465019226,0.12454390996864993,0.9256068587303161,0.1511609393156109,2.000902595589762,0.002152457592468327
lstm,113,2425,5,0.9398523330688476,0.12512374265005283,0.9252414107322693,0.15041339837203146,2.001403155678171,0.0014602389034772654
lstm,113,2450,5,0.9394495487213135,0.12608521217750313,0.926337730884552,0.14883788910611465,2.000711430111043,0.002572253508157606
lstm,113,2475,5,0.9410606503486634,0.12058236896849717,0.9254502415657043,0.1483863121658936,1.9994175493610704,0.002071494498472812
lstm,113,2500,5,0.9360931038856506,0.1344484283678084,0.9249281883239746,0.153684222777271,2.000025473072353,0.002016554852873147
lstm,113,2525,5,0.9410382747650147,0.12370424507926152,0.9277472853660583,0.14797554356182832,1.999796844853951,0.001854602065154204
lstm,113,2550,5,0.93982994556427,0.12462336726015587,0.9270164132118225,0.14632007289068813,2.0010690132943374,0.0014872396836900967
lstm,113,2575,5,0.9434325456619262,0.1190241742972854,0.9292612552642823,0.14484526404934422,1.9992262812689137,0.0024943481174737633
lstm,113,2600,5,0.9426493763923645,0.12004102397064857,0.9295222878456115,0.14343113660391513,2.0004943905934387,0.002250454124672005
lstm,113,2625,5,0.943589186668396,0.11787888006615739,0.9300965428352356,0.14315337800199548,2.0006742464603655,0.0012828643467370363
lstm,113,2650,5,0.9444394707679749,0.11947184639584617,0.9315582871437073,0.14382470102978864,1.99926835471278,0.0022153383714024616
lstm,113,2675,5,0.9436115503311158,0.11703046190081094,0.9298355102539062,0.14217046722452617,2.0013409931289323,0.001261819921756336
lstm,113,2700,5,0.9435444355010987,0.11977439929785544,0.9310362458229064,0.14277973450669854,2.000639823317594,0.001948741810515315
lstm,113,2725,5,0.9432759165763855,0.12231566802450448,0.9307752132415772,0.14743085800978223,2.000240529775346,0.0018822372989233864
lstm,113,2750,5,0.9393376708030701,0.12713468166617192,0.9272774219512939,0.14845126115589222,2.0003059115092916,0.0017284604652880564
lstm,113,2775,5,0.9449765086174011,0.11551821805036594,0.9315582871437073,0.14103321545600364,2.0003022531376096,0.0010928970740201147
lstm,113,2800,5,0.9431640267372131,0.11994081804564362,0.9308796167373657,0.14298062260668362,1.9999508986745842,0.0019502980046762325
lstm,113,2825,5,0.9451779127120972,0.11556174360218306,0.9314538955688476,0.13926200266512345,2.0004708769552497,0.0009220735173900639
lstm,113,2850,5,0.9419333219528199,0.12275502734839724,0.9293656587600708,0.14650459750659953,1.9999359883075798,0.0009938864794611705
lstm,113,2875,5,0.944081449508667,0.12131688288382306,0.9325502038002014,0.14447287678362156,1.999877380347853,0.0005714039878922246
lstm,113,2900,5,0.9434996724128724,0.11900633180685878,0.931140661239624,0.1419676017351567,2.000615177914221,0.0009506716632225929
lstm,113,2925,5,0.9439695835113525,0.11807744654704845,0.9322369694709778,0.13965493301312032,1.9998700639228275,0.0015067860458522417
lstm,113,2950,5,0.9475050330162048,0.1145759079170837,0.9340641617774963,0.13974966858529045,2.001467943193905,0.0012169961153738204
lstm,113,2975,5,0.9487581133842469,0.11426789021001464,0.9363612174987793,0.13939424216388635,1.999460314580088,0.0009325849215076003
lstm,113,3000,5,0.9458491921424865,0.11560823506529393,0.9324458003044128,0.14077317552560525,2.00065587500483,0.0007603885184287209
lstm,113,3025,5,0.9475050449371338,0.1123416092550069,0.9342729806900024,0.13769645015076842,2.000138330648267,0.0008407203105011634
lstm,113,3050,5,0.9461400866508484,0.11528574802180057,0.9334899067878724,0.1396108582785379,2.000479489394115,0.001124037905528709
lstm,113,3075,5,0.9433206677436828,0.12561419854924452,0.9329678535461425,0.1463951130868382,1.999327937518339,0.001029189566319833
lstm,113,3100,5,0.9495189189910889,0.11219215713348364,0.9367788672447205,0.13845637073908626,1.999827554456631,0.0012931555993654603
lstm,113,3125,5,0.949653172492981,0.11220405530268324,0.9375097513198852,0.13827568616275154,2.000086292565349,0.0009424758601090581
lstm,113,3150,5,0.9451779007911683,0.12015577067130412,0.9340641736984253,0.14178476729600173,1.9998053121372514,0.0005985991274068677
lstm,113,3175,5,0.9470351338386536,0.11532519390976895,0.9348994612693786,0.1392022719010529,2.0001535067262237,0.0017198645879156398
lstm,113,3200,5,0.9509510040283203,0.10830557694118552,0.9378751873970032,0.13499549123021434,2.0006580882492386,0.0005862344643525962
lstm,113,3225,5,0.949160897731781,0.11224672774955909,0.9370398879051208,0.13759261233051742,1.9991918970779623,0.0008221999454173469
lstm,113,3250,5,0.9458715677261352,0.11786970028398076,0.9347950458526612,0.13945581705496846,1.9990353271766204,0.00012310208671191785
lstm,113,3275,5,0.9518013000488281,0.10690172407642047,0.9385016560554504,0.13489609898265373,2.0001456924649994,0.0012975991214458022
lstm,113,3300,5,0.9527634859085083,0.10562405652870215,0.939754593372345,0.1344210646822563,1.9997000920538597,0.0015990473298796467
lstm,113,3325,5,0.9438576936721802,0.12497539821655158,0.9346384286880494,0.143677910514711,2.000697575758715,0.001127624796134451
lstm,113,3350,5,0.9483105897903442,0.11501898640213623,0.9378229737281799,0.13714285434628734,2.000963608798743,0.000724927888987065
lstm,113,3375,5,0.9523159623146057,0.10593813175360407,0.9389715075492859,0.13428008799906746,2.0005301418863115,0.0015142633848735224
lstm,113,3400,5,0.952159321308136,0.10616380291714884,0.9387626886367798,0.1343154921772996,2.0008044773819664,0.0009192313386226888
lstm,113,3425,5,0.9527187347412109,0.10572412318085153,0.9396501779556274,0.13450862037974265,1.9994318011721994,0.0010849939393903177
lstm,113,3450,5,0.9506824851036072,0.1102147847789264,0.9390237092971802,0.1357640839216506,2.000159377942355,0.0007018816163682188
lstm,113,3475,5,0.9546654701232911,0.10137109053231645,0.9403810501098633,0.13331189142146183,2.0007525981082743,0.0017998820586301858
lstm,113,3500,5,0.9513985276222229,0.1085511559680982,0.9392325401306152,0.1348597040146266,1.999918055582361,0.00047219046581751763
lstm,113,3525,5,0.9554039001464844,0.09971991080382936,0.9414251685142517,0.13097717169269069,2.0003473409024157,0.00039882522016343783
lstm,113,3550,5,0.9500783205032348,0.11162826890572435,0.9392847418785095,0.13532575923832793,1.9997807601376798,0.0005730663484860361
lstm,113,3575,5,0.9548668622970581,0.10092076394163679,0.9407464981079101,0.13234886479164445,2.0000613238217526,0.0006174773748324271
lstm,113,3600,5,0.9466994881629944,0.11918356770307675,0.9371442914009094,0.1405495039214471,1.9999232751247746,0.0008552906002989294
lstm,113,3625,5,0.9540613174438477,0.10272201699234043,0.9410597205162048,0.1317943382585647,1.999960325918379,0.0007126176950734704
lstm,113,3650,5,0.9533452749252319,0.10432313673874535,0.9412163376808167,0.1314441316320494,1.9999657036118923,0.0016223330950260503
lstm,113,3675,5,0.9526963591575622,0.10577415650692622,0.9406420826911926,0.13272820482526718,2.000476882148434,0.0008635838885371138
lstm,113,3700,5,0.9547102332115174,0.10127099722415957,0.9416339874267579,0.13051023840933945,2.0003898078190856,0.0004565090635953907
lstm,113,3725,5,0.9499216794967651,0.11197852884425465,0.9398067831993103,0.13459599127068705,2.0004091581166237,0.001464516034918414
lstm,113,3750,5,0.9541284441947937,0.10257191701411637,0.9414251685142517,0.13097717169269069,2.0002083315431602,0.0006890393796757561
lstm,113,3775,5,0.9486909866333008,0.1147304417463848,0.9384494423866272,0.1376310975964813,2.0004206597965206,0.0005025750922148931
lstm,113,3800,5,0.9548221111297608,0.10102083059378617,0.9421560406684876,0.12934289187295764,1.9998375437736748,0.0009502552934477532
lstm,113,3825,5,0.9535242795944214,0.10392287013014788,0.9415817737579346,0.1306269917221829,1.9998202888852803,0.0008235288787155264
lstm,113,3850,5,0.9531662583351135,0.10472343000335034,0.9410597205162048,0.1317943382585647,2.0003893769031245,0.0005516724978746174
lstm,113,3875,5,0.9549787402153015,0.10067059731126336,0.9421560406684876,0.12934289187295764,2.0007495184607818,0.00046815576482552555
lstm,113,3900,5,0.9542626976966858,0.10227171705766827,0.9417906045913697,0.13016003178282418,2.000011862433124,0.0006041403241353595
lstm,113,3925,5,0.9509286165237427,0.10972694920287132,0.9404854655265809,0.13307841145178248,1.9999609499453164,0.0005422618607723924
lstm,113,3950,5,0.9527634859085083,0.10562405652870215,0.941477370262146,0.13086044503585476,2.000009737320571,0.0004754531805605221
lstm,113,3975,5,0.9531886339187622,0.10467339667727564,0.9415817856788635,0.1304811056930039,2.000453055252072,0.0009489858427670266
lstm,113,4000,5,0.9531886339187622,0.10467339667727564,0.9417906045913697,0.13016003178282418,2.000523553024973,0.0008692501505678454
lstm,113,4025,5,0.9537256717681885,0.10347254353946822,0.9415817737579346,0.1306269917221829,2.0001190396831148,0.0006048336561742478
lstm,113,4050,5,0.9551130056381225,0.10037037069880776,0.9424692749977112,0.12864247861992706,2.0002051451313183,0.00057636729081378
lstm,113,4075,5,0.9554486513137818,0.09961984415167997,0.9427825093269349,0.12794206536689645,1.999838057950631,0.00021682365468210645
lstm,113,4100,5,0.9541731953620911,0.10247185036196702,0.9419994235038758,0.12969309849947294,2.0002841896262398,0.0004968143345013427
lstm,113,4125,5,0.9566569685935974,0.0969179645756245,0.9435133934020996,0.12630775889115592,2.0001262315020543,0.00027750586213253273
lstm,113,4150,5,0.9569926142692566,0.09616743802849671,0.9437744140625,0.12572409895096873,2.0005396936105817,0.00029057304199572116
lstm,113,4175,5,0.9562094449996948,0.09791865775312568,0.9428869247436523,0.12770858539721708,2.000251665982218,0.00032282117006810564
lstm,113,4200,5,0.9566345930099487,0.09696799790169917,0.9429913282394409,0.12747513208354525,2.0000059939428105,0.0005030851545661931
lstm,113,4225,5,0.9573730111122132,0.09531684482921958,0.9438266277313232,0.1256073456381253,1.9999946761679197,0.000493281546677527
lstm,113,4250,5,0.9569478631019592,0.0962675046806461,0.9431479454040528,0.12712492545702994,1.9998955910002265,0.0003920518537490153
lstm,113,4275,5,0.9586260914802551,0.09251487194500725,0.944557499885559,0.12397306581839228,2.0002238172618427,0.0007059178635204652
lstm,113,4300,5,0.9572387576103211,0.0956170447856677,0.9439310312271119,0.12537389232445345,2.000618955527235,0.0004481162299899604
lstm,113,4325,5,0.9579548001289367,0.09401592503926279,0.9445052981376648,0.12408979247522818,2.0002210342856204,0.0002716922375807042
lstm,113,4350,5,0.9576862812042236,0.09461635160816652,0.9445052981376648,0.12408979247522818,2.000071976681055,0.00013503591579714803
lstm,113,4375,5,0.9562989473342896,0.09771852444882696,0.9433045625686646,0.1267747188305146,2.000062429682403,0.000300094760565079
lstm,113,4400,5,0.9573282599449158,0.09541691148136897,0.9437222123146057,0.12584082560780468,2.0001868665651594,0.0001789736498538045
lstm,113,4425,5,0.9572163820266724,0.09566707811174237,0.9437744140625,0.12572409895096873,2.00021069085107,0.0005483240413927611
lstm,113,4450,5,0.9575520277023315,0.09491655156461462,0.9440876483917237,0.12502368569793815,1.9998990226477986,0.0004077149486008076
lstm,113,4475,5,0.9578429222106933,0.09426609166963622,0.9441920638084411,0.1247902057282588,2.000294021615508,0.0005479677917445187
lstm,113,4500,5,0.9587155938148498,0.0923147386407085,0.9451317667961121,0.12268896596916702,2.0003840996129156,0.0006382832673916629
lstm,113,4525,5,0.9583351969718933,0.09316533183998565,0.9452361822128296,0.12245548599948765,2.0000545787812163,0.00044737797447551845
lstm,113,4550,5,0.9582456946372986,0.09336546514428438,0.9452883839607239,0.12233875934265172,2.0002185126034515,0.00027232013167832465
lstm,113,4575,5,0.9586708426475525,0.09241480529285787,0.9451317667961121,0.12268896596916702,2.0001341420156367,0.00031937164221027453
lstm,113,4600,5,0.9592750072479248,0.09106385217682639,0.9456016182899475,0.12163834608962114,2.00015437502393,0.00035395952289413944
lstm,113,4625,5,0.9587379693984985,0.09226470531463381,0.9456016182899475,0.12163834608962114,2.000266741634115,0.00048337171357443507
lstm,113,4650,5,0.9590512394905091,0.09156421209358073,0.9456538200378418,0.12152161943278518,2.000229024793568,0.0005085451974797266
lstm,113,4675,5,0.9592526316642761,0.09111388550290107,0.9456538200378418,0.12152161943278518,2.0001050349475387,0.00016102319417496936
lstm,113,4700,5,0.9592526316642761,0.09111388550290107,0.9457582354545593,0.12128813946310583,2.000036565211695,0.0004945838409774314
lstm,113,4725,5,0.9597672939300537,0.08996306569116831,0.9457060337066651,0.12140486611994175,2.0001668914146435,0.00021557634535288584
lstm,113,4750,5,0.9604609608650208,0.08841197927083808,0.9459148526191712,0.12093793283659052,2.0001257483095563,0.00011386538956696612
lstm,113,4775,5,0.9594763994216919,0.0906135255861467,0.9457582354545593,0.12128813946310583,2.000087720372934,0.00044108716084545723
lstm,113,4800,5,0.9603266954421997,0.08871220588329369,0.9458104372024536,0.1211714128062699,2.000062050358367,4.295210321447311e-05
lstm,113,4825,5,0.9606175899505616,0.08806174598831529,0.9459670543670654,0.12082120617975461,2.00006137324777,0.0004347247907782111
lstm,113,4850,5,0.9606175899505616,0.08806174598831529,0.9461236715316772,0.1204709995532393,2.0001395803378066,0.00020996889425852863
lstm,113,4875,5,0.9608413577079773,0.08756138607156094,0.9461758852005004,0.12035424624039587,2.0000797592949855,0.00023938266780736616
lstm,113,4900,5,0.9604609608650208,0.08841197927083808,0.9465413212776184,0.11953710633052937,2.000230421720445,0.0001448036112626386
lstm,113,4925,5,0.9609756112098694,0.08726118611511283,0.9464369058609009,0.11977058630020872,2.0001754130429106,0.0003671285001374153
lstm,113,4950,5,0.9610651135444641,0.0870610528108141,0.9461236715316772,0.1204709995532393,2.0001507971149883,0.00017637589066013152
lstm,113,4975,5,0.960930860042572,0.08736125276726221,0.9466979384422303,0.11918689970401405,2.000170059406866,0.00017145398679724736
lstm,113,5000,5,0.9611993789672851,0.08676082619835848,0.9467501401901245,0.11907017304717814,2.000120015835084,0.00017544980778938824
lstm,113,5025,5,0.961423134803772,0.08626049293761165,0.9469067573547363,0.11871996642066283,2.000101979179363,0.0001650447936758594
lstm,113,5050,5,0.9614678978919983,0.08616039962945476,0.9471677899360657,0.11813627982446817,2.000051949443384,0.00026115840189939906
lstm,113,5075,5,0.9616692781448364,0.0857100996947826,0.9471155881881714,0.11825300648130409,2.000125094054487,0.00010237392462734132
lstm,113,5100,5,0.9618706703186035,0.08525977310410295,0.9472722053527832,0.11790279985478881,2.0001036796735763,0.0001519268081723473
lstm,113,5125,5,0.9619825482368469,0.08500960647372952,0.9470633745193482,0.11836975979414752,2.000080937494871,0.00017798904745327293
lstm,113,5150,5,0.9625643372535706,0.08370868668377271,0.9471677899360657,0.11813627982446817,2.00018942292606,0.00015226744323986415
lstm,113,5175,5,0.9625419616699219,0.0837587200098474,0.9473766088485718,0.11766934654111694,2.0002046371907376,0.0002754567153131621
lstm,113,5200,5,0.9625643372535706,0.08370868668377271,0.9475854396820068,0.11720238660175822,2.0002291047145584,0.00013869376346874483
lstm,113,5225,5,0.9632132530212403,0.08225766691559185,0.9475332260131836,0.11731913991460165,2.000215508644996,0.0003104054041156416
lstm,113,5250,5,0.9632356286048889,0.08220763358951717,0.9473766088485718,0.11766934654111694,2.000155635655113,0.00011632859688527042
lstm,113,5275,5,0.963302755355835,0.08205753361129312,0.9474810242652894,0.11743586657143758,2.000226894720649,0.0001593914151294446
lstm,113,5300,5,0.9637726545333862,0.08100680710771722,0.9475854396820068,0.11720238660175822,2.0000640646416454,0.0002120585882759076
lstm,113,5325,5,0.9641083002090454,0.08025628056058945,0.9476898431777954,0.11696893328808636,2.0001604490270317,0.0002322140689502512
lstm,113,5350,5,0.9638845443725585,0.08075661382133632,0.9476898431777954,0.11696893328808636,2.0001790424909878,5.11727049911175e-05
lstm,113,5375,5,0.9643991947174072,0.07960582066561105,0.9476376414299011,0.11708565994492227,2.000183969881919,0.00015392696512529365
lstm,113,5400,5,0.9646677136421203,0.07900539409670734,0.9477942585945129,0.11673545331840698,2.0001661566905957,0.0002471694905563169
lstm,113,5425,5,0.9644439458847046,0.07950575401346169,0.9479508757591247,0.11638524669189171,2.000155122012356,0.00017296542352026898
lstm,113,5450,5,0.9646677136421203,0.07900539409670734,0.9480030775070191,0.11626852003505575,2.000154681840557,8.025640533593253e-05
lstm,113,5475,5,0.9649362325668335,0.07840496752780361,0.9480552792549133,0.11615179337821983,2.0001735545996846,0.00010402174898552617
lstm,113,5500,5,0.9646677136421203,0.07900539409670734,0.9481596946716309,0.11591831340854047,2.0001291920838264,0.00015635157432143407
lstm,113,5525,5,0.9649362325668335,0.07840496752780361,0.9481596946716309,0.11591831340854047,2.000110223410297,0.00022639913699112532
lstm,113,5550,5,0.9650704860687256,0.07810476757135551,0.9481074929237365,0.1160350400653764,2.0001984998146334,0.0002445238717913621
lstm,113,5575,5,0.9653390049934387,0.07750434100245178,0.9481596946716309,0.11591831340854047,2.0000987880162175,9.643651570735981e-05
lstm,113,5600,5,0.9655627727508544,0.07700398108569743,0.9482118964195252,0.11580158675170452,2.000145353954076,0.00015664646301496023
lstm,113,5625,5,0.9656298995018006,0.07685388110747338,0.9482641100883484,0.11568483343886109,2.000162559316627,0.000170632610040623
lstm,113,5650,5,0.9656746506690979,0.07675381445532403,0.9483163118362427,0.11556810678202517,2.0001712225401262,0.00020429719371451729
lstm,113,5675,5,0.9658536553382874,0.07635354784672653,0.9482641100883484,0.11568483343886109,2.0001594080818057,9.971531084131135e-05
lstm,113,5700,5,0.9659207940101624,0.07620342121249497,0.948368513584137,0.11545138012518924,2.0001531959847814,0.00013285595038775303
lstm,113,5725,5,0.9661445498466492,0.07570308795174814,0.9484207272529602,0.11533462681234581,2.000182997852236,0.0002647553589691121
lstm,113,5750,5,0.9661669254302978,0.07565305462567347,0.9484729290008544,0.11521790015550987,2.000158440442612,0.0001902791060387169
lstm,113,5775,5,0.9661669254302978,0.07565305462567347,0.9484729290008544,0.11521790015550987,2.0001100745527416,0.00018446329862637444
lstm,113,5800,5,0.9663683176040649,0.07520272803499378,0.9486817479133606,0.11475096687215863,2.000123101624589,0.00017645931938380154
lstm,113,5825,5,0.9663011908531189,0.07535282801321784,0.948577344417572,0.11498442018583051,2.0001114224781675,0.00010224890664347902
lstm,113,5850,5,0.9664130687713623,0.07510266138284441,0.9485251307487488,0.11510117349867394,2.0001412500253815,0.00015635286608085754
lstm,113,5875,5,0.9665473341941834,0.07480243477038882,0.948368513584137,0.11545138012518924,2.000133620573674,0.00016267711880005984
lstm,113,5900,5,0.9664801955223083,0.07495256140462035,0.9484729290008544,0.11521790015550987,2.0001140375076583,0.00012674516531811005
lstm,113,5925,5,0.9665249466896058,0.07485249475247101,0.9484729290008544,0.11521790015550987,2.000145719886249,0.00017944131877632542
lstm,113,5950,5,0.9665697097778321,0.07475240144431412,0.9484729290008544,0.11521790015550987,2.000160822029445,0.00012770926649264844
lstm,113,5975,5,0.9666144609451294,0.07465233479216477,0.9483163118362427,0.11556810678202517,2.00012248500379,0.00011543503099528514
lstm,113,6000,5,0.9666144609451294,0.07465233479216477,0.948577344417572,0.11498442018583051,2.0001434589267006,0.00015978860018072536
mlp,79,0,5,0.11071428507566446,0.033970299834571435,0.10432461649179459,0.02554824116374795,18.148621906282024,3.0527452286333694
mlp,79,1,5,0.11172161251306527,0.03497730763524778,0.10528564304113386,0.025833396179654296,17.978634952001094,3.0441116227701337
mlp,79,2,5,0.11382783949375146,0.03789262157280047,0.10603310465812679,0.026433851581651038,17.791931289303303,3.023630546228214
mlp,79,3,5,0.11593406647443764,0.0400440158431648,0.10624666512012478,0.02860742830443706,17.592313530676087,2.995661597770389
mlp,79,4,5,0.1166666656732559,0.04054415294817637,0.10688734799623485,0.029197702375571816,17.38225436042355,2.962596811618328
mlp,79,5,5,0.11849816888570783,0.041855115408321146,0.10870261937379833,0.02904402192298909,17.16341395790159,2.925826865340143
mlp,79,6,5,0.12023809552192681,0.04345880874553582,0.11051788926124566,0.03146631854447258,16.937058698509464,2.886374420486758
mlp,79,7,5,0.12225274741649624,0.045478293744853945,0.11297384053468702,0.03354805339131422,16.704193353575285,2.8450088874135826
mlp,79,8,5,0.12326007187366479,0.04574935232972161,0.11446876972913737,0.035137542638309927,16.465660293773492,2.8023592091812803
mlp,79,9,5,0.12403846234083171,0.04513657246002021,0.11510945111513134,0.03508476825166212,16.22214600720541,2.7589225582972117
mlp,79,10,5,0.12431318759918208,0.04396826690692409,0.11542979329824443,0.034272652933536894,15.974227540524884,2.715125026772576
mlp,79,11,5,0.12481684982776635,0.043897098049438844,0.11596369594335551,0.03456871228825733,15.722396023244874,2.6713659587878693
mlp,79,12,5,0.12605311423540114,0.043976787967821965,0.11628403961658473,0.03422479826863842,15.46707388315076,2.6279996462869213
mlp,79,13,5,0.126739926636219,0.04357329159402513,0.11649760156869884,0.03344764196720163,15.208634893068666,2.5853262224428937
mlp,79,14,5,0.1279761910438537,0.04402008701169532,0.11745862662792203,0.033129954635025015,14.947433686358433,2.5436181851767974
mlp,79,15,5,0.12967033237218853,0.04537982587994052,0.117778967320919,0.03320643780306178,14.683810076147726,2.5031073055788937
mlp,79,16,5,0.13214285671710962,0.04503019627949745,0.11873999089002607,0.03293925201974095,14.418110782324055,2.4640128524407796
mlp,79,17,5,0.13356227129697798,0.045280674489884765,0.12023492008447642,0.03371290845118347,14.150669769770479,2.4264998989212008
mlp,79,18,5,0.13598901182413098,0.04526371861011986,0.12130272388458248,0.03197271294998225,13.881818073165354,2.390685848191996
mlp,79,19,5,0.1386446893215179,0.04466445424386987,0.12375868111848828,0.0327043297521536,13.611895157008764,2.3566709267152834
mlp,79,20,5,0.1422161161899566,0.04603709194204199,0.1256807297468185,0.03334564125338923,13.34124456230301,2.3244733818307117
mlp,79,21,5,0.14349817037582396,0.0466857325019882,0.12568073123693463,0.033898840185365875,13.070205713345004,2.294059515391412
mlp,79,22,5,0.1446886450052261,0.0476435300172232,0.1280299022793769,0.03594716965260488,12.799118383678676,2.2653980257214004
mlp,79,23,5,0.14601648449897767,0.047938103856290264,0.12995195090770717,0.03644761951477472,12.528331108470741,2.2383880315675015
mlp,79,24,5,0.14771062582731243,0.04757979353205021,0.13240790665149685,0.03646404202977897,12.25817683969708,2.2128835228063926
mlp,79,25,5,0.1495421260595321,0.047169895090611154,0.13475707769393916,0.035848308114921276,11.988992402258214,2.1886862636882127
mlp,79,26,5,0.15091575086116787,0.04729307050293112,0.13507741987705227,0.035360739814566305,11.72109656428318,2.165588528640432
mlp,79,27,5,0.1531135559082031,0.04792990548719479,0.1355045408010482,0.035238399130215974,11.454794281336044,2.1433620214419076
mlp,79,28,5,0.15412087887525555,0.04793537105988857,0.13614522516727443,0.03598005990962323,11.190390399837037,2.1217646306671303
mlp,79,29,5,0.15558608174324032,0.04830005547643434,0.13689268976449964,0.035907894670104634,10.92818775571501,2.10056330351814
mlp,79,30,5,0.15796703100204462,0.04902475463952373,0.1388147413730621,0.036205150826464146,10.668430645217736,2.0794969979455007
mlp,79,31,5,0.15993589609861372,0.049896240466872896,0.13998932540416714,0.03645309407928246,10.411378456510516,2.0583468407813137
mlp,79,32,5,0.16227106451988216,0.0501680360511973,0.14116391092538827,0.03771221433310685,10.157253575823592,2.0369175981930856
mlp,79,33,5,0.16437729001045226,0.05119305609644875,0.14372664391994475,0.038610070401497866,9.906271914218795,2.0150043124289616
mlp,79,34,5,0.16689560562372202,0.05114337864463816,0.14639616012573237,0.03931606239743864,9.658625691723845,1.9924497736635025
mlp,79,35,5,0.16955128312110895,0.051586131304083474,0.14767752587795252,0.03816490172563357,9.414494775818056,1.969095760944996
mlp,79,36,5,0.17261904925107951,0.050965263750934846,0.1494927957653999,0.038376065479613634,9.174072525786784,1.944845032725058
mlp,79,37,5,0.1744963347911834,0.0506284798188619,0.15141484588384624,0.0392057037976216,8.937507172088502,1.9195856544991112
mlp,79,38,5,0.1758241757750511,0.05152039846297256,0.15226909220218657,0.03893905362435349,8.704929373998688,1.893281130261989
mlp,79,39,5,0.17660256475210187,0.051874632438676474,0.15269621312618253,0.03926818310526254,8.476463263687283,1.865874164952557
mlp,79,40,5,0.17838827818632125,0.05251998426579982,0.15451148301362988,0.04018235411253275,8.25222793951134,1.8373387727361963
mlp,79,41,5,0.1794871777296066,0.05280899151981046,0.1552589446306228,0.04080149763414017,8.03230615176858,1.80767241175254
mlp,79,42,5,0.1804029285907745,0.05316286925831809,0.15589962899684903,0.04166324072366129,7.816801756428707,1.7769207026126788
mlp,79,43,5,0.18054029196500773,0.052673742080709005,0.1560064077377319,0.040677297620979,7.605782582681124,1.7450948535205426
mlp,79,44,5,0.18095238059759136,0.05205290979811192,0.1570742145180702,0.04139967788656928,7.399315603239375,1.712218485478662
mlp,79,45,5,0.18113553225994106,0.05208758726880692,0.15675387680530545,0.040560104591513234,7.197445045856691,1.6783312051495083
mlp,79,46,5,0.181501829624176,0.05194854076223223,0.1570742145180702,0.04000069133238942,7.000233787473382,1.6434989196741319
mlp,79,47,5,0.18237179517745966,0.05194959943750553,0.15888948589563365,0.04005445786697142,6.807726878452063,1.6077597595062136
mlp,79,48,5,0.18232600688934325,0.051945310326895686,0.15867592543363568,0.04013763343628993,6.619935886887217,1.5711624388394259
mlp,79,49,5,0.18305860757827755,0.05185316152536203,0.15824880748987197,0.04013266568686577,6.4368968699972555,1.533760243912379
mlp,79,50,5,0.18315018415451045,0.05194314283224906,0.1578216806054115,0.041115026379072786,6.258617764352023,1.495608859935686
mlp,79,51,5,0.18379121124744416,0.05127269969943091,0.15814202129840846,0.040463001693822505,6.085095200936239,1.4567612902312872
mlp,79,52,5,0.18415751010179518,0.051321286014397886,0.15878270566463465,0.04152892436756234,5.916344505895308,1.4172817765485402
mlp,79,53,5,0.18452381044626234,0.050840417368577626,0.16027763485908506,0.039194430036028946,5.752356386781477,1.3772306636536154
mlp,79,54,5,0.18447802066802974,0.05037732877948761,0.1609183177351951,0.03886247850423742,5.593127256978632,1.336738735419832
mlp,79,55,5,0.18406593203544613,0.05050944199943137,0.16070475429296488,0.03910086608834842,5.438648223440017,1.2959076230703774
mlp,79,56,5,0.18406593501567836,0.05024100970782417,0.16038441359996788,0.038739424177130055,5.288897870077851,1.2548396296760769
mlp,79,57,5,0.18484432399272915,0.05032064843381778,0.16017085462808606,0.039919725945925535,5.143849168759891,1.213681027400176
mlp,79,58,5,0.18502747416496274,0.05039501606523098,0.16027763485908506,0.03995434292345147,5.003456439347723,1.1725647555438643
mlp,79,59,5,0.18612637221813197,0.051160281280700166,0.16059797704219816,0.04086955445814627,4.867693025972559,1.1316715085601865
mlp,79,60,5,0.1864468842744827,0.05220497981760485,0.16284036934375762,0.04277224891217362,4.736539940937377,1.0911593676059008
mlp,79,61,5,0.18658424764871595,0.0524507262253547,0.1636946126818657,0.044005064721529964,4.60995240523818,1.0511906936812367
mlp,79,62,5,0.18672161400318144,0.05272495783675456,0.16316070854663844,0.04422797987835988,4.48788301088798,1.0119521656945054
mlp,79,63,5,0.1867216140031814,0.05245312603493645,0.16401495188474652,0.04593953762470747,4.370285946686067,0.9736035207755087
mlp,79,64,5,0.18676740080118176,0.053203868586321784,0.16305392831563947,0.04579691881779676,4.257095225639773,0.9363013596395515
mlp,79,65,5,0.1870879143476486,0.05312006179917707,0.16316071003675459,0.04511336909262023,4.148231469483467,0.900173617038632
mlp,79,66,5,0.18768315315246578,0.053425305341633214,0.16294714659452433,0.04427435860926093,4.043644864853077,0.865365094391295
mlp,79,67,5,0.1874542132019996,0.053341114728794436,0.16316070854663844,0.044775642264521395,3.9432591816265186,0.8319961171824264
mlp,79,68,5,0.18663004040718076,0.053760748796192664,0.16326748877763744,0.0459550496179433,3.8469887639528566,0.8001571530933645
mlp,79,69,5,0.18708791285753243,0.05454231984492594,0.16358783394098278,0.04754074487448962,3.7547349184657692,0.7698825456153315
mlp,79,70,5,0.18750000149011609,0.054992489895973044,0.16252002418041225,0.04674410160360639,3.66639854942258,0.7412179880436275
mlp,79,71,5,0.187042124569416,0.054655976359874396,0.1630539312958717,0.04696312295885395,3.5818675576667394,0.7141617451282494
mlp,79,72,5,0.18800366520881648,0.055008310488020976,0.16241324096918106,0.04660638342238412,3.50103424652509,0.6886964583554974
mlp,79,73,5,0.18873626738786697,0.056154328274289275,0.16177256107330318,0.04570252012515083,3.4237828986925374,0.6647611670080409
mlp,79,74,5,0.18928571492433544,0.056195099206765325,0.1623064666986465,0.04465196790618635,3.34999453325495,0.642284687854965
mlp,79,75,5,0.18956044167280192,0.055788046965762596,0.16305393278598782,0.04388506190306983,3.2795437188258028,0.6211716314083059
mlp,79,76,5,0.18914835155010218,0.055097323156264214,0.16294714659452436,0.042696206963941365,3.2123148609401673,0.6013178628630067
mlp,79,77,5,0.18937729001045223,0.05470231801423781,0.16326749175786967,0.04200292436514515,3.148188871564479,0.5826044288738729
mlp,79,78,5,0.18974359482526776,0.05445841415917759,0.1630539312958717,0.04068816193344297,3.0870484976045276,0.5649147451593318
mlp,79,79,5,0.1908424943685531,0.05505574451640913,0.16326749026775353,0.04187548221342314,3.028778392609607,0.5481161573965441
mlp,79,80,5,0.1914835155010223,0.055314072426459186,0.1639081716537475,0.042220542777809046,2.9732559983565006,0.5320811186591644
mlp,79,81,5,0.1915750905871391,0.05424336202464635,0.1632674917578697,0.04312302532206572,2.9203700316189023,0.5166819573938122
mlp,79,82,5,0.191529306769371,0.05367396469025933,0.16294714808464045,0.04342438771907876,2.869998526444397,0.5017909680343646
mlp,79,83,5,0.19262820482254023,0.05405538922974524,0.16219968348741526,0.0442485921269157,2.822047507615012,0.48730799090600513
mlp,79,84,5,0.1923076942563057,0.05481564711016028,0.162199680507183,0.0434211077063144,2.7764041799195662,0.47313098371015666
mlp,79,85,5,0.1939560443162918,0.05478083268476534,0.16166578382253644,0.043501455536763184,2.7329726210352256,0.4591788752279334
mlp,79,86,5,0.19491758346557617,0.0545142480006203,0.16187934130430218,0.04184142704179335,2.691651347033324,0.44538140948492455
mlp,79,87,5,0.19569597244262693,0.05458650454710534,0.1619861245155334,0.043080368165055054,2.6523529825415815,0.4316763152710312
mlp,79,88,5,0.19601648449897763,0.055059739866723106,0.16209290176630015,0.042987635231690975,2.61498451493224,0.4180218970895982
mlp,79,89,5,0.19587911963462826,0.054953305015264686,0.16273358613252636,0.043114761391255946,2.579465891425516,0.4043857536891365
mlp,79,90,5,0.19633699655532832,0.05465252968076609,0.16198612451553343,0.04401477850546671,2.5457146125117296,0.3907507946023251
mlp,79,91,5,0.19619963765144344,0.05494672747800153,0.16284036636352534,0.046403496913297954,2.513660879139437,0.3771091364705138
mlp,79,92,5,0.1967948704957962,0.05496569914922244,0.16284036636352534,0.04661800281109125,2.483236841487323,0.36345962700000445
mlp,79,93,5,0.19835164844989772,0.05257014954408309,0.1646556347608566,0.04544231371776838,2.4543763471302666,0.34981258182059405
mlp,79,94,5,0.19922161400318142,0.05362652754028671,0.16508275866508476,0.045972106642697255,2.4270217430470553,0.3361872677496665
mlp,79,95,5,0.1994505494832992,0.054335556923405165,0.165403102338314,0.047809500860703645,2.4011130676828563,0.3226025208317996
mlp,79,96,5,0.19977106153964994,0.05519597548229695,0.16604378223419183,0.04871845052230686,2.37659931935633,0.30908934456808446
mlp,79,97,5,0.1992673963308334,0.055998929965212864,0.1663641273975372,0.04940635632883037,2.353430872145922,0.2956750956285483
mlp,79,98,5,0.19990842342376705,0.05595768787262638,0.16721836775541302,0.04977824107238144,2.3315608416582667,0.2823884418588202
mlp,79,99,5,0.2005494505167007,0.05655433321703004,0.16828617751598354,0.050477684456754594,2.3109477432418015,0.26926751767878815
mlp,79,100,5,0.20100732445716854,0.057536287086315134,0.16903364211320873,0.051679205287445414,2.2915495533903454,0.2563417462020524
mlp,79,101,5,0.2011904776096344,0.058321727958592376,0.1689268603920936,0.051644716357336265,2.2733276293022096,0.24364834470910976
mlp,79,102,5,0.2023809492588043,0.05932756417379104,0.1689268603920936,0.05302544983936917,2.2562405470756266,0.23121864707820794
mlp,79,103,5,0.20329670608043665,0.06019691448899356,0.16999466717243192,0.05343911618745309,2.2402474080290506,0.21907908553473673
mlp,79,104,5,0.2037545800209045,0.06082660756631818,0.17170315682888027,0.0534337763744613,2.2253111874740616,0.20725882943183466
mlp,79,105,5,0.20462454259395596,0.061789735434589085,0.17234383672475811,0.05342550728174047,2.2113943959071762,0.19578465467818418
mlp,79,106,5,0.2051739931106567,0.06232562752785891,0.17319808304309842,0.05430424265467112,2.198456551486404,0.18467410331602122
mlp,79,107,5,0.2061355352401733,0.06264754759722876,0.1738387659192085,0.0544928868574543,2.1864614677785816,0.17394748964618387
mlp,79,108,5,0.20705127716064448,0.06287844698449062,0.1746930122375488,0.054606280476880785,2.1753685492651273,0.16361927597366496
mlp,79,109,5,0.2083791226148605,0.06347139034973658,0.17522691488265987,0.054931574514204065,2.1651386483657618,0.15369991796093052
mlp,79,110,5,0.20961537957191462,0.06392398846209174,0.17522691041231153,0.05625065826853471,2.155732103537332,0.14419828992635514
mlp,79,111,5,0.211355310678482,0.0650890986862519,0.17714896351099013,0.057026971958230484,2.147110369519077,0.13512149651042146
mlp,79,112,5,0.21245421469211573,0.06569036894427552,0.17736252248287196,0.05692441007293484,2.1392334050941377,0.12647067098624257
mlp,79,113,5,0.21414835155010223,0.06629825247572926,0.17864389121532437,0.058095641860470136,2.132058462583567,0.11824496399083477
mlp,79,114,5,0.2153388291597366,0.06711109803854727,0.1797117009758949,0.059033821311861204,2.1255460290063564,0.1104432212860889
mlp,79,115,5,0.21657509505748745,0.06791969696583053,0.18035238087177272,0.05953602959404907,2.1196579369174313,0.10306119054203296
mlp,79,116,5,0.21799450814723964,0.0686040811910261,0.18142018467187876,0.06081853834048941,2.1143538216441358,0.09609589189335949
mlp,79,117,5,0.21936812996864313,0.06964438115416122,0.1833422377705574,0.06199207662534226,2.1095927321178736,0.08953873838994927
mlp,79,118,5,0.22019231021404267,0.07015165847881873,0.1846236020326614,0.06268687529915111,2.1053361816856366,0.08338115534636616
mlp,79,119,5,0.22335164844989777,0.0713855568472279,0.186438874900341,0.06305639160674009,2.1015471319048196,0.07761292196007982
mlp,79,120,5,0.22486264109611512,0.07245859596382395,0.18793379813432687,0.06378519085931708,2.098187550796174,0.07222070470617913
mlp,79,121,5,0.2263736248016357,0.07289309796028218,0.18964229375123973,0.06453536597969278,2.095218988170049,0.06719113597464135
mlp,79,122,5,0.22815934121608733,0.07386188788012446,0.19135078042745585,0.0659781659645666,2.0926064565947207,0.06250996905966023
mlp,79,123,5,0.2298534780740738,0.07386692096455286,0.19316605031490325,0.06612899111377049,2.090315584115821,0.058160006100204095
mlp,79,124,5,0.2320512861013412,0.07462432952227062,0.19391351640224452,0.06648902332332107,2.0883144698652565,0.0541246778846341
mlp,79,125,5,0.2342490822076797,0.0754149859330181,0.1946609705686569,0.06650101980127918,2.0865725083100473,0.0503853890544112
mlp,79,126,5,0.23580586612224574,0.07626393632218004,0.19594234228134152,0.06807208825962116,2.085060866979746,0.046922522295518874
mlp,79,127,5,0.23782050907611843,0.077716415052556,0.19733049273490902,0.06959460229463185,2.083750419596103,0.04371634023948068
mlp,79,128,5,0.23914835155010222,0.07845779300904963,0.19882541894912714,0.07007624497746215,2.082615187637285,0.04074704149484643
mlp,79,129,5,0.2415293008089065,0.07923213495386089,0.20010678470134727,0.0712339217851765,2.0816307820649698,0.0379948450673399
mlp,79,130,5,0.24340659677982326,0.08055720009429058,0.2008542537689209,0.07147561715054608,2.080773747120514,0.035439656548797514
mlp,79,131,5,0.24487180113792414,0.08204417450152245,0.2021356225013733,0.07299899363991352,2.08002282216765,0.0330626648575011
mlp,79,132,5,0.2460164904594421,0.0827771549240048,0.20405766665935512,0.07437689978389307,2.079359469781456,0.030849625763613577
mlp,79,133,5,0.24734432399272915,0.08426177162914705,0.20480513274669648,0.07406215925772493,2.078767233506736,0.028785348607682826
mlp,79,134,5,0.24917582571506497,0.08519923245798884,0.20630005598068232,0.0755926071459242,2.0782298140901623,0.026857115357545862
mlp,79,135,5,0.25041208565235135,0.08590388941068894,0.20747464597225185,0.07627021873769876,2.0777339088112323,0.025055309801574274
mlp,79,136,5,0.25169414281845087,0.0863616740410803,0.20961025357246393,0.07838795729363426,2.0772674915377514,0.023373925135569094
mlp,79,137,5,0.25334248840808865,0.08758425616669126,0.21089162230491634,0.07993668508209935,2.07681992931264,0.021810371491571147
mlp,79,138,5,0.2548534840345383,0.0889100307477044,0.21270689070224758,0.0813843823449073,2.076382779019709,0.020364320242938994
mlp,79,139,5,0.25613552927970884,0.0899733102483324,0.2145221590995788,0.08294881247607783,2.0759494873161026,0.019038462207435266
mlp,79,140,5,0.25773809552192684,0.09103483193331229,0.2154831856489181,0.08463800099374547,2.075513958120056,0.01783756652992178
mlp,79,141,5,0.25956959724426265,0.09202875376173945,0.21665777266025543,0.08488081087902216,2.0750720147120525,0.0167702482022117
mlp,79,142,5,0.2605311393737793,0.09275623196877156,0.21804592013359064,0.08591407323069968,2.0746197751271525,0.015841625763516335
mlp,79,143,5,0.26208790838718415,0.0931881113581129,0.21996797621250153,0.08785744314380656,2.07415507209324,0.01505699803428781
mlp,79,144,5,0.26364469528198237,0.09390014455537227,0.22082221508026117,0.08903508376359097,2.0736746474076884,0.014420180064016696
mlp,79,145,5,0.2657509177923202,0.0949418864163274,0.22285104691982266,0.08980255505869748,2.073178673884427,0.013931104452096972
mlp,79,146,5,0.2668040245771408,0.09560577915079149,0.22477309107780452,0.0907799646222241,2.072666683425175,0.0135839237580082
mlp,79,147,5,0.26808608174324033,0.09611950463329162,0.2262680262327194,0.091638166699382,2.0721390000499924,0.013366295954644612
mlp,79,148,5,0.27028388679027554,0.0976816753724129,0.22680192887783046,0.09192467879041157,2.0715963902694194,0.013263715647544905
mlp,79,149,5,0.27225274145603173,0.09884760969728422,0.22861719429492947,0.09258743980936125,2.071039659530746,0.01325764931212111
mlp,79,150,5,0.2742216140031814,0.10042115611399732,0.22989856302738185,0.09323187760831009,2.070470110395859,0.013326946052327005
mlp,79,151,5,0.27591574788093565,0.10117096825911646,0.23117993474006648,0.09382725251668741,2.0698887917611524,0.013452117149053557
mlp,79,152,5,0.27806777060031884,0.101844954527641,0.23331554234027857,0.09518006595255347,2.069297194915484,0.013613948162353213
mlp,79,153,5,0.2795787543058395,0.10241866365812971,0.2343833446502685,0.09550445818605972,2.06869651978891,0.01379554375954903
mlp,79,154,5,0.28195970654487607,0.10382011246744871,0.23566471636295314,0.09626373518207999,2.0680881913963107,0.013982615836026252
mlp,79,155,5,0.2833333402872085,0.10465667759765579,0.2369460761547088,0.09649279661245697,2.0674745844262383,0.014163253176614637
mlp,79,156,5,0.2844322383403778,0.10465142467984635,0.23790710270404816,0.09643311434500382,2.066857648893854,0.014329553697146565
mlp,79,157,5,0.2867673963308334,0.10646965284158312,0.239829158782959,0.09789324465716741,2.0662382345209043,0.014474558596871986
mlp,79,158,5,0.28786630332469937,0.10675786382954677,0.24111051857471466,0.09851237482390299,2.065618458026867,0.014593268079575969
mlp,79,159,5,0.28910256326198575,0.1068351297208596,0.24175121188163753,0.09814116213207953,2.0649996086448374,0.014684142377492371
mlp,79,160,5,0.2915750920772552,0.10876935424509376,0.24335291385650631,0.09964506836653952,2.064382283864746,0.014746718226714877
mlp,79,161,5,0.2924908459186554,0.10935900244242729,0.24484784901142115,0.10024912875192023,2.063768751178952,0.01478223196434084
mlp,79,162,5,0.2940018385648727,0.10915065953823995,0.24591565132141113,0.1006358037288136,2.063159303007783,0.014791282771634688
mlp,79,163,5,0.2961080580949783,0.11072490137029346,0.2468766719102859,0.10144125587502996,2.06255407414358,0.014777032601779108
mlp,79,164,5,0.2982600778341293,0.11233302501208325,0.24890550971031183,0.10343835878094461,2.0619542842051004,0.014742177861421702
mlp,79,165,5,0.2995421260595321,0.11234039242129487,0.24965296685695643,0.10399571842093873,2.0613603975549704,0.014687863721365612
mlp,79,166,5,0.300183156132698,0.1121544230276927,0.25061399340629575,0.10534107584482981,2.0607722161631115,0.014617463393408092
mlp,79,167,5,0.30210622549057004,0.11345321442055517,0.25232248008251185,0.107533787282503,2.0601902349978736,0.014532839935118802
mlp,79,168,5,0.3037087887525558,0.11455108846421092,0.25296316742897035,0.10741231338887967,2.0596160581097505,0.014436570564018494
mlp,79,169,5,0.305631873011589,0.11538938761932589,0.2545648753643036,0.10842067048436936,2.059049189069294,0.014329435698008208
mlp,79,170,5,0.3069597035646438,0.1164561254427615,0.25638014674186704,0.11089600150602888,2.0584902516809764,0.01421277607314239
mlp,79,171,5,0.30879120230674745,0.11752773925030192,0.2573411732912063,0.11151158878473873,2.057938964813734,0.01408868217573514
mlp,79,172,5,0.3102106183767318,0.11877676397595445,0.25798185467720025,0.1120887054415436,2.057396787957741,0.01395860213288953
mlp,79,173,5,0.31213369667530055,0.12002698814332916,0.26065136790275567,0.1149239996987363,2.0568647682491497,0.013822655253448436
mlp,79,174,5,0.31355311572551725,0.12116663607684615,0.2624666392803192,0.11597532370322818,2.056343282164245,0.013680596311732744
mlp,79,175,5,0.31510989367961884,0.12215223469080681,0.26406835317611693,0.11834026500790322,2.055832855996299,0.013533475434170822
mlp,79,176,5,0.317307698726654,0.12284093781220079,0.2649225860834121,0.11946271059002174,2.055332494040851,0.01338243707371465
mlp,79,177,5,0.319551283121109,0.12413021606423447,0.2657768368721008,0.11959447601511257,2.0548421760182443,0.013227975327442371
mlp,79,178,5,0.3206043988466263,0.12533369320267834,0.26695142388343807,0.120332632346082,2.054362392112302,0.013069219668054716
mlp,79,179,5,0.32257326543331144,0.12716403630662645,0.26780566275119777,0.1209714709215969,2.05389278022017,0.012908013759828429
mlp,79,180,5,0.3244047582149505,0.12852065608992597,0.26972771286964414,0.12366127931117708,2.0534332676510747,0.012745042799946286
mlp,79,181,5,0.3260531187057495,0.13054855573975446,0.271009087562561,0.12480292049963478,2.052982343137542,0.012582858398091106
mlp,79,182,5,0.3273809552192688,0.1309764939402967,0.27143620550632475,0.12581576491063134,2.0525399905619,0.012422760426577816
mlp,79,183,5,0.32939560711383814,0.13209592125352745,0.27325147390365595,0.12741577220121436,2.0521065924616737,0.012264520628591158
mlp,79,184,5,0.3304487198591232,0.13371547400434514,0.27453284263610833,0.12841079204263364,2.051682699290512,0.012109750829746396
mlp,79,185,5,0.33141025006771085,0.1338121487148328,0.27549386322498315,0.12801816381898878,2.051267465748392,0.011959623180844122
mlp,79,186,5,0.3328754633665084,0.13477512413857257,0.27720235586166375,0.12942569899050516,2.0508608477472827,0.011812979086752945
mlp,79,187,5,0.3352564126253128,0.1368869253191585,0.27869728207588196,0.1313731936035367,2.0504620755901155,0.011671525284538723
mlp,79,188,5,0.3358516544103622,0.13690093284541996,0.2795515328645706,0.13159357383561793,2.0500709289785712,0.011534951952527912
mlp,79,189,5,0.3376373559236526,0.13794456197342608,0.2804057747125625,0.13226649457204043,2.0496863420875937,0.011403943817849602
mlp,79,190,5,0.3395146608352661,0.1393118629480449,0.2822210490703583,0.1332788809865706,2.0493089722365196,0.011276730133851595
mlp,79,191,5,0.34152930080890653,0.14106803423603745,0.2829685121774673,0.13367204613750386,2.0489383375871246,0.01115464083071674
mlp,79,192,5,0.34290292859077454,0.14157271420710899,0.28435665071010585,0.13541601173550394,2.0485754539074077,0.011036791575721759
mlp,79,193,5,0.3445054978132248,0.14305819025690736,0.28638548254966734,0.13687534667940884,2.048220782528283,0.010921532652206009
mlp,79,194,5,0.34592491388320923,0.14470350220937817,0.2883075356483459,0.13842968892543278,2.0478738894200545,0.010810590889954678
mlp,79,195,5,0.34720695912837984,0.14563486517071128,0.28905500471591944,0.1389597469832984,2.047535311155947,0.010703858636063908
mlp,79,196,5,0.3489926725625992,0.1467948508738233,0.29012280702590937,0.13987317440748326,2.047204367265902,0.01060035742945465
mlp,79,197,5,0.35032051205635073,0.1485443621692949,0.29161772727966306,0.14136906136112887,2.0468796214329035,0.01050187904445789
mlp,79,198,5,0.3515567779541015,0.14938697147416857,0.29268553555011745,0.14127829222789418,2.0465614643260843,0.01040835169624351
mlp,79,199,5,0.3540293097496033,0.15004512154673744,0.2941804647445678,0.14244103718496529,2.0462487231710513,0.010319771810413231
mlp,79,200,5,0.35590659081935877,0.15133584644151205,0.2962092965841293,0.1442325453782243,2.0459411713663345,0.01023631876224345
mlp,79,205,5,0.36227106750011445,0.15495674049488448,0.30315003395080564,0.1472765918489714,2.044656443602891,0.009907481646417922
mlp,79,210,5,0.3675824195146561,0.15730909748995167,0.30891617834568025,0.14945636527892184,2.0439613169191744,0.00966999167510343
mlp,79,215,5,0.37481684982776636,0.16252752041065605,0.3145755529403686,0.15028127554691775,2.043702398813352,0.009445088364907447
mlp,79,220,5,0.3812271028757095,0.16615922318830034,0.32205019891262054,0.15467637217898633,2.0435867819788904,0.009269993020373464
mlp,79,225,5,0.3885989099740982,0.16936392280365334,0.32760277986526487,0.15910599892224123,2.0434610652701823,0.009259546979075795
mlp,79,230,5,0.3952380955219269,0.17228857117808455,0.3342231780290603,0.16391468954694005,2.0432992565793002,0.00939727281631436
mlp,79,235,5,0.4033424913883209,0.17807966883927565,0.3428724110126495,0.16943758687225863,2.0431327361254183,0.009519056543424038
mlp,79,240,5,0.4113095223903656,0.18264406840802438,0.34991992115974424,0.17392068043316108,2.0430144383496294,0.009546629589779795
mlp,79,245,5,0.41936812698841097,0.188894734123527,0.35504540205001833,0.176026488976162,2.0429303130091845,0.009567839289236324
mlp,79,250,5,0.4271978080272675,0.19491146985801355,0.3612386703491211,0.18241618268480014,2.042833986064892,0.009627480930450833
mlp,79,255,5,0.4364010989665985,0.20073696697581278,0.37031500935554507,0.18773560461077976,2.042733543234074,0.009703407692636994
mlp,79,260,5,0.4451923072338104,0.20599630756468418,0.37757608592510217,0.19033258682410453,2.0426875978971553,0.00974283167065316
mlp,79,265,5,0.4544413983821869,0.210975269243319,0.3869727790355682,0.19719539971017952,2.042676005075589,0.009798017924124432
mlp,79,270,5,0.46295788884162903,0.2149810922426966,0.3961559176445007,0.2014586742702174,2.0426632823203343,0.009908560932827706
mlp,79,275,5,0.47156594395637513,0.21823088565523793,0.40523225665092466,0.2059702824088066,2.042690063167284,0.010023807639839802
mlp,79,280,5,0.48305860757827757,0.22257363329447313,0.4144153892993927,0.20982191632917385,2.0427855754976583,0.010090827036132819
mlp,79,285,5,0.49345238208770753,0.22585856893304931,0.42552055716514586,0.21569046902571123,2.0428992534177914,0.010147554500521199
mlp,79,290,5,0.5023351728916168,0.229535929180428,0.4347036898136139,0.2202921531528111,2.043021994790979,0.010232230364141854
mlp,79,295,5,0.5112179517745972,0.23330873031172591,0.44570209085941315,0.22613334415571348,2.0431435217204443,0.010350092362049172
mlp,79,300,5,0.5219322383403778,0.2396062385946143,0.4558462411165237,0.23185752344900426,2.0432677515717033,0.010436745884629601
mlp,79,305,5,0.5313186824321747,0.24553545478024644,0.4642819225788116,0.237058468063112,2.0434240769588916,0.010521397190705845
mlp,79,310,5,0.5422618985176086,0.2515347807833751,0.4762413322925568,0.2447238353044015,2.0435689143924813,0.010615416452219634
mlp,79,315,5,0.5549908459186554,0.2583676752715876,0.4917245149612427,0.2521539473686391,2.043738144753298,0.010677947194495255
mlp,79,320,5,0.5651098906993866,0.2636465616684642,0.5053924262523651,0.25961230312788636,2.0439499384438826,0.010736465196204689
mlp,79,325,5,0.5756868183612823,0.2685898482506185,0.5185264408588409,0.2676215308744775,2.0441474284807466,0.010824822403019584
mlp,79,330,5,0.5880494594573975,0.27303358897747454,0.5310197710990906,0.27381788834778137,2.044341677234778,0.010915193988716583
mlp,79,335,5,0.6011904716491699,0.27884938847136864,0.5453283548355102,0.27849971200121104,2.0445692604758654,0.010994249091396421
mlp,79,340,5,0.610760074853897,0.2810817115077571,0.5578216969966888,0.2839039101791315,2.0448202785703105,0.011069648211808484
mlp,79,345,5,0.6236263811588287,0.2892126972109855,0.5695675551891327,0.29252306897798197,2.045059190363815,0.011143071162287075
mlp,79,350,5,0.6330586075782776,0.2916311859560768,0.5810998558998108,0.2958989056328775,2.0453019972924564,0.011237095204821862
mlp,79,355,5,0.6458791196346283,0.2957464143520342,0.5953016638755798,0.3016414118447739,2.045558368671254,0.011344182014618353
mlp,79,360,5,0.6568681240081787,0.2989531103616009,0.6076882123947144,0.30610853032802066,2.0458042036484585,0.011450302128105109
mlp,79,365,5,0.6687728941440583,0.30058229854553903,0.6194340825080872,0.3088337056262512,2.046051889389026,0.01154155774310191
mlp,79,370,5,0.6795329511165619,0.3026308803794558,0.6308595895767212,0.31268538416705205,2.0462922057367945,0.011641798027188125
mlp,79,375,5,0.6885531067848205,0.3027345239109893,0.6400427281856537,0.316084337017366,2.046528382196639,0.011743675245071562
mlp,79,380,5,0.6962454140186309,0.30500681492327686,0.6527496099472045,0.31745464866722,2.046784236915607,0.011827869030330859
mlp,79,385,5,0.7040293037891387,0.30471149420652305,0.6622530877590179,0.32034540807315387,2.047029696356561,0.011924916860332145
mlp,79,390,5,0.7126831591129303,0.30589083280465423,0.6729311406612396,0.32222232722032157,2.0472869672238247,0.012026593655107004
mlp,79,395,5,0.7230311393737793,0.3085533845638878,0.6831820845603942,0.32813848294930864,2.047573101134087,0.012122983247210124
mlp,79,400,5,0.7309981763362885,0.309872703158457,0.6915109574794769,0.33040420139606375,2.047856238742427,0.012249140845105973
mlp,79,405,5,0.7398809492588043,0.3104004412901452,0.7008008778095245,0.33308833305301505,2.0481391161440534,0.012397813892014761
mlp,79,410,5,0.7462912142276764,0.31116896657871906,0.7077416181564331,0.3339400373973825,2.048418887830059,0.012552278912964624
mlp,79,415,5,0.7488553106784821,0.30930428066676746,0.713080644607544,0.3327276410943406,2.0487408469752166,0.012655491020505276
mlp,79,420,5,0.754853481054306,0.31084615726278086,0.7207688391208649,0.33332688531693133,2.049050013861901,0.012785155128738637
mlp,79,425,5,0.7597985386848449,0.30971219859388965,0.7266417741775513,0.3342769076206817,2.0493406811930317,0.01293489811753666
mlp,79,430,5,0.7618589639663697,0.3086627968201902,0.7315536737442017,0.33370623107221653,2.0496126003744424,0.013103892069591458
mlp,79,435,5,0.7660714328289032,0.30910630695366387,0.737319815158844,0.33372878519980276,2.0499220997066203,0.01322878049086682
mlp,79,440,5,0.7686813294887542,0.3082529727184377,0.7420181632041931,0.3344715686953314,2.0502279948068756,0.013364518836022238
mlp,79,445,5,0.7720238089561462,0.30668091382307366,0.746502959728241,0.3332104314566304,2.0505478195036373,0.013507211800947494
mlp,79,450,5,0.7738553047180176,0.3043799375257135,0.7476775407791137,0.3310631657775551,2.0508450256659487,0.013672630405253945
mlp,79,455,5,0.7773351609706879,0.30329275531985656,0.7526962220668793,0.3311233770922941,2.0511499765129435,0.013824213047877398
mlp,79,460,5,0.7790750920772552,0.30121476808035463,0.7560064196586609,0.327687620713218,2.0514549104682676,0.013973145889447938
mlp,79,465,5,0.7819139242172242,0.29661089239439775,0.7571810066699982,0.3258650128697458,2.051756455550855,0.014125636436393873
mlp,79,470,5,0.7861721575260162,0.2935666794993809,0.761559009552002,0.32420776639512294,2.052088756566269,0.01424690554442239
mlp,79,475,5,0.7890109837055206,0.28981430269458197,0.7634810626506805,0.3217848791462965,2.052388243514372,0.014411860087993592
mlp,79,480,5,0.7909798562526703,0.28696651407895474,0.7681794166564941,0.31652433149654063,2.052633646539035,0.01465660827509702
mlp,79,485,5,0.7943223536014556,0.28203416538822157,0.7710624814033509,0.3124356771808469,2.0528924785484413,0.01490222460402548
mlp,79,490,5,0.797344321012497,0.2784451907878184,0.7750133574008942,0.3081788619329139,2.053186622842505,0.015107353152536153
mlp,79,495,5,0.7989468932151794,0.27658824546682,0.7773625314235687,0.3052967257502854,2.053474735908914,0.015317659633382167
mlp,79,500,5,0.802152019739151,0.2721421731672365,0.7800320446491241,0.3016118605783234,2.0537982163906205,0.0154870772385303
mlp,79,505,5,0.8052655756473541,0.26789829934822634,0.7825947761535644,0.29813570884597823,2.054105646923925,0.015681537403498768
mlp,79,510,5,0.8069597125053406,0.26551956877014643,0.7852642893791199,0.2946322238715398,2.0543836251617242,0.015901508316483
mlp,79,515,5,0.8097069561481476,0.2613920758905736,0.787720239162445,0.2911720656239712,2.054618618226615,0.016169564363348227
mlp,79,520,5,0.8128662943840027,0.2569246342881375,0.7900694191455842,0.2878730038739533,2.0548902851339923,0.016388924869254022
mlp,79,525,5,0.8166666746139526,0.2516817729642766,0.7929524838924408,0.2842571044455806,2.055184160678503,0.016559329293209114
mlp,79,530,5,0.8192307710647583,0.24806787229617266,0.7963694632053375,0.2793612019424295,2.0554621087766374,0.01673149741211545
mlp,79,535,5,0.8229853510856628,0.2430170128949118,0.7980779588222504,0.2769366772727552,2.055723875971073,0.016917485124522486
mlp,79,540,5,0.8276556849479675,0.2366389136052671,0.8002135694026947,0.2740613139625495,2.056010307367818,0.017065693870969918
mlp,79,545,5,0.8293498158454895,0.23403548459127563,0.803203421831131,0.26968952766473836,2.0562671834521593,0.01725153191876275
mlp,79,550,5,0.8306318640708923,0.2321235801409449,0.8060864925384521,0.2656139473372841,2.0564932137456484,0.01748061074131749
mlp,79,555,5,0.833195972442627,0.22868275362179968,0.8084356665611268,0.26252317350254184,2.056740737850562,0.017685903654784996
mlp,79,560,5,0.835210633277893,0.22595215294297022,0.8096102595329284,0.2609085283990862,2.0570157779238074,0.01786270948772013
mlp,79,565,5,0.8345695972442627,0.22685439466784632,0.8115323066711426,0.2583438701985497,2.0572399819454916,0.01810938392977181
mlp,79,570,5,0.837912094593048,0.22213306775043168,0.8152696251869201,0.2531147047178165,2.0574743359749705,0.0183227517480245
mlp,79,575,5,0.8387362718582153,0.2210548433860623,0.8154831886291504,0.25288108048333907,2.0577620096578597,0.018458137820501964
mlp,79,580,5,0.8403388261795044,0.2188163075229443,0.8184730410575867,0.24873110772971138,2.057993993983323,0.018657708580563082
mlp,79,585,5,0.8434523820877076,0.21446690306790409,0.8212493419647217,0.24490529498143668,2.0581915420966483,0.018899079367238784
mlp,79,590,5,0.8458333373069763,0.21125963257114505,0.8235985159873962,0.24171755539888867,2.058446096096579,0.019057170888329318
mlp,79,595,5,0.8473443150520324,0.20914295207412542,0.8253069996833802,0.23935238782305607,2.0587030690591313,0.019205072058401215
mlp,79,600,5,0.8483516454696656,0.2076783004992861,0.8258409023284912,0.23857941713202777,2.0589252481148343,0.01939760193167128
mlp,79,605,5,0.8509615421295166,0.2041062939228254,0.8281900763511658,0.2353531752243538,2.0591436175861375,0.01957733429168686
mlp,79,610,5,0.8532967090606689,0.20088234133972738,0.8313934922218322,0.23088701009178317,2.0593468881244106,0.019752606630845153
mlp,79,615,5,0.8553571462631225,0.19806119482408502,0.8332087635993958,0.22839953911576377,2.0595203491274843,0.019947739843027255
mlp,79,620,5,0.8579670310020446,0.19449803839431098,0.8363053917884826,0.22414815312350025,2.0597004817965656,0.02010376118031739
mlp,79,625,5,0.8590201377868653,0.19304953071670064,0.837052857875824,0.223136061222256,2.059916760875576,0.02025770134405419
mlp,79,630,5,0.858699631690979,0.1935365844062824,0.8374799847602844,0.22254001621516217,2.060140654526919,0.020381420653345698
mlp,79,635,5,0.8607600808143616,0.19072603156717852,0.8383342266082764,0.22137287435897954,2.0603350309589574,0.020556161042773878
mlp,79,640,5,0.8635073304176331,0.186926941808067,0.8401494979858398,0.21888504698323039,2.060382661758665,0.02092882764536885
mlp,79,645,5,0.866391944885254,0.18300650624991496,0.8419647693634034,0.2164016155080424,2.060541137328824,0.021131755415577665
mlp,79,650,5,0.8663919329643249,0.18299162959110404,0.8435664772987366,0.21424209809916817,2.0607342952365784,0.02125062690090053
mlp,79,655,5,0.8692765593528747,0.17906413528058499,0.8458088755607605,0.2111757290452302,2.0609172451949447,0.021357904185287838
mlp,79,660,5,0.8709249138832093,0.17680784596977955,0.8482648134231567,0.20778645176929392,2.061059381074407,0.02150718668279019
mlp,79,665,5,0.8721611738204956,0.1751370313298064,0.849866533279419,0.20564664769446991,2.0611517214939004,0.021716284218851075
mlp,79,670,5,0.87289377450943,0.17408718829308018,0.8486919403076172,0.20724976996215022,2.061222544990218,0.02193010455121929
mlp,79,675,5,0.8746337056159973,0.171669753490489,0.8511479020118713,0.20391361523407128,2.0613038643526793,0.02215294880316761
mlp,79,680,5,0.8753663063049316,0.1706839011891211,0.8515750169754028,0.20335285229986666,2.061424461157314,0.022322078700362027
mlp,79,685,5,0.875,0.17116360544334894,0.8520021438598633,0.2027138302646499,2.061567013950829,0.022462599088346073
mlp,79,690,5,0.8779761910438537,0.16709364741572633,0.8542445302009583,0.19965895426462987,2.061737354338445,0.022571119083224723
mlp,79,695,5,0.8801739931106567,0.1640842870831421,0.8556326866149903,0.197743998683733,2.061851953710171,0.022741126422903615
mlp,79,700,5,0.881501829624176,0.1622623211352811,0.8562733650207519,0.19683512828397176,2.061904756913459,0.022983127173311118
mlp,79,705,5,0.8822344303131103,0.16125722879606738,0.8570208311080932,0.1958224162999617,2.062009173932667,0.02315012055834601
mlp,79,710,5,0.882692301273346,0.16063417892294052,0.8577682971954346,0.19484109104322178,2.0621453225921313,0.023264803736731125
mlp,79,715,5,0.8840201377868653,0.15881660782428966,0.86043781042099,0.19118178551465975,2.0623240482021266,0.02329682459362319
mlp,79,720,5,0.8860347986221313,0.1560558188167112,0.8617191791534424,0.1894512478368199,2.062443617996891,0.0234046903284822
mlp,79,725,5,0.8880494594573974,0.15334178817241273,0.8623598575592041,0.1886303614885661,2.0624783432340243,0.02358998029953764
mlp,79,730,5,0.8894230723381042,0.15143448348425542,0.8635344505310059,0.1869733316196248,2.062562803280065,0.023691588877672785
mlp,79,735,5,0.8896978020668029,0.1510470690471861,0.8631073236465454,0.18753353680714882,2.06266598564172,0.023757946171968622
mlp,79,740,5,0.8922161102294922,0.14758952454266788,0.8652429342269897,0.1846352900496311,2.0627639961289486,0.0238194893309551
mlp,79,745,5,0.8930402874946595,0.14646956450736945,0.8657768368721008,0.18388576515624466,2.0628568457120386,0.023877026713256082
mlp,79,750,5,0.8934523820877075,0.14595472258403747,0.8656700491905213,0.18395280743741974,2.062927891308494,0.023985412161552627
mlp,79,755,5,0.8944597005844116,0.14452210678336921,0.8671649813652038,0.1819686144209336,2.0629393161067986,0.024150480795404865
mlp,79,760,5,0.8964285731315613,0.14182332675677464,0.8693005919456482,0.17908257447327927,2.0629624170785688,0.02429700561575476
mlp,79,765,5,0.8972527503967285,0.14071341915527563,0.8703683972358703,0.17756318438210247,2.063032684300261,0.024363252119071303
mlp,79,770,5,0.8977564096450805,0.1400112484461365,0.8703683972358703,0.17756318438210247,2.0631389441808206,0.02436838629866674
mlp,79,775,5,0.897802197933197,0.1399494669232133,0.8691938161849976,0.17918624010386208,2.063188854106123,0.024430839368808983
mlp,79,780,5,0.901098906993866,0.13543557421084507,0.8716497659683228,0.17581930822337463,2.063149839936442,0.024592731941401227
mlp,79,785,5,0.9022435903549194,0.13388199262058903,0.8738921642303467,0.1727554618942611,2.0631205762453453,0.024731223498684816
mlp,79,790,5,0.9015567779541016,0.13480243281560894,0.8751735329627991,0.1709908113819192,2.0631287244228282,0.024808836814214814
mlp,79,795,5,0.9026556730270385,0.1332946025418011,0.8762413263320923,0.16957799122603362,2.0631697193258702,0.024831394108809142
mlp,79,800,5,0.9060897469520569,0.12862677958446453,0.8765616774559021,0.1690961221671291,2.063164101282964,0.024909743595767194
mlp,79,805,5,0.9054487228393555,0.12961959408959536,0.8780565977096557,0.16703932583938938,2.0631284876970293,0.025020776956994673
mlp,79,810,5,0.9088369965553283,0.12492769132200353,0.8782701611518859,0.16672819462995994,2.0631157233652955,0.025081592631009484
mlp,79,815,5,0.9101648449897766,0.12316556950253339,0.8793379664421082,0.1652853911384151,2.06312362808976,0.02510169409615027
mlp,79,820,5,0.9111263751983643,0.1217953436928527,0.8797650933265686,0.16471156149072586,2.0631423340086115,0.025092250868851407
mlp,79,825,5,0.9121794819831848,0.12061919097908555,0.881900691986084,0.161890310687367,2.063082715346122,0.025179280180179314
mlp,79,830,5,0.9118589758872986,0.12078021849277443,0.8831820726394654,0.16003480746604024,2.0629948646848533,0.02528945538583305
mlp,79,835,5,0.91579669713974,0.11555624476628895,0.8844634294509888,0.1582698161353936,2.0629742668273834,0.02529938264880692
mlp,79,840,5,0.9166666746139527,0.11457823355110691,0.8836091995239258,0.15947524234302435,2.0629735335089068,0.02525688093788595
mlp,79,845,5,0.9149725317955018,0.11697100031872301,0.883288848400116,0.1599658666590368,2.06294843861562,0.02524277380325892
mlp,79,850,5,0.9161630034446716,0.1152724089543473,0.8823278188705445,0.16115757277038562,2.0628382684378552,0.025340787510508618
mlp,79,855,5,0.9172618985176086,0.11377395231966078,0.884676992893219,0.1579775017912375,2.0626783024179116,0.02551012513365836
mlp,79,860,5,0.9170787453651428,0.11402368904701148,0.8859583616256714,0.15621315297976035,2.062547088642247,0.02560717569323414
mlp,79,865,5,0.9178571462631225,0.11298504447982048,0.8862787008285522,0.155760598089465,2.0624994403112047,0.02560686544307086
mlp,79,870,5,0.9196886420249939,0.11086904035366014,0.8871329545974731,0.15467505063596215,2.0624683754287223,0.025567054929204993
mlp,79,875,5,0.921199631690979,0.10847015651704454,0.8873465061187744,0.15436809962053466,2.0623931679106664,0.025578246321243985
mlp,79,880,5,0.9234432220458985,0.10564659091306727,0.8886278748512269,0.15264560370533084,2.0622894371106604,0.025612293785361197
mlp,79,885,5,0.9229395627975464,0.10594346377290793,0.887453293800354,0.1541405158691768,2.0621744680894927,0.0256340918369398
mlp,79,890,5,0.9230769276618958,0.10590491324574171,0.8886278748512269,0.15261478799505762,2.0620596399937394,0.025649254870473707
mlp,79,895,5,0.9241300344467163,0.10476491786177689,0.8904431462287903,0.1502067945053892,2.0619440757260645,0.02564280427726564
mlp,79,900,5,0.9233516454696655,0.1054338935013675,0.8892685651779175,0.15171089411408667,2.061834634564452,0.025613331532144592
mlp,79,905,5,0.9248626351356506,0.10343101878656297,0.8909770488739014,0.1493861547036704,2.0617062329045632,0.025610287451340814
mlp,79,910,5,0.9269230842590332,0.10041814389641057,0.8915109515190125,0.14866264382194766,2.061580988916332,0.025575197263375694
mlp,79,915,5,0.9292582392692565,0.09718481095018114,0.8941804647445679,0.14508625593083604,2.0614417651574612,0.025553769686017445
mlp,79,920,5,0.9266483545303345,0.10077962272717096,0.8920448541641235,0.1478989781064144,2.0612841980582366,0.025539768815712804
mlp,79,925,5,0.9275183081626892,0.09955970817810576,0.8945008158683777,0.1445203849164926,2.0611398622437336,0.025501040832836185
mlp,79,930,5,0.928891944885254,0.09799812542028757,0.8937533497810364,0.14552841840574138,2.0609796731325845,0.02547011951784594
mlp,79,935,5,0.9310439467430115,0.09487176355348309,0.8961025238037109,0.14243881147071957,2.060846515494974,0.02540322855881063
mlp,79,940,5,0.9284340739250183,0.09858521191908572,0.8951414942741394,0.14364346435298808,2.0607169923326274,0.025326299773481113
mlp,79,945,5,0.929899275302887,0.09680578656226241,0.8969567656517029,0.14130985174453353,2.060544777213205,0.0253010543506589
mlp,79,950,5,0.9300366282463074,0.09626030067975028,0.8956753969192505,0.14298809538069845,2.0603754521897657,0.025251610693887934
mlp,79,955,5,0.9316391944885254,0.09422388084463947,0.8956753969192505,0.1429721468976875,2.060196325303063,0.025178490504159025
mlp,79,960,5,0.933195972442627,0.09210645558742582,0.8964228510856629,0.14201012345621103,2.0599984859623155,0.025131525113449252
mlp,79,965,5,0.9327838897705079,0.09258507946983995,0.8977042317390442,0.14029842986688096,2.059791744493066,0.025071603982548197
mlp,79,970,5,0.9338827848434448,0.09068280818920692,0.8982381343841552,0.13941079210274307,2.0596054588085346,0.024993645660810807
mlp,79,975,5,0.9332417607307434,0.09191009887322911,0.8993059396743774,0.13816615328802961,2.059456800118645,0.024847424636429038
mlp,79,980,5,0.9337454199790954,0.09139801180771773,0.8978110074996948,0.1401419043590414,2.0592410024097845,0.024778821179322015
mlp,79,985,5,0.9353479862213134,0.08905965790051885,0.898878812789917,0.13880014401597585,2.05902653160404,0.024714613864395385
mlp,79,990,5,0.9362179517745972,0.08773417772583857,0.8998398423194885,0.13737889672461667,2.058801082246264,0.02464555085196654
mlp,79,995,5,0.9381868124008179,0.0847995680452929,0.8997330665588379,0.13747368195020515,2.058604907241308,0.024542840513373253
mlp,79,1000,5,0.9376831412315368,0.08549291354387697,0.9006940722465515,0.13621116034855874,2.058388725753214,0.024440164170848617
mlp,79,1025,5,0.9407051205635071,0.08157158671752439,0.902509355545044,0.13371871614477632,2.057202789533898,0.023997779902291697
mlp,79,1050,5,0.9432692289352417,0.07801511583056832,0.9060331106185913,0.12882942478219434,2.05599781453499,0.023362285270093704
mlp,79,1075,5,0.9456501841545105,0.07481774495718004,0.9078483819961548,0.12631940997914362,2.0546079639178707,0.022718319210567103
mlp,79,1100,5,0.9477106213569642,0.07185027553224874,0.9092365264892578,0.12456021822541741,2.053190486368146,0.02203853486226514
mlp,79,1125,5,0.9498168587684631,0.06905164550194316,0.9107314467430114,0.12249283210271236,2.051770751074547,0.02124115514833134
mlp,79,1150,5,0.9523809552192688,0.06557557181513535,0.9120128273963928,0.12059727327983522,2.0501316081626584,0.020527747809588725
mlp,79,1175,5,0.9524267435073852,0.065759024994118,0.9150026798248291,0.11663203344790095,2.048627550212063,0.019523029542705524
mlp,79,1200,5,0.9546703219413757,0.06277634783692854,0.9145755529403686,0.11732263457186076,2.04698010839365,0.01858747522839821
mlp,79,1225,5,0.9583333253860473,0.05760321862626669,0.9166043758392334,0.11453827552386485,2.0453831184118245,0.017660811768616808
mlp,79,1250,5,0.9616300463676453,0.052918188476589655,0.9184196591377258,0.11191498393841563,2.0438397501031758,0.016664027821109404
mlp,79,1275,5,0.9623168468475342,0.05277787015736292,0.9198078036308288,0.11008008266927809,2.042071976898754,0.015894062978079795
mlp,79,1300,5,0.9642399191856384,0.050000868765920206,0.920875608921051,0.10840487951561906,2.0405459160524337,0.014774910520497876
mlp,79,1325,5,0.9660256385803223,0.04722020749271726,0.9215162992477417,0.10755589331250394,2.0389430670248307,0.013863193081215999
mlp,79,1350,5,0.9666666746139526,0.046273338773190044,0.9235451221466064,0.1048234870117082,2.0374228665871907,0.012903355683581086
mlp,79,1375,5,0.9661630034446717,0.047106241909162544,0.9238654732704162,0.10446062724016815,2.03592324112362,0.011839345518820649
mlp,79,1400,5,0.9677655696868896,0.04454336293586898,0.925894296169281,0.10175394089706914,2.034465257583576,0.011009822616560862
mlp,79,1425,5,0.9676739931106567,0.04471219100648473,0.9251468420028687,0.10273458864855681,2.0330229060999416,0.010181321960202213
mlp,79,1450,5,0.9676282048225403,0.044762920106371756,0.9268553256988525,0.10035099147789528,2.0318345230085115,0.009450994514513157
mlp,79,1475,5,0.968498170375824,0.04364329963378345,0.9271756649017334,0.09983952827596805,2.030650196343073,0.00868052593947978
mlp,79,1500,5,0.9683150172233581,0.04375484537312233,0.9294180512428284,0.09684884853547826,2.0295039718026784,0.007884074329227655
mlp,79,1525,5,0.9677197813987732,0.04463874855516391,0.9276027917861939,0.09942108655387738,2.02827373085814,0.006873922755462459
mlp,79,1550,5,0.9690476179122924,0.042660628604016204,0.9293112754821777,0.09693871700076719,2.0271072642359784,0.006150855565458491
mlp,79,1575,5,0.9693223476409912,0.042553783667937745,0.9290977120399475,0.09716033054715692,2.0261098195976848,0.00565884704097425
mlp,79,1600,5,0.9707875490188599,0.0400845664842241,0.9329418182373047,0.0918728530587697,2.025262445571085,0.005188198112815892
mlp,79,1625,5,0.9707875490188599,0.04007443154973385,0.9331553697586059,0.09158059414739322,2.0244153812804475,0.00472537345118766
mlp,79,1650,5,0.9697802305221558,0.04147153534258484,0.9317672371864318,0.09347445207471289,2.023547356034777,0.004277141363926949
mlp,79,1675,5,0.9710622668266297,0.03975667465398343,0.933689284324646,0.09094261135289719,2.022742685070773,0.0038673458789978297
mlp,79,1700,5,0.970192301273346,0.04115356360469061,0.9329418182373047,0.09195426215866333,2.0219478375424513,0.0035211403910359517
mlp,79,1725,5,0.969597065448761,0.04185975360787794,0.9340096235275268,0.09049422724548116,2.0213712852058814,0.0032902924571054336
mlp,79,1750,5,0.9707875490188599,0.0400845664842241,0.935077428817749,0.08895018033090402,2.020634600573452,0.0031338716983047655
mlp,79,1775,5,0.9699633717536926,0.041244194311770774,0.933689284324646,0.09090342226376849,2.01987974364693,0.002906345057693672
mlp,79,1800,5,0.9724816918373108,0.03775403622001361,0.9369994759559631,0.08627445490244844,2.0193195925152083,0.0029090280849152494
mlp,79,1825,5,0.9712454199790954,0.03949378282083275,0.9335824966430664,0.09099604675205011,2.0187872729888765,0.002909862858875725
mlp,79,1850,5,0.9721153855323792,0.03838801402269734,0.935931670665741,0.08776896662500734,2.0182610361676514,0.0031162063247074574
mlp,79,1875,5,0.9740384578704834,0.036063909577890664,0.9369994640350342,0.08628768610116101,2.017857780447108,0.003226795117937423
mlp,79,1900,5,0.9743589758872986,0.03551450221222477,0.9358248829841613,0.08788046637394036,2.0174468413625535,0.0031048712421184463
mlp,79,1925,5,0.974908423423767,0.034904412779357984,0.938707959651947,0.0839352244686179,2.016882796769048,0.0032879873886227187
mlp,79,1950,5,0.9753205180168152,0.033926216746065094,0.9383876204490662,0.08436812589034151,2.016348208709343,0.0033084448540855963
mlp,79,1975,5,0.9740842580795288,0.03636233449153768,0.9377469420433044,0.0852687951352385,2.0161933648815835,0.0033321932632212198
mlp,79,2000,5,0.9756410241127014,0.034106962303586424,0.9383876204490662,0.0843833285910513,2.0160969692853534,0.0034398127311189965
mlp,79,2025,5,0.9754120945930481,0.03468523026440888,0.9383876204490662,0.08445930019948454,2.016013089258497,0.0035256342776130716
mlp,79,2050,5,0.9780677676200866,0.03153877281282574,0.9380672812461853,0.0848351139190749,2.015662087114048,0.003686090282796752
mlp,79,2075,5,0.9784340739250184,0.03043510403713432,0.940096116065979,0.08202872597894627,2.01533856104522,0.0037137369805408994
mlp,79,2100,5,0.9769230723381043,0.0321620483334869,0.9410571455955505,0.0807117103598963,2.0150110206512997,0.0037733216147811293
mlp,79,2125,5,0.9768772959709168,0.03220869222239294,0.9408435702323914,0.08101119509450384,2.014619723762272,0.00410237772926128
mlp,79,2150,5,0.9768772840499877,0.03300199898635215,0.9406300187110901,0.08132724621813049,2.0145089322634964,0.004157797495649085
mlp,79,2175,5,0.9782051205635071,0.030538278030737165,0.9404164552688599,0.08164401000257362,2.0144706817087537,0.004189056346190403
mlp,79,2200,5,0.9784340739250184,0.03047468735264071,0.9414842605590821,0.08013398011709147,2.014481452351001,0.0042005906879052845
mlp,79,2225,5,0.9788461565971375,0.029829012276533468,0.9416978240013123,0.07984782332748727,2.014351618524238,0.004126248951612246
mlp,79,2250,5,0.9795329689979553,0.02885777392131499,0.9416978240013123,0.07984782332748727,2.014473730796925,0.004093708675204348
mlp,79,2275,5,0.9789377212524414,0.029869146253036383,0.9416978120803833,0.07992277331665013,2.0142900742599332,0.0041380431679631634
mlp,79,2300,5,0.9789377331733704,0.029999133183403283,0.940950357913971,0.08085903557919885,2.0142350312584467,0.004037596584794484
mlp,79,2325,5,0.9807234525680542,0.027237036355728286,0.9446876764297485,0.07577338249928521,2.0141918735542577,0.004016893045883155
mlp,79,2350,5,0.9777930498123169,0.031176734964392758,0.9399893283843994,0.08221547996842223,2.014126487423236,0.004093660175013776
mlp,79,2375,5,0.9789377331733704,0.029786547615229905,0.9415910363197326,0.08000671580340034,2.013961041508269,0.004296723118710443
mlp,79,2400,5,0.9790750861167907,0.02975204932795897,0.9421249389648437,0.0793214962376347,2.0138801220172597,0.004296635430951502
mlp,79,2425,5,0.9815934062004089,0.025527122325643407,0.943726646900177,0.077055693383939,2.0138167365630593,0.004354592453734312
mlp,79,2450,5,0.9793956041336059,0.02913901397141731,0.9411639094352722,0.08058254520833781,2.0138472577898323,0.004355981451061059
mlp,79,2475,5,0.9801282048225403,0.027612588200844113,0.9426588535308837,0.07855593532973247,2.013860307243385,0.004322189768778556
mlp,79,2500,5,0.9822802186012268,0.024410389787374545,0.9443673372268677,0.07618026560284372,2.01376770720072,0.004608995732321855
mlp,79,2525,5,0.9817307710647583,0.025632024400596493,0.944260549545288,0.07645871895813283,2.0136326665541615,0.004704673089577364
mlp,79,2550,5,0.9814102649688721,0.026009572048057053,0.9436198711395264,0.07727640465443271,2.013597675556092,0.00474128845050773
mlp,79,2575,5,0.9814560532569885,0.02596499895625356,0.9444741129875183,0.07619018809533253,2.0135461567329247,0.004775943040082518
mlp,79,2600,5,0.9825091600418091,0.02419038694225788,0.9434063196182251,0.07751707480513814,2.01354318796644,0.004910784776770852
mlp,79,2625,5,0.9818223357200623,0.02544075226961104,0.9422317266464233,0.07922151958847631,2.013604924567714,0.004888282119800899
mlp,79,2650,5,0.9824633717536926,0.024393199894016015,0.9445808887481689,0.07592540912590273,2.0135880689226022,0.004848034200513221
mlp,79,2675,5,0.9829212546348571,0.02352026117705437,0.9449012279510498,0.0754471008551129,2.0135816164387195,0.004830519013892545
mlp,79,2700,5,0.9815934062004089,0.02566789477295997,0.9443673372268677,0.07637459096614867,2.01351148087302,0.004876325979788346
mlp,79,2725,5,0.9826465249061584,0.023930503367841242,0.9457554817199707,0.07431189619893255,2.0135840626040205,0.004951748786566915
mlp,79,2750,5,0.9837454199790955,0.02232230970181651,0.9454351425170898,0.07478488762469783,2.01365554986429,0.004929736094830549
mlp,79,2775,5,0.9828754544258118,0.02367121230255369,0.9441537737846375,0.07649877920070722,2.0136665124562234,0.0049706504264282825
mlp,79,2800,5,0.982005488872528,0.02509851537362977,0.9451148033142089,0.07515465074478879,2.013636164553329,0.004896997604421365
mlp,79,2825,5,0.9832417607307434,0.022993369846532045,0.9446876764297485,0.075747985783116,2.013519229278418,0.005018494288864473
mlp,79,2850,5,0.9847069621086121,0.020946484985729315,0.9460758328437805,0.07384473860171074,2.013511789694988,0.0050683116826382565
mlp,79,2875,5,0.9829670429229737,0.023504657033924067,0.9443673372268677,0.07628122824258121,2.013663906188831,0.005105541259304965
mlp,79,2900,5,0.9848901033401489,0.02069071142083914,0.9449012398719787,0.0754810805437288,2.013742180239111,0.005170698748099385
mlp,79,2925,5,0.9832875490188598,0.02314762561012527,0.9430859684944153,0.07793846213050216,2.013750622612784,0.005047051691393325
mlp,79,2950,5,0.9838827848434448,0.022090770155269255,0.9454351425170898,0.07471815417962108,2.013779223484801,0.005035244921108071
mlp,79,2975,5,0.9835622787475586,0.02258513525198716,0.9444741129875183,0.07619018809533253,2.0136924261741984,0.005211800371974907
mlp,79,3000,5,0.983608067035675,0.02250388055995797,0.9457554817199707,0.07429271514508452,2.0137571822118336,0.005215734162080524
mlp,79,3025,5,0.9843406677246094,0.02144792303540753,0.9456486940383911,0.07443531968660734,2.013840500515765,0.005249092847675392
mlp,79,3050,5,0.9850732564926148,0.020441849546214193,0.9461826086044312,0.07371666997091242,2.0139196588583945,0.005335037404155181
mlp,79,3075,5,0.9848443269729614,0.02075670551792175,0.9456486940383911,0.07446403538313784,2.013970634766442,0.005392548687206969
mlp,79,3100,5,0.9851190447807312,0.02038060591024175,0.9462893843650818,0.07361626234280824,2.0140262509074147,0.005429544073086847
mlp,79,3125,5,0.9859890103340149,0.019283436499475087,0.946502935886383,0.0732599518261069,2.014114778856851,0.005464252565266362
mlp,79,3150,5,0.9860347986221314,0.0191611440313278,0.9462893843650818,0.07356590830859301,2.014088109299073,0.0055794491776020375
mlp,79,3175,5,0.9858516454696655,0.01940198662802432,0.9459690451622009,0.0739887845302128,2.0139372305710173,0.005678947303768331
mlp,79,3200,5,0.9862179517745971,0.018921945045038916,0.9477843165397644,0.07150549829309825,2.01397188460871,0.005700852811423378
mlp,79,3225,5,0.9860805869102478,0.019115545426294858,0.9466097354888916,0.07313199570975883,2.0140428218697877,0.0057426042723540864
mlp,79,3250,5,0.9865384697914124,0.018490449012467314,0.9479978680610657,0.07131710287992217,2.0140884547475206,0.005797934984125479
mlp,79,3275,5,0.9859432220458985,0.01932294354658026,0.9473571896553039,0.07209624592175962,2.0140635561006937,0.005908720701470151
mlp,79,3300,5,0.9858974337577819,0.019321587372146783,0.9457554817199707,0.07435503868867709,2.0140024490642725,0.006099762116857171
mlp,79,3325,5,0.9878663063049317,0.017159636292590947,0.9475707530975341,0.07179393636610125,2.0139527788886555,0.006273543450636466
mlp,79,3350,5,0.9871794939041137,0.01779539078231248,0.9473571896553039,0.07209031533055946,2.0138685691324025,0.006244812562060879
mlp,79,3375,5,0.9862637400627137,0.018853680510069356,0.9470368504524231,0.07255814547287025,2.013901519154314,0.006312447547886205
mlp,79,3400,5,0.9868589758872985,0.018107509564010388,0.9474639654159546,0.07198645228653511,2.0139376343492272,0.0063863737362426
mlp,79,3425,5,0.9873626351356506,0.017635192234421195,0.9467165112495423,0.0729909614416651,2.014027069599182,0.006408703134754084
mlp,79,3450,5,0.9871337056159973,0.017870632210662013,0.9472504138946534,0.07227867343609498,2.014105830011188,0.006481753099957949
mlp,79,3475,5,0.9877747297286987,0.01724160525083196,0.9485317707061768,0.07047577544768795,2.0141868261128133,0.00650923890129227
mlp,79,3500,5,0.9877747178077698,0.0169039256363751,0.9483182072639466,0.07080445179497764,2.0142177191072395,0.006575590532142429
mlp,79,3525,5,0.9875915765762329,0.017092619215477094,0.9474639654159546,0.07200129934654503,2.0142943677134046,0.00662655245204919
mlp,79,3550,5,0.9875457882881165,0.017421542327917105,0.9479978680610657,0.07122711504128248,2.014357247570019,0.006712638806795454
mlp,79,3575,5,0.9877289414405823,0.017053625004963806,0.9483182191848755,0.07083261072488492,2.0143661869143408,0.006822667614738589
mlp,79,3600,5,0.9889194130897522,0.015514309976104122,0.9486385464668274,0.07048771272102955,2.0143713714411917,0.006910918174279502
mlp,79,3625,5,0.9881868124008178,0.016529244331962085,0.9483182072639466,0.07084972841887235,2.0143981923021905,0.006998742170500589
mlp,79,3650,5,0.9883241772651672,0.016265859742345633,0.9493860244750977,0.06935640591512054,2.014398332900563,0.007083536893375234
mlp,79,3675,5,0.9889652013778687,0.015373297541036576,0.9495995759963989,0.06911680503857595,2.0144615596988773,0.007115159037989487
mlp,79,3700,5,0.9888278365135192,0.015783761048348402,0.9495995759963989,0.06907967683192681,2.0145106688557677,0.007236130742360803
mlp,79,3725,5,0.9880036592483521,0.016629616834083465,0.9494928002357483,0.06934736835197373,2.014595174053123,0.0073089688027441965
mlp,79,3750,5,0.988598906993866,0.01586655007411499,0.9489588975906372,0.06992760444685528,2.0145938900941944,0.0074117584507379574
mlp,79,3775,5,0.988598895072937,0.016068435619094643,0.9491724610328675,0.06968136174030742,2.0146863753244064,0.0075094436968428605
mlp,79,3800,5,0.9887362599372864,0.015793720205532855,0.9489588975906372,0.06999279680905436,2.0147346567887836,0.007576390430327294
mlp,79,3825,5,0.989102566242218,0.015341044593588217,0.948745334148407,0.07047617543080462,2.0147665637008965,0.007681268006611333
mlp,79,3850,5,0.9889194130897522,0.015514309976104122,0.9485317826271057,0.07059800498055228,2.014786716012894,0.007748989418093877
mlp,79,3875,5,0.9894688725471497,0.01493455736515042,0.9503470420837402,0.06803438200264192,2.014804294737972,0.007821420218526186
mlp,79,3900,5,0.9896520137786865,0.014610286357461835,0.9502402663230896,0.06822098564957274,2.0148655119318626,0.007915197678137063
mlp,79,3925,5,0.9892399311065674,0.01530119012438221,0.9493860125541687,0.06938929357935869,2.0148710336765463,0.008005929414228072
mlp,79,3950,5,0.9894688725471497,0.015068199205681627,0.9498131394386291,0.06875851060124291,2.0149605058485944,0.008098209209057454
mlp,79,3975,5,0.9893772959709167,0.01505567152879444,0.9495995759963989,0.06901775317855474,2.014966222746003,0.008177151675289233
mlp,79,4000,5,0.9896520137786865,0.014610286357461835,0.9498131394386291,0.06875851060124291,2.015000529734732,0.008253095074421532
mlp,79,4025,5,0.9898351669311524,0.014367188863831216,0.9502402544021606,0.06824084649534327,2.015038723025085,0.008339718422902606
mlp,79,4050,5,0.9903846144676208,0.0135982065199966,0.9506673812866211,0.06761895254871263,2.0150766751552696,0.008420168161803033
mlp,79,4075,5,0.9902930378913879,0.013847991951865903,0.9504538178443909,0.06788170789935301,2.0151058737711005,0.008531106798164729
mlp,79,4100,5,0.9899267435073853,0.014206133236095698,0.9506673812866211,0.06760314304080735,2.0151253222840944,0.008589706714165654
mlp,79,4125,5,0.9902014613151551,0.01380230879019821,0.9504538178443909,0.06797088343334247,2.015165455994223,0.008698473428379785
mlp,79,4150,5,0.9905219793319702,0.013356702045694077,0.9518419742584229,0.06597577525703209,2.015192469901374,0.00878447824955652
mlp,79,4175,5,0.9905219793319702,0.01361900442241775,0.9505606055259704,0.06775686551665196,2.015205586142424,0.008843811801261885
mlp,79,4200,5,0.9908424973487854,0.0131275291383514,0.9508809447288513,0.06738711795075582,2.0152251288340333,0.008897340326260869
mlp,79,4225,5,0.9910714268684387,0.012626911322639036,0.9510945081710815,0.06711966696531353,2.015261484574438,0.008998825114485047
mlp,79,4250,5,0.9911172151565552,0.012586791233411627,0.9507741689682007,0.06748158717932236,2.0153153873855545,0.00910630061192681
mlp,79,4275,5,0.9910256385803222,0.012708009055163417,0.9510945081710815,0.0669836273866318,2.0153447853416444,0.009210125053921278
mlp,79,4300,5,0.9908424854278565,0.012742607113498134,0.9509877324104309,0.06717251327908015,2.015375634808616,0.009276166798980703
mlp,79,4325,5,0.990705132484436,0.013283907155698346,0.9507741689682007,0.06744989829487529,2.0154111676154485,0.009378266437773473
mlp,79,4350,5,0.9908882856369019,0.01295309028599642,0.9510945081710815,0.06707293397788038,2.015423631390835,0.009448326039038923
mlp,79,4375,5,0.9913461565971374,0.012183700939351462,0.9513080716133118,0.06674253917296757,2.015470028493568,0.009542490297942411
mlp,79,4400,5,0.991391944885254,0.012181765057184907,0.9509877324104309,0.06720857449223187,2.015513745838243,0.009632243652466477
mlp,79,4425,5,0.9915293097496033,0.011979367142117826,0.950987720489502,0.06718950196699522,2.0155423972996807,0.009712337554669484
mlp,79,4450,5,0.9916208863258362,0.011857994068881874,0.9508809447288513,0.06732681281701373,2.015566257734006,0.009776584256950962
mlp,79,4475,5,0.9917582511901856,0.011616181018414504,0.9522691011428833,0.06543695519351012,2.015589589809777,0.009843150240476202
mlp,79,4500,5,0.9919413924217224,0.011499873693077667,0.9512012839317322,0.06684198698478097,2.0156204106131916,0.009916243147294987
mlp,79,4525,5,0.9919871807098388,0.011373384951830212,0.9514148473739624,0.06656035564777436,2.0156419930644667,0.009985584057716946
mlp,79,4550,5,0.9922161102294922,0.010968730990490366,0.9514148592948913,0.06658817009028406,2.0156826496312528,0.010061585507502524
mlp,79,4575,5,0.9922161102294922,0.010968730990490366,0.9513080716133118,0.0667606873281851,2.0157106718841122,0.010146445220232494
mlp,79,4600,5,0.9924450516700745,0.010608000572584002,0.951521635055542,0.06643431772293346,2.015732305015128,0.010211109708125105
mlp,79,4625,5,0.9922618985176086,0.010927319333582302,0.952375864982605,0.0652393465879408,2.015761494022823,0.010286519245628964
mlp,79,4650,5,0.9923076868057251,0.010846921286273672,0.9517351865768433,0.06619705812512046,2.0157929474065286,0.010353820029277304
mlp,79,4675,5,0.9923534750938415,0.010766896518330609,0.9508809447288513,0.06732681281701373,2.0158176493118223,0.010424739991182257
mlp,79,4700,5,0.9924908399581909,0.010565175077786482,0.951521635055542,0.06643431772293346,2.0158591084786606,0.010502408432984315
mlp,79,4725,5,0.9927197813987731,0.010205587985499769,0.9509877324104309,0.0671449240730448,2.0158945520348706,0.010584416450802228
mlp,79,4750,5,0.9928113579750061,0.010049291718694946,0.9515216231346131,0.06642038749345901,2.015927900736666,0.010663049164173417
mlp,79,4775,5,0.9928113579750061,0.010049291718694946,0.9518419742584229,0.06596497225895644,2.0159582027641867,0.010727880372683903
mlp,79,4800,5,0.9930402994155884,0.009795743174182525,0.951521635055542,0.06648900174944675,2.0159835863729207,0.010789488933747211
mlp,79,4825,5,0.9933150172233581,0.009325387291670423,0.9510945081710815,0.0669932013051248,2.016008117931451,0.010852162209340984
mlp,79,4850,5,0.9932692289352417,0.009402630364044467,0.9516284108161926,0.06626806415860527,2.0160356621265287,0.010914639272285993
mlp,79,4875,5,0.9933150172233581,0.009325387291670423,0.9514148473739624,0.06657320168785433,2.0160637160410557,0.010980264043017596
mlp,79,4900,5,0.9932234406471252,0.009480349838446776,0.9516284108161926,0.06628096828865254,2.016086957065725,0.01103622495078736
mlp,79,4925,5,0.9934065937995911,0.00917237842182201,0.9516284108161926,0.06626806415860527,2.016114231758677,0.011094754719793598
mlp,79,4950,5,0.9934065937995911,0.00917237842182201,0.9517351865768433,0.06615829136913608,2.0161341822978076,0.011146225533968133
mlp,79,4975,5,0.993498170375824,0.009048977527724957,0.9512012839317322,0.06684198698478097,2.0161507320100176,0.011191726356955735
mlp,79,5000,5,0.9935439586639404,0.008946747181123331,0.9513080596923829,0.06670090045049429,2.0161700435276613,0.011243376704693503
mlp,79,5025,5,0.9936813235282898,0.008726095082701482,0.9515216231346131,0.06642038749345901,2.0161950877110093,0.01129875527645254
mlp,79,5050,5,0.9936813235282898,0.008726095082701482,0.951521635055542,0.0664085679889712,2.016209431451916,0.011344818324805972
mlp,79,5075,5,0.9935897469520569,0.008872624726621472,0.9518419742584229,0.06598873509759016,2.0162293256323194,0.011389245416343789
mlp,79,5100,5,0.9938644766807556,0.008457371125962787,0.9514148473739624,0.06657320168785433,2.0162464866266085,0.011433093454500836
mlp,79,5125,5,0.9938644766807556,0.008457371125962787,0.9514148473739624,0.06657320168785433,2.016258756197886,0.01146890979328435
mlp,79,5150,5,0.994001829624176,0.008245576592192235,0.9515216231346131,0.06642038749345901,2.0162707756716873,0.01150492839420509
mlp,79,5175,5,0.994093406200409,0.008120678108546464,0.951521635055542,0.06643431772293346,2.0162833899730748,0.011542044681365379
mlp,79,5200,5,0.994093406200409,0.008107759012807502,0.9516284108161926,0.06626806415860527,2.0162942608345946,0.01157576287859937
mlp,79,5225,5,0.9942765593528747,0.007847586788289436,0.9518419742584229,0.06598873509759016,2.016305707704158,0.01161029126973529
mlp,79,5250,5,0.9943223476409913,0.0077811846107920905,0.9513080596923829,0.06670090045049429,2.016315317319556,0.011642451365241745
mlp,79,5275,5,0.9943223476409913,0.0077811846107920905,0.9516284108161926,0.06629601827245944,2.0163251352119467,0.01167412838097775
mlp,79,5300,5,0.9943681359291077,0.007715569659332208,0.9517351984977722,0.06612810825062819,2.0163334130099817,0.011702301053437583
mlp,79,5325,5,0.9944597125053406,0.007597138749494665,0.9517351984977722,0.06612810825062819,2.016341789169085,0.011728188685561169
mlp,79,5350,5,0.9944597125053406,0.007597138749494665,0.9518419742584229,0.06597577525703209,2.0163498578481565,0.011755942384091594
mlp,79,5375,5,0.994505500793457,0.007530616258746444,0.9517351865768433,0.06611626920152447,2.016357399098183,0.011781887148252148
mlp,79,5400,5,0.9945512890815735,0.007464905288562272,0.9517351865768433,0.06611626920152447,2.016363270795959,0.01180442833549394
mlp,79,5425,5,0.9947802305221558,0.00714929679898992,0.9522690892219543,0.06538031727844783,2.016367462201224,0.011823817844462983
mlp,79,5450,5,0.9947802305221558,0.00714929679898992,0.9517351984977722,0.06610655148046339,2.0163703601588905,0.011844148854865079
mlp,79,5475,5,0.9948260068893433,0.007088941356203201,0.9521623134613038,0.06553164217008466,2.0163746282124313,0.01186236750640284
mlp,79,5500,5,0.9948260068893433,0.007088941356203201,0.9521623134613038,0.06552185469192832,2.016376340606155,0.011878346399150511
mlp,79,5525,5,0.9948260068893433,0.007088941356203201,0.9520555257797241,0.06566397105973869,2.0163780208289896,0.011892273400483518
mlp,79,5550,5,0.9948260068893433,0.007088941356203201,0.9519487500190735,0.06581421066087653,2.0163796192625534,0.011906942235891983
mlp,79,5575,5,0.9948260068893433,0.007088941356203201,0.9522691011428833,0.06537158043104214,2.016380992538139,0.01192015096145681
mlp,79,5600,5,0.9948260068893433,0.007088941356203201,0.9519487500190735,0.06581421066087653,2.0163806530927064,0.011932881477152307
mlp,79,5625,5,0.9948717951774597,0.007029542910958845,0.9519487500190735,0.06581421066087653,2.0163785226277042,0.011943960961112826
mlp,79,5650,5,0.9948717951774597,0.007029542910958845,0.9521623134613038,0.06552185469192832,2.0163780537958576,0.01195695665842182
mlp,79,5675,5,0.9949175834655761,0.006971142172960153,0.9519487500190735,0.06580663100451033,2.016378937355468,0.011968691075245636
mlp,79,5700,5,0.9949175834655761,0.006971142172960153,0.9519487500190735,0.06580663100451033,2.0163771446553542,0.01197901981316616
mlp,79,5725,5,0.9949175834655761,0.006971142172960153,0.9520555377006531,0.06565744272211632,2.0163755695731576,0.011986948631910934
mlp,79,5750,5,0.9949175834655761,0.006971142172960153,0.9521623134613038,0.06551424036145567,2.016374056415967,0.011996321977342642
mlp,79,5775,5,0.9949175834655761,0.006971142172960153,0.9520555377006531,0.06565744272211632,2.0163728642559278,0.01200580333357855
mlp,79,5800,5,0.9949633717536926,0.006913764425225975,0.9521623134613038,0.06551424036145567,2.016371357390093,0.012013959994099507
mlp,79,5825,5,0.9949633717536926,0.006913764425225975,0.9521623134613038,0.06551424036145567,2.01636989924527,0.012021661617992738
mlp,79,5850,5,0.9949633717536926,0.006913764425225975,0.9522691011428833,0.06537158043104214,2.016368454696932,0.012030370887486163
mlp,79,5875,5,0.9949633717536926,0.006913764425225975,0.952375876903534,0.06522949844489628,2.0163673696085684,0.01203775689634586
mlp,79,5900,5,0.9949633717536926,0.006913764425225975,0.9522691011428833,0.06537158043104214,2.0163644768874134,0.01204476622560188
mlp,79,5925,5,0.9949633717536926,0.006913764425225975,0.952375876903534,0.06522949844489628,2.0163630360225238,0.01205203045058982
mlp,79,5950,5,0.9949633717536926,0.006913764425225975,0.9522691011428833,0.06537158043104214,2.0163596712747864,0.012058742300908244
mlp,79,5975,5,0.9949633717536926,0.006913764425225975,0.9521623134613038,0.06551424036145567,2.016357559231956,0.01206551575553256
mlp,79,6000,5,0.9949633717536926,0.006913764425225975,0.952375876903534,0.06522185083714101,2.016355295850875,0.012072753173669019
mlp,97,0,5,0.107197082042694,0.023582231512847326,0.10471129715442654,0.023657623980933417,18.963223187241486,3.5578737859898615
mlp,97,1,5,0.1083814159035682,0.026062409034598975,0.10442790985107417,0.023948620867091486,18.705664166427162,3.5614386386951122
mlp,97,2,5,0.10993015617132182,0.026309936555387724,0.1057739987969398,0.024984863788869105,18.434913844187726,3.5587471917594486
mlp,97,3,5,0.1129972696304321,0.025532008234641048,0.10882040262222285,0.025129837734600275,18.153761017203585,3.5524308319879276
mlp,97,4,5,0.11563923656940456,0.02663231175503147,0.11151257455348965,0.026380736042215414,17.864415471988828,3.544053903730877
mlp,97,5,5,0.11970847249031062,0.02824286971815536,0.11484236568212505,0.027377425574265972,17.568369463112692,3.53457932845891
mlp,97,6,5,0.12329183071851726,0.029221666155911305,0.11795961707830424,0.028723476397553623,17.266755893513313,3.524603161808319
mlp,97,7,5,0.12857576608657834,0.030888968311793972,0.12086432874202727,0.028856847232533227,16.960490459257663,3.5145196908187635
mlp,97,8,5,0.13334345370531078,0.03225913777618196,0.12383988350629802,0.031233432489831778,16.65033495755281,3.5045596710060782
mlp,97,9,5,0.136683876812458,0.034836206816908154,0.12766560316085812,0.033334254828237736,16.336970472054933,3.494864856720914
mlp,97,10,5,0.13959914892911907,0.037452675626889885,0.1293659225106239,0.03534830985983294,16.021036569269402,3.4854837591998904
mlp,97,11,5,0.14260552823543543,0.039641937786707014,0.12979099899530408,0.03587700980153106,15.703150773205454,3.4764053826948715
mlp,97,12,5,0.14382022470235822,0.04011138855035366,0.13099539428949353,0.03696639202862717,15.383907115322398,3.4675530097742233
mlp,97,13,5,0.1453689649701118,0.03932446805344195,0.13184555172920223,0.0366561929404232,15.06389108668078,3.4588070223348204
mlp,97,14,5,0.14709990620613095,0.03912179571633682,0.13297909796237942,0.036633247895679,14.74365784820167,3.4500170146496925
mlp,97,15,5,0.14943820089101786,0.03918847897111407,0.13475026339292523,0.03594602031921861,14.423772576014676,3.4410235265285207
mlp,97,16,5,0.15092620551586147,0.0385597828679084,0.13538788557052608,0.03532611729998548,14.104779200192297,3.431627562055036
mlp,97,17,5,0.15253568142652504,0.03841970910609658,0.13630889058113096,0.03395412449827682,13.787202979900366,3.4216083881949553
mlp,97,18,5,0.15469177365303036,0.037481105590077765,0.13808005452156064,0.03393009014550298,13.471548614517156,3.410743412385814
mlp,97,19,5,0.1563012450933456,0.037539523353080126,0.13907190859317775,0.03349666482077845,13.15828340881539,3.398808317842021
mlp,97,20,5,0.15833586454391474,0.037774285290105444,0.139426140487194,0.03307444336912461,12.847868745605291,3.3855845670735563
mlp,97,21,5,0.15988460332155224,0.03814908576252928,0.14034714847803112,0.033484303135746435,12.540720244545376,3.3708512506942516
mlp,97,22,5,0.16119040548801417,0.038344630455959226,0.14176407903432844,0.03348711356613426,12.237243638019965,3.3544144691809845
mlp,97,23,5,0.16404494345188136,0.03914230257645444,0.14417286515235897,0.03307008090639547,11.937801572007203,3.3361009724031407
mlp,97,24,5,0.16683875173330304,0.0389744921340699,0.14601487815380093,0.03321716640282383,11.642721238129843,3.315768835444241
mlp,97,25,5,0.16954145282506938,0.04014431018810312,0.1473609626293182,0.033563467102080934,11.352291030868376,3.2932864722540094
mlp,97,26,5,0.17105982452630994,0.040156515424604765,0.14948635995388027,0.034721169072381174,11.066771270713888,3.268532723080308
mlp,97,27,5,0.1722137868404388,0.04022560448218792,0.14976974427700038,0.034784711972967154,10.786391726290718,3.2414196279492233
mlp,97,28,5,0.17345885336399075,0.04054687938229612,0.15083244591951367,0.03532345022355251,10.511353007411227,3.2118717987547765
mlp,97,29,5,0.17409657090902325,0.0407841449830713,0.15168260633945457,0.035758596787740564,10.241826760766099,3.179851327477755
mlp,97,30,5,0.1761615559458732,0.040844976945173576,0.1518242999911308,0.035402583661190465,9.977957529842765,3.145344900983242
mlp,97,31,5,0.17713331282138822,0.0413080416769151,0.1512575253844261,0.03544632783340303,9.719861035882602,3.108364013659943
mlp,97,32,5,0.17825690805912014,0.04149589647492931,0.15189514607191082,0.03562148217819407,9.467626014385662,3.0689326917060376
mlp,97,33,5,0.17886425703763956,0.041456429707122086,0.15345376878976819,0.03623615782483647,9.221319439615653,3.027103278455775
mlp,97,34,5,0.1799878522753715,0.04217613452179535,0.153312075138092,0.03629843382363311,8.980972606826757,2.9829400204647074
mlp,97,35,5,0.18135438710451124,0.04273693335970915,0.15373716056346892,0.03648600843056916,8.74661365123686,2.9365245594144604
mlp,97,36,5,0.18180989921092983,0.04317114622283771,0.15451647043228145,0.037007101191044674,8.518257894753004,2.887960978323857
mlp,97,37,5,0.18284239470958707,0.0439854414986631,0.15536662936210627,0.037568416424207794,8.295887763368446,2.8373535440649653
mlp,97,38,5,0.18354084789752956,0.04410046960951778,0.15664186775684352,0.03810138596229272,8.079472600252442,2.784804136941724
mlp,97,39,5,0.1835408419370651,0.04444234384031448,0.15756287276744838,0.038413796728163835,7.868974595675475,2.7304365836598854
mlp,97,40,5,0.1843911319971084,0.04480955726438457,0.15912150144577022,0.0398149156189293,7.664349809131478,2.674393627010458
mlp,97,41,5,0.184877011179924,0.045334103905558434,0.16011335402727123,0.04046095376609818,7.4655276415126455,2.6168112390853655
mlp,97,42,5,0.18578803837299343,0.04504867611965673,0.1604675844311714,0.040498927749653475,7.272431135211194,2.55782645653997
mlp,97,43,5,0.18654721975326535,0.04478047725469904,0.16174282878637308,0.04129330988411641,7.084979954002461,2.4975937368630845
mlp,97,44,5,0.18712420165538785,0.04538518908169161,0.16273467540740966,0.042140784883665135,6.903088985788793,2.4362624258291086
mlp,97,45,5,0.1882781639695167,0.04619134743420591,0.16301806569099422,0.04280243984519399,6.726660268810979,2.3739882751486943
mlp,97,46,5,0.1893106564879417,0.046983185238442166,0.16351398974657055,0.04238795187764913,6.555587478805717,2.310914095542602
mlp,97,47,5,0.18985727131366728,0.04736903176083929,0.1629472181200981,0.043427875975132556,6.389756430344184,2.2471819521860183
mlp,97,48,5,0.19079866409301754,0.047079412331188265,0.16323060542345047,0.0429421962540207,6.229076485556908,2.1829713344330295
mlp,97,49,5,0.1909201309084892,0.04669637959088225,0.16280552297830578,0.041859201473573124,6.073439988621196,2.1184386972493487
mlp,97,50,5,0.1911023393273353,0.047037768555123795,0.162805525958538,0.042301274501639216,5.922731180355633,2.0537458897076455
mlp,97,51,5,0.1914971157908439,0.047129677988265506,0.16301806122064588,0.04213989122227035,5.776849843727762,1.9890723392034686
mlp,97,52,5,0.19128454178571694,0.046795364205411624,0.16323060095310207,0.04327692949054749,5.635683138445296,1.924572117213245
mlp,97,53,5,0.19161858558654782,0.04640944145587366,0.16415161192417144,0.04397814999350104,5.499121477664472,1.8604031240739791
mlp,97,54,5,0.19201336205005642,0.04655236476010647,0.16301806122064585,0.043586791039977674,5.367065191920712,1.796726389264042
mlp,97,55,5,0.19295475333929057,0.04675630197937168,0.16478922814130778,0.04454570759141519,5.239411475203126,1.7336888809339301
mlp,97,56,5,0.19337989389896387,0.04629001371691767,0.16450584381818767,0.04415966713768024,5.116051844275508,1.6714315104043096
mlp,97,57,5,0.19377467185258862,0.04582446419786142,0.16443499922752378,0.04389732709665797,4.996874553776208,1.6100682287367218
mlp,97,58,5,0.19468569904565808,0.046192394312207986,0.1649309232831001,0.04474049510643868,4.881776641736648,1.549707878759634
mlp,97,59,5,0.19416945129632945,0.046053060721731466,0.16486007720232004,0.04503959250752162,4.770653524929651,1.4904515815836918
mlp,97,60,5,0.1946856990456581,0.04634685861205304,0.1643641501665115,0.04542823308085777,4.663406208369453,1.432392694003883
mlp,97,61,5,0.1947767987847328,0.047069590633053056,0.1646475344896316,0.046026720471747586,4.559917513030202,1.3755873464169162
mlp,97,62,5,0.19486790299415585,0.04736988156498139,0.1641516104340553,0.04581235017983703,4.4600876377623235,1.3201050448874494
mlp,97,63,5,0.1956574529409408,0.04762313687671101,0.16358484029769896,0.044764187901065185,4.36380928818813,1.2659818811748342
mlp,97,64,5,0.19599149525165555,0.04706138469458721,0.16273467689752574,0.045084144634073925,4.270969397159107,1.2132374433575825
mlp,97,65,5,0.19656847715377804,0.04849798487158992,0.16308891177177426,0.04490007358520803,4.181447815730355,1.1618702224939192
mlp,97,66,5,0.19696325361728667,0.049202456152157896,0.1639390707015991,0.04560219562140847,4.095126233233223,1.1118700925585574
mlp,97,67,5,0.1969328880310058,0.049621979085844446,0.164009915292263,0.045573017948832215,4.0118851028675495,1.0632191260803332
mlp,97,68,5,0.19684178531169888,0.05087494228484482,0.16365568637847897,0.045962338566093386,3.931614487430303,1.0158979136619906
mlp,97,69,5,0.19696325361728664,0.05143612688509492,0.164080761373043,0.045708011215596506,3.854207076632177,0.9698872902976751
mlp,97,70,5,0.19732766449451444,0.05231410636011332,0.16443499624729152,0.04549199766467877,3.7795539085801217,0.9251542393522683
mlp,97,71,5,0.19781354814767832,0.05456984535983962,0.16386822462081904,0.04551970759212266,3.707559357531359,0.8816747060550318
mlp,97,72,5,0.19829942435026163,0.0552857514494286,0.16450584232807156,0.04721649380660277,3.6381285212797096,0.8394216783045204
mlp,97,73,5,0.19872456640005107,0.05680350528877506,0.16400991976261134,0.04833172835805122,3.5711713586306617,0.7983683951966607
mlp,97,74,5,0.19908897429704664,0.05793912445158998,0.16386822611093516,0.0490140067722165,3.5066005376983638,0.7584846084665438
mlp,97,75,5,0.1988460406661033,0.05938734423968792,0.16379737555980678,0.04980509483530617,3.444339849364809,0.719751180640854
mlp,97,76,5,0.19866383075714106,0.06041543837845499,0.16450584381818767,0.049756570740111764,3.3843016461744524,0.6821369316890595
mlp,97,77,5,0.19869420230388637,0.06147070354756998,0.16415161192417144,0.05078064270315139,3.326419925807187,0.6456269446118913
mlp,97,78,5,0.19896750599145885,0.062243317436160545,0.163726532459259,0.05095381523349982,3.2706347426921796,0.610214870860849
mlp,97,79,5,0.19905860722064966,0.06400754257939163,0.1650726199150085,0.05185070114485645,3.2168903996784435,0.5759048740806026
mlp,97,80,5,0.19927118271589278,0.06505189851563546,0.16556854546070096,0.05260605886317366,3.1651318165189206,0.542697478393155
mlp,97,81,5,0.19978743046522135,0.06572653017486806,0.16585192829370493,0.05309267381780912,3.1153074211800664,0.5105964416637484
mlp,97,82,5,0.20057697594165796,0.06601191982838743,0.1664186999201774,0.0543752964606997,3.06736663917753,0.4796032253590353
mlp,97,83,5,0.20091102272272104,0.06700594278631945,0.16733970493078226,0.054812691054141174,3.0212564799942996,0.44971373612091464
mlp,97,84,5,0.20118432939052577,0.06719796466941777,0.16783563345670696,0.056050265122045986,2.9769284624622543,0.42093493042313934
mlp,97,85,5,0.20176131427288052,0.06793833311360857,0.1680481746792793,0.0571790793855138,2.934343565291369,0.39327902471101556
mlp,97,86,5,0.20273306965827936,0.0689740069694889,0.1680481761693954,0.05731005568388097,2.8934589854049477,0.36675297953122177
mlp,97,87,5,0.2029152750968933,0.07006713038663771,0.16847325116395945,0.05790524735925119,2.8542297290038516,0.3413619971750392
mlp,97,88,5,0.20409960895776744,0.07136789630427952,0.16776478737592693,0.05857959290002715,2.816615525784667,0.31711277150656886
mlp,97,89,5,0.20498026162385935,0.0722615206481641,0.16833156347274777,0.05928691602832794,2.7805691475041727,0.2940012719319347
mlp,97,90,5,0.20558760613203045,0.0727546675507775,0.16847325116395945,0.05925685139406623,2.746050044233379,0.2720311479000937
mlp,97,91,5,0.20628606081008907,0.0731492794457648,0.16918172091245648,0.05974768347302513,2.7130112123763395,0.25119416656906746
mlp,97,92,5,0.20671120733022685,0.07364361029534772,0.16932341158390044,0.059789359873041986,2.6814063884719106,0.23148218103444654
mlp,97,93,5,0.20786517113447184,0.07442874833624026,0.17031526714563366,0.05968506700558102,2.6511931337460104,0.21289207491183032
mlp,97,94,5,0.20947463661432267,0.07509809605660875,0.17081119418144225,0.060028345291176045,2.6223277194432537,0.19541251982644262
mlp,97,95,5,0.21023382991552347,0.07538910165630888,0.17137796431779856,0.06094631541829366,2.5947654685004236,0.17903366755176017
mlp,97,96,5,0.21166110634803767,0.07603188060193357,0.17222812473773952,0.06089378955291447,2.5684563959971958,0.16373334075413296
mlp,97,97,5,0.21308836787939067,0.0767012962681897,0.17329082489013664,0.061476743729187155,2.5433583502282824,0.14949510672822142
mlp,97,98,5,0.21424233615398403,0.07704636288668047,0.17407013773918148,0.06067558904557476,2.5194228909072605,0.13629680835297148
mlp,97,99,5,0.21612511277198787,0.07747364202660531,0.17499114274978633,0.060728507416814126,2.496604583572167,0.12412090885329351
mlp,97,100,5,0.21767385751008983,0.07830574800808496,0.17605384141206737,0.061075680001132976,2.4748596807139536,0.11294885305006157
mlp,97,101,5,0.21940480023622513,0.07856172221470957,0.1778958514332771,0.061649482993158596,2.454144054619178,0.10275605978782702
mlp,97,102,5,0.22122684121131897,0.07829612529060714,0.17888770997524256,0.06131661184788896,2.4344144463710617,0.09352046141057514
mlp,97,103,5,0.22283632010221477,0.07859440014138089,0.17995040565729137,0.061759090579511754,2.4156301771425572,0.08521894867509419
mlp,97,104,5,0.22447616159915923,0.07952804597323447,0.18228834420442577,0.06274506962103223,2.3977522262378175,0.07782669792208201
mlp,97,105,5,0.22660188227891917,0.07974422598796975,0.1831385031342506,0.06301715823572787,2.3807415726337107,0.07131411760244408
mlp,97,106,5,0.22848466932773587,0.08030800423667936,0.184413743019104,0.06343126768962785,2.3645622097120933,0.06564651694802956
mlp,97,107,5,0.2305496498942375,0.08020194349209021,0.18653913885354995,0.06300849547915377,2.3491762800446923,0.06077885421869942
mlp,97,108,5,0.232159124314785,0.08019715792763518,0.18823946267366404,0.062214869292372875,2.334549943865181,0.056659971619245984
mlp,97,109,5,0.2344063118100166,0.08020789029461793,0.1900814726948738,0.06305627619553089,2.3206491557592837,0.05322702094080198
mlp,97,110,5,0.23701791912317272,0.08038150787149036,0.19121501743793484,0.06324792012470191,2.3074415881869412,0.05040640925816835
mlp,97,111,5,0.23911326825618745,0.08029214072594046,0.19263195097446437,0.06443118952716201,2.2948968665639127,0.04812003559517841
mlp,97,112,5,0.2409656822681427,0.0802459350175485,0.19475734978914255,0.06546674109234622,2.282985796495961,0.0462833770596216
mlp,97,113,5,0.24360765218734742,0.080659128426834,0.19638681709766387,0.066283529532891,2.2716788615355474,0.04481291961329113
mlp,97,114,5,0.24576374292373654,0.08070299497640028,0.19837052375078196,0.06671112809732198,2.260950267115228,0.04362657086594812
mlp,97,115,5,0.2474643230438232,0.08127600535951661,0.20007084608078002,0.06732684220762244,2.2507730769354803,0.04265115599996933
mlp,97,116,5,0.24959003627300264,0.08071890079790939,0.20155861824750895,0.06776229453531799,2.241122720206209,0.04182253257088226
mlp,97,117,5,0.2523838430643081,0.08074746187508565,0.20311724543571472,0.0666436613260562,2.2319750677919026,0.041087816675425305
mlp,97,118,5,0.2548436105251312,0.08043115107651079,0.2043924883008003,0.06664196423800846,2.223307227543554,0.04040179465303668
mlp,97,119,5,0.2570907950401306,0.08037737014851952,0.20637619942426677,0.06672222703812902,2.215097057736264,0.03973132748148898
mlp,97,120,5,0.2588824778795242,0.08087275023962426,0.20765143632888788,0.06739949195888259,2.2073242824419177,0.03905125881383122
mlp,97,121,5,0.26076525747776025,0.08077495057314568,0.20956429392099377,0.06791286834936608,2.199967940890658,0.03834311797886701
mlp,97,122,5,0.2630428224802017,0.08159246024610223,0.21126461029052734,0.06763839331861764,2.193007598625642,0.037596717603325856
mlp,97,123,5,0.2651685446500778,0.08136596054146757,0.21232730895280832,0.06808217897968984,2.1864254520360005,0.03680552987544703
mlp,97,124,5,0.26699059009552,0.08129268099388276,0.21367338746786113,0.06827854922396204,2.1802032999359056,0.03596688712022673
mlp,97,125,5,0.26887336671352385,0.08107869323250981,0.21480693668127054,0.06932052552565113,2.174324058886687,0.035079892485491114
mlp,97,126,5,0.2703006356954574,0.08123883762915138,0.21679064482450486,0.06928947792128758,2.1687696496481355,0.03414873404774475
mlp,97,127,5,0.2722137868404388,0.08128798806727881,0.21870349943637848,0.07003233410494662,2.163523051915261,0.03317773070701148
mlp,97,128,5,0.27427877187728883,0.08188016175317907,0.21934112161397928,0.069841164094815,2.1585683377871723,0.03217240158818033
mlp,97,129,5,0.27588824629783626,0.08259694013143634,0.2204746693372726,0.07075072906487014,2.1538907797879068,0.03113977145829777
mlp,97,130,5,0.27752808332443235,0.08218016419474182,0.221820755302906,0.0710236847441009,2.1494746089442844,0.03008558614776985
mlp,97,131,5,0.2795323401689529,0.08213404961641753,0.22366276532411575,0.07152245609848099,2.1453053483590834,0.02901625253020543
mlp,97,132,5,0.2814758539199829,0.08180077781473258,0.2252922385931015,0.07147261260244189,2.1413685455229703,0.02793895799484498
mlp,97,133,5,0.2839052498340607,0.08117012375043552,0.22685086876153943,0.07137537627671274,2.137651390067786,0.026860395252849046
mlp,97,134,5,0.28615244328975675,0.08166624326239612,0.22862203270196915,0.07065889157440776,2.134140417640537,0.025786380288920066
mlp,97,135,5,0.2880655914545059,0.08198074338026688,0.22975558042526245,0.07163246754340678,2.1308235995251437,0.02472309512437439
mlp,97,136,5,0.29022167623043055,0.08259293047543773,0.23117250800132752,0.07174579692387957,2.1276891292444473,0.02367492317211894
mlp,97,137,5,0.29207409024238584,0.08276755792493154,0.23273113071918483,0.07200173718847873,2.124726132204814,0.022644788658827686
mlp,97,138,5,0.2943516612052917,0.08342551835751176,0.23450230062007904,0.07198997474456353,2.1219225938982844,0.02163726021759556
mlp,97,139,5,0.296325546503067,0.08329912881418246,0.23620261847972862,0.071833103661157,2.1192691450488184,0.02065563344564442
mlp,97,140,5,0.2982690572738647,0.08347690531259311,0.2381863236427307,0.07226250535459522,2.116755951699557,0.019703565694918216
mlp,97,141,5,0.3001821994781494,0.08372890519070393,0.24002833068370819,0.07109749813768329,2.1143741199666772,0.018783464084817618
mlp,97,142,5,0.30218645632266994,0.0833424144599072,0.24151611328125,0.07139154569414864,2.112114463933744,0.017898232795504933
mlp,97,143,5,0.30364409387111657,0.08354203921536672,0.2425788164138794,0.07263134602810307,2.109968071830445,0.01704937411704586
mlp,97,144,5,0.30510172843933103,0.08370719248207822,0.24413743913173666,0.07321638426453808,2.1079269342155817,0.016238071613547
mlp,97,145,5,0.3067719370126724,0.08384320876247206,0.24548352658748623,0.0736911275989917,2.1059838760829956,0.015465874684852436
mlp,97,146,5,0.3088976562023163,0.08357502052499911,0.24711300134658815,0.0736849926050831,2.104132870498826,0.01473360131371042
mlp,97,147,5,0.3104463964700699,0.0838316587472894,0.24817569255828853,0.07348846826560301,2.1023673497929996,0.01404213934206947
mlp,97,148,5,0.3122988164424896,0.08393862356467736,0.24959262609481808,0.07327985635823808,2.10068130788567,0.013391404423376605
mlp,97,149,5,0.3141208589076996,0.08383583859751015,0.2500885546207428,0.07360039624000596,2.0990699105604156,0.012780162909233025
mlp,97,150,5,0.31539629697799676,0.08426708779626747,0.2525681853294372,0.074093165093423,2.0975290506246322,0.012207350291637276
mlp,97,151,5,0.31682356595993044,0.08410792637958253,0.2547644346952438,0.07367724944638568,2.0960542041791053,0.011672953937616033
mlp,97,152,5,0.3182811975479126,0.0838277897147274,0.2566772937774658,0.07464557900943196,2.0946421972397786,0.011174983468011589
mlp,97,153,5,0.3198603123426437,0.0837135936535723,0.25766914486885073,0.07454842963134799,2.0932895966660254,0.010712235462566352
mlp,97,154,5,0.3210750043392181,0.08386959429514851,0.2595111638307571,0.07527999227433312,2.0919926505648165,0.010284045030789122
mlp,97,155,5,0.32250227332115167,0.08378746184039784,0.26050300896167755,0.07565078914784253,2.090749242648797,0.009888791317275745
mlp,97,156,5,0.3242635875940323,0.08437032270682307,0.26234501302242275,0.07571254197123221,2.0895559045903584,0.009525259315696099
mlp,97,157,5,0.32617673873901365,0.08429957314944574,0.263761955499649,0.07575231699014838,2.0884096292056933,0.009190436420426244
mlp,97,158,5,0.3279987871646881,0.08433224984098797,0.2656748056411743,0.07587453975302522,2.0873082094416957,0.008883245432242552
mlp,97,159,5,0.32918311357498165,0.08485025789343575,0.26723343431949614,0.0761554169636562,2.0862491250263893,0.008600879864821503
mlp,97,160,5,0.33012450933456416,0.08536125984147676,0.26893375813961024,0.07672127360983473,2.085229903293876,0.008341696569721758
mlp,97,161,5,0.3315821409225464,0.0851691329561068,0.2704215347766876,0.0765981830945415,2.084247642462006,0.008104228896829878
mlp,97,162,5,0.3327360987663269,0.084422428463426,0.272617781162262,0.07669559363263208,2.083299302097751,0.007887047105371964
mlp,97,163,5,0.3340722739696503,0.08482202183682185,0.2750265598297119,0.07666654582861065,2.0823827481213026,0.007688774487556098
mlp,97,164,5,0.33580322265625,0.08446467486698082,0.2755933403968811,0.07581746698494321,2.08149584536264,0.007507382803649934
mlp,97,165,5,0.33777710199356076,0.08475276949699147,0.27715196311473844,0.07658712447174185,2.080636804248499,0.007341889893209055
mlp,97,166,5,0.338688126206398,0.0844019445656621,0.27856889367103577,0.07630726518240138,2.0798039905185024,0.007192201204839775
mlp,97,167,5,0.3404798060655594,0.08507944564162068,0.28097767829895015,0.07658827351727333,2.0789949078017136,0.007058371073992002
mlp,97,168,5,0.34160339534282685,0.08531883497493536,0.2822529196739197,0.07674416638760326,2.0782082870827203,0.006939059604949485
mlp,97,169,5,0.3430003017187119,0.08531874026754165,0.2840240806341171,0.07696662222194134,2.0774426597589035,0.006834128268330625
mlp,97,170,5,0.34473125338554383,0.0858589939231012,0.2860786378383636,0.07763388241443897,2.0766963880676674,0.006743555640810061
mlp,97,171,5,0.34594594836235043,0.08568790693849697,0.2867871016263962,0.07727909518452493,2.075968123551258,0.0066666417983461315
mlp,97,172,5,0.3480109274387359,0.08610027233043895,0.2884874254465103,0.07760033493046256,2.0752560314397064,0.006604128743149355
mlp,97,173,5,0.3493774712085724,0.08626586501335638,0.2898335069417953,0.07810192690083528,2.0745590636154074,0.006555475322464144
mlp,97,174,5,0.3506225287914276,0.08623174271557776,0.2916755169630051,0.07722265146300464,2.07387588574615,0.00652022531588309
mlp,97,175,5,0.3522623777389526,0.08634848068448958,0.2933758348226547,0.07726074145667562,2.0732048763736186,0.006499023770435257
mlp,97,176,5,0.35359853506088257,0.08578536716723327,0.2949344664812088,0.07750770255259498,2.0725459631486567,0.006491216676476218
mlp,97,177,5,0.35560279488563534,0.08561781933060077,0.29606800973415376,0.07832332638482686,2.0718980668506624,0.006496330708577408
mlp,97,178,5,0.3571515321731567,0.08625894810733455,0.29748494923114777,0.07943451189940422,2.071259592832165,0.006514088674325544
mlp,97,179,5,0.359034314751625,0.08607976355920845,0.2983351022005081,0.07982137823064533,2.0706299662334686,0.006543670002736966
mlp,97,180,5,0.36091710031032564,0.0863283860144032,0.2996103376150131,0.07891188935385937,2.0700077761558147,0.006583465962584369
mlp,97,181,5,0.3621014267206192,0.08627638591270771,0.3018774330615997,0.07842299845638688,2.069392976712623,0.006631609659081136
mlp,97,182,5,0.3641056805849075,0.08614959472739489,0.3037194490432739,0.0789413815999272,2.0687855304314398,0.006686555780343118
mlp,97,183,5,0.36547221541404723,0.0863452705360756,0.30513637661933896,0.07898627850755803,2.0681848227605237,0.006747213168890421
mlp,97,184,5,0.36732462644577024,0.086912420234768,0.3061282247304916,0.07903661688501072,2.067590483193302,0.006813367109241166
mlp,97,185,5,0.36869116127491,0.0876088527880041,0.3076868593692779,0.07866870130709236,2.0670021823905143,0.006884943372010381
mlp,97,186,5,0.3703006356954574,0.08855947613230371,0.30924548506736754,0.0784916077314696,2.0664205710941403,0.006960736755366886
mlp,97,187,5,0.37181901335716244,0.08896200428816334,0.3112291872501373,0.0793168160603485,2.065845990935787,0.007038561452314336
mlp,97,188,5,0.3731855392456055,0.08933962947985612,0.31314204335212703,0.07939484570354163,2.0652782750738905,0.0071174771837156465
mlp,97,189,5,0.374369877576828,0.08968560115764303,0.3148423612117767,0.08049371887787005,2.0647182157305486,0.0071959433794690775
mlp,97,190,5,0.37600971460342403,0.09023020254967673,0.3163301408290863,0.08105709711756914,2.064166152630856,0.00727338337226776
mlp,97,191,5,0.37767992615699764,0.09040473223328928,0.3178179174661636,0.08118021720747814,2.063622220917811,0.0073489111532026715
mlp,97,192,5,0.3794108748435974,0.09118431902949624,0.31902230978012086,0.08100660497064582,2.063087043740105,0.007421796221415141
mlp,97,193,5,0.3810203492641449,0.09105478663706264,0.32079348564147947,0.0810193891883549,2.0625608841464835,0.007491031354347244
mlp,97,194,5,0.3824779808521271,0.09169032711417516,0.32206871509552004,0.0813724357214956,2.0620438741638805,0.0075561448217433365
mlp,97,195,5,0.3840570867061615,0.0918143707640549,0.32405242025852204,0.08185904386774702,2.0615369782931543,0.0076159728253726135
mlp,97,196,5,0.38600060939788816,0.09210861203635345,0.3248317331075668,0.08294312888664881,2.0610401379477894,0.007669754179769434
mlp,97,197,5,0.3877922892570495,0.09289932115122035,0.3265320539474487,0.0831593404676005,2.060553237409036,0.007717127917873538
mlp,97,198,5,0.38937138915061953,0.09259099039710536,0.3281615287065506,0.08344824274074664,2.060076194988524,0.007758318420583121
mlp,97,199,5,0.3914971172809601,0.09280276672955709,0.3290825337171554,0.08408130603417581,2.059608651202822,0.007793585251814426
mlp,97,200,5,0.39295474886894227,0.0924731118490426,0.3306411564350128,0.08386635534292275,2.0591512363341224,0.0078223690502322
mlp,97,205,5,0.40163984298706057,0.09356989452699552,0.33808005154132836,0.08436609552597096,2.0571706267060295,0.007886422956463775
mlp,97,210,5,0.4121469736099243,0.09529589117370701,0.34792772531509397,0.08557547650381209,2.0558376581691933,0.007844957905666876
mlp,97,215,5,0.4213786840438843,0.09554087341135574,0.3580587983131408,0.08412808009718689,2.054971507520772,0.007743616073352367
mlp,97,220,5,0.4323716938495636,0.0973795626185446,0.37095288634300233,0.08530120826802277,2.0543040792438103,0.007679561344168552
mlp,97,225,5,0.4444275677204132,0.10002293816784329,0.38250088095664975,0.08858002466640612,2.053766689704916,0.007740196913740855
mlp,97,230,5,0.4567263901233673,0.10191191197412633,0.39277364015579225,0.08954371910262587,2.053403949554016,0.007907051085257435
mlp,97,235,5,0.46905556321144104,0.10365336418238547,0.4029755532741547,0.09116207707978177,2.053172490681563,0.008075757607887596
mlp,97,240,5,0.48029152750968934,0.10363702801772617,0.4147360920906067,0.09415420210297165,2.0529877813545396,0.008191443356005973
mlp,97,245,5,0.4941998183727264,0.10483788252357122,0.4291179597377777,0.0967966076159271,2.052835256092008,0.00829335777880011
mlp,97,250,5,0.5076829612255096,0.10558080013078508,0.44215372800827024,0.0978662717083688,2.0527087111199678,0.008399933364409745
mlp,97,255,5,0.5208320617675781,0.10758213318711785,0.45554373860359193,0.09776223136840259,2.0525957409639575,0.008486438439552308
mlp,97,260,5,0.5331916093826294,0.10873487914729157,0.46744598150253297,0.0994930394225865,2.052510453798792,0.00855692815763068
mlp,97,265,5,0.545702999830246,0.10834099415021091,0.4796315908432007,0.09966705355322912,2.052460289130088,0.008621677330297341
mlp,97,270,5,0.5596720278263092,0.11049864771378112,0.49202974438667296,0.09947959098253026,2.0524332730959287,0.008696240596195441
mlp,97,275,5,0.5726996719837188,0.11000120048181034,0.5041445255279541,0.10043879959184997,2.0524241077006975,0.008776240763026967
mlp,97,280,5,0.5868205249309539,0.11042024600439655,0.5161175966262818,0.1018205971918186,2.052455036287008,0.00884494902557231
mlp,97,285,5,0.5996659576892853,0.111371359435469,0.5292242228984833,0.10363089677244923,2.052495689940757,0.00889979305552342
mlp,97,290,5,0.6111448407173157,0.11343384153660593,0.5403471469879151,0.10519638196476432,2.05254065537756,0.008944746782628722
mlp,97,295,5,0.6258123338222503,0.1135530636549447,0.5526744544506073,0.1090112798012966,2.0526079736550846,0.008980141228373931
mlp,97,300,5,0.6364409446716308,0.11536095445103098,0.5663478434085846,0.11236738739299244,2.0526806665185666,0.0090087059947421
mlp,97,305,5,0.6511387884616852,0.1171781405810968,0.576478922367096,0.11344520746666097,2.0527491599128607,0.009040622285398252
mlp,97,310,5,0.6644700944423676,0.11798296563176414,0.5901523172855377,0.11439288883291368,2.0528323605392593,0.009084690938800207
mlp,97,315,5,0.6772851347923279,0.11782575928960137,0.6040382444858551,0.11525495497570579,2.052925656299222,0.009131448598487578
mlp,97,320,5,0.689857280254364,0.11952432976072108,0.6167906522750854,0.11664961544921053,2.053041976365884,0.009182897426119734
mlp,97,325,5,0.7002125740051269,0.11784118579831825,0.62720507979393,0.11499913886244871,2.0531745655086393,0.009239327630962902
mlp,97,330,5,0.7108715534210205,0.11613146812147984,0.6387530744075776,0.11484376270896025,2.053339781797714,0.00929760195719884
mlp,97,335,5,0.7278165698051453,0.11680274734376003,0.6540559649467468,0.11604082443421976,2.0535194867124176,0.009361519142742991
mlp,97,340,5,0.7416641354560852,0.1133941973346323,0.6711299896240235,0.11499804827202374,2.0537134904470795,0.009454054403723594
mlp,97,345,5,0.7536592841148376,0.1105613988634518,0.6838115334510804,0.11284884042534933,2.0539223666951876,0.009557496661302648
mlp,97,350,5,0.7671727776527405,0.10631970559874897,0.6996103405952454,0.10982882531354705,2.0541574976731476,0.009663295741207589
mlp,97,355,5,0.782660186290741,0.10369803055671163,0.7170385956764221,0.10849553840956729,2.0544106861223783,0.009774856088093763
mlp,97,360,5,0.7959003925323487,0.09953983686454629,0.732128918170929,0.10690222517497776,2.054674337800089,0.009891886599549933
mlp,97,365,5,0.8080170035362244,0.09761874030029905,0.7458731770515442,0.10663374589264438,2.0549606371001046,0.010007317083682767
mlp,97,370,5,0.8207105875015259,0.0955597066520783,0.7624512791633606,0.10458836689803826,2.0552521469456577,0.010104381939522391
mlp,97,375,5,0.8365927696228027,0.09065949703090338,0.779241931438446,0.09612890291445281,2.055563681913848,0.010193400160991286
mlp,97,380,5,0.8456422805786132,0.08948976611139009,0.7892313122749328,0.0957897764835675,2.0559070862254574,0.010267834848000593
mlp,97,385,5,0.8566656589508057,0.0837594646443275,0.8011335372924805,0.09049305652188654,2.0562665941617615,0.010331526405547298
mlp,97,390,5,0.8658366322517395,0.08422748297435091,0.8150903105735778,0.09041725981594027,2.0566445089359764,0.010395336472069082
mlp,97,395,5,0.8791982889175415,0.07913607728617328,0.8302515029907227,0.09081066727682584,2.057034950526447,0.010446419097967927
mlp,97,400,5,0.8850895762443542,0.07444340374449115,0.8371944546699523,0.08439990229429958,2.0574323808650066,0.010488593869674436
mlp,97,405,5,0.8980564713478089,0.07188187624832573,0.8516471743583679,0.08240562991098734,2.057832458884801,0.010530989065916018
mlp,97,410,5,0.907136332988739,0.06522400011716195,0.8619199395179749,0.07765520649271185,2.058234334984963,0.010578575081516921
mlp,97,415,5,0.9134527683258057,0.06348101940374808,0.8720509886741639,0.0746900295683335,2.0586513126711843,0.010620967031516784
mlp,97,420,5,0.9221986055374145,0.05668785408232866,0.8820403814315796,0.06830961244273583,2.0590679600978645,0.010661331232066466
mlp,97,425,5,0.9279987692832947,0.053278257635939505,0.8900460362434387,0.06507512815992125,2.0594970762319447,0.010686510733156976
mlp,97,430,5,0.9372304916381836,0.045531632996866286,0.8991143941879273,0.057973360568812415,2.059917738033439,0.010697822617340513
mlp,97,435,5,0.9420892715454101,0.04372868932882292,0.9098122477531433,0.053878732438914084,2.060347128731805,0.010703124297318378
mlp,97,440,5,0.9466747522354126,0.04124770385815209,0.9147006511688233,0.05286471544618434,2.060779063949048,0.010712675429425259
mlp,97,445,5,0.9534466981887817,0.041916793555976314,0.9253985047340393,0.05304549968959907,2.0612209535075854,0.010713935773522728
mlp,97,450,5,0.9594594478607178,0.03640501008375018,0.932270634174347,0.04969715840303669,2.0616680666836382,0.01071742514248734
mlp,97,455,5,0.9642878770828247,0.03134683090363506,0.9399929046630859,0.043510579229142504,2.0621255091346247,0.010715262266545327
mlp,97,460,5,0.9681141614913941,0.02952443688694546,0.945235550403595,0.04173837221628138,2.062590104059173,0.010720384385963747
mlp,97,465,5,0.9705739378929138,0.026751026783860175,0.9492738246917725,0.03782124734845064,2.0630581191999817,0.010707816104737108
mlp,97,470,5,0.9774066209793091,0.02240136153028319,0.9593340277671814,0.03499958078969198,2.0635289703016744,0.010694605686561779
mlp,97,475,5,0.9804433584213257,0.018846616769365547,0.9628763675689698,0.02807999031907692,2.064012988594235,0.010672554009966029
mlp,97,480,5,0.9838445305824279,0.014651144042823399,0.9679773211479187,0.023480620838868878,2.0644974886034406,0.01064785062306205
mlp,97,485,5,0.9873367667198181,0.013835766946078843,0.9761955261230468,0.021685593803827747,2.064975661274324,0.010611516818040269
mlp,97,490,5,0.987974488735199,0.012370497322452116,0.9761955380439759,0.020372882010823178,2.0654595822383754,0.010573931723814864
mlp,97,495,5,0.9906771898269653,0.010318561262142022,0.9788168549537659,0.019295796198988628,2.0659356495082744,0.010535720282414316
mlp,97,500,5,0.9938354134559632,0.006487024683171462,0.9859723567962646,0.012016796696124592,2.066414609201625,0.010491080973996765
mlp,97,505,5,0.9950197339057922,0.005625560271207913,0.9877435326576233,0.011062632152404661,2.06689066814308,0.01044370971769294
mlp,97,510,5,0.9942301750183106,0.007256497104701436,0.9873184442520142,0.011084736089933557,2.0673598302264677,0.010391288783986053
mlp,97,515,5,0.9959914922714234,0.004911418278419262,0.9904356956481933,0.008575074159605699,2.0678326079288234,0.010340616008290279
mlp,97,520,5,0.9978439092636109,0.0016750439551517224,0.9931987166404724,0.004111249528183849,2.068301833981276,0.010291720190362405
mlp,97,525,5,0.9982690453529358,0.0018459389182603973,0.9946156501770019,0.004628145504375171,2.0687686301129466,0.010237115046115259
mlp,97,530,5,0.9984209060668945,0.0017198496553917746,0.9952532649040222,0.0033380656083317464,2.069238611060265,0.010183774556164878
mlp,97,535,5,0.9990282416343689,0.0006583445904430334,0.9961034178733825,0.0029317962641246193,2.0697044170050374,0.01013405114411582
mlp,97,540,5,0.9992104291915893,0.0007073180422317984,0.9968118786811828,0.001416947692643401,2.0701702906387447,0.010084843989715098
mlp,97,545,5,0.9989067673683166,0.0014300195670260247,0.9967410445213318,0.0025958377025947564,2.070631649584361,0.010028482158890458
mlp,97,550,5,0.9993926405906677,0.0007438505883529731,0.9977328896522522,0.0014945307921644376,2.071076867792815,0.009971417573424268
mlp,97,555,5,0.999574851989746,0.00044786089709554006,0.9982288241386413,0.0010327757778971756,2.0715195941577655,0.009911283669296538
mlp,97,560,5,0.9998481631278991,0.0002147276566060083,0.9985122203826904,0.0009169187857250391,2.0719675614453403,0.00985405713506409
mlp,97,565,5,0.9997570633888244,0.0002758329228059199,0.9981579780578613,0.0013810734067884478,2.072402316067158,0.009788134313032583
mlp,97,570,5,0.9999392628669739,0.00013581235820485864,0.9991498351097107,0.0009237461663898685,2.072835008034771,0.009728241140646007
mlp,97,575,5,0.9999089002609253,0.00013580902681703479,0.9995749235153198,0.0003880399655405279,2.0732555605317624,0.009674970491458306
mlp,97,580,5,0.9999696373939514,6.789285109862732e-05,0.9995040774345398,0.00040388480134991484,2.0736754901659564,0.009625924777467468
mlp,97,585,5,0.9998785376548767,0.00019796511764975382,0.9995040774345398,0.0005372170062541779,2.0740827613590684,0.009563231408955021
mlp,97,590,5,0.9999696373939514,6.789285109862732e-05,0.9996457695960999,0.0003542304039001985,2.074490129883997,0.009506600911892319
mlp,97,595,5,0.9999696373939514,6.789285109862732e-05,0.9997874617576599,0.0003168333051272003,2.0748901218347386,0.009439915653421744
mlp,97,600,5,0.9999696373939514,6.789285109862732e-05,0.99985830783844,0.0003168333051272249,2.0752891489922525,0.009369116950545322
mlp,97,605,5,0.9999089002609253,0.00013580902681703479,0.9992915391921997,0.0009031138708973136,2.075687828208866,0.009302505430279715
mlp,97,610,5,0.9999696373939514,6.789285109862732e-05,0.9995749235153198,0.0001584166525636737,2.0760865113441893,0.009234980521765792
mlp,97,615,5,1.0,0.0,1.0,0.0,2.076486472187618,0.009168819751694337
mlp,97,620,5,0.9999696373939514,6.789285109862732e-05,0.9997166156768799,0.00029637041912630935,2.0768868751475695,0.00909957671007107
mlp,97,625,5,0.9999696373939514,6.789285109862732e-05,0.9997874617576599,0.00031683330512721585,2.0772534148057575,0.009016623024498236
mlp,97,630,5,0.9999696373939514,6.789285109862732e-05,0.9997874617576599,0.0004752499576907636,2.0775957972042627,0.008923870604236956
mlp,97,635,5,1.0,0.0,0.99985830783844,0.0001940199827702116,2.077945975173603,0.008839786157867922
mlp,97,640,5,1.0,0.0,0.99992915391922,0.00015841665256353097,2.0782890559221237,0.008751456576757447
mlp,97,645,5,1.0,0.0,1.0,0.0,2.07863282389611,0.008670307528771237
mlp,97,650,5,1.0,0.0,0.99985830783844,0.0003168333051272249,2.078977251012847,0.00858634134917543
mlp,97,655,5,1.0,0.0,1.0,0.0,2.0793186880664987,0.008509100819619945
mlp,97,660,5,1.0,0.0,1.0,0.0,2.0796475542023223,0.008427275191430569
mlp,97,665,5,1.0,0.0,1.0,0.0,2.0799677529557767,0.008348611482003531
mlp,97,670,5,1.0,0.0,1.0,0.0,2.0802812441342446,0.008265220498554115
mlp,97,675,5,0.9999696373939514,6.789285109862732e-05,0.99985830783844,0.0003168333051272249,2.080587075426883,0.008185688232373948
mlp,97,680,5,1.0,0.0,1.0,0.0,2.0808844459365368,0.008107874280510706
mlp,97,685,5,1.0,0.0,1.0,0.0,2.0811618856162335,0.008034965690548975
mlp,97,690,5,1.0,0.0,1.0,0.0,2.081433175555395,0.007958820837265334
mlp,97,695,5,1.0,0.0,1.0,0.0,2.0816993713866743,0.007886216051370848
mlp,97,700,5,1.0,0.0,1.0,0.0,2.0819621207786785,0.0078074430514152625
mlp,97,705,5,1.0,0.0,1.0,0.0,2.0822067555302715,0.007716749854321235
mlp,97,710,5,1.0,0.0,1.0,0.0,2.0824474397533796,0.0076209404388719116
mlp,97,715,5,1.0,0.0,1.0,0.0,2.082676619270579,0.0075197297933427285
mlp,97,720,5,1.0,0.0,1.0,0.0,2.082893993579126,0.0074304308993551815
mlp,97,725,5,1.0,0.0,1.0,0.0,2.083118139903715,0.007340148518575294
mlp,97,730,5,1.0,0.0,1.0,0.0,2.083340792413916,0.007249094654901658
mlp,97,735,5,1.0,0.0,1.0,0.0,2.083569574582417,0.007164729953669015
mlp,97,740,5,1.0,0.0,1.0,0.0,2.0837980739090614,0.007084256700260194
mlp,97,745,5,1.0,0.0,1.0,0.0,2.0840281915379366,0.007003411851493857
mlp,97,750,5,1.0,0.0,1.0,0.0,2.0842563490571395,0.006924517171196906
mlp,97,755,5,1.0,0.0,1.0,0.0,2.084486952126693,0.006855492073256627
mlp,97,760,5,1.0,0.0,1.0,0.0,2.084693776711492,0.006794977116426475
mlp,97,765,5,1.0,0.0,1.0,0.0,2.084892371803778,0.006727828033519191
mlp,97,770,5,1.0,0.0,1.0,0.0,2.085081006822325,0.0066651300075479996
mlp,97,775,5,1.0,0.0,1.0,0.0,2.0852727253205305,0.006599962439409969
mlp,97,780,5,1.0,0.0,1.0,0.0,2.0854595881244435,0.006528077840033916
mlp,97,785,5,1.0,0.0,1.0,0.0,2.0856459684551187,0.006460380188628343
mlp,97,790,5,1.0,0.0,1.0,0.0,2.0858263742036547,0.006379164809347624
mlp,97,795,5,1.0,0.0,1.0,0.0,2.0860000831013075,0.006309565231582917
mlp,97,800,5,1.0,0.0,1.0,0.0,2.0861442661931617,0.006246622615551038
mlp,97,805,5,1.0,0.0,1.0,0.0,2.086274943853618,0.006185633635428576
mlp,97,810,5,1.0,0.0,1.0,0.0,2.0863982105019603,0.006133390882555335
mlp,97,815,5,1.0,0.0,1.0,0.0,2.086517719324681,0.006086049796398387
mlp,97,820,5,1.0,0.0,1.0,0.0,2.0866370941968144,0.006047744770582984
mlp,97,825,5,1.0,0.0,1.0,0.0,2.0867589991593665,0.006005067062421954
mlp,97,830,5,1.0,0.0,1.0,0.0,2.0868750630856616,0.005953407434325968
mlp,97,835,5,1.0,0.0,1.0,0.0,2.086993951704015,0.005912909719036075
mlp,97,840,5,1.0,0.0,1.0,0.0,2.087112223153939,0.005876300584698569
mlp,97,845,5,1.0,0.0,1.0,0.0,2.087229672763539,0.005834835446578019
mlp,97,850,5,1.0,0.0,1.0,0.0,2.0873477905220525,0.00579748734682136
mlp,97,855,5,1.0,0.0,1.0,0.0,2.08745145028089,0.005767390024050048
mlp,97,860,5,1.0,0.0,1.0,0.0,2.087533443273919,0.005728832003944641
mlp,97,865,5,1.0,0.0,1.0,0.0,2.0876138875928616,0.0056865360556049354
mlp,97,870,5,1.0,0.0,1.0,0.0,2.0876891877583064,0.005648470737858047
mlp,97,875,5,1.0,0.0,1.0,0.0,2.087759216472736,0.005603072992269635
mlp,97,880,5,1.0,0.0,1.0,0.0,2.0878262950768463,0.00555703629567384
mlp,97,885,5,1.0,0.0,1.0,0.0,2.0878865673791487,0.005521140179968428
mlp,97,890,5,1.0,0.0,1.0,0.0,2.087942675754495,0.005478074781598026
mlp,97,895,5,1.0,0.0,1.0,0.0,2.0879943168862107,0.005436244740999366
mlp,97,900,5,1.0,0.0,1.0,0.0,2.0880518381000748,0.0053922222039141455
mlp,97,905,5,1.0,0.0,1.0,0.0,2.0880912527811897,0.005358779286072309
mlp,97,910,5,1.0,0.0,1.0,0.0,2.088131118244428,0.005327048314020244
mlp,97,915,5,1.0,0.0,1.0,0.0,2.0881693473280554,0.005295460503935691
mlp,97,920,5,1.0,0.0,1.0,0.0,2.088196016770735,0.005263784344384805
mlp,97,925,5,1.0,0.0,1.0,0.0,2.0882251614547016,0.005233809201223183
mlp,97,930,5,1.0,0.0,1.0,0.0,2.088258144990405,0.005208292119778099
mlp,97,935,5,1.0,0.0,1.0,0.0,2.0882848715480335,0.005181308046244782
mlp,97,940,5,1.0,0.0,1.0,0.0,2.0883102578733896,0.005155704696409914
mlp,97,945,5,1.0,0.0,1.0,0.0,2.0883182083644476,0.005144601268693268
mlp,97,950,5,1.0,0.0,1.0,0.0,2.0883219808829723,0.005140561222144128
mlp,97,955,5,1.0,0.0,1.0,0.0,2.0883253618072035,0.005137862803321299
mlp,97,960,5,1.0,0.0,1.0,0.0,2.0883289682661714,0.00514640568771631
mlp,97,965,5,1.0,0.0,1.0,0.0,2.088327241761625,0.00514757305289108
mlp,97,970,5,1.0,0.0,1.0,0.0,2.0883297828313223,0.005146450300073701
mlp,97,975,5,1.0,0.0,1.0,0.0,2.088321949596153,0.005147656251888814
mlp,97,980,5,1.0,0.0,1.0,0.0,2.0883193109929588,0.0051416379748541645
mlp,97,985,5,1.0,0.0,1.0,0.0,2.0883123079567105,0.005145075268575201
mlp,97,990,5,1.0,0.0,1.0,0.0,2.0883019790345694,0.005146829519101675
mlp,97,995,5,1.0,0.0,1.0,0.0,2.0882923643483498,0.005146422366557097
mlp,97,1000,5,1.0,0.0,1.0,0.0,2.088273301477481,0.005150428206040736
mlp,97,1025,5,1.0,0.0,1.0,0.0,2.0880843484921803,0.00520999857330939
mlp,97,1050,5,1.0,0.0,1.0,0.0,2.0877484929835837,0.00526221470225086
mlp,97,1075,5,1.0,0.0,1.0,0.0,2.087260056552629,0.00538279617271128
mlp,97,1100,5,1.0,0.0,1.0,0.0,2.086639490812658,0.005537372107970706
mlp,97,1125,5,1.0,0.0,1.0,0.0,2.0859537383960918,0.005690451657160997
mlp,97,1150,5,1.0,0.0,1.0,0.0,2.0853049394674574,0.005874550212206132
mlp,97,1175,5,1.0,0.0,1.0,0.0,2.0846031623476557,0.006053502084184785
mlp,97,1200,5,1.0,0.0,1.0,0.0,2.083766846650468,0.006312390146772574
mlp,97,1225,5,1.0,0.0,1.0,0.0,2.08281279222314,0.006586265244224374
mlp,97,1250,5,1.0,0.0,1.0,0.0,2.0818061350000314,0.006750879870896702
mlp,97,1275,5,1.0,0.0,1.0,0.0,2.0807534131375425,0.006922738843944034
mlp,97,1300,5,1.0,0.0,1.0,0.0,2.079728625061528,0.007063438535235554
mlp,97,1325,5,1.0,0.0,1.0,0.0,2.0785761330485797,0.007277711834203433
mlp,97,1350,5,1.0,0.0,1.0,0.0,2.077410967069729,0.007492642005229714
mlp,97,1375,5,1.0,0.0,1.0,0.0,2.0763082695416952,0.007671101414969906
mlp,97,1400,5,1.0,0.0,1.0,0.0,2.075107702029066,0.007861760306996953
mlp,97,1425,5,1.0,0.0,1.0,0.0,2.0738634269918435,0.008035304060735948
mlp,97,1450,5,1.0,0.0,1.0,0.0,2.072524237558549,0.008285515257777026
mlp,97,1475,5,1.0,0.0,1.0,0.0,2.0711948539709994,0.008540243112003956
mlp,97,1500,5,1.0,0.0,1.0,0.0,2.0698452469498365,0.008786534507997846
mlp,97,1525,5,1.0,0.0,1.0,0.0,2.068464894045698,0.008952874310678297
mlp,97,1550,5,1.0,0.0,1.0,0.0,2.067072927455976,0.009129481822100764
mlp,97,1575,5,1.0,0.0,1.0,0.0,2.065798582708383,0.00919396574110058
mlp,97,1600,5,1.0,0.0,1.0,0.0,2.064420758856849,0.00919824372846993
mlp,97,1625,5,1.0,0.0,1.0,0.0,2.063118480084428,0.009143538739124976
mlp,97,1650,5,1.0,0.0,1.0,0.0,2.0618355518812566,0.009045192371080948
mlp,97,1675,5,1.0,0.0,1.0,0.0,2.0605860140963377,0.008998519547593646
mlp,97,1700,5,1.0,0.0,1.0,0.0,2.059282378901128,0.008991834799919548
mlp,97,1725,5,1.0,0.0,1.0,0.0,2.0579702479877766,0.008899730605725997
mlp,97,1750,5,1.0,0.0,1.0,0.0,2.0567772517781417,0.008784197344509373
mlp,97,1775,5,1.0,0.0,1.0,0.0,2.055403453572613,0.008645204449081904
mlp,97,1800,5,1.0,0.0,1.0,0.0,2.0540361296298384,0.00856490936112294
mlp,97,1825,5,1.0,0.0,1.0,0.0,2.052772268118138,0.008361073291484878
mlp,97,1850,5,1.0,0.0,1.0,0.0,2.0514667231987316,0.008317867046554125
mlp,97,1875,5,1.0,0.0,1.0,0.0,2.050238944374029,0.008305477651161188
mlp,97,1900,5,1.0,0.0,1.0,0.0,2.049123038389618,0.0081936172922038
mlp,97,1925,5,1.0,0.0,1.0,0.0,2.0480846044880434,0.00807199898204638
mlp,97,1950,5,1.0,0.0,1.0,0.0,2.04692824649481,0.00820501272081387
mlp,97,1975,5,1.0,0.0,1.0,0.0,2.0459126575107804,0.007954533932607004
mlp,97,2000,5,1.0,0.0,1.0,0.0,2.045028465735533,0.007719145890287186
mlp,97,2025,5,1.0,0.0,1.0,0.0,2.044171128820244,0.0074697429112018975
mlp,97,2050,5,1.0,0.0,1.0,0.0,2.0433565160705864,0.007196472941796829
mlp,97,2075,5,1.0,0.0,1.0,0.0,2.042534321951006,0.007011195002610119
mlp,97,2100,5,1.0,0.0,1.0,0.0,2.041613789965103,0.006965354859915483
mlp,97,2125,5,1.0,0.0,1.0,0.0,2.040875129700672,0.006702752359065019
mlp,97,2150,5,1.0,0.0,1.0,0.0,2.0401718090634984,0.006616647472517655
mlp,97,2175,5,1.0,0.0,1.0,0.0,2.039500681495019,0.0066132213533422165
mlp,97,2200,5,1.0,0.0,1.0,0.0,2.038923950552931,0.0066326762740662884
mlp,97,2225,5,1.0,0.0,1.0,0.0,2.038511590973292,0.006410638690649682
mlp,97,2250,5,1.0,0.0,1.0,0.0,2.037905930469389,0.006009014607824792
mlp,97,2275,5,1.0,0.0,1.0,0.0,2.037478826224294,0.005570268453431275
mlp,97,2300,5,1.0,0.0,1.0,0.0,2.037180161593495,0.005330609758378445
mlp,97,2325,5,0.9979350090026855,0.004617460242920247,0.9979454517364502,0.004594109580351523,2.0369562418783493,0.004971724676209958
mlp,97,2350,5,1.0,0.0,1.0,0.0,2.03659157709404,0.004959618019692339
mlp,97,2375,5,1.0,0.0,1.0,0.0,2.036353025409274,0.004983746583279078
mlp,97,2400,5,1.0,0.0,1.0,0.0,2.036087045886185,0.004907914272323014
mlp,97,2425,5,1.0,0.0,1.0,0.0,2.035882527406473,0.004804224996862734
mlp,97,2450,5,1.0,0.0,1.0,0.0,2.0358104090762463,0.0047021469423714855
mlp,97,2475,5,1.0,0.0,1.0,0.0,2.0358154678645413,0.004572067498462348
mlp,97,2500,5,1.0,0.0,1.0,0.0,2.0357567045076825,0.004299516268153279
mlp,97,2525,5,1.0,0.0,1.0,0.0,2.0357429908425098,0.004097652847647873
mlp,97,2550,5,1.0,0.0,1.0,0.0,2.035710038086221,0.0039276988662077655
mlp,97,2575,5,1.0,0.0,1.0,0.0,2.0356879469825158,0.003807997564807401
mlp,97,2600,5,1.0,0.0,1.0,0.0,2.035563289701245,0.003694214652170903
mlp,97,2625,5,1.0,0.0,1.0,0.0,2.035487144920195,0.003643263967710128
mlp,97,2650,5,1.0,0.0,1.0,0.0,2.035170419137971,0.0037298580530823714
mlp,97,2675,5,1.0,0.0,1.0,0.0,2.03485385643663,0.003712724911158234
mlp,97,2700,5,1.0,0.0,1.0,0.0,2.0346357193553795,0.0036173941764086922
mlp,97,2725,5,1.0,0.0,1.0,0.0,2.0344051592628385,0.0034981888685799976
mlp,97,2750,5,1.0,0.0,1.0,0.0,2.0342424166356077,0.0034379432281766596
mlp,97,2775,5,1.0,0.0,1.0,0.0,2.0340494275917016,0.0034922521565137897
mlp,97,2800,5,1.0,0.0,1.0,0.0,2.0338788729312856,0.0033938882596043656
mlp,97,2825,5,1.0,0.0,1.0,0.0,2.0337564695591657,0.003305404055052109
mlp,97,2850,5,1.0,0.0,1.0,0.0,2.0336359653668357,0.0032092324746855936
mlp,97,2875,5,1.0,0.0,1.0,0.0,2.033543755841812,0.0031186866982234013
mlp,97,2900,5,1.0,0.0,1.0,0.0,2.0334875604774836,0.0030574716813869494
mlp,97,2925,5,1.0,0.0,1.0,0.0,2.0334599231987136,0.0029813788245622815
mlp,97,2950,5,1.0,0.0,1.0,0.0,2.0332723536946977,0.0030535516270899744
mlp,97,2975,5,1.0,0.0,1.0,0.0,2.03300289345598,0.0030431288564457155
mlp,97,3000,5,1.0,0.0,1.0,0.0,2.0328436113494766,0.0029457198178264605
mlp,97,3025,5,1.0,0.0,1.0,0.0,2.032768463525783,0.0028639751146428815
mlp,97,3050,5,1.0,0.0,1.0,0.0,2.0327315407991224,0.0028352303691023375
mlp,97,3075,5,1.0,0.0,1.0,0.0,2.032543921962202,0.0028451214731914066
mlp,97,3100,5,0.9997266888618469,0.0006111422839181085,0.9997874617576599,0.0004752499576907636,2.032275818864344,0.002951522175742238
mlp,97,3125,5,1.0,0.0,1.0,0.0,2.032099157937777,0.0029885202147391697
mlp,97,3150,5,1.0,0.0,1.0,0.0,2.031971303984418,0.0030517603748674493
mlp,97,3175,5,1.0,0.0,1.0,0.0,2.031947509368076,0.0030681658732296395
mlp,97,3200,5,1.0,0.0,1.0,0.0,2.0319062682017783,0.0030229669483322155
mlp,97,3225,5,1.0,0.0,1.0,0.0,2.0318639196753754,0.002990242686746052
mlp,97,3250,5,1.0,0.0,1.0,0.0,2.031879147374857,0.0029836625837949293
mlp,97,3275,5,1.0,0.0,1.0,0.0,2.0318609806660577,0.0030021679237025862
mlp,97,3300,5,1.0,0.0,1.0,0.0,2.03191462732471,0.003035779035044018
mlp,97,3325,5,1.0,0.0,1.0,0.0,2.031927095049981,0.002980547485067808
mlp,97,3350,5,1.0,0.0,1.0,0.0,2.031932357729681,0.0030176336116239334
mlp,97,3375,5,1.0,0.0,1.0,0.0,2.031867188750188,0.003055457827738085
mlp,97,3400,5,1.0,0.0,1.0,0.0,2.031819229598631,0.0030639034358009723
mlp,97,3425,5,1.0,0.0,1.0,0.0,2.031834556725392,0.0030599565651958883
mlp,97,3450,5,1.0,0.0,1.0,0.0,2.031902435261417,0.0030766560041906605
mlp,97,3475,5,1.0,0.0,1.0,0.0,2.0319774082796385,0.0030529017010990167
mlp,97,3500,5,1.0,0.0,1.0,0.0,2.0320583478614807,0.003040911161153045
mlp,97,3525,5,1.0,0.0,1.0,0.0,2.0320959951906996,0.00307731610881593
mlp,97,3550,5,1.0,0.0,1.0,0.0,2.032129100179955,0.0030196996795714146
mlp,97,3575,5,1.0,0.0,1.0,0.0,2.0321775454116846,0.003010069305240798
mlp,97,3600,5,1.0,0.0,1.0,0.0,2.0322220557806228,0.002969224089263508
mlp,97,3625,5,1.0,0.0,1.0,0.0,2.032293132922649,0.0029577764888121896
mlp,97,3650,5,1.0,0.0,1.0,0.0,2.0323166059908138,0.00296168509122524
mlp,97,3675,5,1.0,0.0,1.0,0.0,2.032306129935522,0.0029073560415084393
mlp,97,3700,5,1.0,0.0,1.0,0.0,2.032286059110041,0.002885904283133533
mlp,97,3725,5,1.0,0.0,1.0,0.0,2.0323017105041354,0.0028871183764242678
mlp,97,3750,5,1.0,0.0,1.0,0.0,2.0323222326145647,0.0028995516251849704
mlp,97,3775,5,1.0,0.0,1.0,0.0,2.032335095519854,0.002880493137753313
mlp,97,3800,5,1.0,0.0,1.0,0.0,2.032344156705491,0.0029195854693690898
mlp,97,3825,5,1.0,0.0,1.0,0.0,2.0324079555655805,0.0029403028341550706
mlp,97,3850,5,1.0,0.0,1.0,0.0,2.0324421487044466,0.002955714181929247
mlp,97,3875,5,1.0,0.0,1.0,0.0,2.032487094881354,0.0029720196160445277
mlp,97,3900,5,1.0,0.0,1.0,0.0,2.0325335864612684,0.0029859175792415313
mlp,97,3925,5,1.0,0.0,1.0,0.0,2.032570680555085,0.0030052266992892074
mlp,97,3950,5,1.0,0.0,1.0,0.0,2.0326217451787576,0.0030233840916975216
mlp,97,3975,5,1.0,0.0,1.0,0.0,2.0326682927579784,0.0030569647443774253
mlp,97,4000,5,1.0,0.0,1.0,0.0,2.0326965257896674,0.003096986373904173
mlp,97,4025,5,1.0,0.0,1.0,0.0,2.032707809154413,0.00308502021613333
mlp,97,4050,5,1.0,0.0,1.0,0.0,2.03272303306934,0.0030960055130417356
mlp,97,4075,5,1.0,0.0,1.0,0.0,2.03274846423,0.0031195987951429245
mlp,97,4100,5,1.0,0.0,1.0,0.0,2.0327711455073745,0.003132063568703902
mlp,97,4125,5,1.0,0.0,1.0,0.0,2.032795167883318,0.003157615378738607
mlp,97,4150,5,1.0,0.0,1.0,0.0,2.032819087208815,0.0031658319850949974
mlp,97,4175,5,1.0,0.0,1.0,0.0,2.032829203277471,0.003168810867426601
mlp,97,4200,5,1.0,0.0,1.0,0.0,2.0328458530800675,0.003179521675002778
mlp,97,4225,5,1.0,0.0,1.0,0.0,2.0328627254465124,0.003188771446216057
mlp,97,4250,5,1.0,0.0,1.0,0.0,2.032883004675984,0.003213385755128692
mlp,97,4275,5,1.0,0.0,1.0,0.0,2.032892483410869,0.003210020440416778
mlp,97,4300,5,1.0,0.0,1.0,0.0,2.032911263765817,0.0032187546770420018
mlp,97,4325,5,1.0,0.0,1.0,0.0,2.03292277103298,0.0032351364559205305
mlp,97,4350,5,1.0,0.0,1.0,0.0,2.0329376081916775,0.0032499782327215327
mlp,97,4375,5,1.0,0.0,1.0,0.0,2.0329526937074127,0.003266047212886093
mlp,97,4400,5,1.0,0.0,1.0,0.0,2.0329703837761963,0.003277879898850403
mlp,97,4425,5,1.0,0.0,1.0,0.0,2.032981919161016,0.003287496957883938
mlp,97,4450,5,1.0,0.0,1.0,0.0,2.0330012565607225,0.003294758009453484
mlp,97,4475,5,1.0,0.0,1.0,0.0,2.0330094215687393,0.0032988720491697486
mlp,97,4500,5,1.0,0.0,1.0,0.0,2.0330247426781627,0.0033092433307608444
mlp,97,4525,5,1.0,0.0,1.0,0.0,2.0330370517003407,0.0033182196680046163
mlp,97,4550,5,1.0,0.0,1.0,0.0,2.03304982463994,0.0033254900400735746
mlp,97,4575,5,1.0,0.0,1.0,0.0,2.033056220630122,0.0033350589414371046
mlp,97,4600,5,1.0,0.0,1.0,0.0,2.0330628810094877,0.003341783516940515
mlp,97,4625,5,1.0,0.0,1.0,0.0,2.033068253604795,0.0033452159431843526
mlp,97,4650,5,1.0,0.0,1.0,0.0,2.0330799174276355,0.0033523520790722464
mlp,97,4675,5,1.0,0.0,1.0,0.0,2.03308872500737,0.0033544615510029915
mlp,97,4700,5,1.0,0.0,1.0,0.0,2.0330986548072474,0.003360123241918425
mlp,97,4725,5,1.0,0.0,1.0,0.0,2.033107753271306,0.003365791067049846
mlp,97,4750,5,1.0,0.0,1.0,0.0,2.033117412906623,0.003369458366299671
mlp,97,4775,5,1.0,0.0,1.0,0.0,2.033124979235194,0.003373836294175687
mlp,97,4800,5,1.0,0.0,1.0,0.0,2.033133439871322,0.0033774926139766726
mlp,97,4825,5,1.0,0.0,1.0,0.0,2.0331402542535075,0.0033832868886637807
mlp,97,4850,5,1.0,0.0,1.0,0.0,2.033147124764957,0.003386577218924485
mlp,97,4875,5,1.0,0.0,1.0,0.0,2.03315268987123,0.0033940380352329336
mlp,97,4900,5,1.0,0.0,1.0,0.0,2.033157957340385,0.0033990723298882664
mlp,97,4925,5,1.0,0.0,1.0,0.0,2.0331640215673827,0.0034035492675283845
mlp,97,4950,5,1.0,0.0,1.0,0.0,2.0331709811818977,0.0034076660898944176
mlp,97,4975,5,1.0,0.0,1.0,0.0,2.0331768760969,0.0034110759325752123
mlp,97,5000,5,1.0,0.0,1.0,0.0,2.0331836841513033,0.0034151764229536303
mlp,97,5025,5,1.0,0.0,1.0,0.0,2.033190702439265,0.003419351593162278
mlp,97,5050,5,1.0,0.0,1.0,0.0,2.033196465503287,0.003421332772164551
mlp,97,5075,5,1.0,0.0,1.0,0.0,2.033201482314184,0.0034232969816631233
mlp,97,5100,5,1.0,0.0,1.0,0.0,2.0332072760475457,0.0034243048416728356
mlp,97,5125,5,1.0,0.0,1.0,0.0,2.033211142840858,0.0034264161238260335
mlp,97,5150,5,1.0,0.0,1.0,0.0,2.03321575430512,0.0034274405840992892
mlp,97,5175,5,1.0,0.0,1.0,0.0,2.033219172892863,0.00342773850686328
mlp,97,5200,5,1.0,0.0,1.0,0.0,2.03322362650162,0.0034293483304413835
mlp,97,5225,5,1.0,0.0,1.0,0.0,2.0332265953976756,0.003430799429084361
mlp,97,5250,5,1.0,0.0,1.0,0.0,2.03322983321531,0.0034308869613556476
mlp,97,5275,5,1.0,0.0,1.0,0.0,2.0332330598340973,0.003431404345542823
mlp,97,5300,5,1.0,0.0,1.0,0.0,2.0332347141096356,0.0034329310038859555
mlp,97,5325,5,1.0,0.0,1.0,0.0,2.033237165419388,0.0034336534430288402
mlp,97,5350,5,1.0,0.0,1.0,0.0,2.033238949342805,0.0034331752077291257
mlp,97,5375,5,1.0,0.0,1.0,0.0,2.033240368153515,0.0034332258162898914
mlp,97,5400,5,1.0,0.0,1.0,0.0,2.0332412721505184,0.0034333915372569196
mlp,97,5425,5,1.0,0.0,1.0,0.0,2.0332418418312312,0.003432223751305578
mlp,97,5450,5,1.0,0.0,1.0,0.0,2.0332429235006044,0.003431715732911159
mlp,97,5475,5,1.0,0.0,1.0,0.0,2.0332436811511583,0.0034307095395777892
mlp,97,5500,5,1.0,0.0,1.0,0.0,2.0332437095745313,0.003429866510960236
mlp,97,5525,5,1.0,0.0,1.0,0.0,2.033244350414921,0.0034282495358665213
mlp,97,5550,5,1.0,0.0,1.0,0.0,2.0332443276399066,0.003427391391290233
mlp,97,5575,5,1.0,0.0,1.0,0.0,2.0332437032947026,0.0034260619147272716
mlp,97,5600,5,1.0,0.0,1.0,0.0,2.0332431492859158,0.003423752693335814
mlp,97,5625,5,1.0,0.0,1.0,0.0,2.033242661019739,0.0034217340638068175
mlp,97,5650,5,1.0,0.0,1.0,0.0,2.0332418383735904,0.00341985545419751
mlp,97,5675,5,1.0,0.0,1.0,0.0,2.0332410393865814,0.003417350441881504
mlp,97,5700,5,1.0,0.0,1.0,0.0,2.0332398350461935,0.0034150343537541717
mlp,97,5725,5,1.0,0.0,1.0,0.0,2.0332381801581514,0.003412310554394165
mlp,97,5750,5,1.0,0.0,1.0,0.0,2.033236571527912,0.0034095171204303206
mlp,97,5775,5,1.0,0.0,1.0,0.0,2.033234774717384,0.0034066144080535377
mlp,97,5800,5,1.0,0.0,1.0,0.0,2.0332331042058724,0.003403774996887818
mlp,97,5825,5,1.0,0.0,1.0,0.0,2.0332314049043845,0.003400799172821343
mlp,97,5850,5,1.0,0.0,1.0,0.0,2.0332294981664587,0.0033980427100889807
mlp,97,5875,5,1.0,0.0,1.0,0.0,2.0332266140646356,0.0033954449448790397
mlp,97,5900,5,1.0,0.0,1.0,0.0,2.033223661640611,0.0033920124929817594
mlp,97,5925,5,1.0,0.0,1.0,0.0,2.0332212065937743,0.003389207154711239
mlp,97,5950,5,1.0,0.0,1.0,0.0,2.0332183410910316,0.003385963468941496
mlp,97,5975,5,1.0,0.0,1.0,0.0,2.0332150836093232,0.0033830601175870814
mlp,97,6000,5,1.0,0.0,1.0,0.0,2.0332113331983592,0.0033802354926578205
mlp,113,0,5,0.08415753021836274,0.028666589668516835,0.08081440553069108,0.025023765090861363,19.060782660958665,1.6304793549595544
mlp,113,1,5,0.08619378134608265,0.029835096285265317,0.08316366299986835,0.025965180919415652,18.874818939492506,1.6141187786081477
mlp,113,2,5,0.08805101886391634,0.0312702291167993,0.0846776254475116,0.026498951148162943,18.67067114644908,1.598630653996584
mlp,113,3,5,0.08995301201939579,0.033325772452719934,0.08587835878133768,0.027465105403627937,18.45232591183598,1.583666472360562
mlp,113,4,5,0.0909599475562572,0.03404353439900384,0.0866614423692226,0.027938580393370247,18.222612333489902,1.5690116901556286
mlp,113,5,5,0.09268292784690854,0.035659048061784014,0.0877577625215053,0.028257700793122956,17.983455262396696,1.5545506472373705
mlp,113,6,5,0.09487581253051755,0.037885186085270424,0.0890106990933418,0.029156421864151072,17.736270673563492,1.5402162572109777
mlp,113,7,5,0.09534571468830107,0.03824030889979321,0.08932393342256542,0.029322105563646814,17.482140388801902,1.526006482754784
mlp,113,8,5,0.09610651284456248,0.03872898303276085,0.08974157795310016,0.029421853793943815,17.221915406555073,1.5119253362854423
mlp,113,9,5,0.09720295444130891,0.03950034642083124,0.09115113317966458,0.030167368149014752,16.956304669539644,1.4979625705616175
mlp,113,10,5,0.09961960539221759,0.040954766370503,0.09162098392844195,0.029833278157944662,16.685923582774393,1.4841146739884843
mlp,113,11,5,0.10163347572088237,0.04228043360304829,0.09355259388685225,0.030473658551411615,16.411317430227687,1.470376800940489
mlp,113,12,5,0.10391586646437642,0.04348401813190245,0.09537979364395135,0.030716404151885843,16.132991362378686,1.4567479665321232
mlp,113,13,5,0.1048556730151176,0.043243485493663886,0.09689375832676882,0.03060351243904038,15.851415145920214,1.4432314494973972
mlp,113,14,5,0.10662340894341464,0.04378098711432672,0.09840772300958632,0.031124836735342453,15.567046573555348,1.4298485743436973
mlp,113,15,5,0.10836876258254047,0.0437835274452477,0.10018271505832668,0.03189805897079084,15.280331203532956,1.4166226585623978
mlp,113,16,5,0.1102036260068416,0.044965790039663465,0.10174888670444485,0.03260944057475672,14.991718779724403,1.4036104821238329
mlp,113,17,5,0.11172521933913226,0.045641324804622296,0.10274079665541644,0.03267581971726282,14.701633919717832,1.3908777376307662
mlp,113,18,5,0.11342582255601881,0.046582261904049266,0.10368049740791319,0.03340521629837657,14.410490840506196,1.3784974493308633
mlp,113,19,5,0.11447751447558399,0.04668949376838196,0.10347167328000065,0.032716975777806384,14.118713595226108,1.3665450140887943
mlp,113,20,5,0.1148802891373634,0.04588877682501662,0.10441137626767154,0.032853307828222905,13.826705331751896,1.3551140217391113
mlp,113,21,5,0.1154620729386806,0.045545397911349844,0.1052988715469837,0.03250700140983179,13.534857185949264,1.3443060627009045
mlp,113,22,5,0.1168494082987308,0.04584157269161992,0.10608196184039112,0.03220323279447489,13.243561476562345,1.334214217709256
mlp,113,23,5,0.11767733693122857,0.04542254739370737,0.10670842900872227,0.0320477663249892,12.95319559890926,1.3249371073097904
mlp,113,24,5,0.11861714050173752,0.04500817839037729,0.10754371955990787,0.03091121275275666,12.664130265589566,1.3165482275408802
mlp,113,25,5,0.11919893026351921,0.044357423856107504,0.10723048597574228,0.029373764772410833,12.37672502608638,1.3091091405594188
mlp,113,26,5,0.11982546672224995,0.044140687502108956,0.10806577503681178,0.029204286923315944,12.091323639336748,1.3026483700449212
mlp,113,27,5,0.12047438398003577,0.04348135508199455,0.1087444499135017,0.02870399026784443,11.80825397579778,1.2971721885517664
mlp,113,28,5,0.1215036958456039,0.04301962928661307,0.1094231233000755,0.028310700104254044,11.527838925370116,1.2926578196705985
mlp,113,29,5,0.12237637341022486,0.04235422287526041,0.10921429842710491,0.027687846440272505,11.250389115433629,1.289055164713825
mlp,113,30,5,0.12295815944671626,0.041839699741257654,0.11010179668664925,0.027143443581924574,10.976206176080645,1.286270207979443
mlp,113,31,5,0.12367419898509975,0.041206453087644354,0.11093708872795101,0.026968799969004212,10.705584035526186,1.2842044827648067
mlp,113,32,5,0.12508391290903087,0.0413227436965926,0.11145914345979684,0.026479916310531773,10.43881075720594,1.2827263619865794
mlp,113,33,5,0.12562094628810877,0.04066135109229173,0.11187679022550578,0.02584550535723591,10.176156698484014,1.2816883948779279
mlp,113,34,5,0.12633698880672453,0.039975059561632345,0.11250326037406914,0.02578572551458336,9.917878315275855,1.2809469638171136
mlp,113,35,5,0.12680689543485638,0.03927424673093635,0.11255546361207955,0.025037918979316277,9.664222946064179,1.2803557906261038
mlp,113,36,5,0.12745580971240994,0.038792474491905524,0.11333854943513869,0.024854242158474236,9.415415785415302,1.2797610342658088
mlp,113,37,5,0.12776907980442043,0.03767936062906725,0.11318193376064296,0.02427325934367328,9.171659702503161,1.279021573794401
mlp,113,38,5,0.12792571187019344,0.036793703108173884,0.1140694290399551,0.023585185543652937,8.933137572308722,1.277993766452918
mlp,113,39,5,0.1285522505640983,0.036144245009061035,0.11511354297399516,0.023162504777538083,8.700002652284782,1.2765393272611083
mlp,113,40,5,0.1285970047116279,0.0348929347651507,0.11563560068607329,0.02163782376382442,8.47237734434612,1.274528536678549
mlp,113,41,5,0.1287312641739845,0.03362339681350996,0.11584442257881163,0.020791044371356135,8.250345672127876,1.271843918295833
mlp,113,42,5,0.12920116782188412,0.03312056275084083,0.11558339595794673,0.020080875900333684,8.033966669185336,1.2683716610765672
mlp,113,43,5,0.1294249296188354,0.031625319240737644,0.11568780839443202,0.019569649337365276,7.8232858725334395,1.2640119173596693
mlp,113,44,5,0.12993958741426465,0.030924013391105485,0.11589663028717037,0.01859449812788548,7.618297568122387,1.2586535683439666
mlp,113,45,5,0.1302528545260429,0.03043704426791583,0.11631427556276316,0.018176281531039052,7.418976122473515,1.2522049378797702
mlp,113,46,5,0.13056612610816953,0.02942641737569549,0.11631427407264705,0.0180983247099824,7.22527251500824,1.2445577031780657
mlp,113,47,5,0.13103602975606915,0.028215353894093163,0.11641868501901623,0.01694977255065237,7.0371275546232495,1.2356441362898294
mlp,113,48,5,0.1306108802556991,0.02764338005600981,0.11714956313371654,0.015815823826071277,6.854457003813321,1.2253943589535699
mlp,113,49,5,0.13043186664581294,0.027401852560806926,0.1169407412409782,0.015241691085824656,6.677160087310232,1.2137572770073262
mlp,113,50,5,0.1300962209701538,0.02695393787863469,0.11709735989570613,0.014850660784576765,6.505126579110437,1.200699638376786
mlp,113,51,5,0.129469683766365,0.026419448985823928,0.11678412705659864,0.013432950981095645,6.338242910270344,1.1861919252921915
mlp,113,52,5,0.12917878627777096,0.025563421992266182,0.1156878069043159,0.012358810195505913,6.176380202800042,1.1702169758521606
mlp,113,53,5,0.12904453277587885,0.02520653988988111,0.1149569272994995,0.011668586493447717,6.019399096383861,1.1527705910124277
mlp,113,54,5,0.1288878977298736,0.024827566441815694,0.1153223648667335,0.0119552731877056,5.86715359562593,1.1338397227665515
mlp,113,55,5,0.1293801754713058,0.023909705549543064,0.11506133824586864,0.01213908818671544,5.719506340753727,1.1134526073975868
mlp,113,56,5,0.12908928245306006,0.02339740860446951,0.1150091305375099,0.012078875078743442,5.576317286545168,1.0916396456817403
mlp,113,57,5,0.12857463061809535,0.02217370424068467,0.1144870743155479,0.012073236425217123,5.437438732127959,1.06842914200955
mlp,113,58,5,0.12844036668539044,0.021321784961052772,0.1140694290399551,0.012254443532644243,5.302721737243145,1.0438429078440514
mlp,113,59,5,0.12826135903596875,0.020989646913416295,0.11412163674831385,0.012607161715197691,5.172034683407773,1.0179423645758185
mlp,113,60,5,0.12808234691619869,0.020269057411208026,0.11391281336545941,0.012305214363491397,5.045243290362444,0.990794449325815
mlp,113,61,5,0.1279928401112556,0.020260192116430313,0.11365178525447842,0.01225666995997439,4.922216245777797,0.9624521945582964
mlp,113,62,5,0.1282166048884391,0.019811304397293863,0.11250325888395304,0.012343088474943767,4.8028380738077345,0.9330116771656287
mlp,113,63,5,0.12774669975042338,0.01994408330007269,0.11318193376064298,0.013106902269815722,4.68699564856387,0.9025771532216893
mlp,113,64,5,0.12759006619453425,0.019671263414573512,0.11307751983404155,0.013314239805144129,4.574585123235855,0.8712445667533718
mlp,113,65,5,0.12745580971240994,0.01919734123950718,0.11255546361207958,0.014379563566034403,4.465517356181211,0.8391354322901368
mlp,113,66,5,0.12756769061088558,0.019028040038316218,0.11271208226680751,0.013780720178198858,4.359706073805117,0.8063844539908853
mlp,113,67,5,0.12750056087970732,0.01877192653313984,0.11234664171934124,0.01304829105977102,4.257071641313096,0.7731280633307249
mlp,113,68,5,0.12743343561887738,0.018296534002271794,0.11198120415210719,0.012334804023232483,4.157544894699638,0.7395137990313664
mlp,113,69,5,0.12754531353712079,0.018902239438732028,0.11229443550109859,0.012623365691090148,4.061080628601312,0.7057281846063991
mlp,113,70,5,0.12700828164815897,0.018726663136842382,0.11125032305717467,0.01200929494004573,3.9676252789654463,0.6719193430184344
mlp,113,71,5,0.12720966935157768,0.018415868059719086,0.11062385439872738,0.012074364717711741,3.877128974423667,0.6382574033848123
mlp,113,72,5,0.12801521867513654,0.01870911051865918,0.1099973857402801,0.01233977198892963,3.789564881871553,0.6049376076781016
mlp,113,73,5,0.12832848876714703,0.017871531810574735,0.11020620912313457,0.011817700289520753,3.704906579402239,0.5721412185038413
mlp,113,74,5,0.1284179955720901,0.018194895401983175,0.11078047007322309,0.011774669344966567,3.623134309657094,0.5400524423112288
mlp,113,75,5,0.12852987498044965,0.018248650839412236,0.10999738574028013,0.011614446308082215,3.544227220149369,0.5088324720266078
mlp,113,76,5,0.12870888411998743,0.017774887862377884,0.10937091857194896,0.011313407977130601,3.46815708300755,0.47863465125189747
mlp,113,77,5,0.128686511516571,0.017175669916564388,0.10937091857194896,0.011560641239041151,3.3948980800637947,0.4496025992422012
mlp,113,78,5,0.12855224758386607,0.016831804283445162,0.10937091559171672,0.011788259612481191,3.32441354214438,0.421851653879999
mlp,113,79,5,0.12882076799869532,0.015972599174552175,0.1093187108635902,0.011839301895054182,3.2566712825344113,0.39547690897623206
mlp,113,80,5,0.12875363677740093,0.01545395890973027,0.1092665076255798,0.012248325929801454,3.1916383281776297,0.3705642927162339
mlp,113,81,5,0.1286417573690414,0.015363175588449584,0.10942312330007549,0.012498604517636387,3.1292779599517058,0.34718245585849755
mlp,113,82,5,0.12904452979564662,0.015635783045545065,0.10978856235742565,0.01243876596161291,3.0695410561467478,0.3253660404900167
mlp,113,83,5,0.12929067164659497,0.015195066105737088,0.10926650613546367,0.012306597946012505,3.0123759580041614,0.30512583754109235
mlp,113,84,5,0.1290445312857627,0.015079706313093045,0.10890106856822963,0.012188099754855328,2.9577195382941137,0.2864477271672757
mlp,113,85,5,0.12929067164659494,0.015185589363689115,0.10895327180624004,0.012101420004781956,2.905515631997433,0.26930716192177645
mlp,113,86,5,0.12982770651578898,0.01554063158258814,0.10884886085987089,0.011439181538888437,2.8557053963760923,0.2536581225279598
mlp,113,87,5,0.12978295087814326,0.015679634169783015,0.10832680463790889,0.0109942262203926,2.8082203851796446,0.23943518230946978
mlp,113,88,5,0.1301409736275672,0.014975334552003125,0.1078569516539573,0.011408465502200945,2.7629907264938423,0.2265624768407205
mlp,113,89,5,0.1305437475442886,0.014969900561949613,0.10811798274517055,0.011553862699951584,2.7199409452455496,0.21494823980492583
mlp,113,90,5,0.13125979304313656,0.015203463371017006,0.1083790108561515,0.01178305548965296,2.679001101803375,0.20449783778364403
mlp,113,91,5,0.13141642361879344,0.014838501681081653,0.10864003896713255,0.011393523483743851,2.640103864423176,0.19511763914669064
mlp,113,92,5,0.13188633173704145,0.014646571932020711,0.10978856533765788,0.011063111629237276,2.603176909640111,0.1867087902651393
mlp,113,93,5,0.13193108588457103,0.01500205837809535,0.11025841385126109,0.010636067274327077,2.568146121897472,0.17917226845499426
mlp,113,94,5,0.13237860947847363,0.015049753229293965,0.11083267778158183,0.010476317783865971,2.5349460229660172,0.17241489899268414
mlp,113,95,5,0.133318418264389,0.015502115222643486,0.11125032156705852,0.009315826445162214,2.5035081097556278,0.16634636220209248
mlp,113,96,5,0.1339225828647613,0.015893130529463104,0.11151134967803951,0.010262435902022062,2.4737635127226913,0.16088566231331833
mlp,113,97,5,0.13470575064420695,0.016026856991837073,0.11151134967803952,0.010040944598589398,2.445650177257316,0.15595730862060952
mlp,113,98,5,0.13510852754116057,0.01696156372944286,0.11208561360836025,0.010820251273534543,2.419103138594665,0.15149194493869517
mlp,113,99,5,0.135779820382595,0.01735838889868556,0.11281649321317669,0.011602412469628814,2.3940603004354566,0.14742341427945643
mlp,113,100,5,0.13640635758638378,0.017982446772396833,0.11380840241909022,0.012786397958084086,2.370460218978965,0.14369344271662018
mlp,113,101,5,0.1375251770019531,0.01914560037873361,0.11427825242280958,0.013283501965893936,2.3482444219133902,0.14025382442744375
mlp,113,102,5,0.13839785605669017,0.020186847975716283,0.11495692729949947,0.014569270016476765,2.327356532806718,0.1370607493573924
mlp,113,103,5,0.13951667100191112,0.021259025058005452,0.11610545217990871,0.01536457882321065,2.3077398726312732,0.13407392905683924
mlp,113,104,5,0.14106064140796656,0.022862311561675126,0.11699294745922081,0.01560439130434142,2.2893406332559825,0.13125874822392447
mlp,113,105,5,0.14255986064672466,0.024609992255234737,0.11767162233591075,0.015655615138851754,2.2721069243121326,0.12858225359426156
mlp,113,106,5,0.14432758837938303,0.02589829377902153,0.11840250343084328,0.015376991653077514,2.2559865068134326,0.126018068809244
mlp,113,107,5,0.14540166258811948,0.026841575236025993,0.11908117383718486,0.01597016401952369,2.2409303810571077,0.12354040740559905
mlp,113,108,5,0.14667711108922954,0.02808345907521037,0.12038631737232205,0.016806869553429866,2.226891510198962,0.12112805986811717
mlp,113,109,5,0.1484895959496498,0.029654326163448676,0.12153484672307964,0.01776873573537473,2.213821899525554,0.11875963863128657
mlp,113,110,5,0.14945177584886546,0.030489127873747267,0.12294439822435374,0.018986119279509946,2.2016774733132944,0.11641794994735846
mlp,113,111,5,0.15074961036443707,0.03181840037210579,0.12424953728914256,0.0200338259125472,2.1904137321191106,0.11408792842246537
mlp,113,112,5,0.15168941915035244,0.032848938403267525,0.1255024746060371,0.0207508560449645,2.1799874375327652,0.11175667322431307
mlp,113,113,5,0.15339002758264536,0.03425695860144134,0.12665100246667854,0.021112186275370776,2.170357074643684,0.10941154260947282
mlp,113,114,5,0.15486686378717418,0.0350953763509507,0.12800834774971004,0.021901982327294296,2.161482804200067,0.10704275774611134
mlp,113,115,5,0.15627657473087306,0.03544566603578447,0.12936569601297374,0.02294200929776382,2.1533249647945722,0.10464192205911173
mlp,113,116,5,0.1579324290156364,0.035868790175399144,0.1306186363101005,0.022784061561080867,2.1458452060382904,0.10220269762317506
mlp,113,117,5,0.15987917035818094,0.03693228454219995,0.13218480646610256,0.023761904464855398,2.139006052653316,0.09971984015793513
mlp,113,118,5,0.1616692781448364,0.03770933012695931,0.1340642064809799,0.024085163174873483,2.13277075350756,0.09718910593802012
mlp,113,119,5,0.1635936483740806,0.03755844211850346,0.13604802191257476,0.024255568660907362,2.1271035224102426,0.09460962004918826
mlp,113,120,5,0.16574177742004387,0.03739395665363574,0.13745757788419719,0.023985231860312217,2.1219697016487755,0.09198057011805892
mlp,113,121,5,0.16737525463104247,0.03813645347227824,0.13918036520481109,0.024247842462270866,2.117336356278833,0.08930289592662871
mlp,113,122,5,0.16912060827016825,0.0385663594471757,0.14006786048412317,0.0249508207343184,2.113170417953765,0.08657906317429259
mlp,113,123,5,0.1705750778317451,0.03890244661493202,0.14126859158277508,0.024848069717284236,2.1094411731285008,0.08381361315301472
mlp,113,124,5,0.17216379791498182,0.03944143980000685,0.14288696944713591,0.024696931956532685,2.1061175966638603,0.08100971291914705
mlp,113,125,5,0.17377489805221558,0.03994514117370992,0.14393108189105983,0.025194720146962765,2.103170270145678,0.07817357119162827
mlp,113,126,5,0.1750950992107391,0.04073183483482559,0.1460193112492561,0.02558917644805525,2.10057136185313,0.07531162024205826
mlp,113,127,5,0.1769299656152725,0.04170332553668067,0.14774209707975386,0.026325721537356177,2.0982930068703944,0.07243161071153807
mlp,113,128,5,0.17840680480003354,0.042140311208247364,0.14925606101751324,0.026909611666014036,2.096307650081033,0.0695410942218344
mlp,113,129,5,0.17963750660419459,0.0425395791346407,0.15061340928077693,0.027633903248072876,2.0945890408439514,0.06665029033584016
mlp,113,130,5,0.181159096956253,0.043180842713458144,0.1515531167387962,0.028912126153808924,2.093112631287332,0.06376824086669888
mlp,113,131,5,0.1825688123703003,0.04342128531450099,0.1521273761987686,0.029433431015439743,2.0918535042890545,0.06090429854386921
mlp,113,132,5,0.18395614922046657,0.04417232302764987,0.1539545714855194,0.02993382889593686,2.0907876264672995,0.058069262698696195
mlp,113,133,5,0.18536585569381708,0.044932328027066315,0.15499869138002392,0.029954875592939002,2.0898919202448605,0.05527408832661677
mlp,113,134,5,0.18673081696033472,0.04543512273207862,0.1563560381531715,0.029933030117852318,2.089143526832781,0.0525292384443388
mlp,113,135,5,0.1883419126272201,0.046087623550508335,0.15740015059709545,0.029934741501523913,2.088522901572815,0.049846411028459076
mlp,113,136,5,0.18934885263442988,0.04671891950316989,0.15875749886035914,0.030032113823064574,2.088009747276913,0.04723655319479641
mlp,113,137,5,0.1906243026256561,0.04702542035801855,0.1605324923992157,0.03109253141460334,2.087585352342571,0.04471024226904926
mlp,113,138,5,0.19205639064311977,0.04737041001845088,0.16147219389677045,0.03162141765195328,2.0872310665926403,0.04227801291328269
mlp,113,139,5,0.19360036253929133,0.04795886738310926,0.16267292499542232,0.03159813981076382,2.086929739014547,0.039948848529774414
mlp,113,140,5,0.19485343694686885,0.04882374504059034,0.16314277350902553,0.03199435870200931,2.086665755961481,0.03773234063357379
mlp,113,141,5,0.1962183982133865,0.049362436336668675,0.1648133590817451,0.03245823141465538,2.086424593028275,0.03563665859735716
mlp,113,142,5,0.1972700864076614,0.04964948281038679,0.16590967476367946,0.03296748850861918,2.0861920775050526,0.033668830214074866
mlp,113,143,5,0.19883642792701717,0.05004624143176132,0.16747584939002988,0.033555404384535165,2.085956842186044,0.03183502077054889
mlp,113,144,5,0.2002013891935348,0.050209568670190746,0.16851996332406993,0.0336117063567311,2.085707737201939,0.03013877504914817
mlp,113,145,5,0.2013649612665176,0.050342195385761374,0.16925083994865414,0.033664876879356834,2.0854351952045067,0.028583181118286564
mlp,113,146,5,0.20302081406116482,0.05071134493220739,0.17024275362491603,0.03477629814685205,2.0851315502093386,0.027168357861888252
mlp,113,147,5,0.2041396290063858,0.05077171733745172,0.17107804119586942,0.0348228962689567,2.084789645071586,0.025893204907468714
mlp,113,148,5,0.205168941617012,0.050823457121283305,0.17243538796901697,0.0347298344958162,2.0844040281901663,0.024754366596794343
mlp,113,149,5,0.20642202496528625,0.05143871385457593,0.17316626906394955,0.034895219149922864,2.0839703634509847,0.023746288595209004
mlp,113,150,5,0.2079659909009933,0.05162807549769067,0.17436700165271754,0.03559570417055852,2.083486135749761,0.02286318064027386
mlp,113,151,5,0.20917431712150575,0.05177710459858515,0.17593317329883573,0.03586031039370566,2.082949198898141,0.022098030790484273
mlp,113,152,5,0.2103602647781372,0.0524195695083177,0.1776559561491012,0.03660899701826242,2.082358245095897,0.021441317506022788
mlp,113,153,5,0.2116580933332443,0.05252912762730537,0.17833463251590725,0.03653111828782171,2.0817132615507328,0.020885185605550024
mlp,113,154,5,0.2127321600914001,0.05290163687858189,0.17953535914421076,0.03714013923037535,2.0810154672345407,0.02042006491118241
mlp,113,155,5,0.2143208801746368,0.05351314206917305,0.1806838899850845,0.037271079752723736,2.0802674545097397,0.020036660153275244
mlp,113,156,5,0.21528306603431696,0.05371065406251153,0.1818324118852615,0.0384073902035801,2.0794722043833227,0.019726515055006826
mlp,113,157,5,0.21629000604152676,0.05419827097031394,0.1830331444740295,0.03804546530330556,2.078633383984812,0.019480019163546775
mlp,113,158,5,0.21754307746887208,0.05437087856451296,0.18433828353881831,0.03825353727844514,2.0777558121587663,0.01928870152172151
mlp,113,159,5,0.21897516250610352,0.054419476518068416,0.18600886762142177,0.03876540707598424,2.0768442562197498,0.019144573029985307
mlp,113,160,5,0.2204072535037994,0.055169103260271544,0.18726180791854855,0.039036014370358904,2.075904403329649,0.019040656257714932
mlp,113,161,5,0.22157082855701443,0.05521250956141402,0.1884625375270843,0.03942091221706504,2.074941309820857,0.018969369257499827
mlp,113,162,5,0.2230700403451919,0.055474976813027245,0.18945444524288174,0.03957719609724172,2.0739607006767704,0.018923791946890704
mlp,113,163,5,0.22447974681854244,0.055909736706120046,0.1907073825597763,0.03925359021010259,2.072967891665643,0.018898618635359993
mlp,113,164,5,0.2254195600748062,0.0559512981727488,0.191803702712059,0.03932764111003634,2.0719695654428,0.01888728222182579
mlp,113,165,5,0.22673976719379424,0.056796691476555625,0.19248237311840052,0.03942679343543279,2.0709711152836467,0.018884622759789207
mlp,113,166,5,0.2282837331295013,0.05721165595429683,0.19310884475708004,0.039207046401728486,2.069977741979561,0.018886360326395134
mlp,113,167,5,0.22944730520248408,0.0576836657930703,0.1939441323280334,0.03966387056427539,2.0689942228430542,0.018887927126184603
mlp,113,168,5,0.230968901515007,0.0583102850834205,0.19493604302406306,0.04001719891646174,2.06802463558571,0.018885282638138146
mlp,113,169,5,0.2318863362073898,0.058441142773814236,0.19618897736072535,0.04003473535841549,2.067073429064967,0.01887451794808535
mlp,113,170,5,0.23336317539215087,0.05860080945855016,0.1969720661640167,0.040293866384529364,2.0661447141259464,0.018852253811523903
mlp,113,171,5,0.2348847657442093,0.05930881348168316,0.19859043955802913,0.04099409640902674,2.06524210076161,0.018813897924612508
mlp,113,172,5,0.2363616049289703,0.05970375695091067,0.20005220174789423,0.04127370475494112,2.064368048020243,0.01875751648105458
mlp,113,173,5,0.23810696303844447,0.06024421852083648,0.20083528161048886,0.041596420486556256,2.063524729308283,0.018682293138517728
mlp,113,174,5,0.23922578394412994,0.06076124597293285,0.2016705751419067,0.04212298847602651,2.062713674625185,0.018586617124275073
mlp,113,175,5,0.24110539555549618,0.061182854359498086,0.20203601419925685,0.04302141080872756,2.0619366056456436,0.01846986729319252
mlp,113,176,5,0.2424927294254303,0.06129025056323817,0.20313233435153957,0.04398712232328958,2.061194540676675,0.018331235257192616
mlp,113,177,5,0.24385768473148342,0.0621094770802019,0.20443747639656068,0.044234658016765044,2.0604874169641967,0.01817121820073947
mlp,113,178,5,0.24528978168964383,0.06293359548321206,0.2055860042572021,0.04445330643119798,2.059813910803203,0.017990204214632953
mlp,113,179,5,0.2462519645690918,0.06348109836724379,0.20642129480838775,0.044458210127080434,2.059173800789277,0.0177893506659179
mlp,113,180,5,0.24732602834701534,0.06371691642248234,0.2076220244169235,0.04500928304006874,2.058565466986808,0.017569733744780103
mlp,113,181,5,0.24882524609565732,0.06386244479398089,0.2084051072597503,0.04547464378582334,2.0579869344801653,0.017332513133813714
mlp,113,182,5,0.24998881518840785,0.06395815125386346,0.20908378362655636,0.04508052320352266,2.0574363150772372,0.017080017164202342
mlp,113,183,5,0.25139852762222287,0.06431756805178142,0.21038892269134518,0.044970813390448255,2.056911392902522,0.016813451701968633
mlp,113,184,5,0.2525620967149734,0.06431482540800224,0.21169406473636623,0.04523292245069895,2.056409770018972,0.01653487796880151
mlp,113,185,5,0.2536361634731293,0.06444666650005823,0.21341685652732845,0.0458320893226203,2.055929267873741,0.016246392321158824
mlp,113,186,5,0.2550011247396469,0.06519853856145709,0.21487861871719355,0.04623424536551667,2.055466583286269,0.015950361760072494
mlp,113,187,5,0.2562541991472244,0.06517435143609905,0.21587052643299098,0.046976059506511965,2.0550184463488606,0.015649596196223216
mlp,113,188,5,0.2572163850069046,0.0652513455122259,0.21728007495403284,0.04751491462813603,2.0545819513268695,0.01534628678059724
mlp,113,189,5,0.2584694623947143,0.0657967305796123,0.21889844834804534,0.04848971041376473,2.0541544823627698,0.015042934262983232
mlp,113,190,5,0.2599239230155944,0.06586157141111465,0.2199425637722015,0.048294706859709075,2.0537342327866543,0.014741705058274128
mlp,113,191,5,0.2617811620235443,0.06645765066570798,0.22161315083503724,0.048387876761303794,2.053319323316857,0.014444233730248545
mlp,113,192,5,0.2630342423915863,0.06719369539542629,0.22307490706443786,0.048997132602115724,2.052908003789369,0.01415237935007363
mlp,113,193,5,0.2643096953630447,0.06738263591843752,0.22432784140110013,0.048935906526333076,2.052499073612777,0.01386749719206914
mlp,113,194,5,0.2656746536493301,0.06803385174111351,0.2259984254837036,0.04994702671084318,2.0520915349717743,0.013589513433617507
mlp,113,195,5,0.26712911725044247,0.06866960684684162,0.22751238644123079,0.05016963793233015,2.051684530561643,0.013319038447813597
mlp,113,196,5,0.2683374404907226,0.06903058583486886,0.2288697361946105,0.050774357847531176,2.0512777796024566,0.013056677888741323
mlp,113,197,5,0.2694562613964081,0.06928715059877195,0.22980944216251373,0.05084282079111542,2.050870960926961,0.012802176389960148
mlp,113,198,5,0.2705974549055099,0.06972167998609727,0.23111458420753475,0.05149132016143022,2.050464096297397,0.012555111919640004
mlp,113,199,5,0.27191766202449796,0.07016672117595057,0.23268075585365292,0.05219870878843163,2.0500569466247116,0.012314736834983344
mlp,113,200,5,0.27294697165489196,0.07051946129251305,0.23377707600593567,0.05247665417512936,2.049649616053448,0.012081125425168059
mlp,113,205,5,0.2799507737159729,0.07421036965775007,0.24004175364971156,0.0550744029801057,2.0478157235193364,0.011025540370447366
mlp,113,210,5,0.2878048837184906,0.07753023286365027,0.24510571360588068,0.05749059297162043,2.046580810674183,0.01015827904853878
mlp,113,215,5,0.29501007199287405,0.08062061547763716,0.2510571599006653,0.061197505057477494,2.045889018521423,0.009430434266879121
mlp,113,220,5,0.30136496424674986,0.08423505806114825,0.25742624998092645,0.0644128124718203,2.0454683672871012,0.008793183066120291
mlp,113,225,5,0.3076974779367447,0.08699281540083537,0.26306446492671964,0.06726672809719272,2.045121704023468,0.008216962842050106
mlp,113,230,5,0.31367197632789606,0.08925159532081008,0.26979900598526,0.07074174537314096,2.044802557464872,0.007722537421049814
mlp,113,235,5,0.31966883242130273,0.093267346296671,0.27595926821231836,0.07306660854419693,2.044521585073488,0.007303856921142201
mlp,113,240,5,0.32660551369190216,0.09648091440418356,0.28248498439788816,0.07646472284164008,2.044290764141702,0.006934764710900186
mlp,113,245,5,0.3345267415046692,0.10057151415211386,0.2883320242166519,0.07913696706505192,2.0440882149991966,0.006629410751013334
mlp,113,250,5,0.34208995699882505,0.103585482610125,0.29464890956878664,0.0811776223993661,2.0439082799640493,0.006368372892245674
mlp,113,255,5,0.3504363447427749,0.10785765858321293,0.30127902925014494,0.08470994301233871,2.043774024998723,0.006117979911846019
mlp,113,260,5,0.3581785708665847,0.11181914801218412,0.30806576311588285,0.0873375888670872,2.0436610602345464,0.005878312959499259
mlp,113,265,5,0.3655403971672058,0.11553121161683381,0.3149569183588028,0.09025426302915505,2.043578994515505,0.005646135579627549
mlp,113,270,5,0.3736630171537399,0.11958221515336838,0.32247453629970546,0.09444209647353637,2.043533247086393,0.005441117960213641
mlp,113,275,5,0.3815171182155609,0.12403028323123046,0.32967892587184905,0.09876555760742253,2.0434797249930234,0.005287550084426503
mlp,113,280,5,0.3902662843465805,0.12841562518413385,0.33850168287754057,0.10426434544804322,2.0434328128569996,0.005158860307019703
mlp,113,285,5,0.397493851184845,0.13194669883908336,0.3468545973300934,0.10862585230416108,2.0434319703298893,0.005058291390216846
mlp,113,290,5,0.4045647919178009,0.13529967514481311,0.3523361891508102,0.11078303290169493,2.0434846446485038,0.004998838528899027
mlp,113,295,5,0.4111658066511154,0.13853232156278014,0.3607935100793838,0.11506505590401697,2.043575707305423,0.004949811781527162
mlp,113,300,5,0.41893041133880615,0.1421342120239222,0.36867656707763674,0.11901016679732201,2.0436760961600924,0.004937720414137712
mlp,113,305,5,0.42626987099647523,0.14601747563551717,0.3746802270412445,0.12219401975355806,2.043791217913257,0.0049486340933338055
mlp,113,310,5,0.4338330924510956,0.15075312424970122,0.3848081320524216,0.12915137908176408,2.0439242693914315,0.004952455518294626
mlp,113,315,5,0.4397628128528595,0.15374941071477266,0.39164708554744715,0.1332545275015077,2.04408203660591,0.0049609740529910585
mlp,113,320,5,0.4482658326625824,0.15828075178673293,0.40046983361244204,0.13935623511975598,2.0442470340642727,0.004993706258782251
mlp,113,325,5,0.4560975730419159,0.16256538846599866,0.40762201249599456,0.14411341644631115,2.044412719484521,0.005036428333517775
mlp,113,330,5,0.4655851423740387,0.16810798234682628,0.41915947794914243,0.15083970861968835,2.044583665936631,0.005093216825704532
mlp,113,335,5,0.47319312691688536,0.17208317676701745,0.42735576033592226,0.15568977806136838,2.0447961988137155,0.005143910294871935
mlp,113,340,5,0.4821884214878082,0.17677946485708088,0.43612632155418396,0.15991549801633287,2.0450170720248315,0.005217748435626028
mlp,113,345,5,0.49066905975341796,0.17983371743484594,0.4452101171016693,0.16440903860123776,2.0452338852686958,0.005322721527791491
mlp,113,350,5,0.501566356420517,0.1867395476321358,0.4558600723743439,0.17178028236229567,2.04549968161448,0.005418103324195549
mlp,113,355,5,0.5086372852325439,0.19113221709171854,0.46212475895881655,0.1745449639313689,2.0457839959039936,0.005526313490668893
mlp,113,360,5,0.5211456775665283,0.19943925927995165,0.47528059482574464,0.1830271383650444,2.046052075738283,0.005666793233514221
mlp,113,365,5,0.528373247385025,0.20277790531689882,0.4820673167705536,0.1863521277581914,2.0463027674044136,0.005834809585562498
mlp,113,370,5,0.5413963019847869,0.2113958441957113,0.49490992426872255,0.19284942119696277,2.0465908126991765,0.006008328311695646
mlp,113,375,5,0.548959493637085,0.21529937666843854,0.5046723783016205,0.19780707707220718,2.046899780049894,0.006167112047087907
mlp,113,380,5,0.5595882833003998,0.22168615389765595,0.513234120607376,0.2036635403708637,2.047211739455675,0.006342207234134694
mlp,113,385,5,0.5691877543926239,0.22815941332176568,0.5250325977802277,0.2109396138237495,2.0475334396589897,0.006516367350106431
mlp,113,390,5,0.5799507737159729,0.2336370734913511,0.5357869982719421,0.21597045732093828,2.047881763821108,0.00667206280574328
mlp,113,395,5,0.5891922056674957,0.23961192435677509,0.5484207570552826,0.22500932028667336,2.0482465448806013,0.006839308373000722
mlp,113,400,5,0.601253080368042,0.2459980301794916,0.5597493946552277,0.231634358966881,2.0485913855295403,0.007010912306944632
mlp,113,405,5,0.6154173374176025,0.2544588653108565,0.5762986004352569,0.2413533263977008,2.0489304939195074,0.007185674063084351
mlp,113,410,5,0.6213694453239441,0.25658922037585524,0.5813103497028351,0.2419007946951212,2.0492895604063794,0.007360059275361862
mlp,113,415,5,0.6337659478187561,0.26541423853411217,0.5978595614433289,0.25568803695346976,2.0496492504376733,0.007540470149689719
mlp,113,420,5,0.6401879727840424,0.26652971696094946,0.6055859744548797,0.25825621269788496,2.049994522618473,0.007729959972744166
mlp,113,425,5,0.6509957611560822,0.27212636998525147,0.6154528498649597,0.26382670146693843,2.0503412293216168,0.007911287750595346
mlp,113,430,5,0.6576415359973907,0.2757543775263487,0.6220829725265503,0.2690415249955428,2.050692681037285,0.00810043268659204
mlp,113,435,5,0.6674647629261017,0.28045868724556267,0.6318454504013061,0.27514241042371634,2.0510623318001486,0.008291333721440319
mlp,113,440,5,0.6723875820636749,0.28200874442328017,0.6408248364925384,0.2769537616511713,2.0514494658969404,0.00846246990240258
mlp,113,445,5,0.6811367392539978,0.2884500054464249,0.650691705942154,0.2828825448734611,2.051821926740344,0.008660117624221175
mlp,113,450,5,0.6889908373355865,0.29317493356668006,0.6608718156814575,0.28808864088822433,2.052180009255826,0.008898488957948567
mlp,113,455,5,0.6948310792446136,0.29467492613505747,0.6675541400909424,0.2909336507829727,2.0525410344656745,0.009134588772464116
mlp,113,460,5,0.6992392182350159,0.29603363443222047,0.6731923520565033,0.29238617014321416,2.0529170291352488,0.009363523907501193
mlp,113,465,5,0.7054374575614929,0.30196925487986315,0.68128422498703,0.29890502900433746,2.0532877030479186,0.009606147891028597
mlp,113,470,5,0.7113000869750976,0.30289858967248184,0.6872878909111023,0.2999014610893429,2.0536497246887735,0.009864103812240147
mlp,113,475,5,0.7149921774864196,0.30431501498658525,0.6924040496349335,0.30207418305777756,2.054002161019749,0.010165874864616523
mlp,113,480,5,0.722600132226944,0.3063305193236231,0.6995562314987183,0.3033392551012341,2.054384772368563,0.010438681853409421
mlp,113,485,5,0.7292235434055329,0.3101573000669882,0.7073348760604858,0.31069444382465905,2.054793606533507,0.010674211856921674
mlp,113,490,5,0.731684947013855,0.3107822253222677,0.7107804536819458,0.3120241633322767,2.0551960797552757,0.010933969691696242
mlp,113,495,5,0.7369210243225097,0.31309670977149345,0.7178804218769074,0.31500614215166506,2.055561071824145,0.011250991785207354
mlp,113,500,5,0.7384202361106873,0.312226228520458,0.7210127592086792,0.31498808894381963,2.0559669832978327,0.011517166685353904
mlp,113,505,5,0.7441038429737091,0.3152458613767556,0.7270164310932159,0.31901625502049075,2.056419183382603,0.011747678714588402
mlp,113,510,5,0.7469903945922851,0.31430339710240773,0.7320281624794006,0.3194378435771302,2.0568601930412065,0.011996418895814301
mlp,113,515,5,0.7492280244827271,0.3155289257724536,0.7335943281650543,0.3197801643593967,2.057282495957138,0.01225309895289319
mlp,113,520,5,0.7500559508800506,0.3143586215673946,0.7351082921028137,0.32123627080946304,2.0576580076996853,0.012558932959933239
mlp,113,525,5,0.7555157840251923,0.31656896859210454,0.7420516550540924,0.3214540708595439,2.058056008124653,0.012829518620933249
mlp,113,530,5,0.7568583786487579,0.31563011847001043,0.743513423204422,0.32059838297849075,2.058486221478706,0.013068222601368456
mlp,113,535,5,0.7580666959285736,0.31496017428483203,0.7456016540527344,0.32113482807721505,2.0589269766024696,0.013287234888217382
mlp,113,540,5,0.760572850704193,0.31360250912865884,0.7477420747280121,0.3195450124163231,2.0593729640566423,0.013494360403454583
mlp,113,545,5,0.7622734606266022,0.31274211961580234,0.7488384008407593,0.3200913577861464,2.0597602892501037,0.013777375115066897
mlp,113,550,5,0.764936238527298,0.3103362519902624,0.7512920558452606,0.31940664194089574,2.060173155449828,0.014025673963740062
mlp,113,555,5,0.7669948697090149,0.308562200785859,0.7556773364543915,0.3169996189992133,2.060588787447503,0.0142706300144541
mlp,113,560,5,0.7697247922420501,0.3094312959653043,0.7593839406967163,0.3190065254535573,2.0610111280318124,0.014506212434239201
mlp,113,565,5,0.7722309350967407,0.3066320960737947,0.7604280591011048,0.3164749194797403,2.061415291283597,0.014777669708384329
mlp,113,570,5,0.7738196671009063,0.30204862317982717,0.7618898212909698,0.3117654066154958,2.061828854659922,0.015006269681607294
mlp,113,575,5,0.7756992816925049,0.3031138530934341,0.7643956959247589,0.31488333096642496,2.062166155533842,0.015329866299274552
mlp,113,580,5,0.7768628418445587,0.3020530810279581,0.766327303647995,0.3132834793950384,2.062516146891398,0.015620996874778473
mlp,113,585,5,0.779838889837265,0.29779941831496637,0.7688853800296783,0.30882547372836344,2.062887194567862,0.015863523931067675
mlp,113,590,5,0.783598130941391,0.29421245166360116,0.772174334526062,0.30602661092892713,2.0632261570476773,0.01611117212465329
mlp,113,595,5,0.7851197123527527,0.29116746315299696,0.7739493370056152,0.3028425538916395,2.0635987070457658,0.01631085657625329
mlp,113,600,5,0.7882747948169708,0.28768937737616046,0.7764552056789398,0.3009109242397268,2.0639413870013343,0.01654939257418249
mlp,113,605,5,0.7907361924648285,0.2858497242007142,0.7795353472232819,0.2995757522366283,2.064227496122765,0.01681158104368226
mlp,113,610,5,0.790109646320343,0.28657813371417695,0.7796919584274292,0.2985120669067717,2.06456150740392,0.017017379900853738
mlp,113,615,5,0.7895949959754944,0.2854350430913436,0.7790654718875885,0.2967228926494139,2.0648047957423783,0.017334345981983117
mlp,113,620,5,0.7931304693222045,0.2819047306657619,0.7826154828071594,0.2942016042790787,2.065039959546283,0.017635132856943552
mlp,113,625,5,0.7948981881141662,0.28016412406411784,0.7845992863178253,0.292350366382691,2.0653003455482937,0.01786633253500993
mlp,113,630,5,0.7972477018833161,0.2763500251707806,0.7862698674201966,0.2898468050147409,2.0655751824557873,0.01808419850659514
mlp,113,635,5,0.799239206314087,0.2747681052467821,0.7888801634311676,0.2882118908438059,2.0659046567902646,0.018240539897174383
mlp,113,640,5,0.8005370378494263,0.27285374836324905,0.7891411781311035,0.2871055010989494,2.066230086631696,0.018406512559004228
mlp,113,645,5,0.8021705150604248,0.27000890538105204,0.7902897119522094,0.2842381910752862,2.066563625584377,0.018559576700226683
mlp,113,650,5,0.8028641879558563,0.26924341543366836,0.7921691119670868,0.28250316627359956,2.066870977071247,0.018706966714327804
mlp,113,655,5,0.806063997745514,0.2647033339408107,0.7942573368549347,0.27956751426163085,2.067045439105163,0.019011641734127928
mlp,113,660,5,0.8055940985679626,0.26608833481503924,0.7945183634757995,0.28071380553293357,2.0671970724448787,0.019297271777480588
mlp,113,665,5,0.8079212427139282,0.2628302804591148,0.796711003780365,0.2777950581213898,2.0674684358221826,0.019436347709284173
mlp,113,670,5,0.8079212427139282,0.2629613052650892,0.7972852766513825,0.277135846630068,2.067760101192823,0.01955583343166976
mlp,113,675,5,0.8097337245941162,0.26038016303917744,0.7992690920829773,0.274305866157133,2.0679258010112873,0.01978163905971739
mlp,113,680,5,0.8120384931564331,0.25735443653878837,0.8021926045417785,0.2698991270399143,2.0680619626857344,0.020032542738988225
mlp,113,685,5,0.8117475986480713,0.25778578124712853,0.8025580406188965,0.2701816322965417,2.068295259817172,0.020165898882842155
mlp,113,690,5,0.8134258270263672,0.2555996709699382,0.8044374465942383,0.2679910009335481,2.068451117681408,0.020468053150395713
mlp,113,695,5,0.8143880128860473,0.2538834110237786,0.8054815530776978,0.26605068532145765,2.0687207297764934,0.020577238558260366
mlp,113,700,5,0.8156858444213867,0.25229518973642345,0.8062646448612213,0.264888218295137,2.0690152795447574,0.020592881007533596
mlp,113,705,5,0.8168717861175537,0.2507950225638365,0.8089793443679809,0.26173918740979674,2.06926584454733,0.02065293460924255
mlp,113,710,5,0.81740882396698,0.25012238756570326,0.8087705135345459,0.2620456243378534,2.069468784778557,0.02077351139625778
mlp,113,715,5,0.8182815074920654,0.24895277285218254,0.8105455160140991,0.2597088246666879,2.069626008351114,0.020942987975518343
mlp,113,720,5,0.8199820995330811,0.2466203173555773,0.8119550704956054,0.25762498621972557,2.0697642682691773,0.021133407158354368
mlp,113,725,5,0.8194674491882324,0.2472514761460944,0.8115374207496643,0.257980543390227,2.0699368024483653,0.02127797028429406
mlp,113,730,5,0.8207205176353455,0.24569083916898954,0.8114330053329468,0.25842222045641977,2.0701647294098904,0.021338427863955713
mlp,113,735,5,0.8239203453063965,0.24123034948158006,0.8141999125480652,0.25436966886300866,2.070377922659412,0.021411586454480665
mlp,113,740,5,0.8245692610740661,0.2403060118838247,0.815296220779419,0.2530466280814618,2.0704794523579286,0.0216343607611164
mlp,113,745,5,0.8255314469337464,0.23895539431591403,0.8159226894378662,0.25220301416751767,2.0705603474415106,0.021849663233929843
mlp,113,750,5,0.8271425366401672,0.2367681994112684,0.8171756267547607,0.25045625232100627,2.070668312880874,0.02197515265595257
mlp,113,755,5,0.8277019500732422,0.2360863594618034,0.8158182859420776,0.2524467892244144,2.0708245623455452,0.022039086162813425
mlp,113,760,5,0.8296934366226196,0.23337467187173078,0.8192116498947144,0.24769147986506376,2.071030440641379,0.022052546593706656
mlp,113,765,5,0.8300738453865051,0.23280231823501255,0.8193682670593262,0.24757167131815533,2.0711974104096957,0.02212705113170581
mlp,113,770,5,0.8319310903549194,0.23023955258438558,0.8208822250366211,0.24547323205179136,2.071354546689848,0.022207937398507772
mlp,113,775,5,0.8321324825286865,0.23001498322593952,0.8211954712867737,0.24512737063520412,2.0714316700335496,0.022412595530581114
mlp,113,780,5,0.8338554501533508,0.2275626291964309,0.8234925270080566,0.24185332212953015,2.0715053403033754,0.02264019982524837
mlp,113,785,5,0.834123969078064,0.22739924312039406,0.8233881115913391,0.24216598429751837,2.071640506336852,0.022767417130871152
mlp,113,790,5,0.8382188439369201,0.2220427173353949,0.8258939743041992,0.23902822923388992,2.0718232964546615,0.022813264778263197
mlp,113,795,5,0.8375923156738281,0.22264600193760245,0.8253197193145752,0.2396126052523593,2.071954564691805,0.02290669328695826
mlp,113,800,5,0.8386216282844543,0.2212209448611622,0.8265204548835754,0.23782000392200217,2.072099049261514,0.02297174645142074
mlp,113,805,5,0.8390915274620057,0.2207216810448258,0.8276167750358582,0.2364783990940414,2.0721796271016166,0.023158032703140683
mlp,113,810,5,0.8408592581748963,0.21839283428094344,0.8281910300254822,0.23573948070532877,2.072276493593183,0.023295299593568138
mlp,113,815,5,0.8400089621543885,0.21942856590046741,0.8266770601272583,0.2377248305105972,2.072321812722987,0.02350254019243921
mlp,113,820,5,0.8407697439193725,0.2183751302742445,0.8289741039276123,0.23468731941902712,2.0724628088811397,0.023568625024794346
mlp,113,825,5,0.8414410471916198,0.2174312702265106,0.8279299974441529,0.23595052972859684,2.072551185757624,0.02373689424494549
mlp,113,830,5,0.8427388787269592,0.21563149130802123,0.8300704240798951,0.23313625006033442,2.0726639256315935,0.02383815698311949
mlp,113,835,5,0.8453792810440064,0.21198051976217838,0.8321064591407776,0.23025010761246084,2.0727515485718175,0.02389825323370527
mlp,113,840,5,0.8468561172485352,0.2100319446208402,0.8332027792930603,0.22879896844043104,2.072846850309457,0.023905136375444346
mlp,113,845,5,0.8485119700431824,0.2076767112856705,0.8334637999534606,0.22842590643009839,2.072901445320667,0.02398291067771896
mlp,113,850,5,0.8477735638618469,0.2087799081372869,0.8334115982055664,0.22855855478573034,2.0729724458742274,0.024040624831095626
mlp,113,855,5,0.8478854417800903,0.20861584057939442,0.8344035029411316,0.2271857474979484,2.073011702339381,0.024120405779891288
mlp,113,860,5,0.8492504000663758,0.20678864084549453,0.8352910041809082,0.22594464196393607,2.072955525263406,0.024333470274586013
mlp,113,865,5,0.8514432787895203,0.2034741238133785,0.8373270273208618,0.22295574366433282,2.0729867295272855,0.024445107458491242
mlp,113,870,5,0.8538599252700806,0.20031545561362601,0.8387887954711915,0.22104387447741047,2.073060888157299,0.02451723566880556
mlp,113,875,5,0.8529648780822754,0.20144972423466198,0.83889319896698,0.2209612445741994,2.073151443059777,0.024576321975926765
mlp,113,880,5,0.8536361694335938,0.20057457598381132,0.8387365698814392,0.22114966597560579,2.073243881792705,0.02459996898306887
mlp,113,885,5,0.8541955709457397,0.19973908544228205,0.8380056977272033,0.2220003133105763,2.0732160979245102,0.024805506955773205
mlp,113,890,5,0.8545983552932739,0.1993409304301244,0.8401983261108399,0.21913104015683996,2.0732278681997185,0.024937093611207627
mlp,113,895,5,0.8544193387031556,0.19966082194040896,0.8386321663856506,0.22130257238442064,2.073292399207228,0.024983320902029222
mlp,113,900,5,0.8579548001289368,0.1946223588303627,0.8420255303382873,0.21657106457576522,2.0733518678962994,0.025027177730260322
mlp,113,905,5,0.8602371931076049,0.1915515037363313,0.8445314049720765,0.21329845561089678,2.0734635347284973,0.025012458899678
mlp,113,910,5,0.8585142135620117,0.1939876023374267,0.8424431800842285,0.21617540296017979,2.073430077106733,0.025207632866239598
mlp,113,915,5,0.8564108371734619,0.19675964268189108,0.841190242767334,0.21765487566719754,2.0734129769591734,0.02537121304325686
mlp,113,920,5,0.8598567962646484,0.19233976193482002,0.843696117401123,0.2144286500622369,2.073448073239556,0.025426932590078773
mlp,113,925,5,0.8618035316467285,0.1897802950171619,0.8454711079597473,0.21208652623966162,2.073491530696827,0.025483698663432558
mlp,113,930,5,0.8622510671615601,0.18894539605018543,0.8453667044639588,0.2121341044663641,2.073558094364638,0.0255108517181558
mlp,113,935,5,0.8580666899681091,0.1944969853894396,0.841399073600769,0.21732497785007326,2.073543715576151,0.02565581835555304
mlp,113,940,5,0.8618930459022522,0.18922469950617782,0.8449490547180176,0.212537417733679,2.073566472549977,0.025722657384779725
mlp,113,945,5,0.8658312916755676,0.18388494099805597,0.8482380151748657,0.20800129783147367,2.0736070349027806,0.025766567198645396
mlp,113,950,5,0.8660102963447571,0.18379749385218924,0.8483946323394775,0.20801905072251625,2.0735977773783576,0.025872348241278903
mlp,113,955,5,0.8642425656318664,0.18619330669986794,0.8464108109474182,0.2106738463598102,2.0736139974890717,0.025938829615074797
mlp,113,960,5,0.8670172333717346,0.18231152653524793,0.8486556649208069,0.2074379865384997,2.0736118204657683,0.026029424441972343
mlp,113,965,5,0.8677332758903503,0.1811267375545128,0.8494909524917602,0.20619705550042206,2.073638082866677,0.02605134738565168
mlp,113,970,5,0.8663235664367676,0.18320811426565603,0.8487078666687011,0.20740482991048195,2.0735839314393365,0.026210884510718204
mlp,113,975,5,0.8681360483169556,0.18072683338217463,0.8496997714042663,0.2060997884746731,2.0735681543228135,0.026311489258030972
mlp,113,980,5,0.8692101240158081,0.17932436500137616,0.8517879962921142,0.2032857191201668,2.073598874950026,0.02632293992637329
mlp,113,985,5,0.8696128964424134,0.17865063906850928,0.8502218365669251,0.20527162294446338,2.073609446667242,0.026328481992844432
mlp,113,990,5,0.8716715216636658,0.17607220514943725,0.8527276992797852,0.20211662470969188,2.0736187250754874,0.02635642820048016
mlp,113,995,5,0.8722533106803894,0.17542556502294676,0.8526754975318909,0.20221942953203895,2.0736487633245537,0.026356332804192927
mlp,113,1000,5,0.8682031869888306,0.18080014339176842,0.8508483052253724,0.20462526561131084,2.073555488040204,0.0265737328500972
mlp,113,1025,5,0.877153730392456,0.16852829086011048,0.8573217988014221,0.1958029595776518,2.0736200153154156,0.026847304318243597
mlp,113,1050,5,0.8787200689315796,0.1664226894045661,0.8592534065246582,0.1931701625025689,2.073325638060053,0.02748899562865623
mlp,113,1075,5,0.8804654359817505,0.16380175822499043,0.8599320888519287,0.1921099684217312,2.0732059153560547,0.027769027837940916
mlp,113,1100,5,0.883911395072937,0.15910640447515897,0.8620203256607055,0.18917533675489243,2.073089369440056,0.02803636909894223
mlp,113,1125,5,0.8872007250785827,0.15475067786536184,0.8635864853858948,0.18711438049608295,2.0729967939935516,0.02815084767781064
mlp,113,1150,5,0.8882524013519287,0.1530599700685959,0.8644739866256714,0.1856705234749505,2.0727368181837194,0.028425768481229942
mlp,113,1175,5,0.8922130227088928,0.14789083238817957,0.8673452973365784,0.1820467292078191,2.0725005829107923,0.02843899023439042
mlp,113,1200,5,0.8928395748138428,0.14709820616216612,0.8694335222244263,0.17934214250581543,2.0720319437568633,0.02863988336337057
mlp,113,1225,5,0.8960393905639649,0.14244115135251018,0.8735577702522278,0.17342472192283012,2.0716953492406844,0.02860916256881564
mlp,113,1250,5,0.8979413866996765,0.13987374247132162,0.8723570466041565,0.17516251254442733,2.0713112520982335,0.02864126797376479
mlp,113,1275,5,0.9003580212593079,0.13668587358147005,0.8748629212379455,0.1716907890128991,2.070779167094162,0.02885222524768819
mlp,113,1300,5,0.8990602016448974,0.13836053474745463,0.8749151229858398,0.17163709058343793,2.0704594027216703,0.02879308470838902
mlp,113,1325,5,0.9008279323577881,0.1361339243296565,0.8784129023551941,0.16711919152763013,2.0700960293578543,0.028675865524922895
mlp,113,1350,5,0.8989035725593567,0.1385364750010832,0.8755415916442871,0.17067130943377323,2.069677249903539,0.028588644904107768
mlp,113,1375,5,0.9064220309257507,0.12825652417618774,0.881284213066101,0.16294765081048518,2.069130192876636,0.02859123292856601
mlp,113,1400,5,0.9052584528923034,0.1297440998419458,0.8800312757492066,0.16454334175925445,2.0686100783102015,0.028560103097702707
mlp,113,1425,5,0.9073170781135559,0.12693816760079105,0.8836856842041015,0.1597636276366831,2.0681421584809563,0.028412458377349736
mlp,113,1450,5,0.9074960827827454,0.12677054459321144,0.8845731735229492,0.1584356935223915,2.0676251028340316,0.028155156600901524
mlp,113,1475,5,0.9065115332603455,0.12817862223210047,0.8832680225372315,0.1605223457786123,2.067193763555822,0.02782956917365563
mlp,113,1500,5,0.9112329483032227,0.12158549115042369,0.8875488996505737,0.15447572571852394,2.066595461585038,0.027831340838663208
mlp,113,1525,5,0.9123741269111634,0.12005990780811293,0.8886452198028565,0.1530647997918314,2.0661976655674437,0.027599705045781003
mlp,113,1550,5,0.9090400576591492,0.12470676152634949,0.886818015575409,0.15571801528274642,2.0657522339406973,0.02740030945811733
mlp,113,1575,5,0.9109420537948608,0.12195592917982978,0.8862959623336792,0.15589774439751544,2.0651990340255413,0.027339681269567113
mlp,113,1600,5,0.9134258270263672,0.11874850527509202,0.8888540387153625,0.15258851627705758,2.0648033831684214,0.02718269810246606
mlp,113,1625,5,0.9156634688377381,0.11548906153434207,0.8911510825157165,0.14929434668590016,2.0643400195545967,0.027089833385827367
mlp,113,1650,5,0.9118818521499634,0.12081045334083877,0.8897415399551392,0.15159410071735432,2.063854959130677,0.026780021991146766
mlp,113,1675,5,0.9124188899993897,0.1204357382956991,0.8894282937049866,0.15216106452409947,2.0633892679215196,0.02650419734080937
mlp,113,1700,5,0.9148579120635987,0.11662538506657323,0.8914643287658691,0.14895855412598533,2.0628047151096713,0.026433230120167982
mlp,113,1725,5,0.9158424735069275,0.11533679401900027,0.8918819665908814,0.1487903714583586,2.062310375038657,0.02629412896344881
mlp,113,1750,5,0.917274558544159,0.11332873950784789,0.8940224051475525,0.14567350067259546,2.0618711946452857,0.026025613029539683
mlp,113,1775,5,0.9199820995330811,0.10957247862798467,0.8954319477081298,0.14350079680759378,2.061459488877636,0.02569074110001462
mlp,113,1800,5,0.9189080476760865,0.11106509025307724,0.8951187252998352,0.14383878131582303,2.0608909944884575,0.02548285596908713
mlp,113,1825,5,0.919288432598114,0.11075567518742555,0.895849597454071,0.1426223597275701,2.0603540776994977,0.02514667569331473
mlp,113,1850,5,0.9178787231445312,0.1126271557734186,0.8931349039077758,0.14637081252007117,2.0597884948036045,0.024873155587669192
mlp,113,1875,5,0.9233385562896729,0.10497971237233991,0.8976768016815185,0.1404657898376254,2.0592522469194185,0.024572689855985198
mlp,113,1900,5,0.9198702216148377,0.10992567738030994,0.8975201845169067,0.1407697954235415,2.0588462321357457,0.024166126158333124
mlp,113,1925,5,0.9214141964912415,0.10761095124970761,0.8984598875045776,0.13927107259470126,2.058369516390205,0.023956239319144874
mlp,113,1950,5,0.921168041229248,0.10794719970803801,0.8980422377586365,0.1397650120179138,2.0579544744502165,0.023697794234719263
mlp,113,1975,5,0.9209442853927612,0.10825468252681057,0.8988775372505188,0.13876865034844732,2.057523721546397,0.023498950524705967
mlp,113,2000,5,0.9234504461288452,0.10482069668706963,0.8959540128707886,0.14275171431277464,2.057162036005025,0.02312612542858632
mlp,113,2025,5,0.9220631122589111,0.10673180127185385,0.8999738574028016,0.1373022283538801,2.0566262362836154,0.022872413547993842
mlp,113,2050,5,0.9233385562896729,0.10429075960012335,0.8978856325149536,0.13922549252610544,2.056166104941334,0.022615611678358592
mlp,113,2075,5,0.9258223414421082,0.10190783523734609,0.9014356136322021,0.1350012326060323,2.055733076563745,0.02235836051465974
mlp,113,2100,5,0.9225330114364624,0.1061384492076201,0.8993473887443543,0.13791425175244523,2.055398587848137,0.021987472336295923
mlp,113,2125,5,0.9258894681930542,0.10157668587790096,0.8999216437339783,0.1373931712407296,2.0548859973063864,0.02187080341151028
mlp,113,2150,5,0.9274558186531067,0.09937603139131776,0.9020098805427551,0.1343568206668649,2.054588853658692,0.021651044419668097
mlp,113,2175,5,0.9289774060249328,0.09726726508382773,0.9015400171279907,0.1348431531021856,2.054399039241038,0.021373265022442935
mlp,113,2200,5,0.9268516540527344,0.10026574153268283,0.9013311982154846,0.13525340540938663,2.054124452459427,0.0210269122658614
mlp,113,2225,5,0.9289550304412841,0.0973275569637306,0.9028451681137085,0.1331053433479728,2.053703786307798,0.02076044663469292
mlp,113,2250,5,0.928552258014679,0.09783737650626356,0.9048289775848388,0.13072020780249272,2.053204432583626,0.020361680339239407
mlp,113,2275,5,0.9294920563697815,0.09661405794389932,0.9044635415077209,0.1310165026384559,2.0528308945491696,0.019990808180795572
mlp,113,2300,5,0.9269859075546265,0.09997873406652212,0.9026885390281677,0.13334228367453504,2.0524800178542604,0.01974522196256497
mlp,113,2325,5,0.9292235493659973,0.09697856794102892,0.90352383852005,0.13219247999610187,2.052179424223575,0.019467441944031064
mlp,113,2350,5,0.9313940525054931,0.09394659329156145,0.90524662733078,0.12979124292105768,2.0518983901669388,0.01927333789379303
mlp,113,2375,5,0.9306779980659485,0.09492517037298545,0.9045679569244385,0.13083520999170412,2.051553197157124,0.01918895153692634
mlp,113,2400,5,0.9267173886299134,0.09210458982348138,0.9015400290489197,0.12836514218908626,2.0512367131285827,0.018881134332998612
mlp,113,2425,5,0.9341015934944152,0.09037927261375975,0.907334852218628,0.12702003191613506,2.0508947528426886,0.018674045790691585
mlp,113,2450,5,0.9307898998260498,0.09486429967295275,0.9055076599121094,0.1295236224525405,2.050633589232264,0.01841089885101564
mlp,113,2475,5,0.9332289218902587,0.09143499283668038,0.9060819149017334,0.128798734194502,2.050281489339141,0.018166622209919072
mlp,113,2500,5,0.9324009895324707,0.0926754666304103,0.9058730840682984,0.12896781095470067,2.050039694316528,0.017800383104556068
mlp,113,2525,5,0.932311475276947,0.09269248287978837,0.9050900101661682,0.129967196435429,2.0497435727276465,0.017694169052465528
mlp,113,2550,5,0.9320205926895142,0.09327355086199798,0.9060297131538391,0.1286825052446724,2.049592105323222,0.017493072507553612
mlp,113,2575,5,0.9326471209526062,0.09227571192185231,0.9062907457351684,0.12859113022664934,2.049355183107429,0.01738989684348033
mlp,113,2600,5,0.9289997816085815,0.09466387381241666,0.9034194231033326,0.1295299469432672,2.0492233589678337,0.017092046298110054
mlp,113,2625,5,0.9327142596244812,0.09220820664193602,0.9068127989768981,0.127717867704845,2.0490552171101983,0.016799787377109653
mlp,113,2650,5,0.9304766297340393,0.09519880363858085,0.905820894241333,0.12900764497700876,2.0489661717379355,0.016644749431425156
mlp,113,2675,5,0.9334079265594483,0.09122698277316049,0.9091098427772522,0.12460087311506932,2.0487904198441624,0.016574406569349002
mlp,113,2700,5,0.9351532816886902,0.08887960422013104,0.9078047037124634,0.12644858718108232,2.048744488821715,0.01644601683939848
mlp,113,2725,5,0.9314164280891418,0.09394931209196201,0.9060297012329102,0.1290453708870486,2.0487415774731534,0.016322111548355694
mlp,113,2750,5,0.9300514698028565,0.09584420253377322,0.9059774994850158,0.12885295134897937,2.0487089524647284,0.01627638501075588
mlp,113,2775,5,0.933564567565918,0.09097356691047526,0.9071782350540161,0.12723008189428683,2.04870260438373,0.016106807767455156
mlp,113,2800,5,0.9341239690780639,0.08987392032261161,0.9080657482147216,0.1258000406627215,2.0486889404370934,0.015946588741720304
mlp,113,2825,5,0.9334079265594483,0.09119373717455137,0.9085877895355224,0.12549094084309928,2.0486074222860835,0.015860372808847067
mlp,113,2850,5,0.9345267415046692,0.08966426037785008,0.9101017475128174,0.12315350854357812,2.0485255593237808,0.01573332601269344
mlp,113,2875,5,0.9309241533279419,0.09460750947830777,0.9082223415374756,0.12586722525563965,2.048503885903984,0.015591721872819332
mlp,113,2900,5,0.9355336904525757,0.08829370532589964,0.9091620564460754,0.12462623347246297,2.04843948132219,0.015661378991541044
mlp,113,2925,5,0.9352204084396363,0.08870699829483569,0.9089010238647461,0.12483818690818838,2.048424292744925,0.015628279030277383
mlp,113,2950,5,0.9340120911598205,0.09036494687400623,0.9090054273605347,0.12484605634459617,2.0484830840532737,0.01548326219592811
mlp,113,2975,5,0.9362273573875427,0.08737333360255115,0.9093186736106873,0.1241954373563046,2.0484279920336625,0.015315180384168027
mlp,113,3000,5,0.9354889273643494,0.08836837327850626,0.9081701397895813,0.1259334888037955,2.048369742633446,0.015188430447039854
mlp,113,3025,5,0.9326695084571839,0.09225736156498916,0.9095274925231933,0.12420751152652428,2.0483658490632246,0.01509570504599577
mlp,113,3050,5,0.935869324207306,0.0879558720462105,0.9120333552360534,0.12045607113149528,2.048338278850708,0.015055269377179143
mlp,113,3075,5,0.9376594305038453,0.08543754392405849,0.9109370470046997,0.12216664913257144,2.0482976950700436,0.01502849881554391
mlp,113,3100,5,0.9362497210502625,0.08735538403867686,0.9097885251045227,0.12370565286883661,2.0483318092595058,0.014911345561694957
mlp,113,3125,5,0.9350414037704468,0.0890309403749619,0.9094752788543701,0.12438619859203996,2.0483966027023284,0.01481907161732669
mlp,113,3150,5,0.9386216282844544,0.08405258256620078,0.9108326315879822,0.12225853423563215,2.0484683718266394,0.0147686421577771
mlp,113,3175,5,0.9341015934944152,0.09023581159231156,0.9093186616897583,0.12441799299988474,2.0484977380735936,0.014702688678476432
mlp,113,3200,5,0.9378608345985413,0.0850963920337287,0.9082745552062989,0.12564656383638348,2.0485440484068635,0.014570413396832037
mlp,113,3225,5,0.940590751171112,0.08142906461366918,0.9110414624214173,0.12202392238524215,2.0486377255558805,0.01440923061806852
mlp,113,3250,5,0.9365629911422729,0.08686514318352385,0.9107804298400879,0.12223328047826938,2.0486924828729287,0.01440851287908749
mlp,113,3275,5,0.9359812021255494,0.08777124063153122,0.9096841096878052,0.12394864733582286,2.048723195715632,0.014428310428753435
mlp,113,3300,5,0.9381293416023254,0.08475202743102354,0.912346601486206,0.12010262803879794,2.048856093263705,0.01432638185034211
mlp,113,3325,5,0.9379055738449097,0.08504330619871245,0.9084311723709106,0.12546392552299182,2.0489611653735724,0.01427387222639815
mlp,113,3350,5,0.9379279613494873,0.08503101427944379,0.9103627800941467,0.1228309453921232,2.0491066803302993,0.014173441260260744
mlp,113,3375,5,0.940456485748291,0.08154790827714863,0.9119289517402649,0.12062190759568933,2.049285275609363,0.014045526804424066
mlp,113,3400,5,0.9390467762947082,0.08347578634244719,0.9118767499923706,0.1207185978758555,2.049409715175193,0.01392853943581267
mlp,113,3425,5,0.9403445959091187,0.08171655571158336,0.9126598358154296,0.1198173837373753,2.049459134982589,0.013796265437739359
mlp,113,3450,5,0.9409711360931396,0.08089686794579337,0.912712037563324,0.11955594509101145,2.0494644363043397,0.013685427438969297
mlp,113,3475,5,0.9414857983589172,0.08012395830478602,0.9119811534881592,0.12062018993283898,2.0495237694293866,0.013597541005193276
mlp,113,3500,5,0.9383530974388122,0.08442485029854087,0.9110936641693115,0.1218045936026922,2.04962461491058,0.013503939605309153
mlp,113,3525,5,0.9381517171859741,0.08469870809807814,0.9127642393112183,0.11950119814489574,2.049696584490341,0.01341937395898232
mlp,113,3550,5,0.9425374865531921,0.07868382685447524,0.9141215920448303,0.1176546303730682,2.049776808268812,0.013348156716491486
mlp,113,3575,5,0.9412172794342041,0.08049972861895602,0.915217912197113,0.11614010329749193,2.049888830306622,0.013350019448884146
mlp,113,3600,5,0.9399641990661621,0.08222667523446893,0.9132863044738769,0.1188623161577976,2.0500168552709845,0.01330149779022821
mlp,113,3625,5,0.9394495487213135,0.08291212008113534,0.9133385062217713,0.11866964460013985,2.0501462859821897,0.013251613674593129
mlp,113,3650,5,0.9421123385429382,0.07935875607917736,0.9131296873092651,0.11911741808657639,2.050235981403491,0.01324496323024747
mlp,113,3675,5,0.9396956920623779,0.08262282115022881,0.9128686547279358,0.11937540490240638,2.0503679343628542,0.013150470723467417
mlp,113,3700,5,0.9411725282669068,0.08056915788469243,0.913860559463501,0.11802757589284373,2.0504929558242426,0.013106856225016054
mlp,113,3725,5,0.942828369140625,0.07834167304909673,0.9135995388031006,0.11838810840584747,2.0506216510541706,0.013065934027246314
mlp,113,3750,5,0.9404788613319397,0.08171266127333347,0.912712037563324,0.11975168998308264,2.0507347886720426,0.013052932662246958
mlp,113,3775,5,0.9430521368980408,0.07797916334525658,0.9130774855613708,0.1190778800151142,2.0508894891709595,0.012974070744051554
mlp,113,3800,5,0.9409935116767884,0.08089280619642103,0.9134429097175598,0.11870920882474076,2.0510136657505096,0.012927534444345086
mlp,113,3825,5,0.943522047996521,0.07735346344970236,0.914069390296936,0.11768971480355668,2.051130531800106,0.01288114427428096
mlp,113,3850,5,0.942268967628479,0.07914262661496713,0.9149568796157836,0.11663420745071641,2.0512726867171027,0.01282271129159017
mlp,113,3875,5,0.9431864023208618,0.07781558429478642,0.9139127731323242,0.11798893811527439,2.0514091883717898,0.0127352052455419
mlp,113,3900,5,0.942694115638733,0.0787671429683519,0.9144348263740539,0.11741497870262549,2.0515370228635517,0.01268230508880068
mlp,113,3925,5,0.9432535290718078,0.07771011119602786,0.9126076221466064,0.1197421367421679,2.0516650342750924,0.012631632597849812
mlp,113,3950,5,0.942694115638733,0.07865080913925081,0.9135995388031006,0.11850028299798057,2.051792098409856,0.01259137283109815
mlp,113,3975,5,0.9437681794166565,0.07708641968637374,0.9137561559677124,0.11833638517797278,2.051900659302081,0.012528011743030254
mlp,113,4000,5,0.9448870062828064,0.07568422345759036,0.9151135087013245,0.11636735133226303,2.052033017544175,0.012457065131483402
mlp,113,4025,5,0.9454016566276551,0.07489773340452231,0.9141737937927246,0.1176897260140628,2.052169985806915,0.012377585334535013
mlp,113,4050,5,0.944215714931488,0.07642142253648578,0.9143826127052307,0.11745714167017213,2.052289770737595,0.012291396654213636
mlp,113,4075,5,0.9454016566276551,0.07478801721959585,0.9151657104492188,0.11625203892172845,2.0523816383906808,0.012237776581637463
mlp,113,4100,5,0.9439024448394775,0.07682216512530732,0.9135995268821716,0.11836337407766678,2.052473117460201,0.012200896443581393
mlp,113,4125,5,0.9448646187782288,0.07569431776757532,0.9146958589553833,0.11704051940585831,2.052590471940389,0.012133021475960026
mlp,113,4150,5,0.9448870062828064,0.07548234068334199,0.91558336019516,0.11571179652487132,2.0527037779645525,0.012098371369692267
mlp,113,4175,5,0.9448870062828064,0.0754979279547869,0.9144348263740539,0.11734793502270906,2.0528330257831313,0.012043303775202309
mlp,113,4200,5,0.9452450275421143,0.0750259968222945,0.9132863044738769,0.11884597724092544,2.0529632400878155,0.011972673815596076
mlp,113,4225,5,0.9452226519584656,0.07501298037518897,0.9149568915367127,0.11659504379998845,2.053074760893724,0.011923110770306847
mlp,113,4250,5,0.9442604660987854,0.07639172315878448,0.9145392417907715,0.1172487743190857,2.0531956788393293,0.011865630354490812
mlp,113,4275,5,0.9472365260124207,0.0722937024842143,0.9162620306015015,0.11475566620179817,2.0533163764769737,0.011824262547520479
mlp,113,4300,5,0.9448646306991577,0.07560494841726804,0.915426743030548,0.11596669016157017,2.0534227512231498,0.011799590645729687
mlp,113,4325,5,0.9461176991462708,0.07380788309135593,0.9161576151847839,0.11489852656179482,2.05354098220738,0.011763831354603007
mlp,113,4350,5,0.9469232559204102,0.07279023201439214,0.9151657104492188,0.11630038248869008,2.053669623680942,0.011717216620281436
mlp,113,4375,5,0.9454240441322327,0.07486952784300828,0.9158443808555603,0.11543693292307171,2.0537858677504497,0.011666277604824266
mlp,113,4400,5,0.946587610244751,0.07335028246668884,0.915217912197113,0.11628257675976658,2.0539072129997584,0.01161903466680317
mlp,113,4425,5,0.9472589015960693,0.07228292361932709,0.915217912197113,0.11622455309852962,2.0540187415504443,0.011577800674147492
mlp,113,4450,5,0.9466771125793457,0.07320466016447932,0.9153745293617248,0.11607379161334008,2.05414735764788,0.011512495113690662
mlp,113,4475,5,0.9473036527633667,0.07229090833041882,0.9163142323493958,0.11473877804031167,2.0542616855700135,0.011460778704045386
mlp,113,4500,5,0.9471246361732483,0.0724843147892311,0.9162620306015015,0.11477926528756499,2.054356176532049,0.011434714442732169
mlp,113,4525,5,0.9477959394454956,0.07151181455820341,0.9165230512619018,0.11437430228584745,2.0544589686564345,0.011386627356814755
mlp,113,4550,5,0.9477511882781983,0.0716128451221713,0.9153745293617248,0.11604296967445016,2.0545556576116946,0.01135183051738806
mlp,113,4575,5,0.9480196952819824,0.07120554672412199,0.9164186358451843,0.11456924254806128,2.0546578646368987,0.011301383898974168
mlp,113,4600,5,0.9469008803367615,0.07271801266450607,0.9160531997680664,0.1150649293872548,2.0547693794051627,0.011243255649540098
mlp,113,4625,5,0.9481315732002258,0.07104707294420443,0.916575264930725,0.11438653289813168,2.054870639147491,0.011208102919454375
mlp,113,4650,5,0.9483553409576416,0.07081504688254775,0.9164708495140076,0.11456976697300077,2.054977372754402,0.011164536041314808
mlp,113,4675,5,0.9481315851211548,0.07110900352120429,0.9158443808555603,0.11537671248246126,2.055085418610126,0.011110859317298064
mlp,113,4700,5,0.9489147543907166,0.06999572915810669,0.9168884873390197,0.11391410624932785,2.0551933649514913,0.011050947170520433
mlp,113,4725,5,0.9490042567253113,0.06990226733317255,0.9165752530097961,0.11439622869073938,2.0552947690646057,0.011002872410451744
mlp,113,4750,5,0.9489818811416626,0.07003141822096554,0.9174627542495728,0.1132084804866881,2.055382371196515,0.010976742117707133
mlp,113,4775,5,0.9493175268173217,0.06945663897330281,0.9168884992599488,0.1139779232890847,2.0554714974008923,0.01093932915443638
mlp,113,4800,5,0.9492951512336731,0.06951376153511503,0.917880403995514,0.11259701672337986,2.055556926661173,0.01090983265815635
mlp,113,4825,5,0.9487581133842469,0.07024825903089256,0.9172017335891723,0.11356001227626188,2.0556432410555967,0.010880653384845479
mlp,113,4850,5,0.949093759059906,0.06974799125946747,0.9161054134368897,0.11507468794170121,2.055732727687295,0.010837839877954388
mlp,113,4875,5,0.9488252520561218,0.07015452777556352,0.9166274666786194,0.11432978844251214,2.0558209727962478,0.010796708982959605
mlp,113,4900,5,0.9491832733154297,0.06966107999524518,0.91636643409729,0.11473447770956374,2.0558986659408354,0.010775213090369003
mlp,113,4925,5,0.9494294047355651,0.06931534209156769,0.9168884873390197,0.11393967362136324,2.055980670055603,0.010744400879494749
mlp,113,4950,5,0.9498321771621704,0.06874776126134069,0.9166274666786194,0.11431995318928007,2.056065663113172,0.010703267534582209
mlp,113,4975,5,0.94951890707016,0.06923717135033675,0.9170451045036316,0.11384856097853831,2.056143867605893,0.010664914780246991
mlp,113,5000,5,0.949653172492981,0.0690023467221404,0.916940701007843,0.11388206083304378,2.056213934815047,0.010638639276974083
mlp,113,5025,5,0.9499216914176941,0.06862528366713924,0.9170973181724549,0.11366320029792998,2.0562827093056,0.010608058452094985
mlp,113,5050,5,0.9498769402503967,0.06870314166134779,0.9175671696662903,0.11305519699077242,2.0563476123060567,0.010582324957914491
mlp,113,5075,5,0.9501230716705322,0.06837191214041517,0.9173583388328552,0.11334069757491409,2.056407844133114,0.01056069063789712
mlp,113,5100,5,0.9497650504112244,0.06884434682392214,0.9170451045036316,0.11376893641788938,2.0564677100817677,0.010542333577233925
mlp,113,5125,5,0.950212585926056,0.06826918852712906,0.9173583388328552,0.11340830794930784,2.05652637500735,0.010519586953693505
mlp,113,5150,5,0.9504810929298401,0.06788986678239761,0.9177237749099731,0.11284634268295775,2.0565832142776843,0.010494847611122363
mlp,113,5175,5,0.9501902103424072,0.06831049378198537,0.917514955997467,0.11318826025974414,2.0566406396596344,0.010464452306615133
mlp,113,5200,5,0.9506824851036072,0.06760123496146186,0.9178281903266907,0.11272536231914083,2.056693457855027,0.010440409000909248
mlp,113,5225,5,0.9503692150115967,0.06804093126013401,0.9169929027557373,0.11383518004655453,2.0567446319974523,0.010414516417481645
mlp,113,5250,5,0.950346839427948,0.06807347597854858,0.9174105525016785,0.11324431056527433,2.056794812335997,0.010391849879171647
mlp,113,5275,5,0.9505258440971375,0.06784084255555173,0.917880403995514,0.11263755237955178,2.056839630321032,0.010373334874501842
mlp,113,5300,5,0.9505034685134888,0.06787354775883549,0.9173583388328552,0.1133512165808126,2.0568831305525848,0.01035357790514972
mlp,113,5325,5,0.9504810929298401,0.06790203437307037,0.9181936264038086,0.11218843336445705,2.0569250936531724,0.010336150330186877
mlp,113,5350,5,0.9506824851036072,0.06763307732985596,0.9179326057434082,0.11254027575052679,2.056963422537449,0.010319247872248992
mlp,113,5375,5,0.9508838772773742,0.06734709934686432,0.9179848074913025,0.11249483440897338,2.057000057214677,0.01030368408524579
mlp,113,5400,5,0.9508391261100769,0.06740021564952554,0.9179326057434082,0.11257160259958551,2.057033420410895,0.01029031137827253
mlp,113,5425,5,0.9506377339363098,0.06769865420046232,0.9177759885787964,0.11275944267437973,2.0570657415200553,0.010277946304086858
mlp,113,5450,5,0.9507943749427795,0.06746540658517218,0.9177759885787964,0.11278028848432602,2.0570975699263205,0.01026682349564346
mlp,113,5475,5,0.951107633113861,0.06704112986617154,0.9183502435684204,0.11198993271140609,2.057127520232569,0.010256968295254696
mlp,113,5500,5,0.9508838772773742,0.06735555543003716,0.9181414246559143,0.11225475998515724,2.057159162072689,0.010241992483161034
mlp,113,5525,5,0.9510628819465637,0.06711081038047201,0.9179848074913025,0.1125169403956378,2.05718568164569,0.010230818775304481
mlp,113,5550,5,0.9509957551956176,0.06718017636754559,0.9182458400726319,0.1121326553375261,2.0572100645614535,0.010222698791343366
mlp,113,5575,5,0.9512418866157532,0.06686176235948699,0.9179326057434082,0.11256085942935856,2.0572326993899126,0.010214835728726534
mlp,113,5600,5,0.9509510040283203,0.06725739021204062,0.9182458400726319,0.112111993040768,2.0572535603639506,0.010208653062829236
mlp,113,5625,5,0.9510628819465637,0.06709420856447479,0.9182458400726319,0.1121221739097281,2.057274888185872,0.01020100875956034
mlp,113,5650,5,0.9512195229530335,0.06687412771558163,0.9183502435684204,0.11198993271140609,2.057295326379404,0.010192379509817854
mlp,113,5675,5,0.9511300086975097,0.06700440369057742,0.9183502554893493,0.11200071560081976,2.0573137601664193,0.010185364891410961
mlp,113,5700,5,0.9511523842811584,0.06697582497418245,0.9185590744018555,0.11170445669111324,2.0573291119079835,0.010179770238771447
mlp,113,5725,5,0.9511747598648072,0.06694727145061413,0.9185068607330322,0.11179217667619598,2.057346052833011,0.010172214516333308
mlp,113,5750,5,0.9511971354484559,0.06691060599696814,0.9184546709060669,0.11184717810024111,2.0573600100339453,0.010166664851722308
mlp,113,5775,5,0.9512642741203308,0.0668207898702935,0.9184024572372437,0.11191326546757244,2.057374279761854,0.010159662873143129
mlp,113,5800,5,0.9513090252876282,0.06676366922445201,0.9187156915664673,0.11152965713583059,2.057386932596498,0.010154191589332152
mlp,113,5825,5,0.9512866497039795,0.0667881876296008,0.9183502435684204,0.11198993271140609,2.0573982641636626,0.01015121041514389
mlp,113,5850,5,0.9513314008712769,0.0667269873403158,0.9185590744018555,0.11171528221787735,2.05740916072477,0.010147100732939536
mlp,113,5875,5,0.9512866497039795,0.0667881876296008,0.9183502554893493,0.11197942044582966,2.057419550450315,0.010142716600080749
mlp,113,5900,5,0.9513761520385742,0.06667395417772458,0.9184024572372437,0.11189286944526278,2.057429694364276,0.0101381584076641
mlp,113,5925,5,0.9514209032058716,0.06660862758137598,0.918663489818573,0.11155118333906222,2.0574390599918218,0.01013473715406458
mlp,113,5950,5,0.9514656662940979,0.06655155414983634,0.9181936264038086,0.11218843336445705,2.057448155046677,0.010131624181385798
mlp,113,5975,5,0.95159991979599,0.06636382870478404,0.9185590744018555,0.11171528221787735,2.057456304444382,0.010129048160036392
mlp,113,6000,5,0.9515104174613953,0.06649036196646589,0.9187156915664673,0.1114850492498864,2.0574655782276814,0.010125124330324893
rnn,79,0,5,0.07435897588729853,0.02155993067066975,0.07570742368698116,0.023055086700860605,5.838406155047552,1.1147430281445077
rnn,79,1,5,0.07037545815110205,0.02393445142215538,0.07068873643875118,0.02449735497357779,5.875894930267082,1.0973605405025473
rnn,79,2,5,0.07293956130743022,0.01672859738184705,0.0738921537995338,0.018814300368090973,5.923934779761039,1.1018981236819858
rnn,79,3,5,0.07445055097341534,0.01825439154898141,0.07389215379953377,0.018539578983934484,5.960125225352688,1.1246635397203804
rnn,79,4,5,0.07513736337423323,0.022036014063058246,0.07570742368698116,0.022224087538554323,5.981291236805208,1.147673946436109
rnn,79,5,5,0.07472527474164961,0.02164860014941678,0.07613454535603517,0.022978301166359783,5.989487150624092,1.1647824188944615
rnn,79,6,5,0.07490842491388316,0.022315497580303535,0.07613454461097711,0.023142087557782243,5.988015360484063,1.172364704559636
rnn,79,7,5,0.07545787692070004,0.022798910962262615,0.07666844800114626,0.024095527001249954,5.978241078000557,1.1689496638931463
rnn,79,8,5,0.07687729150056835,0.02379322804380912,0.07794981375336642,0.025710623016626827,5.961537376746535,1.155769233243556
rnn,79,9,5,0.07760989069938656,0.023646619200401384,0.07869727835059159,0.025842222111454042,5.938488422294492,1.1348570922813561
rnn,79,10,5,0.07834248989820476,0.023735884288592426,0.07901762053370473,0.02513316173738316,5.907469582948962,1.10761444074354
rnn,79,11,5,0.07898351699113841,0.024712021904247594,0.07773625329136842,0.023493546564807767,5.864996430756973,1.0751285840619225
rnn,79,12,5,0.07770146578550334,0.023834055386236033,0.0773091316223144,0.0232612588248284,5.807820546479116,1.0381455176263248
rnn,79,13,5,0.07664835229516026,0.023372624831039593,0.07730913236737248,0.023824275313296797,5.734946076679887,0.9971411981768228
rnn,79,14,5,0.07673992738127704,0.0241631814971736,0.0774159118533134,0.024678210751861943,5.647138119148037,0.9524899500837646
rnn,79,15,5,0.07907509282231327,0.028668269374705794,0.0813667938113212,0.031447285933490526,5.5464015047276325,0.9040443428160563
rnn,79,16,5,0.0786172159016132,0.02677328597618552,0.07997864633798595,0.02859098485577168,5.434636433113674,0.8513196913324852
rnn,79,17,5,0.07902930527925488,0.02638918241108736,0.08083289042115206,0.02707313933971642,5.313535289676603,0.7941398277667219
rnn,79,18,5,0.08026556968688961,0.027052750120771064,0.08168713524937624,0.02779373310866183,5.184698009625945,0.7333666115705622
rnn,79,19,5,0.08159340769052502,0.028106991055056003,0.08232781812548633,0.028415972507979663,5.049546617650754,0.670841575599278
rnn,79,20,5,0.08205128312110896,0.0289389421080173,0.08392952755093568,0.029725014422911897,4.909047905755466,0.6097256090841321
rnn,79,21,5,0.08324175924062724,0.03165083669559516,0.08360918387770648,0.030372924892435833,4.763888090744073,0.5540245227949834
rnn,79,22,5,0.08282967284321781,0.03159108600317423,0.08435665071010584,0.0315793494970056,4.614613407184383,0.50757101336969
rnn,79,23,5,0.08264651969075199,0.03273208859712735,0.08403630703687663,0.03198652589478378,4.462274398509527,0.4723537846716713
rnn,79,24,5,0.08420329689979547,0.0364138403905166,0.08467699289321896,0.034420383897578184,4.308419087335296,0.44842275903384193
rnn,79,25,5,0.08429487273097032,0.036706649838799406,0.0852108925580978,0.035734815169701416,4.154928176879282,0.4339091550583503
rnn,79,26,5,0.08525641113519662,0.037808912589504834,0.08531767427921291,0.03561456013826477,4.003597724036124,0.4259989712064868
rnn,79,27,5,0.08580586239695545,0.0375022805921274,0.08659903928637498,0.0361724582013655,3.855971193352333,0.4221139860335046
rnn,79,28,5,0.08667582422494882,0.037350403831857185,0.08798718824982639,0.03540585163024728,3.713096391209304,0.42018828684035536
rnn,79,29,5,0.08681318685412402,0.03656322359464651,0.0873465053737163,0.035402230245921235,3.5759094079674396,0.4188584472423185
rnn,79,30,5,0.08717948943376537,0.03729064805627038,0.08734650462865826,0.03561095744803798,3.4448759554430284,0.41701954831120963
rnn,79,31,5,0.08699633628129956,0.03789178526095433,0.08777362704277036,0.03702184170555911,3.3201685694245606,0.41395621184415016
rnn,79,32,5,0.08676739931106564,0.03826856670694914,0.08830753117799757,0.03714482791207762,3.2018782154654786,0.4089275110328291
rnn,79,33,5,0.08685897439718242,0.03797558446902563,0.08766684532165524,0.0349092433727398,3.089875319606296,0.4016480553068983
rnn,79,34,5,0.08745421394705769,0.03703841567834185,0.08745328485965727,0.032522964587700515,2.9841480492967767,0.3921039484620396
rnn,79,35,5,0.08814102485775945,0.03608838373137016,0.08745328634977338,0.03090969809957095,2.884679196485935,0.38062053613413305
rnn,79,36,5,0.08891941457986827,0.03606972128423943,0.08798718899488443,0.030004198764824606,2.7916846736465235,0.3679571247095284
rnn,79,37,5,0.08965201377868645,0.035653916082975017,0.08905499428510659,0.032597382551817496,2.7054016728860177,0.35470428569229556
rnn,79,38,5,0.08992673903703687,0.03604893119555692,0.09001601934432979,0.03256719805255537,2.6260732221000658,0.3414719844238826
rnn,79,39,5,0.09070512950420376,0.03639656340461302,0.09022958055138583,0.03282308560552726,2.553688405517069,0.32846873650591596
rnn,79,40,5,0.09070512801408763,0.03671842800522465,0.0896956786513328,0.03260088008054679,2.488041154919717,0.31575349955404575
rnn,79,41,5,0.09111721664667126,0.03750493196360391,0.09001601785421366,0.032809184724365,2.4286757769880802,0.30317687329018617
rnn,79,42,5,0.09162088185548778,0.038887216249690326,0.09044314250349994,0.03302999524073015,2.3750252610957907,0.2904791937070769
rnn,79,43,5,0.0929487198591232,0.03909644019470599,0.09119060486555094,0.03417478443805209,2.3265517314371946,0.27747780869160543
rnn,79,44,5,0.0952838838100433,0.04018147382043035,0.09300587624311443,0.0342518525593631,2.2827704830633997,0.26420552392821456
rnn,79,45,5,0.0965201467275619,0.04016424866649676,0.09556860923767084,0.035118065149216185,2.243465587971581,0.25075950821933396
rnn,79,46,5,0.0973901107907295,0.03939745132218416,0.09610251337289807,0.03555167584215835,2.20841515339696,0.2373670442583154
rnn,79,47,5,0.09784798771142955,0.03904969159358397,0.09663641452789302,0.03489617486125426,2.1775569335033977,0.224094037786765
rnn,79,48,5,0.09784798771142957,0.03951666928276771,0.09642285257577891,0.03429801142021584,2.150638133948995,0.2108482208201798
rnn,79,49,5,0.09816849678754802,0.038942432964339045,0.09727709591388697,0.03518780255992194,2.1274199228142563,0.19729410102531325
rnn,79,50,5,0.09899267405271524,0.03872622316866674,0.09706353843212125,0.03498673391882121,2.1075555733419984,0.18300020936425582
rnn,79,51,5,0.09935897439718241,0.038602323175777484,0.09663641601800914,0.03525578387220357,2.090572660244441,0.16762950475175606
rnn,79,52,5,0.09931318759918209,0.03837197328818222,0.09642285406589501,0.036048523961340104,2.076290765398505,0.15119470024031018
rnn,79,53,5,0.10013736039400097,0.03916963072161382,0.09695675522089,0.03725593693803182,2.0644385446767854,0.13393056054559743
rnn,79,54,5,0.10018315017223353,0.03876511041067178,0.09684997498989102,0.03718892897706617,2.0550194753149564,0.11642581983011596
rnn,79,55,5,0.10086996257305145,0.03892297938657595,0.097170315682888,0.03768650486246369,2.04807453262869,0.09926927196925697
rnn,79,56,5,0.1009615391492843,0.03896517282051103,0.09727709591388697,0.037745833606253096,2.0436101145518104,0.08303811145374941
rnn,79,57,5,0.10091575086116789,0.03888586935545378,0.0975974395871162,0.038231696045665155,2.041519653955487,0.0683275749228401
rnn,79,58,5,0.10164835304021828,0.039845360299145115,0.09770422130823131,0.03802910087765853,2.0415864541448094,0.05589646229237135
rnn,79,59,5,0.10215201526880258,0.03981062112519885,0.0981313422322273,0.037872118589374,2.043396943848225,0.04680157651794762
rnn,79,60,5,0.1022893771529197,0.03957624058525055,0.09909236580133432,0.037077618395203626,2.0464947723843223,0.042325314408443226
rnn,79,61,5,0.10279304087162014,0.0399484857672534,0.09951948970556254,0.037746211949797645,2.0503648482223285,0.04275036141290151
rnn,79,62,5,0.10260988920927042,0.0403935273429669,0.09941270798444746,0.03753568657169442,2.0546204132713415,0.04665905797287081
rnn,79,63,5,0.10302197784185405,0.04021849769699594,0.09994661211967464,0.03817946790248329,2.0587674412068937,0.05173403814262612
rnn,79,64,5,0.10393772870302195,0.04072099792415236,0.10080085843801494,0.03979886932547077,2.062459813643107,0.0563294326569357
rnn,79,65,5,0.10517399609088893,0.0412010343838044,0.10261612534523004,0.041135469691909926,2.0652788593704177,0.05937657846125899
rnn,79,66,5,0.10567765533924098,0.0412499795998079,0.10336358994245524,0.04200665342847128,2.066861541696186,0.06041084859256968
rnn,79,67,5,0.10613553375005717,0.04131187750155413,0.10357715189456936,0.04278557696380608,2.0670014479151497,0.059246715601195384
rnn,79,68,5,0.10618132054805751,0.041303565469427046,0.10336358994245524,0.0417548183014883,2.0656312670761356,0.055895844173145484
rnn,79,69,5,0.10604395717382424,0.0409758260952789,0.10347037166357038,0.04075081506955234,2.06285761332752,0.0506347385661397
rnn,79,70,5,0.1067765578627586,0.041052560589735644,0.10379071086645122,0.04114967262667161,2.058874488743785,0.04388360796251895
rnn,79,71,5,0.10773809701204295,0.04144139808508431,0.10400427430868145,0.04137385221243857,2.0539170240713793,0.03637045131137021
rnn,79,72,5,0.10865384638309475,0.04157681836194548,0.10432461649179454,0.04126208875925901,2.0482596925747396,0.028844606070754165
rnn,79,73,5,0.10906593501567836,0.040919571985403844,0.10443139523267742,0.04113581582484271,2.042184631009289,0.02232251388949804
rnn,79,74,5,0.10938644707202909,0.04099117012032704,0.10517885982990258,0.04071687050515016,2.035990647246211,0.017739140046119973
rnn,79,75,5,0.11039377301931377,0.040912137845271986,0.10539242029190059,0.040702166152240135,2.0301557065136286,0.01593520048843996
rnn,79,76,5,0.11089743524789805,0.04040851451350181,0.10635344535112376,0.03980423607212329,2.024950589508947,0.01666883874210707
rnn,79,77,5,0.11126373559236521,0.04083186394746165,0.10581954270601268,0.039032275265674043,2.0207119043446373,0.018748829391461885
rnn,79,78,5,0.11222527325153345,0.04123720691619281,0.10624666661024089,0.03906804512086339,2.017505137680291,0.021107720669756275
rnn,79,79,5,0.11314102709293361,0.04118506660138723,0.10699412822723384,0.038488431143317084,2.015425262047973,0.023075130895565357
rnn,79,80,5,0.1143772885203361,0.041854800693597316,0.10784837305545802,0.03860564314098313,2.014426415878972,0.024319521970014593
rnn,79,81,5,0.11483516395092006,0.04106851939910668,0.1084890559315681,0.03705608789071038,2.0144900649075574,0.02477636393068827
rnn,79,82,5,0.11515568047761912,0.040593702258637024,0.10902296006679531,0.0374577653124078,2.0155987267694506,0.0246650777983116
rnn,79,83,5,0.11565934121608731,0.04028439030535568,0.10998398512601848,0.03681607305688364,2.0176456749011122,0.024254343993842933
rnn,79,84,5,0.11739926785230632,0.04059189004138678,0.11019754558801646,0.03704300547606299,2.020518403156877,0.02386595115285041
rnn,79,85,5,0.11781135499477383,0.040564510260655905,0.11094501167535778,0.03728041642420687,2.0239102204343684,0.02361099103347995
rnn,79,86,5,0.11900183111429208,0.04064608750543623,0.11158569604158397,0.03688376247523461,2.0274914750347763,0.023386982290996877
rnn,79,87,5,0.12005494534969327,0.04089426195332177,0.11276028007268901,0.03741969554814419,2.0309794163376536,0.023030542194319537
rnn,79,88,5,0.12124542146921154,0.04104873297320329,0.11404164731502528,0.03775754269380342,2.0341042593036756,0.022303090365040707
rnn,79,89,5,0.12252747267484661,0.04216539602913627,0.11457554847002024,0.03709107087143103,2.0366736669694467,0.021186374353415645
rnn,79,90,5,0.12358058840036387,0.04300569684081326,0.11542979478836055,0.03720004571218705,2.0385799513602008,0.019663708201580185
rnn,79,91,5,0.12426740080118175,0.04264065574729823,0.1173518449068069,0.03741016938221647,2.039672963026022,0.017945575160825244
rnn,79,92,5,0.12554945200681683,0.04298991152326354,0.11873999536037441,0.039457553148861006,2.0399655676407926,0.016361488912077615
rnn,79,93,5,0.12660256326198574,0.043436975240053195,0.11927389502525325,0.03899793920456945,2.0394759095459865,0.01526905107043351
rnn,79,94,5,0.12774725556373595,0.0443404008170773,0.12034170031547545,0.038997938903662176,2.0383975283229203,0.01487100758746006
rnn,79,95,5,0.12870879322290416,0.044951854704191094,0.12098238617181774,0.03912564664538864,2.0368776421369432,0.015111311073229532
rnn,79,96,5,0.1300366327166557,0.045709354563905194,0.12098238468170164,0.03891012680560725,2.035066906948887,0.015604703262078324
rnn,79,97,5,0.13076923042535776,0.04610364809058594,0.12205018997192378,0.03952071677867038,2.033120768933124,0.015938929809787315
rnn,79,98,5,0.13154761940240856,0.046422340818271096,0.12311799377202984,0.04025677113036608,2.0312137652917097,0.015766577161071025
rnn,79,99,5,0.13269230723381037,0.04730753203747734,0.12365189939737316,0.040422830575664,2.029500626878109,0.01489475091020963
rnn,79,100,5,0.13411172330379484,0.048475203415220165,0.12471970468759533,0.040871648076530494,2.028059288146111,0.013407567610527648
rnn,79,101,5,0.13498168438673014,0.04926461279907448,0.1251468256115913,0.03999035529207308,2.0269139415443393,0.011463899449699742
rnn,79,102,5,0.1363095253705978,0.04973710685146006,0.1261078521609306,0.041078265204145224,2.02613973321194,0.00952599169365231
rnn,79,103,5,0.13695055246353147,0.05008359970605985,0.12728243768215175,0.042255301614818615,2.025577839730205,0.008153949473158867
rnn,79,104,5,0.1375915765762329,0.04967473907918948,0.12770955860614772,0.04179371472282476,2.025218716960002,0.007883523675129598
rnn,79,105,5,0.13933150321245188,0.05086298891406374,0.1281366854906082,0.04195640892808374,2.024950194382979,0.008609163245324387
rnn,79,106,5,0.1408424913883209,0.05164750816412707,0.12802990376949305,0.04160230374869723,2.024725298873758,0.009638903448353022
rnn,79,107,5,0.1421245396137237,0.05231374761389548,0.12909770756959912,0.04260932938010314,2.0244393262333675,0.010421570149765306
rnn,79,108,5,0.14294871687889094,0.0520362918800324,0.12931126952171323,0.042562474113306326,2.0240230616858366,0.010625347564942437
rnn,79,109,5,0.14482600688934322,0.05315858125710287,0.13091297447681421,0.04323854910336896,2.02354550036128,0.01014553944405467
rnn,79,110,5,0.14597069472074503,0.054427892157799265,0.13123331665992732,0.04365190249035964,2.0229637897803108,0.00911706801386133
rnn,79,111,5,0.1473901107907295,0.056097082490298315,0.13208756446838374,0.04400020530314525,2.0223569372651062,0.007848289747006902
rnn,79,112,5,0.1481227099895477,0.05600698455673869,0.133796052634716,0.04542506492919928,2.021790098223888,0.006692488624742214
rnn,79,113,5,0.1491758227348327,0.056590376350659444,0.13475708067417141,0.04516546845144575,2.0213466246663945,0.006075084427922424
rnn,79,114,5,0.14949634075164792,0.05692038574734183,0.13571810424327846,0.046396431248446945,2.021061468231037,0.006057013502203346
rnn,79,115,5,0.15045787692070003,0.0578101515361807,0.13635878711938854,0.046612806434023706,2.0209504936536873,0.00631638394587073
rnn,79,116,5,0.15187729001045222,0.05838194805401966,0.13731981217861172,0.04686407941117143,2.021003199546878,0.00654648669464763
rnn,79,117,5,0.15311355292797083,0.05883574715805064,0.1383876159787178,0.04764226623296968,2.021202385661704,0.00664088346074896
rnn,79,118,5,0.154304027557373,0.059603005584890165,0.1392418622970581,0.047898851146361734,2.0214820474520514,0.0065859596074483015
rnn,79,119,5,0.15512820482254025,0.06037809071835239,0.13977576196193695,0.04852116575743229,2.021782148271525,0.0065724003193622
rnn,79,120,5,0.15595238655805582,0.06089860324749505,0.1403096660971641,0.04918778353206385,2.0220204466851173,0.006757753695966065
rnn,79,121,5,0.1569139197468757,0.06148088957097509,0.1409503474831581,0.04986635064470523,2.0221008221901,0.007184327639244713
rnn,79,122,5,0.15764652043581007,0.061117499465677835,0.1410571306943893,0.04991834192957655,2.022002365765875,0.0076526146841024625
rnn,79,123,5,0.15837912410497662,0.06107735143655772,0.14159103333950038,0.050819586495169426,2.0217633846453387,0.008029209020574676
rnn,79,124,5,0.15938645154237743,0.06204305783416375,0.14276562035083767,0.050931924016022714,2.0213643909922525,0.00811838796702359
rnn,79,125,5,0.15998168140649793,0.062315945991525214,0.14361986666917798,0.05172661947747695,2.0208740145173576,0.007990793957498323
rnn,79,126,5,0.16066849976778028,0.06279395414981134,0.14479445219039913,0.05186750136960235,2.0203734117770917,0.007628905048009648
rnn,79,127,5,0.1618131890892982,0.06316242299070397,0.1454351335763931,0.05166540954162548,2.0199407364355197,0.00716150156417158
rnn,79,128,5,0.16250000149011606,0.06357041159604801,0.14639615714550017,0.05188535610116157,2.0196325530845236,0.006636742603490354
rnn,79,129,5,0.16350732743740076,0.06401202940557645,0.14703684002161022,0.05249190900794998,2.0194374833998925,0.006111217296676805
rnn,79,130,5,0.16433150470256802,0.06442948451231116,0.14746396392583844,0.05231485400348546,2.0193368711283997,0.005546001739255838
rnn,79,131,5,0.16593406498432156,0.06532861248267051,0.14906567633152001,0.05302249449395624,2.019329002452824,0.0049084044549838335
rnn,79,132,5,0.16730768978595728,0.06583768676408981,0.14981313794851298,0.05343777821266528,2.0193503009229645,0.004325044526027763
rnn,79,133,5,0.16858974844217295,0.0669255568998743,0.15056060105562208,0.05319638997030866,2.0193255028514154,0.003873623088244239
rnn,79,134,5,0.16923076957464214,0.06721679096742955,0.1522690892219543,0.054315789544469376,2.01919119503066,0.003674282503804364
rnn,79,135,5,0.17028388082981105,0.06887247820606412,0.1536572381854057,0.05611366879946542,2.018904972848875,0.00371925262724598
rnn,79,136,5,0.17119963467121121,0.06935442039990798,0.1544047057628631,0.05671370538117648,2.0184929286073823,0.0038890240335570127
rnn,79,137,5,0.17193223536014557,0.06998177540938695,0.15579284876585003,0.057353443874405274,2.0179863120055725,0.004030647979524266
rnn,79,138,5,0.17271062433719633,0.07015879270753682,0.156326749920845,0.05882315543157703,2.01743942124759,0.0041051059493718185
rnn,79,139,5,0.17413004040718078,0.0705110730176177,0.15814202278852457,0.05923843998707153,2.0169434121118415,0.004105829983753904
rnn,79,140,5,0.1754120886325836,0.07079312168923307,0.15888948738574976,0.059919266027925376,2.0165367262358638,0.004063715047737297
rnn,79,141,5,0.17609890103340145,0.07034377579275769,0.15942338705062864,0.059249503424721094,2.016286118474315,0.0039614948832596576
rnn,79,142,5,0.17719780355691905,0.07065297412931101,0.16049119532108305,0.0599121275357816,2.01614309219332,0.0037607507968917112
rnn,79,143,5,0.177564100921154,0.07037621315961165,0.16081153750419613,0.059801168160777504,2.0161361523342873,0.003544941628518249
rnn,79,144,5,0.17802198082208628,0.06998132994462694,0.16123865544795987,0.060046865244099745,2.016199192392878,0.003321528845803415
rnn,79,145,5,0.1785256430506706,0.06959809117476547,0.16113187670707702,0.06036337681380692,2.0162678991666003,0.003183021394329035
rnn,79,146,5,0.17912087887525557,0.06961845818315499,0.16198612451553343,0.06081643293018275,2.0162568560410685,0.0031733010799023945
rnn,79,147,5,0.1795787557959556,0.06935917953340048,0.16241324245929714,0.060629596885810835,2.0161735867600084,0.003222763629147396
rnn,79,148,5,0.18008241653442378,0.06908774067149392,0.16252002716064448,0.06054397286434986,2.0159775771065527,0.003246312113320849
rnn,79,149,5,0.18044872283935542,0.06914400949941783,0.16316071152687067,0.060150737332516996,2.01568237625387,0.0032013623711545326
rnn,79,150,5,0.18086080998182297,0.06912801398104414,0.1646556362509727,0.060680352812941915,2.015368849090483,0.003145387930148574
rnn,79,151,5,0.18159340918064112,0.06900078846149435,0.16508275568485256,0.05990356442840867,2.015009158138396,0.0030232888408245197
rnn,79,152,5,0.182875457406044,0.06818106129953336,0.1661505654454231,0.060107831810275215,2.0146717096244613,0.0029384017027553827
rnn,79,153,5,0.1837454199790954,0.06769758606947174,0.16817939877510069,0.05980546340747294,2.0144023764819363,0.002787115132076088
rnn,79,154,5,0.1857142880558967,0.06699595978830786,0.16956754475831987,0.05897464374501996,2.0141555853334805,0.0026702754334351955
rnn,79,155,5,0.18731684684753414,0.06603879000814547,0.17084890902042385,0.05853605804670529,2.0140765944815144,0.0024371093998960115
rnn,79,156,5,0.1877747282385826,0.06503310834600022,0.1709556922316551,0.0573919510488772,2.013820680327111,0.00247645479454848
rnn,79,157,5,0.1895146578550338,0.06460313176208106,0.17213027775287626,0.05701472753842282,2.013977929266102,0.0019434414227922847
rnn,79,158,5,0.1898351654410362,0.06394280630609724,0.17277095913887022,0.05675163316463669,2.0134571040739067,0.002484020304006089
rnn,79,159,5,0.19111721217632288,0.06429776290556992,0.1743726685643196,0.05662089035952807,2.013791938169966,0.0015250463543046116
rnn,79,160,5,0.19184981882572172,0.06479726984773809,0.17501334995031353,0.05624305754189744,2.0133009340195973,0.0018092527921568474
rnn,79,161,5,0.19304029345512386,0.06502826890708661,0.17650828212499617,0.05636229415016141,2.0129485626890626,0.0018668449912114485
rnn,79,162,5,0.1937271103262901,0.06535769659896057,0.1766150578856468,0.055777386049316695,2.013025336567271,0.001272378978319686
rnn,79,163,5,0.19478021711111065,0.06524090125736275,0.17800320684909815,0.05701347385181534,2.0125415675588245,0.001612548131886706
rnn,79,164,5,0.19601648598909374,0.06585679519489256,0.17896423339843748,0.05687431004425915,2.0122404567386987,0.0017828174974867097
rnn,79,165,5,0.19661172032356258,0.06588245740032135,0.1785371124744415,0.05576358683205897,2.0124306238334824,0.001441095329027003
rnn,79,166,5,0.19848901182413098,0.06637042405549473,0.1813134044408798,0.056604526377078676,2.012177600266914,0.001663107839754864
rnn,79,167,5,0.20032051503658294,0.06728140513427605,0.18195408582687375,0.05631396559343867,2.0119917686576363,0.0018927811851122446
rnn,79,168,5,0.20146520435810084,0.06773404433233357,0.18248799294233317,0.05658665279189221,2.0122291337452074,0.001487964986199746
rnn,79,169,5,0.20311355590820312,0.06757375375830756,0.18376935571432113,0.056794061732488556,2.0120690698869477,0.0015475645133742352
rnn,79,170,5,0.20434981584548945,0.0680466302207463,0.18547784537076945,0.057633811660141615,2.011801896303502,0.0017551155614898542
rnn,79,171,5,0.20558608323335642,0.06804382311049345,0.186438874900341,0.05787910744640153,2.0119660593432953,0.0013552921778216993
rnn,79,172,5,0.20641025900840754,0.06765538412881111,0.18793380409479138,0.0586017685317591,2.0117249773131185,0.0014290582237678799
rnn,79,173,5,0.20705128312110896,0.06747075079148232,0.18910838663578028,0.058874014981373644,2.011361098192625,0.0017191930659113347
rnn,79,174,5,0.208104395866394,0.06745275975650386,0.18964229375123978,0.058867967563290824,2.011466075896145,0.0014557821375083765
rnn,79,175,5,0.2084706991910934,0.06744938211812913,0.1906033188104629,0.059492451568224025,2.0112476109946575,0.0016023727292501626
rnn,79,176,5,0.21048534810543057,0.06810264564516882,0.19177790284156795,0.05983214458704636,2.0110131241173237,0.0018306590444277472
rnn,79,177,5,0.21126374006271362,0.06815569084012178,0.19209824353456492,0.05962215348945049,2.0111636816185134,0.0015909905052590941
rnn,79,178,5,0.21277472674846645,0.0684140081019091,0.19337961226701733,0.06072003720731524,2.01108852034878,0.0016237337270569108
rnn,79,179,5,0.21336996257305146,0.06904056997706605,0.19402029216289515,0.06117976621272068,2.010893793244332,0.0017547941648955346
rnn,79,180,5,0.21492674052715297,0.06966300347221895,0.19466097652912134,0.06134146198104921,2.0110045424405976,0.001525435188198038
rnn,79,181,5,0.21607142984867095,0.06978647859241498,0.19551521986722942,0.06106060766873495,2.0108821275941513,0.0015565939398436172
rnn,79,182,5,0.21666666567325588,0.06968447832571292,0.1958355605602264,0.06065309996775262,2.0106393311423734,0.0017508245829154585
rnn,79,183,5,0.21813187003135676,0.07035755377002705,0.19679659008979794,0.06129962469006208,2.010737359309182,0.0015644254944894645
rnn,79,184,5,0.2194597095251083,0.07114082975404346,0.1979711756110191,0.06024520320716065,2.0105153467743646,0.0017660590819065605
rnn,79,185,5,0.22000916004180904,0.07144911228484944,0.1991457626223564,0.0598900059586974,2.0104558265335704,0.0018183827529734576
rnn,79,186,5,0.22188644409179686,0.07064266492293783,0.2005339071154594,0.06012585024167839,2.010501610373911,0.0017651864168152108
rnn,79,187,5,0.2229853540658951,0.07007084140477436,0.20085424780845637,0.0602168083113164,2.010445806250027,0.00178556088495532
rnn,79,188,5,0.22422161400318147,0.06994817143182121,0.2020288378000259,0.06039902153265978,2.010204373103318,0.0019448992181906872
rnn,79,189,5,0.22458791434764858,0.06958953809264806,0.20213561654090878,0.06004283494157397,2.0105913205937407,0.001632143505821751
rnn,79,190,5,0.22696886062622065,0.06985313356687232,0.20437800586223603,0.06018839874084862,2.0097473386653477,0.0023340610611893298
rnn,79,191,5,0.22687729299068446,0.06916855848109703,0.20309664011001582,0.05864867995661773,2.0106282095240897,0.001694053783422206
rnn,79,192,5,0.22957875728607177,0.07054652481933331,0.20555259585380553,0.059741077422801325,2.0098239004588394,0.0019331581029491825
rnn,79,193,5,0.23081502020359035,0.0703700323480593,0.20726108849048613,0.058939344477074704,2.009779157616598,0.0018354394017310528
rnn,79,194,5,0.23246337175369258,0.07168686860830119,0.20822210609912872,0.057431168591485164,2.010112553785757,0.00170654245593346
rnn,79,195,5,0.2343406617641449,0.07155112037073255,0.20993059575557704,0.058670314312132286,2.0094059077128326,0.002042575971399774
rnn,79,196,5,0.23411172330379487,0.07042070402121747,0.21110518276691437,0.058630458668835206,2.0094086417049497,0.002017725999478953
rnn,79,197,5,0.23470696508884425,0.07024237696990794,0.21313401162624354,0.061151573998595,2.009739601723953,0.0016557654931471984
rnn,79,198,5,0.23356227278709407,0.06625115555405196,0.21110518574714657,0.05538273876971181,2.0090792756591553,0.002261800682554699
rnn,79,199,5,0.23562270998954768,0.06850507681773013,0.21644421517848964,0.062494688781422274,2.00934372484116,0.001770309268120904
rnn,79,200,5,0.23951465487480164,0.07286001646036065,0.215376403927803,0.05969048035676948,2.00937314192367,0.002037163567506522
rnn,79,205,5,0.24642857015132905,0.07305007738281169,0.2214628964662552,0.06395634018528823,2.00870763195106,0.0020519120720543507
rnn,79,210,5,0.25009157359600065,0.0722133640271001,0.22210358083248133,0.05556053134064047,2.008844938508571,0.0026334401399554343
rnn,79,215,5,0.2565476179122924,0.06879162078498884,0.23011212348937984,0.0570489581688575,2.008646365607948,0.002367124847635409
rnn,79,220,5,0.2605769246816635,0.06837374217686151,0.2344901293516159,0.05406065657465353,2.0088341073117215,0.0026555189572593273
rnn,79,225,5,0.2642399281263351,0.06936008400081321,0.23940203785896302,0.05829158021220752,2.008518578377374,0.0025964900565104555
rnn,79,230,5,0.26698718070983884,0.06885707192814523,0.2404698401689529,0.05448373336527922,2.0085135519109403,0.0026834583242405373
rnn,79,235,5,0.2743131875991821,0.06915935824807992,0.2475173681974411,0.05637619807690816,2.0086831853284393,0.0027426596638603167
rnn,79,240,5,0.2831959724426269,0.06547999322433566,0.2559530228376389,0.05480194788819957,2.0084732542576775,0.0027530837362961386
rnn,79,245,5,0.2925824224948883,0.06242321997544811,0.2652429312467575,0.051623742115475046,2.0086010512908645,0.0026584567392203364
rnn,79,250,5,0.29711538255214687,0.06463131229905758,0.26855313479900356,0.053105225004061556,2.0076194105075267,0.0029631097832311356
rnn,79,255,5,0.3055860787630081,0.06514885641169302,0.27314469814300535,0.04990292582090541,2.0079128672374793,0.002688231983629812
rnn,79,260,5,0.31387362778186795,0.06348430847027847,0.28243460655212405,0.05094786833649299,2.0081009044184714,0.002804904600029331
rnn,79,265,5,0.32069597244262693,0.06462421546387465,0.2875600665807724,0.050425702947720925,2.0074608070184414,0.0027750427341932124
rnn,79,270,5,0.32591575384140015,0.06570345422772063,0.2936465620994567,0.04986349279750991,2.007750585246797,0.0028648814706720882
rnn,79,275,5,0.33177655935287476,0.06688927876433619,0.2993059366941452,0.051933675922348904,2.0074086922549936,0.0022731086633095395
rnn,79,280,5,0.33630952239036555,0.06693854995449161,0.3062466710805893,0.05308858139690097,2.007653375342968,0.00249405495633607
rnn,79,285,5,0.3392857193946838,0.06675978195351608,0.3096636474132538,0.05399550454271494,2.0073529507263728,0.0026996629985958204
rnn,79,290,5,0.34587911963462825,0.07063061239442202,0.3137213110923767,0.053206580459617535,2.0071097283497377,0.0026430227935240343
rnn,79,295,5,0.3491758227348327,0.07062913238416109,0.3152162432670593,0.05079742920212602,2.006609934596827,0.0024349677367974457
rnn,79,300,5,0.35576923489570617,0.07301032425456555,0.32183663249015804,0.05483807795414667,2.007333432016086,0.0028342163024814614
rnn,79,305,5,0.36121795177459715,0.07395191577202663,0.3278163433074951,0.05601782999049605,2.0072816755250855,0.0029192910333899185
rnn,79,310,5,0.36634615659713743,0.07345964900671355,0.3300587356090545,0.05960302647078534,2.0066403378208206,0.001985622203736282
rnn,79,315,5,0.3718406558036804,0.07697473512395278,0.33347571492195127,0.061339141343562505,2.0061933985424827,0.002744526126244492
rnn,79,320,5,0.37843407392501827,0.07669277788232627,0.33828084468841546,0.061591898031523276,2.0065674845113857,0.002660881331115569
rnn,79,325,5,0.3794871747493743,0.0727816097696907,0.3388147473335266,0.056116458553501045,2.006614148308896,0.0022647863672548437
rnn,79,330,5,0.3879120945930481,0.07773347552674012,0.34682328104972837,0.062363415051175194,2.006624491613936,0.0025675779739444326
rnn,79,335,5,0.3935897409915924,0.08071709703098966,0.3525894463062286,0.0639052935536517,2.006332155774392,0.002504248759007885
rnn,79,340,5,0.39807692766189573,0.07938056565746043,0.3567538797855377,0.06328426265058094,2.0065905668381414,0.0021332872243544822
rnn,79,345,5,0.40645604729652407,0.07883949352906762,0.3614522278308868,0.06435688981632305,2.006003207429758,0.002651937010655663
rnn,79,350,5,0.4111263692378998,0.07733849966178676,0.3645488560199738,0.06371074009256454,2.00560134775935,0.0025659268850484686
rnn,79,355,5,0.4146977961063385,0.07596259231819256,0.36572344899177545,0.05977923708499983,2.0057837988701617,0.002104318927937633
rnn,79,360,5,0.42097069025039674,0.07920556202131798,0.3740523338317871,0.061867795840440866,2.00588780930657,0.002047620957840983
rnn,79,365,5,0.42632784843444826,0.08012875986382895,0.37608115673065184,0.06601272517992077,2.005421855580419,0.002184331953983525
rnn,79,370,5,0.4300366282463074,0.08112162489998365,0.3821676552295684,0.06808820474511874,2.005872693400769,0.0024322378811065335
rnn,79,375,5,0.4323717951774597,0.08269701530860157,0.3862253069877625,0.06964578283334728,2.0059216030134417,0.002604290801976844
rnn,79,380,5,0.4339743673801422,0.08191198403684319,0.38601175546646116,0.06459342089000575,2.0055957522860965,0.0023547193652713673
rnn,79,385,5,0.4393772900104523,0.08251742486689737,0.3887880504131317,0.0653037688280013,2.005572529938706,0.002306972267337485
rnn,79,390,5,0.44505494832992554,0.08312063252768566,0.394127070903778,0.06854198380544807,2.005317645357699,0.002391302085395735
rnn,79,395,5,0.4460622727870941,0.08461851562716348,0.39615590572357173,0.06469703688438758,2.0052072644378423,0.002283055190420933
rnn,79,400,5,0.4492673933506012,0.08067360274944864,0.3971169352531433,0.06231061038064959,2.0053714326339707,0.0021792925607803204
rnn,79,405,5,0.4556776523590088,0.08004288930171186,0.40373733043670657,0.06319298927324568,2.0052179820815126,0.0021458602388277188
rnn,79,410,5,0.4581959664821625,0.08011930327322447,0.4081153333187103,0.06837355942922227,2.0044889589124684,0.002371258501538843
rnn,79,415,5,0.46698718070983886,0.08321113235028796,0.4136679172515869,0.06600710709071389,2.0047685401945396,0.0026900033587633257
rnn,79,420,5,0.4705586016178131,0.08170248695696106,0.4151628494262695,0.06372774496766426,2.0049871428659682,0.0024959559231296684
rnn,79,425,5,0.4746337056159973,0.07843873476124914,0.4162306606769562,0.06220094759264246,2.004924570297816,0.002282439822843288
rnn,79,430,5,0.47852563858032227,0.07743265970273949,0.421569687128067,0.06306114341029893,2.005174883571457,0.002200109363822593
rnn,79,435,5,0.4847527503967285,0.07607325256250531,0.42637481093406676,0.062467321833505,2.0047538852217563,0.002350295597758877
rnn,79,440,5,0.4883699655532837,0.07507018011135276,0.4307528078556061,0.06266868366996908,2.004951093347268,0.002400190940793888
rnn,79,445,5,0.4908882796764374,0.07406717861171093,0.43160706758499146,0.058969812177144657,2.0046851992945194,0.002294491416771764
rnn,79,450,5,0.49381868839263915,0.0728117506798885,0.4344901263713837,0.05995707137311018,2.004369092987959,0.002332381914967894
rnn,79,455,5,0.5005952298641205,0.07505886190742198,0.4405766248703003,0.06060137925970504,2.0044725862812474,0.0024004086991306667
rnn,79,460,5,0.503800368309021,0.07230258662084754,0.44378005266189574,0.06122262774231848,2.004591177221706,0.0026200124035868732
rnn,79,465,5,0.5081501841545105,0.07062917309259897,0.44602243304252626,0.05835023049677941,2.0046343616562736,0.0026019828285387945
rnn,79,470,5,0.5071428656578064,0.07139892849159729,0.44773092269897463,0.0558976213143381,2.0046140494375875,0.0024072145662289235
rnn,79,475,5,0.513095247745514,0.07434863495110922,0.4486919462680817,0.059659429222005136,2.0042099671020264,0.002628856518092962
rnn,79,480,5,0.513553124666214,0.07162484964361593,0.4530699610710144,0.0627450629936016,2.004507889142699,0.00242749853421633
rnn,79,485,5,0.5220238149166108,0.07075348954935362,0.45627337098121645,0.056820648151206556,2.0042320089309036,0.0026196307122005494
rnn,79,490,5,0.52119961977005,0.07074668030356969,0.4593700110912323,0.055962595272829964,2.004116798751361,0.0024413472715698794
rnn,79,495,5,0.522298538684845,0.07551365607438343,0.46214630007743834,0.06150968650855892,2.004254597391607,0.0022828427943622914
rnn,79,500,5,0.5308608114719391,0.0757959213753219,0.46919381618499756,0.06472831025406284,2.0041441928237953,0.0022673905277332367
rnn,79,505,5,0.5338369965553283,0.06893674771959613,0.46962093710899355,0.059517120740239925,2.004255977507923,0.0025340824398677516
rnn,79,510,5,0.5340659499168396,0.06900325794683032,0.469193822145462,0.058080691120148006,2.0039649275134375,0.002674621175308699
rnn,79,515,5,0.5375457882881165,0.07570450644376885,0.4747464120388031,0.06244084664729706,2.004539197703188,0.002508758811000505
rnn,79,520,5,0.5424908518791198,0.07549541468219056,0.48029900193214414,0.06443169778177105,2.0041479840427616,0.002565767687494882
rnn,79,525,5,0.5504120945930481,0.07406665125674486,0.4838227450847626,0.06639677322051019,2.003740352634329,0.002598624962015858
rnn,79,530,5,0.5522436022758483,0.06920574985617715,0.48489056825637816,0.06097886739638915,2.0044834457552576,0.0027951560165025585
rnn,79,535,5,0.5541666746139526,0.07112739549631271,0.48649227023124697,0.061838757596058266,2.004145486274344,0.00232454117555909
rnn,79,540,5,0.5551739931106567,0.07051265253908766,0.4863854765892029,0.0641394805942909,2.00396996406777,0.002534698316999991
rnn,79,545,5,0.5590201556682587,0.0702986962477907,0.49396690130233767,0.0645717922016148,2.003621453575775,0.0030381154046719852
rnn,79,550,5,0.5648351728916168,0.06666087973944827,0.4939669191837311,0.06370850578311818,2.004269679938693,0.0025984892455576166
rnn,79,555,5,0.5677655756473541,0.07525925177624258,0.49535506367683413,0.06353041060487098,2.0035346153544524,0.0026328946602174365
rnn,79,560,5,0.5680402874946594,0.0740346075408515,0.4957821786403656,0.0613391364408516,2.004183125818684,0.0021107454086605505
rnn,79,565,5,0.5712454140186309,0.07299674945421401,0.49813135862350466,0.06608869083834755,2.004074103589608,0.0029020103250342972
rnn,79,570,5,0.5743131875991822,0.06372175633745719,0.5000534057617188,0.058715487865700085,2.0037901675742615,0.002877886656949671
rnn,79,575,5,0.5825091481208802,0.0682377714916558,0.5050720870494843,0.06293829223585806,2.003984249559301,0.0028642898836322983
rnn,79,580,5,0.58040292263031,0.07074201572276524,0.5036839425563813,0.06508754378771844,2.003861048400844,0.0025593031942998936
rnn,79,585,5,0.5794414043426513,0.0708906958667203,0.5037907183170318,0.061984023510562605,2.0037536489792673,0.002654341005276121
rnn,79,590,5,0.584798538684845,0.06344851690733704,0.5088094115257263,0.05874995431654189,2.003681791945044,0.0025136346975974735
rnn,79,595,5,0.5923076868057251,0.06615436035536724,0.5141484260559082,0.06377512498674152,2.0037910267420136,0.0026775764254615515
rnn,79,600,5,0.5918498158454895,0.06835801278996355,0.5131874263286591,0.0644082454649915,2.003858612169877,0.0025847091063059503
rnn,79,605,5,0.5871337056159973,0.06982667580778065,0.511692476272583,0.06197712358107199,2.003301294804115,0.002414129812933104
rnn,79,610,5,0.5894230723381042,0.06525561114941787,0.5154297947883606,0.05877855244664344,2.0035090740055703,0.0025113977204464324
rnn,79,615,5,0.5965659379959106,0.06058839715489948,0.5207688331604003,0.06359117937084079,2.003582039684508,0.002774065122866976
rnn,79,620,5,0.6019230842590332,0.06324429836722255,0.5229044377803802,0.06569239336248202,2.003807278146116,0.0029866748045343935
rnn,79,625,5,0.6019230842590332,0.06743399127332751,0.5220502018928528,0.06371745476214127,2.003514119146293,0.0026137091409007217
rnn,79,630,5,0.6006868004798889,0.05995774923189048,0.5218366384506226,0.05632181618777789,2.003450491475135,0.002796006682197421
rnn,79,635,5,0.6063644766807557,0.06293906848702166,0.5261078655719758,0.06330587483316145,2.003799129435901,0.002830649529549741
rnn,79,640,5,0.608699643611908,0.06205657166683819,0.5279231369495392,0.06281520097233219,2.003738689795555,0.0031413360886721944
rnn,79,645,5,0.607005488872528,0.0647781794132264,0.5241858124732971,0.05766447740814351,2.0034773561418056,0.0024049075123470506
rnn,79,650,5,0.6104395627975464,0.058681706034124474,0.5264282107353211,0.058491004038831756,2.003294457463686,0.002647331205184566
rnn,79,655,5,0.6165292978286743,0.06179156624257418,0.5337960481643677,0.06509828074564594,2.0035592359699015,0.002422827902503759
rnn,79,660,5,0.6133241653442383,0.06228179458824642,0.5334757328033447,0.06589798405890736,2.0038539708976395,0.0024104706132963005
rnn,79,665,5,0.6179029464721679,0.06342959135536054,0.5328350365161896,0.060598548390466724,2.0036853077607524,0.0021401231383347636
rnn,79,670,5,0.6191849708557129,0.06061006301352493,0.5328350365161896,0.05610301082075885,2.003591822569627,0.002204533325391786
rnn,79,675,5,0.6223443269729614,0.060943158096404645,0.5361452341079712,0.06405877328356667,2.003800817486277,0.0022775961364914473
rnn,79,680,5,0.6213827848434448,0.06350956221539666,0.5372130334377289,0.0648383148046649,2.0038112429948898,0.0027717497748472797
rnn,79,685,5,0.6215659260749817,0.05663352833030343,0.536465585231781,0.05568148586991241,2.003631059992923,0.002425651728693065
rnn,79,690,5,0.6257783889770507,0.06007350739195925,0.5383876204490662,0.061141309082274484,2.003775731451126,0.0022329620785015323
rnn,79,695,5,0.629304039478302,0.061087867064814214,0.542765635251999,0.06216197813659993,2.0036519706993845,0.0021379744772344563
rnn,79,700,5,0.6334706902503967,0.0587772750532865,0.5445809066295624,0.062116570179236635,2.0035016648214414,0.0022966849559353662
rnn,79,705,5,0.6292582392692566,0.05103427389600864,0.5412706911563874,0.052461761597355765,2.003431731356307,0.002299655476219238
rnn,79,710,5,0.6258241772651673,0.05574565192332812,0.5412706971168518,0.05815301330927681,2.0036340751086756,0.002510851844423179
rnn,79,715,5,0.6361721634864808,0.061283800420374124,0.546502947807312,0.06152359700990462,2.003368101227113,0.0026813110964868736
rnn,79,720,5,0.6387362599372863,0.05970910679535508,0.5473572075366974,0.06315125627370334,2.0029714401285714,0.0030193271354936524
rnn,79,725,5,0.6338369965553283,0.06034725676286544,0.5472504198551178,0.06321846672042988,2.002924430227874,0.003317057475399074
rnn,79,730,5,0.631501841545105,0.0608883067598447,0.5447944581508637,0.0635496855789073,2.003883373260032,0.002291134861260307
rnn,79,735,5,0.6390567779541015,0.059783136221119526,0.5490656673908234,0.06216770073827365,2.0032081876489305,0.0030353100204782227
rnn,79,740,5,0.6405677556991577,0.05122429132143551,0.5516284227371215,0.0588389072474838,2.00330950849107,0.00262597676282063
rnn,79,745,5,0.6450549602508545,0.05688436850485443,0.5550454020500183,0.06296386639970591,2.003326861569349,0.0026216785660762533
rnn,79,750,5,0.6404304027557373,0.059359932265232375,0.5512013018131257,0.06408681013527591,2.0031855085812604,0.0027634291129081372
rnn,79,755,5,0.6503662943840027,0.06321883421521325,0.554297924041748,0.06313769455080612,2.003541065667161,0.0020792533984436206
rnn,79,760,5,0.6510989189147949,0.06144750086299262,0.5571810007095337,0.06079534578529894,2.003291981573102,0.0024185039708272214
rnn,79,765,5,0.6529304027557373,0.05896114420416786,0.5573945760726928,0.06267620070444052,2.0034768772597666,0.0025210266120569385
rnn,79,770,5,0.6485805869102478,0.059573094085161246,0.5561131954193115,0.06315938215507252,2.003534189218891,0.002639202373548843
rnn,79,775,5,0.650595235824585,0.05563973358951329,0.5610251188278198,0.06359879539115747,2.0033235520554,0.0026581224455586995
rnn,79,780,5,0.6549450635910035,0.05912123509054864,0.5613454580307007,0.06158724518517582,2.0032613207357497,0.0023658789769373527
rnn,79,785,5,0.6547618985176087,0.05272134234528325,0.5639081716537475,0.057911101196833605,2.0034376266097325,0.0024243544019041533
rnn,79,790,5,0.6523809552192688,0.06399876443668581,0.5577149033546448,0.06496260813415243,2.003410631961742,0.0022970200860334524
rnn,79,795,5,0.6533424973487854,0.05795548046102198,0.5607047557830811,0.06057550516931078,2.0033236881294973,0.002486520587241413
rnn,79,800,5,0.6633241891860961,0.0602212013754411,0.5643353223800659,0.062156708143952806,2.002996624506461,0.0025496504079932755
rnn,79,805,5,0.6608058691024781,0.05375324610287562,0.5667912721633911,0.057491441114608424,2.0033313484225705,0.002448811393441347
rnn,79,810,5,0.6633241653442383,0.0642884283891633,0.5659370064735413,0.062377588380757916,2.0036855289921167,0.0019681644522928175
rnn,79,815,5,0.6629120707511902,0.06070942657675558,0.5659370183944702,0.06350864275375655,2.0038135894128613,0.0021643464251354643
rnn,79,820,5,0.6664835214614868,0.06202025200335938,0.5672183871269226,0.06276775585493805,2.003461749408983,0.0023649794336633107
rnn,79,825,5,0.6667124629020691,0.05374173711050823,0.5664709210395813,0.05853242060836785,2.0033163456676277,0.0026481350939351195
rnn,79,830,5,0.671108067035675,0.05993133888833183,0.5702082276344299,0.0624848853330051,2.003153846294527,0.0025747137921882427
rnn,79,835,5,0.6662545919418335,0.06392723111085638,0.56572345495224,0.06285399661051617,2.003782728604194,0.002340660991106477
rnn,79,840,5,0.6647893786430359,0.054281052168545146,0.56572345495224,0.05723427060817262,2.003327241373769,0.0024657760013431975
rnn,79,845,5,0.672298526763916,0.05886383873637183,0.571596372127533,0.06285851820192966,2.0032401572461196,0.002578686259154277
rnn,79,850,5,0.6745421409606933,0.05915849640043657,0.5702082395553589,0.06213834839106096,2.0032557069224053,0.0023346655742273867
rnn,79,855,5,0.6733058571815491,0.06171346396140992,0.5702082395553589,0.06405612442104315,2.003374470538458,0.0023887111405631895
rnn,79,860,5,0.6727106213569641,0.05390441110829017,0.5723438501358032,0.060421900001600845,2.0035139394601664,0.0024505860294775513
rnn,79,865,5,0.6723901033401489,0.05961818364549739,0.5697811126708985,0.06430415980034614,2.0035956578966574,0.0026272294170729196
rnn,79,870,5,0.6776556849479676,0.05713614400482891,0.5770421862602234,0.06363352893412451,2.0030876010641108,0.002600918726154037
rnn,79,875,5,0.6758241772651672,0.06126042676771237,0.5738387703895569,0.06740446221474147,2.0034236513775263,0.0019387610711424543
rnn,79,880,5,0.6766483545303345,0.05530650479472067,0.5749065756797791,0.06322793698397024,2.003508055195956,0.0018531628377674494
rnn,79,885,5,0.6799450755119324,0.061024683181201377,0.5783235549926757,0.062264837771007955,2.003572325559938,0.002122965893180296
rnn,79,890,5,0.6798534870147706,0.05402773954875972,0.5782167792320252,0.0603924116952239,2.0031085353524136,0.0028079421954583217
rnn,79,895,5,0.6782509207725524,0.06268726881519011,0.5754404783248901,0.06416549656811947,2.003056014714357,0.0022691438223932134
rnn,79,900,5,0.6824175834655761,0.05457330188517322,0.579925262928009,0.0632189155649843,2.0033322237511073,0.001993231833955611
rnn,79,905,5,0.6873626351356507,0.06413845929131319,0.5818473100662231,0.0649481233238204,2.00346662421592,0.002274414973591606
rnn,79,910,5,0.6865384578704834,0.05662691468565889,0.5814201951026916,0.06405498703719739,2.00322028245967,0.0026704285413359273
rnn,79,915,5,0.6869505524635315,0.06461107951154244,0.5807795047760009,0.06433739106399836,2.003392545285958,0.002017481879980212
rnn,79,920,5,0.68420330286026,0.053356632262640494,0.5794981479644775,0.06171442425053141,2.003488585628593,0.0021103020742653748
rnn,79,925,5,0.6849358916282654,0.059543046252409554,0.5810998439788818,0.0647472531083108,2.003277473810317,0.002854287693280398
rnn,79,930,5,0.6847527503967286,0.05429637254407327,0.5813134193420411,0.06317382972188591,2.00344852291168,0.0025525427712039953
rnn,79,935,5,0.6870879292488098,0.06583369989833662,0.582701563835144,0.06478355374407149,2.003195142979502,0.0020626950808419245
rnn,79,940,5,0.688003671169281,0.05692460645536833,0.582701563835144,0.061796347074361074,2.0031129097317733,0.0021688204982765703
rnn,79,945,5,0.6914835095405578,0.06128150586712976,0.5870795726776123,0.06085626855180756,2.0032557416808046,0.002371711894595616
rnn,79,950,5,0.6914377212524414,0.05539095071814273,0.5855846524238586,0.06235975629148645,2.0031646426433722,0.002349271098149994
rnn,79,955,5,0.6865842580795288,0.06549559616159435,0.584089708328247,0.06440669904532628,2.0028601361809946,0.002208783692427161
rnn,79,960,5,0.6895604372024536,0.06016251201135915,0.5836625814437866,0.06437835595211748,2.0028090949202597,0.0024129388608029544
rnn,79,965,5,0.6928113579750061,0.05607419270695629,0.5873999118804931,0.06162984119310807,2.0030032518894374,0.002699188439203476
rnn,79,970,5,0.6967490792274476,0.0560798442970041,0.5886812806129456,0.060104508370020494,2.003190364581149,0.002375374668000734
rnn,79,975,5,0.6964743733406067,0.06477469592802283,0.5870795607566833,0.06475056033140768,2.003091728976398,0.0020466307041535313
rnn,79,980,5,0.6932234406471253,0.057683207116584916,0.5853710770606995,0.06482752955007226,2.0031630953525292,0.00206558490667311
rnn,79,985,5,0.6953754663467407,0.05643968061062096,0.5881473660469055,0.06219749831422338,2.003263230889015,0.0023282099271256596
rnn,79,990,5,0.6993131875991822,0.05802489858713557,0.5894287347793579,0.06223691037858149,2.003375854184725,0.0023044890814937586
rnn,79,995,5,0.6969780206680298,0.06026316342053059,0.5908168911933899,0.06331714468896243,2.0030629322911153,0.002130822125242696
rnn,79,1000,5,0.7016941428184509,0.05823259427417616,0.5900694370269776,0.06338889618925474,2.0029271604917214,0.0025041349130627737
rnn,79,1025,5,0.7003205060958863,0.05401840002680529,0.5928457140922546,0.06260405304151816,2.0030726358488122,0.0023627008319706154
rnn,79,1050,5,0.7060439586639404,0.05624417709289117,0.5958355665206909,0.06179335249978481,2.003439514444786,0.0021111856770097202
rnn,79,1075,5,0.713598906993866,0.06429583994013338,0.5983983039855957,0.06556950410164748,2.003022160320292,0.001805965420437253
rnn,79,1100,5,0.7127289414405823,0.0514591695172574,0.5997864603996277,0.05833802890943284,2.0030507181501647,0.002111419816341056
rnn,79,1125,5,0.7199633717536926,0.06040344093860316,0.6032034397125244,0.06563468182150786,2.002763913202833,0.002556534902217924
rnn,79,1150,5,0.7209249019622803,0.05881071951443666,0.6044848084449768,0.06259587756637473,2.0032075283517075,0.0020544750091306485
rnn,79,1175,5,0.7240842580795288,0.06183658800815039,0.6053390383720398,0.0664482839439335,2.0028853848810715,0.0016904708374017752
rnn,79,1200,5,0.7280677676200866,0.05889583488947999,0.6087560176849365,0.06763245293200497,2.0028965802955154,0.0018653379660553383
rnn,79,1225,5,0.728708803653717,0.0610635235291811,0.6066204071044922,0.06468204798587905,2.002841896714604,0.002405889388185962
rnn,79,1250,5,0.7363553166389465,0.05968990512951538,0.6149492859840393,0.06451105849191649,2.0028619509747525,0.0023073761488039773
rnn,79,1275,5,0.7156135559082031,0.043272676115482626,0.5955152392387391,0.04913444688273495,2.00249928918216,0.0023665534970645397
rnn,79,1300,5,0.739194142818451,0.05899967000503846,0.6122797727584839,0.06709398525744188,2.002641791099778,0.0020775614914869235
rnn,79,1325,5,0.7382784008979797,0.05853119390471904,0.614201831817627,0.06607313437690016,2.0030156516126802,0.002245911590110137
rnn,79,1350,5,0.7381410360336303,0.052497522235787894,0.6153764247894287,0.06548380115704949,2.002832577161679,0.001779920783228285
rnn,79,1375,5,0.7432234644889831,0.05880772635224834,0.6144153952598572,0.06612793299470407,2.0021231680156917,0.002223486567811305
rnn,79,1400,5,0.7499084234237671,0.06054799870148688,0.6167645692825318,0.06045776222497906,2.002361487301967,0.0025417972115590153
rnn,79,1425,5,0.7422619104385376,0.05583227910444652,0.6152696251869202,0.06065216415541095,2.0026050634012313,0.002407435897990098
rnn,79,1450,5,0.7511904835700989,0.057233840309785906,0.6190069675445556,0.06741418587930696,2.0029078207280486,0.0016697305107074435
rnn,79,1475,5,0.7515109777450562,0.05746282472120172,0.6176187992095947,0.06947448388170216,2.002624805079761,0.0018980768760891234
rnn,79,1500,5,0.755402934551239,0.06172039589445115,0.6244527697563171,0.06888133170152037,2.002680167970388,0.0022510847898601903
rnn,79,1525,5,0.7527472496032714,0.05844932007004209,0.6213561296463013,0.06396527326598425,2.0026699115054685,0.002159501832977397
rnn,79,1550,5,0.755402934551239,0.05581634597285248,0.6170848965644836,0.06667738506988438,2.002329480472748,0.0018222940124330684
rnn,79,1575,5,0.7611263751983642,0.06063534729743876,0.6244527578353882,0.07031989004996154,2.002741806212515,0.0017128119739763402
rnn,79,1600,5,0.7615842461585999,0.06026730646793565,0.6260544776916503,0.06865335387854281,2.0029112311391373,0.0017139567487798905
rnn,79,1625,5,0.763003671169281,0.06018088043196468,0.6255205750465394,0.06806120979139557,2.002823286463537,0.001821091647983038
rnn,79,1650,5,0.7639652013778686,0.062015303532635555,0.6277629733085632,0.07438935917323264,2.0021004243149223,0.0019060087201979005
rnn,79,1675,5,0.7662545680999756,0.05992572948897992,0.6248798847198487,0.06788191592052653,2.00256118712223,0.0019130120333372246
rnn,79,1700,5,0.7659798622131347,0.06280397527638966,0.6298985838890075,0.07182272790172574,2.002796440004224,0.0018853497739166165
rnn,79,1725,5,0.7722527384757996,0.06609711105251136,0.6331019997596741,0.07182767961613468,2.0023985179761907,0.0019771518074954367
rnn,79,1750,5,0.7708791255950928,0.06316055530562961,0.631179940700531,0.07402154724067492,2.0023258101367896,0.0019510764632914668
rnn,79,1775,5,0.7746336936950684,0.06466358500383777,0.6327816486358643,0.07197933102943686,2.0026344279768673,0.001976999422733088
rnn,79,1800,5,0.7653388142585754,0.059278300777533675,0.6282968640327453,0.0722707909703886,2.0023461736354795,0.0023988131471357893
rnn,79,1825,5,0.7790750861167908,0.062362106630292846,0.6366257429122925,0.07540476975908159,2.0022276237582255,0.0018843553134388468
rnn,79,1850,5,0.7766025781631469,0.05890875595229802,0.6329952120780945,0.06937718829389088,2.0023363049628675,0.001739713439720537
rnn,79,1875,5,0.7778846144676208,0.06530291923839786,0.6371596574783325,0.07279662781034572,2.0022891164645817,0.002226936397206584
rnn,79,1900,5,0.7768772840499878,0.06536054096206821,0.6400427222251892,0.07558959532012503,2.0027218980603854,0.0017959723330527085
rnn,79,1925,5,0.7821886539459229,0.06325345100843849,0.6391884922981262,0.0779163571261317,2.0022010983239826,0.001807875969858728
rnn,79,1950,5,0.7787088036537171,0.057986264120008894,0.6337426781654358,0.06875747507139916,2.002242476497092,0.001722980549406282
rnn,79,1975,5,0.7789835214614869,0.06305824461597222,0.6405766248703003,0.07319571630666359,2.002515228941103,0.0019460206724463136
rnn,79,2000,5,0.7863095283508301,0.0674924980474412,0.6416444301605224,0.0742560730927913,2.0022874139753903,0.0019954141984634384
rnn,79,2025,5,0.7881868004798889,0.06933363844488374,0.6410037636756897,0.07794485951884338,2.0020695447518966,0.0019018373235633128
rnn,79,2050,5,0.7882325887680054,0.06518013942871013,0.6450614213943482,0.07841958545346464,2.0023279971569,0.0019175637505513313
rnn,79,2075,5,0.7858974575996399,0.06761833615142845,0.6454885244369507,0.07650847527844666,2.002334641243488,0.002008409597775443
rnn,79,2100,5,0.7906135678291321,0.06382512409025701,0.645381760597229,0.07589254570667008,2.002332705936297,0.0018254699746139043
rnn,79,2125,5,0.7925366520881653,0.06729998505580898,0.6438868165016174,0.07718542836829662,2.0021543959039447,0.0019373613996059842
rnn,79,2150,5,0.7888736367225647,0.06596494258825766,0.6462360143661499,0.07892883212922494,2.0020819061354507,0.0018615168113126255
rnn,79,2175,5,0.7900183200836182,0.062260627393354216,0.6454885363578796,0.07348293536454821,2.002373793504142,0.002153411361478908
rnn,79,2200,5,0.7860347986221313,0.0647646126441269,0.6458088874816894,0.07832429447769923,2.0021725227654215,0.0016649784391209756
rnn,79,2225,5,0.7955128192901612,0.06646895136797792,0.6478376984596252,0.0784206761407544,2.0020576215272206,0.0017461479018297517
rnn,79,2250,5,0.7951465249061584,0.06662115821702262,0.6515750408172607,0.07806182412529701,2.002230716426891,0.0017844019549383792
rnn,79,2275,5,0.7938644647598266,0.060015882241702935,0.6469834685325623,0.07575441819419763,2.0024212336209493,0.0018325534125394878
rnn,79,2300,5,0.797206974029541,0.06937897575864362,0.6533903002738952,0.08127907333319921,2.0018764050445825,0.0019973931942555427
rnn,79,2325,5,0.7968406558036805,0.06348236285791771,0.6486919522285461,0.07399225953500867,2.0026042236745503,0.001918606473254249
rnn,79,2350,5,0.7987637400627137,0.06422916658353141,0.6520021677017211,0.08073981576323103,2.0021494985608377,0.002045077246765593
rnn,79,2375,5,0.7992673993110657,0.06540658210310735,0.6534970879554749,0.07949327712453526,2.002209053554604,0.0016997899816488377
rnn,79,2400,5,0.799496340751648,0.06429389410865773,0.6523224830627441,0.07618402404978414,2.0020544338495485,0.0016538554355849837
rnn,79,2425,5,0.801098895072937,0.06025920379968088,0.6558462500572204,0.08090752538425933,2.0021007860640547,0.001711267287269911
rnn,79,2450,5,0.8027472496032715,0.06254140292885456,0.6562733769416809,0.08127906360370941,2.002303965648397,0.0015863413684969719
rnn,79,2475,5,0.8047161221504211,0.0663161130477622,0.6546716690063477,0.08050999477304654,2.0022150267099668,0.0015406411206946539
rnn,79,2500,5,0.8059065937995911,0.06550608403035682,0.6577683091163635,0.08043790911254621,2.0020294405408263,0.0016490389916134658
rnn,79,2525,5,0.8044413805007935,0.05937755991573372,0.654030978679657,0.07781441484157167,2.0023852931643282,0.0016293018313986306
rnn,79,2550,5,0.8072344303131104,0.06396873680178398,0.6543513298034668,0.07905783759610241,2.0021056271552142,0.001598738187202864
rnn,79,2575,5,0.8057234406471252,0.06564620083555432,0.6570208430290222,0.07888819428967635,2.0021605383740253,0.001455182168358042
rnn,79,2600,5,0.8104853510856629,0.06400465656788004,0.6600106954574585,0.0811939732778646,2.001809051793792,0.0017483447306088885
rnn,79,2625,5,0.8105769276618957,0.06515835146516807,0.6583022117614746,0.08124538412528946,2.002301512246427,0.0016499393302716883
rnn,79,2650,5,0.8108974456787109,0.06218999925074176,0.6590496659278869,0.07943912392307041,2.00216577577024,0.0015228885813732417
rnn,79,2675,5,0.8080586314201355,0.06252235333579796,0.6579818487167358,0.08026461009795167,2.002030571627291,0.0015276439883867578
rnn,79,2700,5,0.8124084234237671,0.062043094863117085,0.66097172498703,0.0830566522037417,2.0019682177924625,0.001467450869260898
rnn,79,2725,5,0.8162545919418335,0.06191772973577381,0.6631073355674744,0.08255923230663759,2.002424986440201,0.0015000051443228555
rnn,79,2750,5,0.8103479862213134,0.06134689321047208,0.6608649373054505,0.07721351034966029,2.0021177355663844,0.001475664168360171
rnn,79,2775,5,0.8149725317955017,0.06304323269555565,0.6638547778129578,0.0848457095346083,2.0019412263048286,0.0017058004603114159
rnn,79,2800,5,0.8185439586639405,0.05731031260182774,0.6633208990097046,0.08198895562287375,2.00228453271495,0.0016512589177639404
rnn,79,2825,5,0.8124084234237671,0.05401320524890473,0.6623598575592041,0.07990780136414435,2.001886272342578,0.00168472100901285
rnn,79,2850,5,0.8166208744049073,0.0639812327087847,0.6627869963645935,0.08477933804828362,2.00194678811286,0.0015367454470857549
rnn,79,2875,5,0.8173534750938416,0.059751723710150584,0.6653497219085693,0.0833088561311373,2.001887165980089,0.0015760322312675708
rnn,79,2900,5,0.8210164785385132,0.058304414333970205,0.6621462941169739,0.07933210683971152,2.0020142927255353,0.0016312850662265927
rnn,79,2925,5,0.8211538553237915,0.060454606577594466,0.6652429461479187,0.08422222804556448,2.0021785577840268,0.0013620787493167682
rnn,79,2950,5,0.8193681240081787,0.0635884547577934,0.6663107633590698,0.08783473087384992,2.0016918674645234,0.0015895807876135822
rnn,79,2975,5,0.823901104927063,0.05972542766468869,0.6684463500976563,0.0868712715231526,2.0020141103342377,0.0014139819528985775
rnn,79,3000,5,0.8221153855323792,0.05861028667394768,0.6709023237228393,0.08771180551320386,2.0018801829357313,0.0015375990519202742
rnn,79,3025,5,0.8235805869102478,0.061044573736203964,0.669620954990387,0.08763441121503802,2.001753325144681,0.0014647944343634197
rnn,79,3050,5,0.8226648330688476,0.05975243752365792,0.6710090875625611,0.08803279895938998,2.0017512933703183,0.001481759262645275
rnn,79,3075,5,0.8281135559082031,0.0563720216279733,0.6718633294105529,0.08590413463380671,2.0020219211880863,0.0012672482366253442
rnn,79,3100,5,0.8249541997909546,0.05654636056990429,0.6705819487571716,0.08536603979549025,2.0016481774614343,0.0015620694361923881
rnn,79,3125,5,0.8261904835700988,0.06133361257861496,0.6701548457145691,0.08838421559578924,2.001684194205819,0.0014089797210876933
rnn,79,3150,5,0.8293956160545349,0.05653056525212,0.6716497778892517,0.0858538261939162,2.0019684328171383,0.001587537418875724
rnn,79,3175,5,0.8319139242172241,0.05677711635008678,0.6745328426361084,0.08658911696072108,2.001807267334367,0.001591410878555316
rnn,79,3200,5,0.83040292263031,0.058296116870735895,0.6742125034332276,0.08849139959411467,2.0017794545047556,0.0012703132534044254
rnn,79,3225,5,0.8311813235282898,0.05873681742327861,0.6729311466217041,0.08608725107304624,2.0016336606431127,0.0014457626466734643
rnn,79,3250,5,0.8343864440917969,0.05359699477202779,0.6770955801010132,0.08832937489181453,2.0016943970815073,0.0015935330497105474
rnn,79,3275,5,0.8381410360336303,0.05661757824095238,0.6764549016952515,0.09083647269313981,2.0018390031375897,0.001444788650723712
rnn,79,3300,5,0.8373626351356507,0.05874328789471412,0.6742125034332276,0.08962923157438626,2.0018922188928734,0.0014349194949128453
rnn,79,3325,5,0.8389652132987976,0.05619422024930783,0.6764548897743226,0.09110125783621147,2.0015610077325614,0.0014938980479067795
rnn,79,3350,5,0.8394230842590332,0.05259857417398905,0.6772023677825928,0.0893115931902152,2.0017771260694213,0.0013995317975279747
rnn,79,3375,5,0.8420787572860717,0.053676841137567204,0.6784837245941162,0.0908305235903896,2.001654508525929,0.0013531270975982227
rnn,79,3400,5,0.8391483545303344,0.05479642111245772,0.6769888043403626,0.0927271210629242,2.0015474491320906,0.0012035968442430363
rnn,79,3425,5,0.847206962108612,0.05434622028034952,0.6807261228561401,0.09084824279254837,2.001966460804131,0.0013844035589602225
rnn,79,3450,5,0.8475732684135437,0.05359378019383456,0.6809396982192993,0.092452016852276,2.002007989732505,0.0015294621215787862
rnn,79,3475,5,0.8459707021713256,0.05217907527784263,0.6778430581092835,0.08810740669176431,2.001683346901167,0.0014630545474201059
rnn,79,3500,5,0.8468864440917969,0.0514043937373363,0.6807261228561401,0.09094624911264691,2.0017969735731556,0.0012706407856066062
rnn,79,3525,5,0.8497710585594177,0.04955996141165907,0.6806193351745605,0.09003934099504941,2.001569700036439,0.0014875785541912726
rnn,79,3550,5,0.8525183200836182,0.048941125947176915,0.681580376625061,0.09026479150527568,2.0016903575972957,0.001383733616644409
rnn,79,3575,5,0.8504120945930481,0.05059979999266896,0.6828617453575134,0.08817644700272376,2.001696841019105,0.0014063697887631466
rnn,79,3600,5,0.8532509207725525,0.04710140709296607,0.6831820726394653,0.09066260416830986,2.00159702481977,0.001398449452244764
rnn,79,3625,5,0.8553113579750061,0.04485747574674952,0.6854244828224182,0.09210976370394026,2.0016309872660196,0.0014278619990391618
rnn,79,3650,5,0.8561355352401734,0.04626118347848185,0.6861719369888306,0.09140301461614588,2.001583384339024,0.0013223986335336967
rnn,79,3675,5,0.8579670310020446,0.04860565918317534,0.6876668572425843,0.09234203909951526,2.0015674670281514,0.0013010393061228
rnn,79,3700,5,0.863003671169281,0.043620183017157796,0.6882007718086243,0.09045517525330546,2.0018076735770522,0.0013470141938763665
rnn,79,3725,5,0.8645604372024536,0.042055283560691784,0.6884143233299256,0.09154418324742675,2.0016833156836884,0.0014245102442452201
rnn,79,3750,5,0.8622252702713012,0.04413554569840593,0.6906567335128784,0.09217720926666284,2.0016897227557666,0.0012993470085054064
rnn,79,3775,5,0.8636904835700989,0.041160933503353626,0.6890550136566163,0.08932276544910075,2.001541357279165,0.0013047637223891648
rnn,79,3800,5,0.8706501960754395,0.04326771722843666,0.6892685770988465,0.0905898006785588,2.0015724133594577,0.001293083274112598
rnn,79,3825,5,0.8701465249061584,0.04229662923132707,0.6917245268821717,0.09281051688499316,2.0016901189954863,0.0012932906131774605
rnn,79,3850,5,0.8723901152610779,0.04343293756845932,0.6922584295272827,0.08884358195345365,2.001540500654702,0.0013692457282737495
rnn,79,3875,5,0.8709706902503968,0.041248714163784186,0.6887346744537354,0.08943071776739242,2.001570335082098,0.0012298464185222608
rnn,79,3900,5,0.874404764175415,0.039851136491764846,0.6920448660850524,0.09182073318701596,2.0017144456133367,0.0011945120406919368
rnn,79,3925,5,0.8747252702713013,0.03980667941195709,0.6949279308319092,0.08885720884978247,2.0015169984098513,0.0013586159322314933
rnn,79,3950,5,0.8770604491233825,0.03926532844110404,0.6930058836936951,0.08940202978297236,2.0015723237609224,0.0012817615393442064
rnn,79,3975,5,0.8766483545303345,0.03631657080634522,0.6922584295272827,0.08822862735334179,2.0015233757497577,0.0012853430593254467
rnn,79,4000,5,0.8795787572860718,0.03772160780631726,0.693860125541687,0.08802565552495444,2.001545457408585,0.0013586264591180675
rnn,79,4025,5,0.8806776523590087,0.03624071104138828,0.6965296387672424,0.08863479991589224,2.001428723515672,0.0012746836472866815
rnn,79,4050,5,0.8817307710647583,0.03522019338783853,0.6964228749275208,0.08993417881623833,2.0015225752110646,0.0013375659807343247
rnn,79,4075,5,0.8830128312110901,0.03472881057891472,0.697490680217743,0.08992309825135585,2.0015470239961095,0.001258702941259177
rnn,79,4100,5,0.8855769276618958,0.0353841697751134,0.6969567775726319,0.08817611868573316,2.0015736984003913,0.0012063395613579736
rnn,79,4125,5,0.8862179636955261,0.031921426398025254,0.6985584735870362,0.0901937031900067,2.0014456905249696,0.001339879666718839
rnn,79,4150,5,0.8872252702713013,0.03228817788615431,0.70080087184906,0.08893818696893782,2.0015527343068653,0.0012054538414125308
rnn,79,4175,5,0.8879578948020935,0.03233643854788935,0.6982381343841553,0.08986902012520515,2.001465072093017,0.0012653788795989136
rnn,79,4200,5,0.8895604491233826,0.030449829489312765,0.6989855885505676,0.08849058653061789,2.0014604460934096,0.0013356393676498266
rnn,79,4225,5,0.890796709060669,0.02982478959173537,0.7012279987335205,0.09030582771381411,2.0014730151266122,0.0012453627860875898
rnn,79,4250,5,0.892399275302887,0.030917206522261032,0.7002669692039489,0.08802729113688747,2.0014487476081695,0.0013312615993222648
rnn,79,4275,5,0.8937271118164063,0.03140512480851801,0.701655113697052,0.08928747531259025,2.0014879622450223,0.0012955333883635225
rnn,79,4300,5,0.8951923012733459,0.029885537835886263,0.7037907242774963,0.08919486498823984,2.001452997819892,0.0012513258975239841
rnn,79,4325,5,0.8954212427139282,0.028424444599360974,0.7021890044212341,0.08998949583124,2.0014435794755663,0.0012406770629839845
rnn,79,4350,5,0.896199643611908,0.028571669478434394,0.7037907242774963,0.08848496232822349,2.001450276971333,0.0012667501977453354
rnn,79,4375,5,0.8987179517745971,0.029483074707909503,0.7034703969955445,0.08961905657146609,2.001446183455382,0.0012375575487174216
rnn,79,4400,5,0.898397433757782,0.027543687811066482,0.7043246269226074,0.08951386770198962,2.001408266948668,0.0012594793059407857
rnn,79,4425,5,0.9007784008979798,0.02759178431314005,0.7050720930099488,0.08998964707202377,2.0014616017492606,0.0012408687825235252
rnn,79,4450,5,0.9015567898750305,0.027610509295707648,0.7046449661254883,0.08781151913828222,2.0013788446374448,0.0013499865952756784
rnn,79,4475,5,0.9024725198745728,0.026394442135684405,0.7053924202919006,0.08899970273028594,2.001388222898334,0.0013011208594764265
rnn,79,4500,5,0.9032509207725525,0.024291459784359176,0.70581955909729,0.08899057073864089,2.0013523279651952,0.0012886351818601884
rnn,79,4525,5,0.9040750980377197,0.02454710663122248,0.70581955909729,0.08917537309472015,2.0012643594618993,0.0013444837985175533
rnn,79,4550,5,0.9055402994155883,0.025238037790038654,0.7077416181564331,0.08969377793204758,2.001415428310211,0.0013030184101785938
rnn,79,4575,5,0.9061355352401733,0.02550112594798693,0.7071009278297424,0.08870711593878212,2.0013975427703037,0.0013467235820643138
rnn,79,4600,5,0.9085622906684876,0.024466690439327615,0.7078483819961547,0.09048462987362035,2.0014396717375655,0.0012589191462828316
rnn,79,4625,5,0.9086080670356751,0.02261876433098132,0.7085958480834961,0.08886345943952537,2.0014021564370457,0.0012721660665606044
rnn,79,4650,5,0.9098443150520324,0.02424763754337215,0.7078483939170838,0.0906734572141403,2.0013708725181543,0.001321450178206897
rnn,79,4675,5,0.9126831531524658,0.02435771405903715,0.7098772168159485,0.09158464533375259,2.001354544625678,0.0013461681291401812
rnn,79,4700,5,0.9124542117118836,0.022887238447659816,0.7111585855484008,0.0909109761595363,2.0013395737510793,0.0013411544961731275
rnn,79,4725,5,0.9146520137786865,0.022361258270738253,0.7111585855484008,0.09138008258959805,2.001316743905627,0.001320065687399766
rnn,79,4750,5,0.915201473236084,0.022360203549600322,0.7119060516357422,0.09233478929610857,2.001333092672497,0.0012974552207008871
rnn,79,4775,5,0.9156135559082031,0.022155906306653116,0.7119060397148133,0.09104774256605457,2.001345375136747,0.0012631781435211273
rnn,79,4800,5,0.9161172151565552,0.020689826521621345,0.7109450221061706,0.09129239472515528,2.001302313844408,0.0013200488296387816
rnn,79,4825,5,0.9180860757827759,0.021367007653475743,0.713080632686615,0.09241734266012958,2.0012953578574213,0.0013197047419525162
rnn,79,4850,5,0.919505500793457,0.021471758549405418,0.7127602815628051,0.09166041481906975,2.0012698743887385,0.0013160031663663745
rnn,79,4875,5,0.9205128312110901,0.021363337992413068,0.7134009838104248,0.09241950615323352,2.0012267528232703,0.0013228609631277305
rnn,79,4900,5,0.9210164785385132,0.021244997674312004,0.7129738569259644,0.09190544995381718,2.0012674123841165,0.0013635968917078938
rnn,79,4925,5,0.9220238089561462,0.021049595459143304,0.713080632686615,0.09312710696579632,2.001249119295993,0.0013986130560393706
rnn,79,4950,5,0.9230311274528503,0.021706514326750862,0.7143620133399964,0.09276937578837849,2.0012745473006417,0.0013595669692420273
rnn,79,4975,5,0.9235805869102478,0.021966940171171963,0.7159637093544007,0.09113408933721416,2.001268054155963,0.0013762801542146067
rnn,79,5000,5,0.9247252941131592,0.021693229767700578,0.7151094794273376,0.09357216465102697,2.0012606432662,0.0014062899790702782
rnn,79,5025,5,0.9251831531524658,0.0218358976885547,0.7138281106948853,0.09518306867945707,2.001225282245362,0.001458554241103249
rnn,79,5050,5,0.9265109777450562,0.02122710649522227,0.7160704851150512,0.09385032561299923,2.001210470992182,0.00144548262840157
rnn,79,5075,5,0.9274267435073853,0.021469552729760175,0.7161772847175598,0.0944793925989253,2.0012141373882235,0.0014630200740165843
rnn,79,5100,5,0.9281135559082031,0.021594905080706262,0.71585693359375,0.09318815959142593,2.001196501373617,0.0015023841160710383
rnn,79,5125,5,0.9290292978286743,0.020968115727924435,0.7166044116020203,0.09277965431367456,2.001221162349256,0.0014950366104016805
rnn,79,5150,5,0.9299450635910034,0.021209197650355317,0.7171383142471314,0.09392623692232006,2.001179459759143,0.0015240148099379422
rnn,79,5175,5,0.9309523940086365,0.021724125385228932,0.7185264468193054,0.09381617181189716,2.0011665916112213,0.0015323487680640564
rnn,79,5200,5,0.9311813354492188,0.02110118993892294,0.7184196591377259,0.09299920284299999,2.001195276527045,0.0015351451731648493
rnn,79,5225,5,0.9327838778495788,0.0215326889122897,0.7185264468193054,0.09354991943155641,2.001177871114028,0.0015666757214025002
rnn,79,5250,5,0.9335164904594422,0.021714481230217634,0.7188467979431152,0.09353483618314726,2.0011415262123733,0.0015873834691645158
rnn,79,5275,5,0.9346611857414245,0.022120999544785046,0.7193806886672973,0.09359425058225525,2.0011716856867947,0.001597227124415634
rnn,79,5300,5,0.9354395627975464,0.02229938766329682,0.7204484939575195,0.09221043765033572,2.001171548475292,0.0015923103805766017
rnn,79,5325,5,0.9360805988311768,0.02258107120815774,0.7193806886672973,0.09314621627441855,2.0011724170086285,0.001590685862724988
rnn,79,5350,5,0.9369505524635315,0.022714291083551358,0.72034170627594,0.09249886954772855,2.0011839533212,0.0016054568011181843
rnn,79,5375,5,0.9379578709602356,0.02320473926383607,0.7198078155517578,0.0925835724595537,2.001211419808114,0.0015991908864574056
rnn,79,5400,5,0.9388278365135193,0.023118967103352622,0.7206620573997498,0.09260897704361,2.001175511419727,0.0016273370610333702
rnn,79,5425,5,0.939102566242218,0.023165169984102955,0.7211959481239318,0.09215617894439028,2.001175436038037,0.0016322731776718781
rnn,79,5450,5,0.9397893786430359,0.02321547476179648,0.7216230750083923,0.09255988723687679,2.0011660371456017,0.0016451764875420832
rnn,79,5475,5,0.9403388381004334,0.02339012746431479,0.7213027358055115,0.09093214199326252,2.0011788969471107,0.001646605438085418
rnn,79,5500,5,0.9413461565971375,0.023183481646557896,0.7221569895744324,0.09143201437715497,2.001172793151521,0.0016672314186630718
rnn,79,5525,5,0.9422619104385376,0.02288656112441822,0.7219434142112732,0.09214535830767914,2.001199678589448,0.0016626899470261894
rnn,79,5550,5,0.9427197813987732,0.022673750361692422,0.7229044318199158,0.09261867396737092,2.0011941383541645,0.0016589696862188003
rnn,79,5575,5,0.943498170375824,0.023145607302327197,0.7223705291748047,0.09178006213204998,2.0011826363958956,0.0016513189012967158
rnn,79,5600,5,0.9440476179122925,0.023107177982965545,0.723118007183075,0.09221276901864266,2.001177679663778,0.0016820905389106622
rnn,79,5625,5,0.944505488872528,0.023046410758516832,0.7233315587043763,0.0926920516965526,2.001203201610886,0.0016521066872232095
rnn,79,5650,5,0.9450091600418091,0.023073004144856774,0.7233315706253052,0.09199984319591506,2.00120692742961,0.001658048179697591
rnn,79,5675,5,0.9450549483299255,0.02315045041458864,0.7238654851913452,0.0926982035889933,2.001214913555574,0.0016604560273546923
rnn,79,5700,5,0.945604395866394,0.023187566164303258,0.7238654732704163,0.092580514582986,2.001211440396234,0.0016725748509818742
rnn,79,5725,5,0.9460164904594421,0.023162009480777478,0.7239722490310669,0.09201733679750113,2.001218114151341,0.0016743178018504223
rnn,79,5750,5,0.9466575264930726,0.022843350752069575,0.725040054321289,0.09254478116686525,2.0011913082187283,0.0016725230471240618
rnn,79,5775,5,0.9472069621086121,0.022699842542554964,0.724506139755249,0.09206612519749002,2.001202610412034,0.0016794082443996456
rnn,79,5800,5,0.9475732564926147,0.022691428242077386,0.7246129393577576,0.09199984770995814,2.001226639986382,0.001687554752714264
rnn,79,5825,5,0.9479395627975464,0.022741957080658046,0.7249332785606384,0.09176561352845126,2.0012235872637483,0.0017024318722535766
rnn,79,5850,5,0.9481685042381287,0.022977544601951977,0.7252536296844483,0.09165933166292309,2.001215145969618,0.0017071925713457842
rnn,79,5875,5,0.948488998413086,0.0230512018086186,0.7255739688873291,0.09143855179537273,2.0012496848966204,0.0016936406053238782
rnn,79,5900,5,0.9488095164299011,0.02302139605713693,0.7254671692848206,0.09159537571707116,2.0012406021723015,0.0016894937246123298
rnn,79,5925,5,0.9491758227348328,0.0230557489914018,0.7254671692848206,0.09224505966786786,2.0012338792482827,0.0016975615846373427
rnn,79,5950,5,0.9492216110229492,0.023255167140208654,0.7258943080902099,0.09220889825820894,2.0012094891284655,0.0016990693592264356
rnn,79,5975,5,0.9496336936950683,0.0230102226424077,0.7253604054450988,0.09206349348073911,2.0012121351724153,0.001702156046525822
rnn,79,6000,5,0.9497710585594177,0.023044705896957424,0.7254671812057495,0.09279041502685564,2.0012203402220488,0.001706959044199617
rnn,97,0,5,0.06061342209577556,0.016664576902392803,0.06347856894135472,0.013980768445909543,5.832615560676386,1.2616084197079467
rnn,97,1,5,0.06021864637732499,0.011694722047582866,0.06262840852141378,0.0128391767102977,5.8154453431020015,1.222438733817822
rnn,97,2,5,0.06267840936779971,0.018823040320921632,0.06609989330172537,0.016610473464909622,5.856584098960832,1.227225690952869
rnn,97,3,5,0.06094746440649028,0.01827119947781693,0.0639744952321052,0.01608857947715623,5.891160357114336,1.2215069452079044
rnn,97,4,5,0.05964166447520251,0.017309577138433604,0.06291179582476611,0.015627661871255628,5.905610897655404,1.2023746786880332
rnn,97,5,5,0.06061342209577554,0.016850990988917177,0.06369110792875285,0.014702593619604498,5.902300190934584,1.181523915130566
rnn,97,6,5,0.062405101209878855,0.01694601561689157,0.06609989330172535,0.014775384023134525,5.8844042705454855,1.161462110938137
rnn,97,7,5,0.06471302807331081,0.016206943796065652,0.06758767068386076,0.014405139170857683,5.857453018202769,1.1416345434892317
rnn,97,8,5,0.06498633399605748,0.01586971471219436,0.06702089980244634,0.01348507295933159,5.82658973111479,1.1234062001282952
rnn,97,9,5,0.06425751596689222,0.016815724579487525,0.06652497425675388,0.01395156955515199,5.795110817074326,1.1090716295518683
rnn,97,10,5,0.06453082188963885,0.017168688517200537,0.06737513244152063,0.014007668685347686,5.76308222115358,1.099168616792304
rnn,97,11,5,0.06507743746042247,0.01802602626832726,0.06865037158131596,0.015461777595332203,5.726684338105406,1.0926124821730914
rnn,97,12,5,0.0647737622261047,0.018611243131098923,0.06808359771966929,0.016395289875499316,5.680923128338569,1.0877638339817948
rnn,97,13,5,0.06462192684411998,0.01878693550292197,0.0675876729190349,0.016060867183778856,5.621592061585183,1.0832892725544951
rnn,97,14,5,0.06510780379176136,0.018490944285713788,0.06772936582565306,0.016708014643326868,5.547361467360826,1.0782342972753038
rnn,97,15,5,0.06577588766813276,0.018252831155533927,0.0686503708362579,0.015641306623136102,5.459339565360627,1.0721392788941293
rnn,97,16,5,0.06650470718741412,0.018145661730067448,0.06914629787206647,0.015175074653027056,5.359617107265881,1.0645424880804992
rnn,97,17,5,0.06614029556512828,0.018052864754483436,0.06900460422039027,0.01516473372116899,5.250140446892171,1.0553964650474985
rnn,97,18,5,0.06589735671877858,0.017717849286508647,0.06865037158131596,0.014642729741184763,5.132825530622844,1.0453361506481025
rnn,97,19,5,0.06623139977455136,0.017910165583663165,0.06794190555810926,0.01487230654777835,5.009031198185774,1.0359835553948074
rnn,97,20,5,0.06614029705524441,0.01795683056169845,0.06744598001241679,0.014548590638922585,4.879339507078407,1.0295029918075695
rnn,97,21,5,0.06674764677882188,0.018341724267543557,0.0681544445455074,0.015069693455879746,4.743544183388141,1.0275786060403291
rnn,97,22,5,0.06659580767154691,0.018251946042001387,0.06857952475547788,0.015290811453515433,4.6010849167105174,1.0309282230512244
rnn,97,23,5,0.06680838167667386,0.01907658165729534,0.06886291056871408,0.014739246869964313,4.451658902215983,1.0385693566445617
rnn,97,24,5,0.067689037322998,0.019378559141338486,0.06964222341775887,0.01510296363796886,4.296130238084709,1.0484428893618654
rnn,97,25,5,0.06856969296932218,0.01952764865741092,0.0704215377569198,0.01508592199982246,4.136307345221285,1.0578717495760404
rnn,97,26,5,0.0691466741263866,0.019658261653460234,0.07056322991847988,0.014546003303335405,3.974808778768245,1.0644864431911099
rnn,97,27,5,0.06972365751862522,0.019335088020964907,0.07077576890587803,0.014589070358855939,3.814477243260304,1.0665205550235772
rnn,97,28,5,0.06993622854351994,0.018592034326387175,0.07134254425764079,0.014357588044015122,3.6578855763181117,1.062997864895712
rnn,97,29,5,0.07017916664481158,0.018020845689662893,0.07233439385890957,0.013960557289328466,3.506976749574419,1.0535314796635638
rnn,97,30,5,0.07051320895552632,0.018141403305815984,0.07198016270995136,0.014238671764010117,3.363352270286034,1.0386371602959636
rnn,97,31,5,0.07048284187912937,0.017646923028501817,0.07169677615165704,0.014954762481582364,3.228043322830442,1.0191009468973966
rnn,97,32,5,0.07014880105853076,0.017690179283179494,0.07141338884830468,0.014838940913918647,3.1016231455057066,0.9956289819966938
rnn,97,33,5,0.07011843174695967,0.017774815163450048,0.07176762223243707,0.014824135879437842,2.984318536093395,0.9684736979826748
rnn,97,34,5,0.07051320895552629,0.018048394729630504,0.07134254276752465,0.014724341147325045,2.8760933246479903,0.9375592570682945
rnn,97,35,5,0.07105982452630992,0.018312603756923413,0.07183846980333324,0.014755838344348415,2.7766219680964523,0.9023806591531396
rnn,97,36,5,0.07166717126965519,0.01845025331890737,0.07283032089471814,0.014485923712171854,2.685534182366591,0.8626079721513489
rnn,97,37,5,0.07239599153399465,0.018613038314794075,0.07332624644041055,0.014596809494227678,2.6025323833496214,0.8182781205833894
rnn,97,38,5,0.07309444248676293,0.017920847199515397,0.07424725443124766,0.014498910981071709,2.5274799249386333,0.7698634718400033
rnn,97,39,5,0.07351958677172658,0.01784697956416255,0.0745306402444839,0.014247922593204168,2.460362764366153,0.7182993407760958
rnn,97,40,5,0.0735499553382396,0.017977362296651336,0.07424725219607346,0.014412106055477023,2.4011032042183778,0.6648524862475336
rnn,97,41,5,0.07336775064468379,0.017971205356717767,0.07438894584774967,0.014160464073623688,2.3496822669492636,0.6109519479462918
rnn,97,42,5,0.07315517812967295,0.01852146700516312,0.07417640686035154,0.014773260932783567,2.3057626214391433,0.55791958292535
rnn,97,43,5,0.07394472956657404,0.01912184863167084,0.07403471320867534,0.015285475805363104,2.268775428361274,0.5067371346642238
rnn,97,44,5,0.07433950826525684,0.01924730738923432,0.07474318072199816,0.01522996346559868,2.237861281670379,0.4579959965792827
rnn,97,45,5,0.07491649016737932,0.019368206315460393,0.07538079991936682,0.014681241676976283,2.21201697002786,0.41177359259828356
rnn,97,46,5,0.07525053098797796,0.019220037589530725,0.07566418722271914,0.015078016938552609,2.190271096454589,0.36784823054242727
rnn,97,47,5,0.07564530819654461,0.018867386126217064,0.07658519223332402,0.01450929148220064,2.171834399171446,0.32592918423133743
rnn,97,48,5,0.07625265792012208,0.018338517830889044,0.07693942412734028,0.014145835720084642,2.156005550245189,0.28589182987514516
rnn,97,49,5,0.07686000540852542,0.01821015133421469,0.07729365900158876,0.014317766166185577,2.1421484213018034,0.248049811359597
rnn,97,50,5,0.07774066105484959,0.018279839507678915,0.07722281068563455,0.014774110427048508,2.129636380054972,0.21301422365971984
rnn,97,51,5,0.0786213174462318,0.01845225228210347,0.07814381718635556,0.015169286067596092,2.117894247584773,0.18135279136339832
rnn,97,52,5,0.07944123893976206,0.01898341911522878,0.07814381867647166,0.015057199790961954,2.106511657489128,0.15349026066239427
rnn,97,53,5,0.08035226389765734,0.019375288665794254,0.07885228544473646,0.015282602645380334,2.095307369693307,0.12929614957263544
rnn,97,54,5,0.08129365295171734,0.019236525990971445,0.07977328971028325,0.014851198972019962,2.084368233722196,0.10829558030827978
rnn,97,55,5,0.08202247172594065,0.018726030568446086,0.08034006357192988,0.01489970179392078,2.073871855227084,0.0898966633697769
rnn,97,56,5,0.08323716744780536,0.01865108829171223,0.08062344938516615,0.014636730952717381,2.064126836926756,0.07378998792865002
rnn,97,57,5,0.08454296886920924,0.01853888372913923,0.08154445514082904,0.01496273156236627,2.0553363472645003,0.06035427148976441
rnn,97,58,5,0.08539325818419452,0.018426372974844136,0.0826780021190643,0.015119569599501557,2.0476506116041437,0.05079628240106181
rnn,97,59,5,0.0861220762133598,0.017755026400247936,0.08303223550319669,0.014245722352587363,2.0411783779562955,0.046423349988285165
rnn,97,60,5,0.08700273260474198,0.017643198981543113,0.0835281610488891,0.013756839285355696,2.03595883462789,0.04680196962782384
rnn,97,61,5,0.0882477983832359,0.01749603865752927,0.08437831997871396,0.01419895960040549,2.031955002448696,0.049550924247473656
rnn,97,62,5,0.0888551458716392,0.017217765306309918,0.08501594066619868,0.014714535641484748,2.0290864697140867,0.05217817650926292
rnn,97,63,5,0.09003947675228115,0.017691482563079695,0.08572440594434731,0.015062196835888253,2.0272370426920543,0.05345117390203834
rnn,97,64,5,0.09067719280719753,0.017458442784638872,0.08593694567680357,0.01512372074730585,2.0262945123312983,0.05317182078997
rnn,97,65,5,0.09079866409301754,0.017670293440707086,0.08678710460662838,0.01603662971943796,2.0262248139720027,0.05166197443085727
rnn,97,66,5,0.09180078953504558,0.01789831918286087,0.08685795217752454,0.015941277675516962,2.026822203971137,0.049499737701000336
rnn,97,67,5,0.09268144369125361,0.018449817201489114,0.08784980475902554,0.01750678587714357,2.02799289896537,0.04688151288687434
rnn,97,68,5,0.09292438328266141,0.01961905211815136,0.08912504464387888,0.0180304285704682,2.029542436473777,0.04390763551502525
rnn,97,69,5,0.09356210082769387,0.020964374366454406,0.08969181627035136,0.018699682700722354,2.031212962303332,0.0406155028326979
rnn,97,70,5,0.09404798150062554,0.021348280634881336,0.09032943546771997,0.019067811895467218,2.032924065221078,0.03757015091250191
rnn,97,71,5,0.09404798001050946,0.021294216804192516,0.09075451493263238,0.019339634280358637,2.034553066813932,0.035775060650303094
rnn,97,72,5,0.09459459334611889,0.021608148140027403,0.09110874831676477,0.01987717922350321,2.0361067561800175,0.03589871701743787
rnn,97,73,5,0.09526267796754832,0.02252586076595602,0.0911795958876609,0.020500580891683277,2.037460151552977,0.03744474736986674
rnn,97,74,5,0.09602186381816862,0.023310501908744202,0.09238398820161814,0.021248670024418097,2.038490411183533,0.0393213408676877
rnn,97,75,5,0.0976009719073772,0.025658333621678332,0.09330499470233912,0.021536379556850723,2.0390932058679487,0.04060467425451955
rnn,97,76,5,0.09820832163095472,0.026286573645834768,0.09373007416725154,0.02170758221912001,2.0393408963747026,0.04104317141647988
rnn,97,77,5,0.09872456714510915,0.026743058396829146,0.09415515214204784,0.022196029807020554,2.039343607679345,0.040596589705940926
rnn,97,78,5,0.09908897504210468,0.026945353408729427,0.0944385394454002,0.022349835113675446,2.0392730326400437,0.03933711903527181
rnn,97,79,5,0.09930154979228968,0.02740567485089144,0.0948636189103126,0.02283003923771603,2.0391779506691714,0.037196023010768756
rnn,97,80,5,0.10006073415279385,0.027703116997269885,0.09543039351701735,0.02349395857289403,2.039127930608031,0.03420726216227363
rnn,97,81,5,0.10072881728410717,0.02800575813191298,0.09613885879516595,0.024370875499854047,2.0391440870400492,0.030522143228112593
rnn,97,82,5,0.10160947591066356,0.028752296568730594,0.09684732705354689,0.024910671948098033,2.039205741072089,0.026602831435425956
rnn,97,83,5,0.10315821617841714,0.030287933063424307,0.09769748449325558,0.02521333341171487,2.039245803945344,0.0229619996004657
rnn,97,84,5,0.10416034013032908,0.03122849456712601,0.09805171787738794,0.02565488867494119,2.0391713847502944,0.02015428640664333
rnn,97,85,5,0.10434254556894296,0.0313034084548451,0.09868933707475658,0.02646526434080665,2.0388707126338264,0.018344412593451206
rnn,97,86,5,0.10473732203245159,0.031508221760475054,0.09946865141391747,0.027079029186822,2.038273807420025,0.01737012036842809
rnn,97,87,5,0.10531430244445797,0.031242441450098482,0.09996457844972606,0.027109134020853912,2.0373268710514507,0.016877606069547784
rnn,97,88,5,0.10589128285646436,0.03140142641244174,0.10074388980865479,0.027295036156878966,2.0359846702021387,0.016711373892076532
rnn,97,89,5,0.1065290048718452,0.03168119620967714,0.10180658698081965,0.027863759361031158,2.034238054525628,0.016826828160678355
rnn,97,90,5,0.107348920404911,0.032363777175133085,0.10251505225896826,0.028263937949602032,2.03211362374397,0.0169934204992392
rnn,97,91,5,0.10822958052158352,0.03333828454597645,0.10322351753711696,0.02892221309534492,2.029769110019388,0.016896095874176
rnn,97,92,5,0.10923170447349544,0.03390913496820941,0.10393198579549785,0.029344316643858153,2.02728549766626,0.016260767155176006
rnn,97,93,5,0.10993015766143796,0.03431672625741866,0.1045696049928665,0.029965061180180295,2.024887571657824,0.01504676747555721
rnn,97,94,5,0.11078044474124907,0.03519736553807724,0.1053489208221435,0.03032843707462528,2.022725097915468,0.01339057683225763
rnn,97,95,5,0.11184330433607095,0.03552936187307427,0.10619907528161998,0.030840050195667337,2.020969652686985,0.0116230767302792
rnn,97,96,5,0.11317947357892984,0.03633363933037208,0.10754516422748561,0.030601308507799775,2.0197902860907293,0.01014858651433987
rnn,97,97,5,0.11445490270853036,0.0377151851330949,0.1088912487030029,0.030981322282741055,2.0192069154012686,0.009250611797788412
rnn,97,98,5,0.11582144051790233,0.03861988242774319,0.11030818223953243,0.03122238614921847,2.0192054638447265,0.008857646941731885
rnn,97,99,5,0.11730944514274592,0.03956366805948203,0.1118668064475059,0.0324306105306423,2.0196959644886996,0.008768268908626285
rnn,97,100,5,0.11885818541049953,0.04035606941766388,0.1127878129482269,0.032803971640956935,2.02062066592166,0.00878361122834148
rnn,97,101,5,0.11970847398042675,0.04062513097837153,0.11392135620117186,0.033742068278767925,2.0219003685061936,0.008769377732094803
rnn,97,102,5,0.12061949521303175,0.04144761332589687,0.11498405933380122,0.03386920201978154,2.0233942607030118,0.008562778341963853
rnn,97,103,5,0.12128757834434505,0.04158585991078529,0.11590506434440609,0.03456577930880733,2.0249286521536307,0.008217922365029858
rnn,97,104,5,0.1220771327614784,0.04127278408711168,0.11668437570333476,0.035082132349616685,2.0263673885333824,0.00801769425863304
rnn,97,105,5,0.12323109656572337,0.04163090729245461,0.11746368855237957,0.03551405194265986,2.0276215534997513,0.008130417102102432
rnn,97,106,5,0.12438505887985225,0.04187727579967327,0.11824300289154048,0.035394424817135776,2.028547348769656,0.008394621694303772
rnn,97,107,5,0.12563012540340418,0.042315977921757494,0.11958908885717387,0.03553436470727226,2.0290201061257203,0.00851845443390478
rnn,97,108,5,0.12723959833383555,0.04271621364394985,0.12136025428771971,0.03646502128113057,2.029039057748064,0.00828227930801418
rnn,97,109,5,0.12945642322301862,0.04397826003143005,0.12341480702161786,0.038199405256184614,2.02865785740919,0.0077035520945795645
rnn,97,110,5,0.13188581913709635,0.04535876729540324,0.12603612840175624,0.03883612660704627,2.0279628562635024,0.006979535340625476
rnn,97,111,5,0.13343455940484997,0.04667376196016229,0.12766560316085812,0.039661926256207625,2.0270630013937696,0.0063475207314377296
rnn,97,112,5,0.13552991151809687,0.04847338216996512,0.12901168912649152,0.04036656454801282,2.026006338176043,0.006013059503557917
rnn,97,113,5,0.13619799613952632,0.04845011664165501,0.13049946725368494,0.04167443295229891,2.0248531093860898,0.00594941406012021
rnn,97,114,5,0.1372912228107452,0.048685842629878885,0.13120793551206583,0.04235908130472071,2.0237145595012542,0.005958664611573093
rnn,97,115,5,0.13826298266649242,0.048265923666209916,0.13149131834506983,0.04210116121157041,2.0227079026192447,0.005804170969340157
rnn,97,116,5,0.13969025164842602,0.049080314946559574,0.1329082533717155,0.04275403858082697,2.0219280408476967,0.00539439642703656
rnn,97,117,5,0.14075311273336405,0.049105085364637056,0.13361671715974804,0.04334212198421331,2.0214822295351325,0.004767636309297223
rnn,97,118,5,0.1416034027934074,0.0490672316009968,0.13418349176645275,0.04164341026874074,2.021279321317003,0.0039318914913728355
rnn,97,119,5,0.1423929557204246,0.04903230887283841,0.13588381111621856,0.042276052988065506,2.021333675254911,0.0030899073416162386
rnn,97,120,5,0.144184635579586,0.04955963439205927,0.1377966701984405,0.04295213001146433,2.0214926054874085,0.00227904032625182
rnn,97,121,5,0.14631035625934602,0.050816114874699704,0.13878852277994153,0.044040023358762365,2.0217204129839166,0.0017741745042618724
rnn,97,122,5,0.14864864945411677,0.05221898563283094,0.14084307402372356,0.045073704704026094,2.021925462693213,0.0018544013327283356
rnn,97,123,5,0.1504099607467651,0.05340717805258686,0.14325185865163798,0.04620576336959775,2.0220899507851144,0.002457430655059392
rnn,97,124,5,0.15195869654417035,0.054234739636950156,0.14466878771781916,0.047022755794183864,2.0221483283984343,0.0031167375667944123
rnn,97,125,5,0.15417552441358565,0.0557768437884437,0.14658164680004115,0.04818572368736965,2.0220489359321867,0.003618146629802156
rnn,97,126,5,0.1564530789852142,0.057198474459969034,0.14778604358434672,0.04891200957901524,2.0217589054735052,0.0038564700976037327
rnn,97,127,5,0.15888247638940806,0.05816729578191837,0.14948636293411252,0.049447563433649984,2.0213300628464914,0.0038114456126908487
rnn,97,128,5,0.1605830550193786,0.05928642179715655,0.1514700651168823,0.05061295231586506,2.0208188085200094,0.0035215574726423387
rnn,97,129,5,0.1622836336493491,0.06026392868744913,0.15295784473419186,0.05131699399674958,2.020327615514445,0.0030687680203790174
rnn,97,130,5,0.16380200237035752,0.06145877121390004,0.15409138947725293,0.051642155291844107,2.0198415933278273,0.0026062867272777556
rnn,97,131,5,0.1649559676647186,0.061456444583044056,0.155295780301094,0.0523034455726387,2.0194342243216425,0.002187125628392816
rnn,97,132,5,0.16623139679431914,0.061770081710977226,0.1563584819436073,0.0524848637710018,2.019082034226975,0.001883187121279138
rnn,97,133,5,0.16750683039426797,0.06217121594731311,0.1577754139900207,0.053226157880572146,2.0188306839726566,0.0016904831619203443
rnn,97,134,5,0.16884299814701076,0.062458369443458575,0.15869642198085782,0.05340056190592358,2.0186393286571196,0.0015872094685106745
rnn,97,135,5,0.1699058577418327,0.06327997737398035,0.1599716633558273,0.05346549873465077,2.018569834493637,0.0015670700609043404
rnn,97,136,5,0.17066504806280133,0.0636547616957267,0.16060927808284756,0.05422983158557185,2.0184799123354056,0.0015334303274413793
rnn,97,137,5,0.17160643637180326,0.06403296453131806,0.16188451796770092,0.05505333550969228,2.0184060320195987,0.0014510345850960752
rnn,97,138,5,0.17306407690048214,0.06482439500976916,0.16330145001411436,0.055976113081658924,2.0183779077367907,0.0013648934931535328
rnn,97,139,5,0.17452171295881266,0.06505659484611671,0.16443499624729152,0.056135270819164695,2.0183716705190875,0.0012324398559223433
rnn,97,140,5,0.1761008203029632,0.06533090375977121,0.1664186999201774,0.056879175302095276,2.0183771108194577,0.0011736212539309536
rnn,97,141,5,0.1778317630290985,0.0654877487241162,0.16748140305280682,0.05693706031405705,2.018346503473937,0.001287769876288877
rnn,97,142,5,0.17895535975694654,0.06543309162169579,0.16904002428054804,0.05737285583557335,2.018302731086206,0.0015408957909249586
rnn,97,143,5,0.18059519976377483,0.06578921442748126,0.17088204026222226,0.058021604595348095,2.0182093324409878,0.00185577983308401
rnn,97,144,5,0.18284239023923873,0.06630424312377269,0.1732908248901367,0.058579486537372015,2.0180620002746585,0.0020847706920914303
rnn,97,145,5,0.18654721975326535,0.0679338475207842,0.176337231695652,0.05992740302683126,2.0179169026528507,0.0022238594384867355
rnn,97,146,5,0.18955360203981395,0.06874829140503526,0.1794544786214828,0.061740089382908724,2.01767793051954,0.0022295171274846273
rnn,97,147,5,0.19095049649477,0.068780637164574,0.18150902986526485,0.06244387079004575,2.0174627757153525,0.002133257028061469
rnn,97,148,5,0.19234740734100336,0.06877115486464933,0.1833510428667068,0.061947051348303944,2.0172497382540535,0.0019989287335690723
rnn,97,149,5,0.19416944384574886,0.06891874829822087,0.1846262782812118,0.0623728901991841,2.0170833537811257,0.0017782937900322497
rnn,97,150,5,0.19696325659751887,0.06902078878936914,0.18675168007612225,0.06340643664565211,2.016933152674726,0.001584157500694023
rnn,97,151,5,0.19990890026092525,0.06984517987026342,0.1883103102445602,0.06406949552889091,2.0169333674583747,0.0014722917840304787
rnn,97,152,5,0.20209535509347912,0.06926981866404348,0.18993977457284925,0.0635349362391037,2.01668957233007,0.0014045552974424843
rnn,97,153,5,0.20561797618865968,0.07056784489429217,0.19206517636775966,0.06403952346337616,2.0169245059859073,0.0015149391844746375
rnn,97,154,5,0.2043729111552238,0.068171788056292,0.19220686703920364,0.06261744258803727,2.016259842592062,0.0015011700236303982
rnn,97,155,5,0.21014273315668106,0.07128649006505569,0.1960325881838798,0.06450525151679531,2.0167565207331335,0.0016395599910659488
rnn,97,156,5,0.2092924401164055,0.06816499257977043,0.19645766466856002,0.06275056766944202,2.0161982945403243,0.0015872091190567714
rnn,97,157,5,0.21175219863653177,0.06870928857904433,0.1978037506341934,0.06293027634818231,2.0156116936365924,0.002067209078604399
rnn,97,158,5,0.21606437861919398,0.0710044034543284,0.20056677013635632,0.06311734033779373,2.0160611744602597,0.0018009593102937197
rnn,97,159,5,0.21545703113079068,0.06846007479423322,0.20148777514696117,0.06213100965065288,2.0157444334850547,0.0017990247013341847
rnn,97,160,5,0.21712723970413203,0.06870269334816358,0.20170031785964962,0.06091243403316799,2.0150823395553017,0.0022216220246693047
rnn,97,161,5,0.22074096500873566,0.07061062726158923,0.2032589435577392,0.0618537001281199,2.015667706618958,0.0016917426995522735
rnn,97,162,5,0.22043729722499847,0.06929198285035548,0.2051718026399612,0.062120911902760985,2.015635217540395,0.0016710837581926082
rnn,97,163,5,0.221378681063652,0.06856664917905692,0.20517180562019344,0.06085153288773172,2.014780595424855,0.0018209961693293182
rnn,97,164,5,0.22389918267726894,0.0692534818958113,0.20687211751937862,0.06152702804253972,2.015161146710798,0.0013887289382625346
rnn,97,165,5,0.22420285344123841,0.0679346147351291,0.20835990011692046,0.0614884790592792,2.015384377478879,0.0016645917377766113
rnn,97,166,5,0.225417548418045,0.06741843277457865,0.2078639715909958,0.05962090741801826,2.014327808418737,0.0016280131135800763
rnn,97,167,5,0.2272092312574386,0.06772192787847528,0.21006022095680238,0.059776768762114685,2.0143381549084776,0.0014192214244825967
rnn,97,168,5,0.22805951833724974,0.06794753693640777,0.21183138191699977,0.06000409592151499,2.014856520412639,0.001733358998940317
rnn,97,169,5,0.22878833711147303,0.06764757064306905,0.21168968677520753,0.05856887995592681,2.0141222725856847,0.0015065291661230948
rnn,97,170,5,0.23042818307876584,0.06806370678696778,0.21268154084682464,0.05847990211332968,2.013919363771844,0.0016511058868626785
rnn,97,171,5,0.23121773600578305,0.06826222705859694,0.21424017250537872,0.05867099210459409,2.0146702280500453,0.0017526081794294317
rnn,97,172,5,0.2322198539972305,0.06825658639363082,0.2155154079198837,0.058526018829083766,2.0142268595825668,0.001512110512004413
rnn,97,173,5,0.23331308960914607,0.06806860975956099,0.21594048142433167,0.057952893175340615,2.013710856977871,0.0017721565181467369
rnn,97,174,5,0.23446705043315882,0.06788851291906206,0.21799504458904262,0.05783315418569424,2.0142864344201135,0.0016425187608834207
rnn,97,175,5,0.23616762757301327,0.06834991240457658,0.21934112310409543,0.05776411240513999,2.014035201406505,0.0015570820445684392
rnn,97,176,5,0.23753416240215303,0.06827456776934801,0.22004958987236023,0.05737449479012477,2.013353207267803,0.0017569229121517226
rnn,97,177,5,0.2386273890733719,0.06825455508013144,0.22196244895458217,0.056936617325160095,2.0136419328159176,0.0014865361431803713
rnn,97,178,5,0.24041906893253326,0.06898806474305459,0.22274176180362698,0.055939338600970084,2.0135676405928757,0.00150531651548122
rnn,97,179,5,0.24163376688957214,0.06891483700360176,0.22373361289501187,0.05574226344848718,2.0130049783935973,0.001619901083719659
rnn,97,180,5,0.24287883341312408,0.06842256086274952,0.22550477385520934,0.05654074341628564,2.0131939276312836,0.0014487142646346614
rnn,97,181,5,0.24464014470577236,0.06814315490190806,0.22635493576526639,0.05570307550540842,2.013299829826038,0.0015302674304634787
rnn,97,182,5,0.24594594538211817,0.0681036394408873,0.2277718722820282,0.0555084422305655,2.0128600428695336,0.0016243485380800257
rnn,97,183,5,0.2477072566747665,0.06778223399160777,0.2289762675762176,0.05500066360698487,2.012807071270293,0.0016604505003414687
rnn,97,184,5,0.2489219546318054,0.06746928290880262,0.23032234907150267,0.054510133032300796,2.013071386544179,0.001686144646866131
rnn,97,185,5,0.250592166185379,0.06730086190706915,0.23173927962779994,0.05453371614290654,2.012452256951639,0.0018175659827974944
rnn,97,186,5,0.2516550242900848,0.06756369526866149,0.2328019887208938,0.054300250123987655,2.0126959159430435,0.0014749979189923705
rnn,97,187,5,0.25381111502647397,0.06721199617398663,0.2340063780546188,0.05410184414865538,2.012343260845753,0.002210497573861035
rnn,97,188,5,0.25414515435695645,0.06781987478281698,0.23428975939750668,0.05259651316038008,2.0124296277913243,0.0015173071562262696
rnn,97,189,5,0.2560886710882187,0.06731054738718627,0.2362734675407409,0.05221003961711311,2.0121903691100074,0.0016701242334810095
rnn,97,190,5,0.2580929219722748,0.06721094519315468,0.23761955499649048,0.052244521175204235,2.011912597639193,0.0022543864421476763
rnn,97,191,5,0.25775887966156,0.06692290071456428,0.23939070999622344,0.05268756573572774,2.012063096813799,0.0015142162306843736
rnn,97,192,5,0.2602186411619186,0.06655974733245675,0.24130358099937435,0.05258685562788696,2.0120119174814564,0.0016723313775280917
rnn,97,193,5,0.26164591610431664,0.06550595994998652,0.24272050857543942,0.052083345947445334,2.011746248437391,0.002096588679488309
rnn,97,194,5,0.26210142970085143,0.06573863185804489,0.24314558506011963,0.05261678660231308,2.0118854182259818,0.0015636969433512299
rnn,97,195,5,0.26289097964763636,0.06449978767052103,0.24399574398994445,0.05275659550690796,2.012112638596826,0.001449310567835423
rnn,97,196,5,0.2648648679256439,0.06390476812519201,0.24491675198078156,0.0515026118916202,2.011451487629068,0.001902748506945411
rnn,97,197,5,0.2646219283342361,0.06298348404805638,0.24597945213317868,0.0523753702985124,2.0116806640864002,0.0015539405205454806
rnn,97,198,5,0.26571515500545495,0.06328206572750439,0.245412677526474,0.051263776732641105,2.0115255410071695,0.0015465446273082637
rnn,97,199,5,0.2665654450654983,0.06162877029057526,0.24725469052791596,0.051719245872892054,2.011176408764218,0.0018235058233547674
rnn,97,200,5,0.26875189244747155,0.06285721595310521,0.24760892093181605,0.05176835276419443,2.010973525259956,0.0017633853278953852
rnn,97,205,5,0.2740054666996002,0.06089558581549965,0.25193057060241697,0.052462029540680535,2.0110275598709686,0.0016353009880198512
rnn,97,210,5,0.2808988809585571,0.060910112371252184,0.2567481428384781,0.05212188065514928,2.010937670421286,0.0013965627202177713
rnn,97,215,5,0.2877011865377426,0.06093209721459872,0.26305348873138423,0.053275059437112214,2.0113892357785654,0.002325123263826927
rnn,97,220,5,0.2888247758150101,0.06295327711289997,0.26532057523727415,0.05714692075677324,2.0104322770596137,0.002654995343518619
rnn,97,225,5,0.29301548600196836,0.06377519851638068,0.26935883462429044,0.06198147351027491,2.0109495453755732,0.002546172679046061
rnn,97,230,5,0.2989067673683166,0.06639165040555653,0.274743178486824,0.0650066469275776,2.00918266236648,0.002108563926796239
rnn,97,235,5,0.30355298817157744,0.06772557334801754,0.27679772973060607,0.068228547766941,2.0106812421664113,0.002755610946193133
rnn,97,240,5,0.3105375051498413,0.06793604026293887,0.28522848188877103,0.06933084865573455,2.009688025581408,0.002441159424645108
rnn,97,245,5,0.3159125357866287,0.07282503661265227,0.28841657638549806,0.07264472907722443,2.0096968011645884,0.001195459701973355
rnn,97,250,5,0.3226541131734848,0.07680487537688435,0.2969181686639786,0.07381379491330242,2.0109750873585908,0.0028855755765170446
rnn,97,255,5,0.32310962975025176,0.08074165599081959,0.2971307098865509,0.0781645606431014,2.008554408113566,0.001081016975658982
rnn,97,260,5,0.3323716908693313,0.08316827708874733,0.3059865415096283,0.08201907295588892,2.0103489025620918,0.0018351405718167993
rnn,97,265,5,0.33774673342704775,0.09142541101836738,0.3115834206342697,0.08479817675719527,2.0091223709317734,0.0031904957193993532
rnn,97,270,5,0.3460370451211929,0.10108773481787674,0.31859723627567293,0.09371811518228892,2.0089610555950976,0.0020156809892638273
rnn,97,275,5,0.35037959814071656,0.11051095314404244,0.32093517482280726,0.10145299973929568,2.0084164477066184,0.0020597663491567185
rnn,97,280,5,0.35945946276187896,0.11753617396458525,0.32929507195949553,0.1049099964231915,2.0086444563940966,0.002397872473768344
rnn,97,285,5,0.36443971991539004,0.12329816107993814,0.33411264419555664,0.11143387614312696,2.008694333684029,0.002186506848826501
rnn,97,290,5,0.37008806765079494,0.12718997475074317,0.34211831986904145,0.11569857205863397,2.008728758340593,0.0023590142691622324
rnn,97,295,5,0.3761919140815735,0.12978053680974877,0.3465816468000412,0.11626849449252842,2.0092030306766695,0.0024121581073145515
rnn,97,300,5,0.37916792631149293,0.13376659532126525,0.34941550493240353,0.11987547450454233,2.008152925175771,0.0010210441103260285
rnn,97,305,5,0.3828120231628418,0.12889153116778942,0.3537371486425399,0.11694911621089422,2.007640759112534,0.0007191328505092015
rnn,97,310,5,0.38797448873519896,0.1334685676334057,0.3608218163251876,0.12398679683443453,2.0079873912180832,0.0007918068111004436
rnn,97,315,5,0.38943212330341337,0.13765983166541795,0.35727948844432833,0.11980061125608807,2.008574854677444,0.0019577885084563116
rnn,97,320,5,0.39720619916915895,0.13556616858382015,0.3662770092487335,0.11912006921035316,2.0090815366196404,0.00315757671182689
rnn,97,325,5,0.40200424790382383,0.13389833770772705,0.3703861117362976,0.11785388933962483,2.008927526553197,0.0027382921942528515
rnn,97,330,5,0.40680230855941774,0.13962707936635724,0.37300743162631983,0.12418559087087101,2.0073902445360323,0.0021531093638558468
rnn,97,335,5,0.4075311303138733,0.1340940345997388,0.3729365855455399,0.11779472814346885,2.0087925677446967,0.0024365809501583134
rnn,97,340,5,0.41290616393089297,0.14339519698044534,0.3791002482175827,0.13027867360545536,2.0079795635736506,0.002545566598307772
rnn,97,345,5,0.4183723032474518,0.14158902092364337,0.38420119583606716,0.12668218548826854,2.009793981912403,0.00433883550681644
rnn,97,350,5,0.4174612760543823,0.14237076055097161,0.38377611041069026,0.12856014944611222,2.0077635586040232,0.0014256670009885428
rnn,97,355,5,0.4257819652557373,0.1441513334017793,0.3897272288799286,0.13131071144530537,2.0073724032519626,0.00259211785698794
rnn,97,360,5,0.4264196753501892,0.1365789439570378,0.38753099143505093,0.1237336322383271,2.0089163986925946,0.003290870107353341
rnn,97,365,5,0.42903127074241637,0.14093180114758008,0.39171093702316284,0.1315200595974513,2.007229910440162,0.002992274466292855
rnn,97,370,5,0.4359854221343994,0.14220371321732295,0.39596173763275144,0.12814902296426658,2.0081645368184935,0.002710782203386311
rnn,97,375,5,0.4393865704536438,0.14480164727343028,0.4021253943443298,0.13422825652480636,2.0070995726376073,0.004334178388573294
rnn,97,380,5,0.44740357995033264,0.14552636531579474,0.409068363904953,0.13121776300336474,2.0083895138149437,0.002652907483605212
rnn,97,385,5,0.4486790120601654,0.14555220519059422,0.41105206608772277,0.12968913603944904,2.007816719372766,0.0025560785773974526
rnn,97,390,5,0.4556027829647064,0.14816628003848395,0.4157279372215271,0.13203669159157244,2.0076813572753296,0.0034925238260945187
rnn,97,395,5,0.4564227044582367,0.14689837678057735,0.41615301966667173,0.13301590693986304,2.0085082636171783,0.0029784113669618917
rnn,97,400,5,0.45876100063323977,0.15009172524380598,0.41948282122612,0.13521322727803245,2.0070927971161305,0.002851111641042325
rnn,97,405,5,0.4566352963447571,0.13128744170048878,0.4174991071224213,0.12085905161958131,2.006694751246671,0.002111940566329114
rnn,97,410,5,0.4622836232185364,0.14256236255443813,0.4214665234088898,0.12789590380467886,2.0066861919416916,0.0014009417699771096
rnn,97,415,5,0.4698451220989227,0.1462785082270038,0.4272050976753235,0.1273897699214795,2.007068910396621,0.0030290727958229863
rnn,97,420,5,0.475037956237793,0.1435058505184011,0.4340063691139221,0.1303039559968085,2.0077622684902265,0.003206267864962763
rnn,97,425,5,0.4778317630290985,0.14884854189883193,0.43513991236686705,0.13416845166184413,2.0070245399618285,0.002501945076516183
rnn,97,430,5,0.48247798085212706,0.14651775030161776,0.438823938369751,0.13064872432284666,2.0072904875816144,0.002923548674751153
rnn,97,435,5,0.4844214916229248,0.14369132953896263,0.44314558506011964,0.12984757156717927,2.007988347999773,0.003145450188020107
rnn,97,440,5,0.4866383135318756,0.1452904133969541,0.4449167549610138,0.1325880374321192,2.007144321182588,0.0021253282746967654
rnn,97,445,5,0.4893410265445709,0.14077109389299172,0.44605029821395875,0.12984524754834761,2.0072313747430974,0.0025909250641391523
rnn,97,450,5,0.4893106520175934,0.1389912214377816,0.44534183144569395,0.128168111133745,2.0069288631331466,0.0021155670956027263
rnn,97,455,5,0.4965988457202911,0.14192288496737362,0.4512929439544678,0.12920138071650242,2.00741465889367,0.0027431382146679414
rnn,97,460,5,0.5020042598247528,0.14245312814211858,0.455756276845932,0.12579678769328734,2.0080705116129236,0.0034881699098253467
rnn,97,465,5,0.5026723325252533,0.14243410190885286,0.4597236931324005,0.12955210358002037,2.0076015713251216,0.003497358814104589
rnn,97,470,5,0.5058305501937866,0.14127564272440937,0.45965284705162046,0.12688631459274213,2.007207976251943,0.0032109818113448567
rnn,97,475,5,0.5084421455860137,0.14487760509059391,0.46354940533638,0.13024427959358087,2.007200605377567,0.003076342663903746
rnn,97,480,5,0.51081081032753,0.14162048459188814,0.46999645233154297,0.128457105747534,2.0073193614567115,0.002710994732807835
rnn,97,485,5,0.5082903027534484,0.14098961806764135,0.467445969581604,0.12636184965875874,2.006871569700073,0.002013624604633745
rnn,97,490,5,0.5112663209438324,0.1390475086595154,0.4675168216228485,0.12375451434833697,2.005882199223565,0.004448006986090308
rnn,97,495,5,0.5170664966106415,0.14184656906380183,0.4755933403968811,0.13018791660387966,2.0081758961749285,0.004466742795838349
rnn,97,500,5,0.519647741317749,0.13801651902134365,0.4748848736286163,0.12667005788489322,2.0073927970191985,0.0030220713644715388
rnn,97,505,5,0.5213483035564422,0.13955099135434298,0.4782146573066711,0.13018560368032167,2.0073695170726564,0.003498939130414927
rnn,97,510,5,0.5263589501380921,0.14070023206894425,0.4841657757759094,0.1299005670039336,2.006487327740918,0.0031388173956856135
rnn,97,515,5,0.5287276029586792,0.1395983863885225,0.48558270931243896,0.129022411755183,2.0074206028682795,0.0029182392633622205
rnn,97,520,5,0.5281202673912049,0.13704567833260412,0.4850867748260498,0.12786847476470092,2.0075474602340875,0.0030514221723055156
rnn,97,525,5,0.534649258852005,0.1416690431734044,0.4905419826507568,0.12958478384929598,2.0065614394311053,0.002359195105865647
rnn,97,530,5,0.5361980080604554,0.14520151928276098,0.4891250491142273,0.1322481773482984,2.0074298547984712,0.004018977406176387
rnn,97,535,5,0.540419065952301,0.14127168184549388,0.49096704125404356,0.1298545591171855,2.007115300441683,0.003955467673841544
rnn,97,540,5,0.5354691684246063,0.13723530329930514,0.49139214158058164,0.1256719950890815,2.0062833762465404,0.002442680076912239
rnn,97,545,5,0.5445186793804169,0.14660280630798717,0.5008147299289704,0.13421049090971696,2.0067194054070425,0.0023047056466261114
rnn,97,550,5,0.5425447821617126,0.13924904536917238,0.4955720782279968,0.1330584908292298,2.00676976825917,0.0035657003000931415
rnn,97,555,5,0.545247495174408,0.14151796115760362,0.49996457695961,0.13078197816424045,2.007432542880996,0.0037332687828299477
rnn,97,560,5,0.5468266069889068,0.13847463251217387,0.5019482791423797,0.1301024363764357,2.0061367992846,0.002838772080045955
rnn,97,565,5,0.5505010545253753,0.14642830444874236,0.5045695960521698,0.1366638828405445,2.0060107604915665,0.002611983264863804
rnn,97,570,5,0.553325229883194,0.145234488289054,0.5049238324165344,0.13206209976446098,2.006646213333353,0.0037008601174426583
rnn,97,575,5,0.5529608249664306,0.14646157872318066,0.5068366944789886,0.1354586933472664,2.00675500022363,0.003371096372114728
rnn,97,580,5,0.5518068611621857,0.14034637151733312,0.5037902891635895,0.1240573200557295,2.005949302654211,0.0025299650776091373
rnn,97,585,5,0.5549650728702545,0.14800566885628086,0.5057031512260437,0.13091527826898078,2.0057509445929287,0.002491805758800054
rnn,97,590,5,0.5590343236923218,0.1486438244496924,0.5088204085826874,0.131483384165984,2.0068180213810565,0.0035527152611855403
rnn,97,595,5,0.5589735805988312,0.14756785266829558,0.5126461207866668,0.13440110239666186,2.0071894989836303,0.003626389483872154
rnn,97,600,5,0.5546310424804688,0.1441682147877673,0.5095288693904877,0.13123525760391966,2.0064943775172805,0.003344540477886242
rnn,97,605,5,0.5625265777111054,0.14437906340551698,0.5176053762435913,0.13347077552559772,2.006529585552284,0.0030916726801839736
rnn,97,610,5,0.5585484325885772,0.14441478876023217,0.5149132072925567,0.13347716504524215,2.0074732725728777,0.004035893553978311
rnn,97,615,5,0.5643182456493377,0.1486088124925967,0.5183138489723206,0.1363200040254689,2.007290392654377,0.004035947194528903
rnn,97,620,5,0.5631339073181152,0.14194021725507408,0.5141339004039764,0.12753585647362836,2.006641604768906,0.0030463601019712085
rnn,97,625,5,0.5624658405780792,0.14002367601238735,0.5157633662223816,0.12532818745406188,2.0060658590909153,0.002216136009821023
rnn,97,630,5,0.5644093513488769,0.1468079421851026,0.5131420433521271,0.1329515588056389,2.0058409308236294,0.0022657119236010894
rnn,97,635,5,0.5631035447120667,0.15150634334076796,0.5161175966262818,0.14172222392632716,2.0068544741472474,0.0036565012472465973
rnn,97,640,5,0.5709079802036285,0.14766589880403283,0.5255402028560638,0.13478245314307713,2.006967402007862,0.003329770419512886
rnn,97,645,5,0.5689948499202728,0.1432573863321665,0.5230605721473693,0.13002104822983188,2.0066995693586733,0.0032614190792541907
rnn,97,650,5,0.5746735513210297,0.14793241674483726,0.5249025762081146,0.13674070921881937,2.006441076370224,0.003470080287984056
rnn,97,655,5,0.5745217144489289,0.14920754889506785,0.5237690389156342,0.13615127439100444,2.006546898330252,0.0036209786779971714
rnn,97,660,5,0.5757667720317841,0.14999747090551163,0.5249734342098236,0.13470875187576273,2.006515427568635,0.0035807905777740876
rnn,97,665,5,0.5752201497554779,0.14746625001326583,0.5280198335647583,0.13488806986295993,2.0064244181835056,0.0023729901562167632
rnn,97,670,5,0.5745824456214905,0.14256320336482622,0.524690043926239,0.12681357563004234,2.0058238050713597,0.0019785264776661896
rnn,97,675,5,0.5706346809864045,0.14206972462345424,0.5231314182281495,0.13605950285681076,2.0060495731894914,0.002662680803889565
rnn,97,680,5,0.5779228568077087,0.1427342804605495,0.5284449100494385,0.1306732104675454,2.006632065510549,0.002612877187399743
rnn,97,685,5,0.5836926758289337,0.14855317675921312,0.5339709460735321,0.1346464611826411,2.0065258963088333,0.0031843036338704803
rnn,97,690,5,0.5873367607593536,0.14919805323271754,0.5339000999927521,0.13409334713561807,2.007117001117875,0.0033818269640198133
rnn,97,695,5,0.580170065164566,0.14919857638498496,0.5304994702339172,0.13510512689153198,2.007257232007928,0.003348491563212441
rnn,97,700,5,0.5857272982597351,0.1527806818367486,0.5329790830612182,0.13290954740384905,2.0062370701605046,0.003001816718579239
rnn,97,705,5,0.5844518542289734,0.15172491878986552,0.5341834902763367,0.13538354904642252,2.006811845102568,0.0030799261134242563
rnn,97,710,5,0.5879441201686859,0.15143898263584668,0.5372298896312714,0.13687901495175284,2.0062675832059167,0.002357833148260557
rnn,97,715,5,0.5855451047420501,0.1513846374609784,0.5352461814880372,0.13386800260519793,2.005991411756092,0.0024995539053201173
rnn,97,720,5,0.5855754554271698,0.14243252181404134,0.5358838081359864,0.12934005924639053,2.0063631424226465,0.002229574190576883
rnn,97,725,5,0.5928029239177703,0.1540655140938068,0.5406305313110351,0.13812261454578298,2.006013563079196,0.0026638487820736
rnn,97,730,5,0.5870027244091034,0.14260551151722242,0.53645059466362,0.13036177742400687,2.0055920037767128,0.002589339026121125
rnn,97,735,5,0.5902824223041534,0.14999768293148377,0.5365922749042511,0.13271298432609432,2.0057745460811787,0.0025083928679712104
rnn,97,740,5,0.5952323079109192,0.15341971491576095,0.54410200715065,0.13744494917725314,2.0056922752061923,0.002272942355771083
rnn,97,745,5,0.59489825963974,0.15170228757613105,0.5433935463428498,0.13750176841662062,2.0062507375547356,0.0027202579597746385
rnn,97,750,5,0.5892803013324738,0.15413947030405084,0.5321997761726379,0.14042147882414271,2.0066071972752857,0.0031944670203766117
rnn,97,755,5,0.5911023497581482,0.1570985366757087,0.5370173513889313,0.13820925473069753,2.006188198109983,0.002419051652595399
rnn,97,760,5,0.5934406280517578,0.148589296203338,0.5433935523033142,0.13516371851469167,2.0056380951939823,0.003580158954102017
rnn,97,765,5,0.5953537821769714,0.15305971103779453,0.5414098381996155,0.13626849454440976,2.0064407876026236,0.00425703812410187
rnn,97,770,5,0.59769207239151,0.1490019905502325,0.5471484184265136,0.13689370069279275,2.0066308712941376,0.0025700924429099014
rnn,97,775,5,0.6006984412670135,0.15559795771845972,0.5473609626293182,0.13869648613009716,2.005581550173094,0.002713609206400555
rnn,97,780,5,0.600880640745163,0.15219581104757657,0.5461565613746643,0.13769586661192726,2.0062487601446244,0.0030953988112714546
rnn,97,785,5,0.5974794924259186,0.1515980172154759,0.5460148751735687,0.1370029449999514,2.0066585335725344,0.0029479001207770483
rnn,97,790,5,0.6033100545406341,0.15499534627466477,0.5488487422466278,0.13579273971459438,2.00628103260292,0.002843207361287439
rnn,97,795,5,0.6025204956531525,0.1535366547809975,0.5501948237419129,0.13883527848109833,2.0060580094941933,0.003044035475874417
rnn,97,800,5,0.6006073534488678,0.1507655943691712,0.5459440171718597,0.13909532531893212,2.00703851780123,0.0036129321306964746
rnn,97,805,5,0.597023993730545,0.15279181869853437,0.545235562324524,0.13700887154364225,2.0063542382445205,0.0024161150506150277
rnn,97,810,5,0.599787425994873,0.14157745993415913,0.546723335981369,0.1312249690828341,2.006122286564241,0.0035975866911819037
rnn,97,815,5,0.6011843383312225,0.15355861595834425,0.5456606447696686,0.14285754750079477,2.0060513447895314,0.0029967422883154567
rnn,97,820,5,0.6040388584136963,0.15426235320844764,0.5519659996032715,0.13818663679511428,2.0062183763393637,0.0029104426040799797
rnn,97,825,5,0.6066504836082458,0.14833528614699917,0.5529578447341919,0.1351627876820881,2.0066959707586225,0.0035217199663043455
rnn,97,830,5,0.605982381105423,0.14866000684107603,0.5523910760879517,0.1381151548344395,2.006515292053218,0.00378125560808618
rnn,97,835,5,0.6094139099121094,0.15649010910760106,0.5545873165130615,0.13913777611270825,2.006147926224891,0.0031259020033893936
rnn,97,840,5,0.6082295835018158,0.1540340452721133,0.5547289967536926,0.1429908548564636,2.006266835344946,0.002909762380103226
rnn,97,845,5,0.6080473780632019,0.15439803608571975,0.5525327622890472,0.1376810774268686,2.0063650267877406,0.003303499428175327
rnn,97,850,5,0.6066200971603394,0.16015921692794588,0.5534537613391877,0.14072208422626412,2.0057236342423623,0.002000676842671029
rnn,97,855,5,0.6071059703826904,0.16260715382279894,0.5556500196456909,0.1489167036847935,2.005312762203367,0.0013306441138952818
rnn,97,860,5,0.6114788830280304,0.15688097538357634,0.5579879403114318,0.1467543549370525,2.0055725239017237,0.00345696355570723
rnn,97,865,5,0.6121773421764374,0.15818143359124492,0.5601841986179352,0.144212145013403,2.0057949662055714,0.004198208224589345
rnn,97,870,5,0.6038566529750824,0.14181929327804663,0.5482819676399231,0.12625228101333522,2.005899167383814,0.0030966682817137555
rnn,97,875,5,0.61105375289917,0.14747021216084477,0.5540913820266724,0.13117376359243296,2.0058244949757005,0.0035523311742375182
rnn,97,880,5,0.6026116013526917,0.15225077330676803,0.557350343465805,0.13829424205052976,2.0064658461424036,0.0028168179402796585
rnn,97,885,5,0.611782556772232,0.15481123300502178,0.5568544149398804,0.13940637141831272,2.0061197803903807,0.0030415236835928307
rnn,97,890,5,0.6175523817539215,0.15926847829174184,0.5589089512825012,0.1427111811085085,2.006368310107657,0.0035878176297783016
rnn,97,895,5,0.6171879649162293,0.1575154989446077,0.559688264131546,0.14343947020430742,2.006393325371067,0.0032285163431419344
rnn,97,900,5,0.6160340189933777,0.1541149248926445,0.562380439043045,0.14178013847569815,2.0055731922521502,0.0033362754035672574
rnn,97,905,5,0.6197691977024078,0.1603487963031187,0.5665603876113892,0.14591749500916434,2.0060408126589047,0.003294598726935559
rnn,97,910,5,0.617795318365097,0.1570030465031813,0.5596882700920105,0.14317919787634725,2.006070662640071,0.003011979509856847
rnn,97,915,5,0.6154570281505585,0.15636162524359237,0.5587672710418701,0.14362341716758803,2.006519249838071,0.0037846300455485447
rnn,97,920,5,0.6194655120372772,0.15411715332691614,0.56351398229599,0.1399479310365908,2.006721323171261,0.0036358052062774944
rnn,97,925,5,0.6216519892215728,0.15493602472442028,0.5596882700920105,0.13988371515402478,2.0065478408384396,0.004166992489668221
rnn,97,930,5,0.6187974512577057,0.15549788531443504,0.5634431362152099,0.14173454756030152,2.006370158123712,0.003803266211243614
rnn,97,935,5,0.6192225992679596,0.15258129514890842,0.5665603876113892,0.14259555235214244,2.0061624302563916,0.00299335850477779
rnn,97,940,5,0.6216519832611084,0.15553510945782983,0.5691817224025726,0.14329623664214733,2.006171162115077,0.0030054751196456845
rnn,97,945,5,0.6217430830001831,0.1534148379091261,0.565001767873764,0.14067983013166654,2.0064493078220824,0.003298586747221193
rnn,97,950,5,0.6262678325176239,0.15727007952317515,0.5686149537563324,0.14606744762606247,2.0062870412957996,0.003317192925467469
rnn,97,955,5,0.6228363156318665,0.15335081739742973,0.564789217710495,0.1440998720445747,2.0062931126303725,0.004001867125336498
rnn,97,960,5,0.6198299348354339,0.15622802829641713,0.5659936189651489,0.14313634277436557,2.0051014197409613,0.0031157484406082914
rnn,97,965,5,0.6246887266635894,0.15295307001036826,0.5679064750671386,0.13937178434087025,2.0057744108238365,0.003133703231068316
rnn,97,970,5,0.6255390167236328,0.15508700416059362,0.5652142941951752,0.1396228015880494,2.0065671244595977,0.0037377512014882697
rnn,97,975,5,0.6279380559921265,0.1560574587554485,0.567410546541214,0.14265798240549363,2.006041640694408,0.004344661267490421
rnn,97,980,5,0.6284543097019195,0.1572985684505062,0.5708111882209778,0.1451343515552617,2.0062891746411773,0.0032159307791583794
rnn,97,985,5,0.6264196693897247,0.15184449169123646,0.5684732437133789,0.14071000834278072,2.0058381770749016,0.0036263569230858593
rnn,97,990,5,0.6295171558856965,0.15976090400402734,0.5691817104816437,0.14543919472851258,2.006340462570377,0.004584877975250576
rnn,97,995,5,0.6293653249740601,0.15506078443934126,0.5712362706661225,0.14242144189783473,2.006372227422343,0.003918826276381232
rnn,97,1000,5,0.6225326418876648,0.15485256437214523,0.5576337099075317,0.14518033482879183,2.0068840453355303,0.004329147688496818
rnn,97,1025,5,0.6328575789928437,0.15329591912286,0.5755579113960266,0.14122008223192342,2.006139576967507,0.003922128197040666
rnn,97,1050,5,0.6355299115180969,0.15302193688984894,0.5756996035575866,0.14129514416710692,2.005241075118551,0.0022709829582735672
rnn,97,1075,5,0.6384451806545257,0.15763298865881806,0.5738575994968415,0.14559605162911635,2.0059270618044587,0.0033886273609065845
rnn,97,1100,5,0.641330087184906,0.15286059266475951,0.5831385016441345,0.14594002966886876,2.005195924831157,0.0033774783169934013
rnn,97,1125,5,0.6450956523418426,0.15306971812266615,0.5822883427143097,0.1381251055143302,2.0055510805339436,0.003210006043185957
rnn,97,1150,5,0.6387184917926788,0.1519961794870683,0.5759829878807068,0.14673289299726652,2.005911019881993,0.003821712359567838
rnn,97,1175,5,0.6444883108139038,0.15201362565247892,0.5847679674625397,0.13930852384636205,2.0057072109971976,0.004031074222084714
rnn,97,1200,5,0.648466432094574,0.15032941744400136,0.5833510339260102,0.13872384071567684,2.0053962002980947,0.0030924982088115574
rnn,97,1225,5,0.6434254467487335,0.1391338513869448,0.5797378599643708,0.13449354990449525,2.004945326193,0.0037532728335662006
rnn,97,1250,5,0.653568172454834,0.1498105980995814,0.5903648555278778,0.14093638363596095,2.0053770512849116,0.003846400542164557
rnn,97,1275,5,0.6534163355827332,0.15730771979694175,0.592277717590332,0.14616719491562322,2.005023056236285,0.004092866452807412
rnn,97,1300,5,0.6551169157028198,0.14593835223227344,0.5905065536499023,0.13854589862105282,2.0052772515654183,0.004281502027705707
rnn,97,1325,5,0.6534770846366882,0.14596713541287595,0.5944031178951263,0.145117361266096,2.0050732046311803,0.0038662341573352755
rnn,97,1350,5,0.6568478584289551,0.14455138015143945,0.5941905736923218,0.13703706430529458,2.0044672485070754,0.0028041868325343433
rnn,97,1375,5,0.6614637076854706,0.14437919622268333,0.5988664507865906,0.1426617626681956,2.005434289633702,0.004128659602753833
rnn,97,1400,5,0.6525053143501282,0.13828232813041877,0.5914984047412872,0.13178432655584932,2.0043299152868705,0.0032853525289872924
rnn,97,1425,5,0.6643182575702667,0.1413841729885197,0.5987956106662751,0.13738596476393733,2.0044209121741585,0.0037943038542122363
rnn,97,1450,5,0.6691466808319092,0.14513045804226585,0.6031880915164948,0.1422957832156581,2.0048710405502774,0.004035581066083994
rnn,97,1475,5,0.6640145778656006,0.14366029848786935,0.6039673984050751,0.14138137992782523,2.004669225707645,0.0037538075936144914
rnn,97,1500,5,0.6668691158294677,0.144188452100444,0.6048884093761444,0.14093193376116414,2.0042926973175197,0.0033021294424565102
rnn,97,1525,5,0.6659884572029113,0.14224286234051278,0.6031880915164948,0.14093299894477787,2.004329191711432,0.0035330643794212547
rnn,97,1550,5,0.6687822699546814,0.13797480401712417,0.60255047082901,0.13070289317504355,2.00392537743751,0.0036246346471596074
rnn,97,1575,5,0.6704221129417419,0.13929303985880237,0.6069429576396942,0.1410945513755074,2.004731874626442,0.003820157334930543
rnn,97,1600,5,0.6707257807254792,0.147575268646476,0.6078639686107635,0.14525218867162798,2.0043944070820294,0.003296940944839796
rnn,97,1625,5,0.6731248021125793,0.13707652795935518,0.6082890510559082,0.13863156118054806,2.004939990195274,0.003746648553937165
rnn,97,1650,5,0.6728818655014038,0.1291230952953731,0.6058802664279938,0.13457842244580587,2.005083246603026,0.004811919778054438
rnn,97,1675,5,0.6780139684677124,0.13979908295070997,0.6116896867752075,0.14193709627090584,2.004396585087244,0.0035210140107171423
rnn,97,1700,5,0.6760097146034241,0.13556093950040363,0.6113354504108429,0.13846354156331414,2.0042959370643656,0.003508945213724133
rnn,97,1725,5,0.6811418056488037,0.14257373808805307,0.6150903224945068,0.1449803833440268,2.0042586677997685,0.004360703587377775
rnn,97,1750,5,0.6855450987815856,0.14010638280832827,0.614240163564682,0.14267065466919374,2.0038116918590836,0.0032555715618659367
rnn,97,1775,5,0.6781658053398132,0.1402492579567904,0.6110520541667939,0.14462669901069547,2.0043946153020884,0.003553292356352745
rnn,97,1800,5,0.685241413116455,0.13647739962623598,0.616719776391983,0.1413554186450231,2.0048841248443,0.004089911989208028
rnn,97,1825,5,0.681961739063263,0.13121690530574567,0.6158696293830872,0.14013972469583263,2.0041567546973265,0.003959145907934922
rnn,97,1850,5,0.6819313764572144,0.139618245232096,0.6178533256053924,0.14421080334478503,2.0042155746842645,0.003339287201921054
rnn,97,1875,5,0.6878226399421692,0.134165020752856,0.6180658996105194,0.14042659459572865,2.0047833638194534,0.004014497462901441
rnn,97,1900,5,0.6878530263900757,0.13681581489585298,0.61707404255867,0.14020316246321185,2.0048462542058463,0.004365642078017605
rnn,97,1925,5,0.6802611708641052,0.12658024793516623,0.6119730770587921,0.13276905408129983,2.004211856525159,0.003560808384499188
rnn,97,1950,5,0.6852717876434327,0.13814679406486036,0.6191285789012909,0.14196912843366247,2.004066739752724,0.0036761105376174677
rnn,97,1975,5,0.68797447681427,0.12969312486837883,0.6177116513252259,0.13962612275073963,2.0042004714566604,0.004201119265099137
rnn,97,2000,5,0.6811418175697327,0.12008093679479954,0.6095642864704132,0.12427105951447405,2.0039917993275567,0.004520021599662682
rnn,97,2025,5,0.6877011775970459,0.12655237121140078,0.6205455183982849,0.13680470457648378,2.0037194957109596,0.003806133410319242
rnn,97,2050,5,0.6911934375762939,0.13448847269578768,0.618136715888977,0.14220417066166202,2.004092066660218,0.0040346502342750775
rnn,97,2075,5,0.6943212866783142,0.13640503110205596,0.6259298682212829,0.1448187413422562,2.0040651858377254,0.0037529847252269952
rnn,97,2100,5,0.6924992561340332,0.1355432106839855,0.6198370516300201,0.13855572067610297,2.0044465878304982,0.003499923492386059
rnn,97,2125,5,0.6962648153305053,0.1356356806379359,0.6252213954925537,0.14181340499434883,2.0038446699827372,0.0034655663138296565
rnn,97,2150,5,0.6974187731742859,0.13754020469733078,0.6242295444011688,0.1428972474120232,2.003693730253702,0.0036633032911311887
rnn,97,2175,5,0.6969025254249572,0.12808147953413382,0.6257881641387939,0.13818646469809698,2.0035885090523355,0.003939566574304581
rnn,97,2200,5,0.6974491477012634,0.1351794680915185,0.6275593400001526,0.13992220809833825,2.0042533059593888,0.003265136886994007
rnn,97,2225,5,0.6989978790283203,0.13361308414290843,0.6315267324447632,0.14238570839022838,2.0038095189743204,0.003492734892276924
rnn,97,2250,5,0.6865472316741943,0.1338132126800358,0.6229542911052703,0.14282768109864244,2.00367967001449,0.00324085524457446
rnn,97,2275,5,0.7004555106163025,0.1327416533468912,0.6281969487667084,0.1400929342952097,2.003748304170128,0.0036622458897071887
rnn,97,2300,5,0.7026116013526916,0.13538121397016473,0.6332270503044128,0.14028201022539755,2.003804346028875,0.003676280221543448
rnn,97,2325,5,0.7023686647415162,0.13754879916488724,0.6306057393550872,0.1420236910813699,2.003354341392768,0.0031763835905654087
rnn,97,2350,5,0.70048588514328,0.1310120226792753,0.6308891117572785,0.13783831348533437,2.0039440364813714,0.003640018937950701
rnn,97,2375,5,0.6994533777236939,0.12838867649755645,0.6339355289936066,0.13765649715085201,2.00425466944382,0.004298088509789401
rnn,97,2400,5,0.7061038732528686,0.13613383712853683,0.6328728258609772,0.14045903841224622,2.0036812318361976,0.0033814719518898122
rnn,97,2425,5,0.7078955292701721,0.13371147550387663,0.6341480612754822,0.13947686171171295,2.0038696681968005,0.004230112304072904
rnn,97,2450,5,0.7096568465232849,0.13567408808548115,0.6373361587524414,0.13911811699583856,2.0039603777674246,0.00395919125440566
rnn,97,2475,5,0.7105071306228637,0.13191145578874056,0.6355650007724762,0.14090696371510208,2.0032154146093952,0.00320100954435961
rnn,97,2500,5,0.7094139099121094,0.13029940686093916,0.6372653245925903,0.1367601328809418,2.003858523699878,0.0034267991863792396
rnn,97,2525,5,0.714546000957489,0.13052587685869313,0.6405951023101807,0.1412463331861051,2.0033406869360846,0.0034776143645232874
rnn,97,2550,5,0.7089887619018554,0.1254788722272463,0.6412327289581299,0.13651845640537502,2.004044827312069,0.0038388153763014624
rnn,97,2575,5,0.7079259157180786,0.12488890796054786,0.6354941427707672,0.13520084148281428,2.0027341223900375,0.0032178484734418458
rnn,97,2600,5,0.7191922187805175,0.13056343989455915,0.6442082703113556,0.13834617669346735,2.003723320651582,0.003660284291335869
rnn,97,2625,5,0.7150622487068177,0.1324725827302993,0.6408784806728363,0.1368521579455631,2.0036128132730906,0.0036848123480284632
rnn,97,2650,5,0.718949270248413,0.12817017979211962,0.6437831938266754,0.13528772713091727,2.003604900127219,0.00333495983251282
rnn,97,2675,5,0.7130276203155518,0.12831696477096374,0.6385405540466309,0.13899657598653256,2.003321905693335,0.0037448057161414195
rnn,97,2700,5,0.7173701763153076,0.13288952113939426,0.6425788223743438,0.1391581590919949,2.0034724891200644,0.003241095804440911
rnn,97,2725,5,0.7194047808647156,0.13043175419654074,0.6408784985542297,0.13647479965331594,2.003400349810836,0.0035439432391802
rnn,97,2750,5,0.7234436631202698,0.12476154562697783,0.6458377420902253,0.13288612855909054,2.0034640114648914,0.0031183660659700406
rnn,97,2775,5,0.7200121402740478,0.13186856029967614,0.6464753746986389,0.1373705261505859,2.0034383382048726,0.003579662645269654
rnn,97,2800,5,0.7210446357727051,0.1234471425492064,0.6448458969593048,0.13602104301436704,2.003622303382321,0.003324370944173899
rnn,97,2825,5,0.7255694031715393,0.12324880049773537,0.6484590828418731,0.13500431253025713,2.003645515046397,0.0033699656100159357
rnn,97,2850,5,0.7318554639816284,0.12691349132202265,0.6494509220123291,0.13718898576933913,2.0034467483026717,0.0033584087598585548
rnn,97,2875,5,0.7294260501861572,0.12600373650875474,0.6495217740535736,0.13709590019096513,2.0028989414482736,0.002970222689859803
rnn,97,2900,5,0.7330397725105285,0.12631973289532772,0.6515763223171234,0.1364139010790079,2.003214978122041,0.0032295216293214968
rnn,97,2925,5,0.7313088297843933,0.11879184224194811,0.651718020439148,0.12931069392040356,2.0031247664691807,0.0036024320309355896
rnn,97,2950,5,0.734892201423645,0.12466313084941634,0.6542685091495514,0.13518064544346195,2.003099244701931,0.0030703065229928848
rnn,97,2975,5,0.7329182982444763,0.12575822490649566,0.6531349658966065,0.13610513810887837,2.003304467632182,0.0029715143845606227
rnn,97,3000,5,0.7415730357170105,0.128243919955269,0.657102370262146,0.1363468363646368,2.003266995747331,0.003106062331383292
rnn,97,3025,5,0.7337382316589356,0.12188272434746013,0.6527807116508484,0.13226050016175847,2.003041623655627,0.0032051872324411626
rnn,97,3050,5,0.7398117184638977,0.12460525732731423,0.654551887512207,0.13474957639637014,2.0030562457007868,0.003119959373121061
rnn,97,3075,5,0.7348010897636413,0.12849719657727623,0.654622745513916,0.13711451969053856,2.0028229197138367,0.00270601100832957
rnn,97,3100,5,0.7404494404792785,0.12707789968584446,0.6562522172927856,0.1323518345280191,2.002800529681877,0.0027889826017062033
rnn,97,3125,5,0.7418766975402832,0.12343829033155791,0.6541976690292358,0.1330203909022711,2.0030964646549725,0.0033204117687208753
rnn,97,3150,5,0.7439720630645752,0.12018439859808899,0.6590860724449158,0.13002996747291712,2.0027673974551936,0.002639627455588242
rnn,97,3175,5,0.7430002927780152,0.12175545642328815,0.6561813831329346,0.13099239915493752,2.0029112372981146,0.003154925030103285
rnn,97,3200,5,0.7451563835144043,0.12104525411913772,0.6602904677391053,0.13289383763499765,2.0031252864762408,0.003113762374213478
rnn,97,3225,5,0.7435165405273437,0.1207140681643155,0.6580942153930665,0.13074546048186914,2.003334989677642,0.0029465742398414115
rnn,97,3250,5,0.7488004922866821,0.12499129973446309,0.6643995642662048,0.1357550930476438,2.002687362070799,0.0025311359511645793
rnn,97,3275,5,0.7506528973579407,0.12064107725667303,0.6605738401412964,0.1310948075528173,2.002942015235515,0.0028609388338702952
rnn,97,3300,5,0.7536289095878601,0.11743628952148846,0.6641870379447937,0.13079142335107866,2.0027548702831415,0.00267425193955569
rnn,97,3325,5,0.7504099607467651,0.1160256753399861,0.6642578721046448,0.13036315860823286,2.002556964789471,0.002674144005249019
rnn,97,3350,5,0.7559975624084473,0.1203544563153226,0.667304277420044,0.13259614846027862,2.002607730629596,0.0026830295718704854
rnn,97,3375,5,0.7557546257972717,0.11875644045189977,0.6668083429336548,0.13163312323805634,2.002916012518792,0.002782603428750298
rnn,97,3400,5,0.7537200212478637,0.12319206035799637,0.6658873438835144,0.1358169488052764,2.0027110234453933,0.0027408432403622676
rnn,97,3425,5,0.7569693326950073,0.11737183348545886,0.6690046072006226,0.13166578805483112,2.002631698952219,0.00265350378589541
rnn,97,3450,5,0.7619495868682862,0.12124082331834334,0.6687212228775025,0.13406924929816677,2.0029527213764338,0.002582764762106703
rnn,97,3475,5,0.760491955280304,0.12288297826037306,0.6687212109565734,0.13341693021926274,2.00258198275061,0.0024708258136675646
rnn,97,3500,5,0.7634072184562684,0.1196477212776469,0.6710591554641724,0.13012573185307746,2.0024988271683815,0.002540533148566166
rnn,97,3525,5,0.7645611882209777,0.11905020477000094,0.6722635507583619,0.13140194614346626,2.0025692496215486,0.0024751354396483757
rnn,97,3550,5,0.7635286808013916,0.12014731709939558,0.6717676043510437,0.13252805251041122,2.0025563467980865,0.0023101681786380315
rnn,97,3575,5,0.7649863243103028,0.11671590447989502,0.6716259121894836,0.12659260321142485,2.002345585938337,0.002423326024385467
rnn,97,3600,5,0.7682052731513977,0.11753765437419454,0.6736804723739624,0.13002220978159965,2.0022438568381467,0.0023786925922207177
rnn,97,3625,5,0.7667780160903931,0.11755079775298435,0.6740347146987915,0.12880486694203008,2.002428385979973,0.0024052265027819674
rnn,97,3650,5,0.7705132007598877,0.12074481220668876,0.6769394159317017,0.13161344301596672,2.0024346021631243,0.002432973400708942
rnn,97,3675,5,0.7695414543151855,0.11324310756899536,0.6775770306587219,0.1269181710262711,2.002446609795802,0.00222734971194362
rnn,97,3700,5,0.7696325421333313,0.11484975999444302,0.6767977118492127,0.12837433576126425,2.0022810404934583,0.0020730557905607482
rnn,97,3725,5,0.7719708442687988,0.1143139056889172,0.6773645043373108,0.1254261125983815,2.00230832394759,0.002228147624791554
rnn,97,3750,5,0.7752809047698974,0.11872505140090622,0.6815444588661194,0.12965559206582297,2.00207779798597,0.002177112516244449
rnn,97,3775,5,0.7761919140815735,0.11313861073202482,0.6815444469451905,0.12588612826327517,2.002386091723954,0.0019605671632926965
rnn,97,3800,5,0.7791071891784668,0.11451650703584679,0.6821820735931396,0.12708660446488634,2.002141465388574,0.0022689379192353696
rnn,97,3825,5,0.7773762583732605,0.11612259758569278,0.683032238483429,0.12778720241799688,2.0019919988936117,0.0019238825610980769
rnn,97,3850,5,0.7789857268333436,0.11047186901281933,0.6812610745429992,0.1204758092616683,2.002046441402743,0.0019186865623646483
rnn,97,3875,5,0.7824172496795654,0.11236815268199021,0.6857952356338501,0.12615199754904008,2.0020898059171794,0.0019683270157752233
rnn,97,3900,5,0.7836926817893982,0.11222757646787047,0.6871413230895996,0.12646701314030942,2.002115546348581,0.002071267703053141
rnn,97,3925,5,0.7849073767662048,0.11239567266475116,0.6862911701202392,0.12545244099449038,2.002029591345928,0.0020333439409282016
rnn,97,3950,5,0.7855147123336792,0.1117153563505468,0.6897626519203186,0.12372433624887949,2.001931478690267,0.001783014157570487
rnn,97,3975,5,0.7878530144691467,0.1124210662166268,0.6889833450317383,0.12360424851772002,2.002066137256661,0.0019879656450222842
rnn,97,4000,5,0.788885521888733,0.11081843708277782,0.6905419707298279,0.1253025679468604,2.0019966093192223,0.0019559281779751156
rnn,97,4025,5,0.7906468152999878,0.11088897428019123,0.6912504315376282,0.12316557633060445,2.001901508128492,0.001783411022878682
rnn,97,4050,5,0.791193425655365,0.11018076074709224,0.6914629697799682,0.1219099650718399,2.0019299278834812,0.001880233002101084
rnn,97,4075,5,0.7922562956809998,0.11148368773789072,0.6922422766685485,0.1225586079279157,2.001902713548778,0.001793178929522757
rnn,97,4100,5,0.7933191537857056,0.10803329661338916,0.6948636054992676,0.12236626854704978,2.001942882341342,0.0018016797627384868
rnn,97,4125,5,0.793774676322937,0.10929177810389556,0.6938717603683472,0.12203454830007614,2.001823511078786,0.001791578682712602
rnn,97,4150,5,0.7955359935760498,0.10734691951827063,0.6956429123878479,0.12480055382746008,2.0019033607629657,0.0018754024499286301
rnn,97,4175,5,0.79720618724823,0.10957502489389585,0.6960679888725281,0.12247245888656748,2.0018197239425457,0.0018051038093825035
rnn,97,4200,5,0.7980564713478089,0.1072442283958803,0.6965639233589173,0.12137035056242709,2.001709891864874,0.001993884154477655
rnn,97,4225,5,0.7965988397598267,0.10424582956867878,0.696280550956726,0.11902564191861725,2.0017983250612246,0.001657642615642353
rnn,97,4250,5,0.799088978767395,0.10784913077972999,0.6976266384124756,0.12284959539606863,2.001793435235795,0.001679120879488921
rnn,97,4275,5,0.8003644108772278,0.1077723182952678,0.6993269443511962,0.12054687316875008,2.001641536842762,0.001676417196110934
rnn,97,4300,5,0.8006073474884033,0.10358667904604674,0.6981934070587158,0.11950341087265932,2.0016478218872473,0.0016520774029555932
rnn,97,4325,5,0.8013665318489075,0.1074954648778653,0.6984767913818359,0.12080370764242244,2.001603665288095,0.0016753270608374532
rnn,97,4350,5,0.8018524050712585,0.10530107397443364,0.7009564280509949,0.12198621168378489,2.001759095979244,0.0018004881012182814
rnn,97,4375,5,0.8047676920890808,0.10603400752040282,0.7016648769378662,0.12329687766067228,2.00158189664599,0.0016838093966386656
rnn,97,4400,5,0.8058305501937866,0.10544734724351137,0.7035068988800048,0.12209483786441461,2.001719864439341,0.0016270605838389818
rnn,97,4425,5,0.8075007438659668,0.10658638905967853,0.7030818223953247,0.12320831187158397,2.001608200263747,0.0015728176471233165
rnn,97,4450,5,0.8080170035362244,0.10469100323195302,0.7050655126571655,0.12072713532947638,2.0016588939580076,0.0016717664524691994
rnn,97,4475,5,0.8088672757148743,0.10499210727977065,0.7057031393051147,0.12261772799960889,2.0016213385315784,0.0015912282842861867
rnn,97,4500,5,0.8093228101730346,0.10422845400619568,0.7046404480934143,0.11899843092799285,2.001625049012546,0.001659682826991392
rnn,97,4525,5,0.8121773481369019,0.10280102132862738,0.7063407659530639,0.12196247233071283,2.00161523244843,0.001584001594375765
rnn,97,4550,5,0.8132402062416076,0.10461110992485452,0.7076868534088134,0.12315430744654109,2.001569364718451,0.0016346845549613756
rnn,97,4575,5,0.8135438919067383,0.10307460642445763,0.7086078643798828,0.1210769045047109,2.0015931668080893,0.0016649421297392955
rnn,97,4600,5,0.8140904903411865,0.10262403197166502,0.7087495565414429,0.12095424014471602,2.0015768487291212,0.0016514249632858216
rnn,97,4625,5,0.8149104118347168,0.10275617758121992,0.7090329527854919,0.12167598887732001,2.001504109916073,0.0015256897490369366
rnn,97,4650,5,0.8168843030929566,0.10200609378120597,0.7097414135932922,0.12115667024234045,2.001522225704222,0.0015745047962760106
rnn,97,4675,5,0.817764937877655,0.10153792301757002,0.7108041048049927,0.12043211353218546,2.001464298916602,0.0015238721023533512
rnn,97,4700,5,0.8183115482330322,0.10140923425339925,0.7117251038551331,0.12100349919763316,2.001444878091276,0.0015172590538462692
rnn,97,4725,5,0.819374430179596,0.10236389963156203,0.7130711913108826,0.12207762149345963,2.001431653260856,0.001587481946395408
rnn,97,4750,5,0.8207409620285034,0.10218277829460598,0.7145589828491211,0.12227595759407058,2.0014781386197216,0.0015476098346693067
rnn,97,4775,5,0.8216216206550598,0.10259373903490132,0.7127878069877625,0.12108280261096326,2.0014381792832387,0.0014778418590017377
rnn,97,4800,5,0.8222289681434631,0.10085743673923779,0.7134962797164917,0.12239366577692103,2.0014113403975964,0.0015054110070249023
rnn,97,4825,5,0.8238384485244751,0.1012536594797779,0.7139213562011719,0.12006087098038518,2.0014273173919177,0.0014928949123070314
rnn,97,4850,5,0.8251442432403564,0.10076053911275804,0.7156216740608216,0.12190802273040754,2.001280708502663,0.0013256696255400876
rnn,97,4875,5,0.8260552763938904,0.10035150628941605,0.7147715091705322,0.1201665924705829,2.00133556076715,0.0014051320005952007
rnn,97,4900,5,0.8268448233604431,0.10082441076530496,0.716826069355011,0.1200080861845312,2.0013666040460882,0.0014341210017602038
rnn,97,4925,5,0.8267233490943908,0.10001520078090033,0.7163301348686218,0.11855341437929726,2.0013445907707785,0.001471196221530615
rnn,97,4950,5,0.8290920257568359,0.09909660300352952,0.716684365272522,0.12027568683543606,2.0012652476163284,0.00134330759948333
rnn,97,4975,5,0.8289098143577576,0.09939793594270784,0.716896915435791,0.11842075509976674,2.001320384534446,0.0014391450644017328
rnn,97,5000,5,0.82936532497406,0.09953710978459504,0.7174636840820312,0.1192888922593048,2.0012850134773217,0.0014462714024978316
rnn,97,5025,5,0.8301548719406128,0.09909433086534482,0.7178179144859314,0.11849045701629493,2.0012424151628982,0.0014016753904067048
rnn,97,5050,5,0.8317036271095276,0.09918188797832893,0.7185263872146607,0.11803421264873158,2.001223103013864,0.0013801775967763662
rnn,97,5075,5,0.8321287512779236,0.0989252842366532,0.7188806176185608,0.11755378467558696,2.0012493557261006,0.0013911051937757473
rnn,97,5100,5,0.8330397725105285,0.0983012367843025,0.7204392433166504,0.11819961094914958,2.001226521145027,0.001368804190254602
rnn,97,5125,5,0.834193742275238,0.09862166098556396,0.7209351658821106,0.11749660229177136,2.001229468221373,0.0013905395329609034
rnn,97,5150,5,0.8350136518478394,0.09873031965879663,0.7211477041244507,0.11772785220089155,2.001232098524408,0.00138895248781293
rnn,97,5175,5,0.8355602860450745,0.09780827939279517,0.7224229454994202,0.11877420574684554,2.001221140972325,0.0013797709887038274
rnn,97,5200,5,0.8362283706665039,0.09774679331818535,0.7218561768531799,0.11894834108366949,2.0012195884661073,0.001365833081483138
rnn,97,5225,5,0.837200129032135,0.09722666357132848,0.7223520874977112,0.11783918081414226,2.00117042785789,0.0013104064997214975
rnn,97,5250,5,0.8377771019935608,0.09738464140587905,0.7231314063072205,0.118430888412521,2.001181138011591,0.0013132370350571105
rnn,97,5275,5,0.8392650961875916,0.09726692706580863,0.7232022523880005,0.11836836006548168,2.001154848920857,0.0013064498304618218
rnn,97,5300,5,0.8395687699317932,0.09721315291465789,0.7234147906303405,0.1189182722204564,2.00117259527527,0.0013075917632356816
rnn,97,5325,5,0.8400850176811219,0.09686189041622707,0.7237690210342407,0.11833968142972537,2.0011555945047657,0.0012687495452144727
rnn,97,5350,5,0.8406012654304504,0.0966951349667012,0.7243358016014099,0.11903033190659552,2.001160133301761,0.0012810688158371739
rnn,97,5375,5,0.8413908243179321,0.09661528767641742,0.72440664768219,0.1180223764999497,2.0011654227517783,0.0012445102540016904
rnn,97,5400,5,0.8421196460723877,0.0972287927131103,0.7238398671150208,0.11743819381398864,2.001142588989956,0.001254967825418397
rnn,97,5425,5,0.8425447940826416,0.09653510019166595,0.7253276586532593,0.11829307257917288,2.001151318388362,0.0012439409621045148
rnn,97,5450,5,0.8432736039161682,0.09608443080781306,0.7248317241668701,0.11742505361347913,2.0011408335613536,0.0012265359498086566
rnn,97,5475,5,0.843911325931549,0.09623934134126787,0.7256819009780884,0.11805096489396188,2.001125400333339,0.0012056010737139275
rnn,97,5500,5,0.8446097731590271,0.09581774957557956,0.7258944392204285,0.11797781246397497,2.0011666149855456,0.0011672240908227173
rnn,97,5525,5,0.8453689575195312,0.09590175448961862,0.7258236050605774,0.11702753147900077,2.001123594349258,0.0011831235753044784
rnn,97,5550,5,0.8457029938697815,0.09576286897456762,0.7258235931396484,0.11725222315813691,2.0011139800140407,0.0011487098955662728
rnn,97,5575,5,0.8460066795349122,0.09522649289837148,0.7262486815452576,0.11754304880826821,2.001093385252721,0.001136423600092072
rnn,97,5600,5,0.8466444134712219,0.09533274564085391,0.7261069774627685,0.11737800795586285,2.0010864860405198,0.0011470185845728915
rnn,97,5625,5,0.8471606373786926,0.09488101125842419,0.7266029119491577,0.11676491640724847,2.001054003403875,0.0011483829706809663
rnn,97,5650,5,0.847555410861969,0.09534640865348905,0.7266737580299377,0.11709656259311735,2.001064763873728,0.0011374256784608973
rnn,97,5675,5,0.8477983593940734,0.09520983309597526,0.7265320658683777,0.11760510894897748,2.001046972071377,0.0011207816535720636
rnn,97,5700,5,0.8481627702713013,0.09500927820545131,0.7265320539474487,0.11768270547130774,2.0010480317260906,0.0011032318679982244
rnn,97,5725,5,0.8485271692276001,0.09472834182831143,0.7263903617858887,0.11763114064821587,2.0010380563201546,0.0010788798357127792
rnn,97,5750,5,0.848739743232727,0.09495968029814073,0.7268154501914978,0.11772891799229353,2.0010396917478674,0.0010787175286090841
rnn,97,5775,5,0.8490130543708801,0.09504870864884961,0.7270988345146179,0.11759833350052978,2.001023144552464,0.0010504004411823749
rnn,97,5800,5,0.8493471026420594,0.09483375757514001,0.7267446041107177,0.11771911181831864,2.0010208086416683,0.001034287744231329
rnn,97,5825,5,0.8499848127365113,0.09476845054486997,0.7266737461090088,0.11790417204458735,2.00101938187703,0.0010405941553008797
rnn,97,5850,5,0.8503795862197876,0.09462106702606506,0.7267445921897888,0.11732753209691978,2.0010114293764136,0.0010231412338749133
rnn,97,5875,5,0.8507439970970154,0.09458401332562717,0.727169668674469,0.11743972098955827,2.0010129465103446,0.0010076802360103481
rnn,97,5900,5,0.8511387705802917,0.094594319946163,0.727027976512909,0.11804961920461411,2.001023674530016,0.001031796306442156
rnn,97,5925,5,0.8518979668617248,0.0942316539421783,0.727523922920227,0.1174712388382589,2.0010175971152964,0.0010207224719617906
rnn,97,5950,5,0.8523534774780274,0.09409784992596565,0.7275947690010071,0.11745564241329225,2.001025780328673,0.0010278727809756424
rnn,97,5975,5,0.8524142146110535,0.09396308508775655,0.7278072953224182,0.11776281069542799,2.001035715501578,0.0010301026317200313
rnn,97,6000,5,0.8526875138282776,0.093907703997598,0.7278781414031983,0.11729619518476263,2.001043206929665,0.0010166015439426789
rnn,113,0,5,0.051376146823167754,0.013575192867133021,0.05251892209053035,0.014964694583769018,6.8541579512641615,1.4285071138177332
rnn,113,1,5,0.0425822332501411,0.012505418570242692,0.04369616135954854,0.011506884440325766,6.821435555144892,1.4267374168764653
rnn,113,2,5,0.04515551589429374,0.013319721554591631,0.046149827539920765,0.014441030873294737,6.807026712089166,1.4191546276397253
rnn,113,3,5,0.0487133596092462,0.01948682076771508,0.04917775988578794,0.019437070147346025,6.771800472786265,1.3917100710730597
rnn,113,4,5,0.05003356449306008,0.018354319467930133,0.049960843846201856,0.018510579153080124,6.715905042069096,1.3476003339417941
rnn,113,5,5,0.05088386721909044,0.01945673364094956,0.050274077057838394,0.018928251820316447,6.6514537705124015,1.304161598490535
rnn,113,6,5,0.0507943622767925,0.019171504545950863,0.05022187121212478,0.01855194273942472,6.578638314478726,1.2592853284390142
rnn,113,7,5,0.05016782358288761,0.01800943485267528,0.04891672953963276,0.016395619405320888,6.492926485026372,1.2087959323131243
rnn,113,8,5,0.049832178652286487,0.01441944026119845,0.0496476091444492,0.01246311594775614,6.387571233749112,1.1518758196303363
rnn,113,9,5,0.047952562570571844,0.011378059190234635,0.04865570142865178,0.009913240991729898,6.26139940427875,1.0926704211602902
rnn,113,10,5,0.0489147469401359,0.011762609947817826,0.04902114197611804,0.010259115947531684,6.1182653658044455,1.0356020752713997
rnn,113,11,5,0.051667041331529565,0.014080543842244702,0.051474809646606404,0.013610325780243347,5.964204111487987,0.9818473348602232
rnn,113,12,5,0.05464309751987452,0.016760372436348335,0.053406419605016665,0.016017238373861226,5.804472833402314,0.930170008819831
rnn,113,13,5,0.055403893440961784,0.01797356854707779,0.054398326575756016,0.017453415546486297,5.644008145827468,0.8793719967591894
rnn,113,14,5,0.05511300116777416,0.019112093800693855,0.0540850926190614,0.018875804202482086,5.486375040691108,0.8303794781017803
rnn,113,15,5,0.05531438812613484,0.018512237361674216,0.054554943740367845,0.018111875500588192,5.3330621250110415,0.7858832239981366
rnn,113,16,5,0.05553815364837642,0.018314928127597645,0.05460714958608146,0.01773687705565345,5.183753949749149,0.7488150666650394
rnn,113,17,5,0.054732602834701494,0.017740136341017988,0.053719652444124175,0.01714104305122106,5.0377907542257185,0.7213127772900254
rnn,113,18,5,0.052584471553564015,0.016139902836636785,0.05131819322705265,0.015507155298072442,4.894993359674869,0.7040598009662047
rnn,113,19,5,0.05148802883923048,0.015244574602680045,0.04902114123105998,0.013848537450069707,4.755984770214516,0.6969929238799838
rnn,113,20,5,0.05124188847839828,0.015658863949561196,0.049021141976118045,0.013595298126151803,4.621654808228683,0.6995486907657381
rnn,113,21,5,0.0522264506667852,0.017076081890487874,0.049908637627959204,0.014258222472687885,4.49285761090005,0.7107691035077354
rnn,113,22,5,0.053367644920945125,0.017645084472827737,0.05079613476991648,0.014832296403930642,4.369977454383747,0.7295893147923299
rnn,113,23,5,0.05437458045780654,0.017909834180792974,0.0524145126342773,0.015844879611729527,4.252756270342114,0.755557891851894
rnn,113,24,5,0.05488923899829382,0.01789106016734725,0.05335421413183208,0.016204380611680818,4.140989325623066,0.7875387887645745
rnn,113,25,5,0.054978742823004675,0.017999700778149195,0.05366744883358472,0.016829353035897082,4.034733202385207,0.8234378057571322
rnn,113,26,5,0.05435220561921592,0.018167182002568776,0.05324980281293388,0.01689340069892919,3.934167739534414,0.8605047031451115
rnn,113,27,5,0.05352427959442137,0.017435379800979332,0.05210127606987948,0.016681943341784477,3.8393617882114897,0.8961776719798703
rnn,113,28,5,0.0528306115418672,0.016122521310272267,0.05116157419979568,0.01604634985228656,3.7503481560764933,0.9285745746160983
rnn,113,29,5,0.0525173425674438,0.015219758259943207,0.05090054646134372,0.015205888075883352,3.6669401991308783,0.9570941084324864
rnn,113,30,5,0.05258447192609306,0.014607546279576923,0.0507961347699165,0.014627611013274245,3.5888576141203585,0.9820084545080381
rnn,113,31,5,0.053054374828934624,0.014672826681688733,0.051631426066160155,0.014486960954300592,3.515687561885481,1.0037759162579691
rnn,113,32,5,0.054038936272263485,0.015298181595367492,0.052153483405709244,0.01390377802098698,3.447029206416912,1.0225521082476723
rnn,113,33,5,0.054575967043638166,0.015180185914174629,0.05288436263799662,0.0133004186449664,3.382288856216827,1.0377823196697316
rnn,113,34,5,0.054732603952288586,0.014786913151808806,0.05335421487689011,0.013343890024375854,3.3206983056701027,1.0483992079027016
rnn,113,35,5,0.054933989793062146,0.014319565744404576,0.05309318453073496,0.013158783729045114,3.261272777723698,1.053011079360622
rnn,113,36,5,0.05491161346435543,0.013420786812116694,0.05298877358436578,0.012718273283260592,3.202943809362702,1.0503749515930016
rnn,113,37,5,0.05441933348774908,0.012064735274495307,0.053510830551385814,0.011458524227013045,3.1445160111387893,1.0397864769500167
rnn,113,38,5,0.05439695790410035,0.011706339374552616,0.05366744846105572,0.01119474377557646,3.0850463992878288,1.021180377871927
rnn,113,39,5,0.0546654738485813,0.01201040120978233,0.05460714921355242,0.01070598525852318,3.0239491176855617,0.9950448882652516
rnn,113,40,5,0.055739539861679045,0.012320828791673911,0.05492038428783412,0.010144239211377835,2.9612732059367626,0.9622703534716289
rnn,113,41,5,0.056455583870410865,0.01238850969100902,0.05539023578166957,0.00976050923878869,2.897559856238516,0.9240295850177892
rnn,113,42,5,0.05710449889302246,0.012114692066454505,0.05575567483901974,0.009077261589339034,2.833923641615987,0.8814275262695539
rnn,113,43,5,0.057686284184455816,0.011049033680953137,0.05648655444383616,0.007731465601186657,2.7716223577263857,0.8355083299639938
rnn,113,44,5,0.058268070220947224,0.009624897874710922,0.05726964026689526,0.007282178772158041,2.711872887701267,0.7870566500411151
rnn,113,45,5,0.05873797386884681,0.008732162754567667,0.05773949250578876,0.007185161510834754,2.6556419411119867,0.7367797766182953
rnn,113,46,5,0.05907361954450602,0.008442448122238152,0.0585225768387317,0.0072700040849907,2.603809283314973,0.6851988349772055
rnn,113,47,5,0.059856791794300035,0.008665609634469608,0.05836595892906182,0.007530567702591794,2.557132616427213,0.6329479379589489
rnn,113,48,5,0.059901544451713515,0.00953447317145338,0.0584703721106052,0.008028481800080488,2.5160745723958486,0.5805472844222218
rnn,113,49,5,0.05965540483593936,0.010448950661221198,0.05862698778510088,0.009428872460144252,2.480972292101284,0.5286942324618861
rnn,113,50,5,0.06021481379866593,0.010765510118916695,0.058365960419177965,0.009464935745244032,2.45146060671766,0.47805968062150966
rnn,113,51,5,0.06122175008058543,0.010648895350756341,0.059149045497179,0.010012407002008238,2.4265305181035557,0.42945301092836496
rnn,113,52,5,0.0620049245655536,0.010568957023564633,0.05993212908506388,0.010051458866885332,2.4043917988294936,0.3838519561073212
rnn,113,53,5,0.06345938816666599,0.009889495628174613,0.060767421126365614,0.009014745185476455,2.3829759020889094,0.34219833599245986
rnn,113,54,5,0.06424256116151802,0.009791547195367295,0.06170712411403654,0.008856908214596277,2.3605421646246922,0.305396254631011
rnn,113,55,5,0.06495860442519183,0.009735842989287914,0.062176974862813886,0.008965481196359053,2.336076344675366,0.2741704462131211
rnn,113,56,5,0.06558514386415479,0.010107335687708816,0.06285564973950382,0.00952199378475201,2.3094076765323295,0.2485263861338971
rnn,113,57,5,0.06562989652156824,0.011290814706195073,0.06358652859926218,0.009717132680484271,2.2809977771657266,0.22752245824519468
rnn,113,58,5,0.06592078730463977,0.012365449776475492,0.0635343231260776,0.01054277067939416,2.2517591206488587,0.20942185331249658
rnn,113,59,5,0.06636831760406492,0.013227492602810854,0.06400417387485502,0.011024241457021862,2.222687638090002,0.19244453912975593
rnn,113,60,5,0.06686059683561321,0.01333780082084743,0.06473505273461337,0.010950757749023281,2.1947262355531603,0.17553193991999272
rnn,113,61,5,0.06757663935422895,0.013391982330183802,0.06557034477591513,0.010870197845947952,2.1685145037846687,0.15883436439817797
rnn,113,62,5,0.06871783658862107,0.013051248692262544,0.06630122438073154,0.01052401182791162,2.1440654024252828,0.14350714840118398
rnn,113,63,5,0.06970239430665967,0.01323638352241151,0.06703210324048994,0.010537599760510934,2.1210371779081916,0.13095555512446255
rnn,113,64,5,0.07048556804656977,0.013606415891149089,0.06750195473432538,0.0110692660354985,2.0990849685633384,0.12210585998652038
rnn,113,65,5,0.07142537608742709,0.014743933350545293,0.06812842339277264,0.011743380321512195,2.0782573172050682,0.11656836747564381
rnn,113,66,5,0.07178339734673497,0.015670370264489402,0.0687026865780353,0.012531269313353651,2.0592239801902146,0.1131126997541484
rnn,113,67,5,0.07189527973532672,0.01619673006307353,0.0683894515037536,0.01339790584750409,2.042739018228024,0.10999167240950063
rnn,113,68,5,0.0719400323927402,0.01628966732316954,0.06828504130244249,0.01347473203445542,2.0293363336065595,0.10569423931417216
rnn,113,69,5,0.07267845273017878,0.016771196999512062,0.0689637146890163,0.013931926754603903,2.0190820394380697,0.09907392973636753
rnn,113,70,5,0.07341687232255932,0.017141562208132944,0.06964238807559008,0.014140660955364015,2.011573717723652,0.09013622489319012
rnn,113,71,5,0.07379727214574809,0.0173764090624777,0.07037326768040653,0.014333528486670374,2.006271006187211,0.07960343700148619
rnn,113,72,5,0.07507272437214849,0.01847067465962374,0.07204384878277774,0.015136272396117931,2.0025151284219422,0.0689306176427329
rnn,113,73,5,0.07576639056205745,0.01944128616302873,0.07199164405465122,0.016182080179135843,1.999779630555399,0.05950165924547392
rnn,113,74,5,0.07643768265843384,0.02047046508318379,0.07230487838387487,0.017191254620581724,1.9979215404975033,0.05233649780416219
rnn,113,75,5,0.07699709236621854,0.021677293672146918,0.07308796271681782,0.01838352000266096,1.9974448446528996,0.048094164887801404
rnn,113,76,5,0.077220856398344,0.022349979012910706,0.0735056079924106,0.01928132839603062,1.9987917461720222,0.046374009132560505
rnn,113,77,5,0.07764600664377208,0.022749875885447444,0.07418428286910053,0.019859960766974116,2.0021754783246477,0.045901241333889904
rnn,113,78,5,0.07838442623615258,0.023052223396831575,0.07449751794338222,0.02051491018666462,2.0068911420157742,0.04546444489710092
rnn,113,79,5,0.07863056585192676,0.023222210313110718,0.07444531172513957,0.02062405453694351,2.0116461132471337,0.04488779726658968
rnn,113,80,5,0.07934661284089084,0.023873790032108395,0.0753850139677524,0.021199945750932894,2.014964018804304,0.04460640091667826
rnn,113,81,5,0.07983889132738108,0.024188043704828976,0.07585486397147174,0.02170196658188979,2.015762222709303,0.04490422004039691
rnn,113,82,5,0.0799731500446796,0.024371041980006915,0.07585486620664594,0.021800641949739095,2.014087958340048,0.045251894069588176
rnn,113,83,5,0.07999552562832828,0.024265598629565743,0.0762725107371807,0.022471500887672313,2.0108936277569884,0.044863266162758396
rnn,113,84,5,0.08046543002128598,0.024382082969225963,0.07632471695542332,0.022858701446664458,2.007742529252856,0.04302881048919283
rnn,113,85,5,0.08055493459105487,0.024190165588600918,0.0763247169554233,0.022490596020391072,2.005901154209601,0.040007640280866064
rnn,113,86,5,0.08091295659542076,0.02441799319925178,0.07689897939562793,0.02247620106288355,2.0058850317107724,0.03659206764521757
rnn,113,87,5,0.08104721456766126,0.024666408884220177,0.07710780352354044,0.022981328747206074,2.0072262972578954,0.034199828718626965
rnn,113,88,5,0.08098008483648297,0.02478560652775981,0.0773166254162788,0.023367804051773654,2.008844850189598,0.03334230227330048
rnn,113,89,5,0.08084582686424249,0.025194988181941574,0.07726441696286197,0.02351430055568309,2.009759830106604,0.03319719642489544
rnn,113,90,5,0.08071156963706014,0.025379874558599864,0.07716000676155084,0.023257618840927075,2.009811410467065,0.033166795192711145
rnn,113,91,5,0.08098008707165713,0.025063209980664254,0.07716000676155085,0.022947948227937203,2.0097312131325493,0.03324029212635064
rnn,113,92,5,0.0811814725399017,0.025258502069523573,0.07716000899672504,0.022898906883730686,2.0106808340663704,0.03363339600254071
rnn,113,93,5,0.0816513776779174,0.02576581039149558,0.07747324034571641,0.023520385095962555,2.01324656689843,0.03430184935303123
rnn,113,94,5,0.08187514096498484,0.026401796492070067,0.07815191671252246,0.024534314467945788,2.017267388637161,0.0348374843491928
rnn,113,95,5,0.08234504535794251,0.02737701180507998,0.07836073860526081,0.025292431288073163,2.0216653870049797,0.03489556335370144
rnn,113,96,5,0.0829268299043178,0.02786469078490753,0.07867397442460056,0.02619638720092065,2.025277109469366,0.034431874796185404
rnn,113,97,5,0.08377713337540624,0.028578028974130615,0.07919602841138837,0.02621393613589601,2.0273208714614457,0.033772831765336374
rnn,113,98,5,0.08449317812919613,0.028700738936425357,0.07956146895885462,0.02645700715868502,2.027870246575701,0.033093169949150084
rnn,113,99,5,0.08532110378146165,0.028697379983431436,0.08039675801992412,0.02695489915263897,2.0275156842533657,0.03213412241392423
rnn,113,100,5,0.08623853325843807,0.028981762974815254,0.08117984533309933,0.02730587121773116,2.0269821981143368,0.030710340366560868
rnn,113,101,5,0.08688744753599166,0.02936729198061612,0.0817541070282459,0.027647706104511116,2.0265606555586175,0.02878914340248916
rnn,113,102,5,0.08760349228978156,0.029625249311774137,0.08227616623044008,0.02816532119947357,2.026118492519674,0.02660693831166057
rnn,113,103,5,0.08802864253520962,0.02990830218086137,0.08274601697921749,0.028428142848242327,2.025221877695133,0.024903743999646944
rnn,113,104,5,0.08984112963080404,0.030862361553038505,0.08384233489632602,0.02895263240694941,2.023758497499296,0.023754129437338442
rnn,113,105,5,0.09142985045909878,0.031664778831917754,0.08572174012660976,0.029790194238565684,2.0221051371154677,0.022607654688648164
rnn,113,106,5,0.09283956363797186,0.03286208412739397,0.08692246973514553,0.03065667618573758,2.0207674791620933,0.02073458149000535
rnn,113,107,5,0.09411501660943028,0.03383398594373937,0.0877055555582046,0.03150722582584547,2.0200160692822573,0.018036345690529736
rnn,113,108,5,0.09507719799876206,0.0349190946026972,0.08859305232763284,0.03277783359801806,2.0199762504538343,0.015044992781964266
rnn,113,109,5,0.09577086791396136,0.03560735764071284,0.08942834436893463,0.03378861550519517,2.020257834968467,0.012574026406190127
rnn,113,110,5,0.09700156748294828,0.0367782551060801,0.09010702073574062,0.03434801179529226,2.020579815502287,0.01122832121911979
rnn,113,111,5,0.09850078299641606,0.0379268434829946,0.09177759885787957,0.035300946726630526,2.020814445533886,0.010777250905290192
rnn,113,112,5,0.09982098862528796,0.03916722919487493,0.09329156577587122,0.03649668757035643,2.020885840122685,0.010049877364327647
rnn,113,113,5,0.10085030421614642,0.04029607830469912,0.09454450309276574,0.037743848821282636,2.020793986251209,0.008623581983725556
rnn,113,114,5,0.10149921774864193,0.04087841960348233,0.09459670931100841,0.03773039616930026,2.0205458822604307,0.007177828033562508
rnn,113,115,5,0.10205862820148463,0.04152335128577933,0.09485773593187327,0.037848043882983975,2.020112088912743,0.006513941373786468
rnn,113,116,5,0.10246140286326404,0.042061136106687526,0.09537979438900943,0.03845880311942602,2.01939276816743,0.006623939268593802
rnn,113,117,5,0.1031774468719959,0.042564717230341796,0.09584964439272876,0.038763561388933734,2.0186436495574447,0.006657304417101612
rnn,113,118,5,0.10400537252426145,0.043184630222519386,0.0961628787219524,0.03878956504617897,2.0179757273352683,0.006079115951469088
rnn,113,119,5,0.10431864187121387,0.043310752146468554,0.09626729190349577,0.03864429199931228,2.0173676280623036,0.0052254643359704225
rnn,113,120,5,0.10445290058851238,0.04338150368315335,0.09652832001447674,0.03881713372803265,2.0169313132823987,0.004598078317297214
rnn,113,121,5,0.10487805157899852,0.04351676554155872,0.09663272872567172,0.038978285206501345,2.016648515010233,0.0042246842431111304
rnn,113,122,5,0.10507943779230111,0.04362656480079649,0.09652831852436058,0.038994451160403294,2.0165826048446345,0.0036982225208866803
rnn,113,123,5,0.10512418970465658,0.043447671597382366,0.09668493419885632,0.03892983200159648,2.0168027065158447,0.0031401759202735135
rnn,113,124,5,0.10543745905160899,0.04352711833907593,0.09689375758171077,0.03875960434688998,2.017057030075795,0.0033146830001716827
rnn,113,125,5,0.10537033155560489,0.04311716960660496,0.0973636113107204,0.038484216434454425,2.0172801421649593,0.004096851166093773
rnn,113,126,5,0.10566122457385059,0.043106075812940944,0.09783345982432362,0.03864649101121228,2.017249613811274,0.004574754305871283
rnn,113,127,5,0.10550459027290338,0.042639611082287775,0.09772905185818666,0.038570698651403,2.016967192867148,0.004697920661499829
rnn,113,128,5,0.10588498786091802,0.04270477744761891,0.09762463793158525,0.03862691763707429,2.0166996432577977,0.004840896954609903
rnn,113,129,5,0.1062430083751678,0.04269510175307162,0.09809448719024652,0.03880615923339046,2.016385236503245,0.005458679595730109
rnn,113,130,5,0.10631013959646222,0.042668182094169955,0.09809448868036268,0.03843124071470398,2.016021181405173,0.006084801087442062
rnn,113,131,5,0.10707093402743335,0.042783654680996465,0.09851213395595546,0.03842999846812003,2.0154858823663635,0.006555649025195563
rnn,113,132,5,0.10738420411944385,0.042860417613768395,0.09934742376208303,0.038962636481242964,2.014955101999368,0.006750683010611683
rnn,113,133,5,0.10801074057817459,0.04320476485702624,0.09986948445439334,0.03947644392239961,2.014690746451854,0.007186209536125243
rnn,113,134,5,0.10859252810478208,0.04354472704339036,0.10039154067635532,0.03961557111502864,2.01450662719105,0.007913528244474066
rnn,113,135,5,0.10935332477092741,0.04394789985181185,0.10086138844490047,0.04006535625571076,2.014498667122475,0.008208776514328189
rnn,113,136,5,0.10989035740494726,0.0443844907299295,0.10164447575807567,0.040698510328983716,2.014440122744417,0.00826118192768907
rnn,113,137,5,0.11080779060721395,0.04501994483201051,0.10274079740047451,0.04152059333529373,2.0141459248899474,0.008239700356512501
rnn,113,138,5,0.11230700388550752,0.04648165334392608,0.10441137626767154,0.042713457928820725,2.0138986996373176,0.008391235946727008
rnn,113,139,5,0.11378384828567503,0.04797977567285016,0.10592534467577933,0.0442373531190459,2.0138087850511917,0.008348672751467707
rnn,113,140,5,0.11530544236302369,0.04931405509040856,0.1069172509014606,0.045074331308850996,2.01360289461712,0.008096435323207595
rnn,113,141,5,0.11660326868295665,0.05037550781937006,0.10770033523440356,0.0454435441678659,2.0132715698968697,0.0075004528978972135
rnn,113,142,5,0.11689416021108623,0.05037326737448236,0.10848342180252071,0.04588706357244422,2.012891186162995,0.007029638954873671
rnn,113,143,5,0.11722980663180346,0.05023771967304621,0.10827459767460819,0.04475339832406368,2.0128269204883744,0.0065887689531667105
rnn,113,144,5,0.11801298335194584,0.049978353833130554,0.10853562802076336,0.04428392192374049,2.012888084814633,0.006255232388519326
rnn,113,145,5,0.11868427023291583,0.0498983904155435,0.10910988971590992,0.04442547755322576,2.0129004587794874,0.005689577597850593
rnn,113,146,5,0.11966883316636082,0.04986151520707703,0.10999738425016399,0.04455358546622713,2.0128327104439,0.0049996709120532145
rnn,113,147,5,0.12040725275874134,0.050053434238003035,0.11093708947300907,0.04461716257542681,2.012822186534259,0.004725936166770515
rnn,113,148,5,0.12154844775795932,0.05019410691626105,0.11182458400726311,0.04550385292239492,2.0129911281982076,0.004529399822862474
rnn,113,149,5,0.12336093112826343,0.05035010303175647,0.11271208226680751,0.0457669298596239,2.012979116263219,0.0041753695858007716
rnn,113,150,5,0.12486015260219567,0.050646223782545054,0.11422604769468303,0.04622031716814498,2.0128084558388393,0.003751410631646949
rnn,113,151,5,0.12588946446776386,0.05079820728042691,0.11506133601069449,0.04603708437851775,2.012617504702763,0.0034577905441116703
rnn,113,152,5,0.1272096678614616,0.05087611342736374,0.11589662507176395,0.046351843393484034,2.012619450875115,0.003336328045673504
rnn,113,153,5,0.1278585851192474,0.05090596375656209,0.11673192158341403,0.046785808582523354,2.012513617535415,0.0033119629909376153
rnn,113,154,5,0.12844037041068074,0.05102536396161561,0.11709735989570613,0.04637484546093214,2.0123559955141133,0.0032462362173420987
rnn,113,155,5,0.12913404107093807,0.050861560178398525,0.11803705841302867,0.046773789052285936,2.0123257624990454,0.0032630626247607325
rnn,113,156,5,0.12949206009507175,0.05057342174306928,0.11876794025301929,0.046737578641111846,2.0123791295417064,0.0035292756641280825
rnn,113,157,5,0.13011859729886052,0.05065715894690622,0.11955102533102031,0.047402721287692566,2.012294903236378,0.0037289805231542155
rnn,113,158,5,0.1309017710387706,0.05118157768526424,0.12059514448046678,0.04739194204300936,2.012169975102698,0.003764300067896062
rnn,113,159,5,0.13177444562315938,0.05149564344665058,0.12200469151139255,0.047982607853304014,2.0120588120992506,0.004021437184735056
rnn,113,160,5,0.1329156436026096,0.0521945347278483,0.12273557260632513,0.047561430327517966,2.0119196638304784,0.004194778677387595
rnn,113,161,5,0.13385545313358302,0.05271574619919154,0.1231532163918018,0.048041430070650724,2.0117645531612665,0.004289049613121701
rnn,113,162,5,0.13463862240314478,0.05321717590500025,0.12430174499750132,0.04869961082150249,2.0115201346458575,0.0041337186104356775
rnn,113,163,5,0.13575744479894636,0.053504718960830686,0.12471939027309413,0.04850123426925651,2.0114967813514433,0.004532716769470107
rnn,113,164,5,0.1365182369947433,0.05394245080912201,0.12581571266055103,0.048964581919508365,2.0111644419021304,0.004351694528636299
rnn,113,165,5,0.1369210138916969,0.05464798046863291,0.1259201183915138,0.04924714996600855,2.011652690676014,0.004565487668569159
rnn,113,166,5,0.13795032575726504,0.05545176739830235,0.12628556340932842,0.04963365184045374,2.010772726888926,0.004195358042463121
rnn,113,167,5,0.1385321125388145,0.0550478273936648,0.12618115022778506,0.049183812752897786,2.0119627978646473,0.005064176946172995
rnn,113,168,5,0.13998657464981074,0.055648340451346624,0.12738187983632082,0.04955726500870046,2.010802525237642,0.004023715497104361
rnn,113,169,5,0.1408145040273666,0.05624668278811326,0.127747318893671,0.04975095185674052,2.011359399052119,0.004135542462527558
rnn,113,170,5,0.14119490087032316,0.056655705184727186,0.1275384962558746,0.04928380091246897,2.0111247977594893,0.004284287950741195
rnn,113,171,5,0.1421347081661224,0.05683899117776497,0.12842599451541897,0.04911637148151968,2.011017220823446,0.004281604164562439
rnn,113,172,5,0.14300738871097557,0.05753993703476827,0.12905246168375012,0.04962273699486392,2.010011274890921,0.003695328626697207
rnn,113,173,5,0.1438800677657127,0.05817587701635622,0.12931348830461498,0.049137380754630235,2.0121671665024103,0.004973261603099815
rnn,113,174,5,0.14466323852539056,0.05837033225570099,0.13119289502501483,0.049856636680725507,2.0098898357008976,0.0031088344275330155
rnn,113,175,5,0.14542403519153593,0.05903135118751661,0.13072304502129553,0.049592451002003456,2.01028707981357,0.0034455558320707113
rnn,113,176,5,0.14734840244054787,0.06006018640898809,0.13239362686872477,0.050568627186280656,2.0119011482548315,0.00464837811361832
rnn,113,177,5,0.14799731671810146,0.060355949796547195,0.13442964702844615,0.05131184349852471,2.0101144729927976,0.0033362006990521062
rnn,113,178,5,0.14826583266258236,0.060591453460879935,0.13463847041130061,0.05136539727358033,2.0100833635906996,0.003477345545820976
rnn,113,179,5,0.14898187816143033,0.060765113333187196,0.13521273583173749,0.0518764080014132,2.011243252497681,0.004393596456243851
rnn,113,180,5,0.14947415739297862,0.061208575272004795,0.1367789044976234,0.05266762163780385,2.010244596525228,0.00369519419739381
rnn,113,181,5,0.14989931285381308,0.0610788574564126,0.13604802340269087,0.05206074693716507,2.0097363188279944,0.0036899471108648558
rnn,113,182,5,0.1504587188363075,0.06113667162770588,0.13750978708267206,0.05232412695576961,2.0105256106637244,0.004122400764122316
rnn,113,183,5,0.1507048577070236,0.060960367726766905,0.13777081072330472,0.05284630096477155,2.0101242922400813,0.004079976455029033
rnn,113,184,5,0.15137614756822582,0.06126974421426507,0.13829286843538283,0.052138561761433895,2.009694336967642,0.003588767853023327
rnn,113,185,5,0.1517789229750633,0.06108086596385574,0.13871051222085948,0.05213797295612424,2.009959696194753,0.004057559732147641
rnn,113,186,5,0.15211457014083857,0.06095557090859172,0.1386583089828491,0.0521199338502206,2.0100601896529904,0.004062268799784503
rnn,113,187,5,0.15267397910356517,0.06104232534107234,0.13959800899028776,0.0523501644527843,2.00971611611016,0.003630512744338427
rnn,113,188,5,0.1530767515301704,0.06107383279372118,0.14043329954147335,0.05272774343000788,2.0093197982604165,0.0037521194260240576
rnn,113,189,5,0.1537032917141914,0.061279370037410914,0.14001565575599667,0.05198255420912558,2.0100396832027814,0.003861026874742528
rnn,113,190,5,0.15359141081571576,0.060517608487923126,0.14132080078124995,0.05262737272601662,2.009567682804238,0.0037087832656661395
rnn,113,191,5,0.15477736145257945,0.06077546730237197,0.1426259413361549,0.05221991497803646,2.008777361643175,0.0032465973632769744
rnn,113,192,5,0.1553367674350738,0.06145332473082363,0.14361785054206846,0.051560681777263376,2.0102027559081685,0.004002295281165588
rnn,113,193,5,0.15685836225748057,0.06304033773953154,0.14513181447982784,0.05384498731211118,2.0090027306440073,0.0033502645148246833
rnn,113,194,5,0.15793242454528805,0.06321624765087765,0.1458626955747604,0.054300315380263815,2.0090331208661034,0.003431446489079397
rnn,113,195,5,0.15815618932247158,0.06280696825636384,0.14586269557476036,0.053503319450177764,2.009633556502892,0.0037042541689933186
rnn,113,196,5,0.15907362252473828,0.06277157409957299,0.1474288627505302,0.05382201298463163,2.0089236965695476,0.0034398232137503562
rnn,113,197,5,0.1600581809878349,0.06334714460181318,0.1482119500637054,0.0541696594198231,2.009121244659074,0.003353504932464865
rnn,113,198,5,0.1602595686912536,0.06314492318724427,0.148420774936676,0.0539674657248136,2.0089041657757636,0.003432691115705233
rnn,113,199,5,0.1616916552186012,0.06400015678995329,0.1496737107634544,0.054531395489730745,2.009499966791681,0.00373857864452956
rnn,113,200,5,0.1621839344501495,0.06408909587188773,0.1499869421124458,0.05415273978178398,2.0080893582748502,0.0024458110283817037
rnn,113,205,5,0.16641306877136228,0.06709057766073907,0.15458104312419887,0.05709945585121436,2.0103690383552943,0.0073986779977130435
rnn,113,210,5,0.1686059549450874,0.0677177788485936,0.15672148019075388,0.05903041575208284,2.0107442309936316,0.006245222852517258
rnn,113,215,5,0.17610203921794887,0.06823293451023499,0.16272513121366497,0.05912124534679425,2.00784720240386,0.008170438203971972
rnn,113,220,5,0.1840008974075317,0.06599723761644229,0.16935524940490718,0.05774023455033834,2.008011035782948,0.005523784130962939
rnn,113,225,5,0.18952786028385163,0.06439284432441993,0.1743670016527176,0.0555849605888189,2.0074548455652192,0.004755921344831258
rnn,113,230,5,0.19747147709131235,0.0628555555130492,0.18037065565586086,0.05500365136793684,2.0072702048273077,0.003486950295514564
rnn,113,235,5,0.2032669514417648,0.05925997230120014,0.18663533926010129,0.05209136634275932,2.0075405250893334,0.0030914094691953135
rnn,113,240,5,0.2093533277511596,0.05661726771011124,0.192952224612236,0.048070849531801726,2.0071677060188238,0.004861601252565116
rnn,113,245,5,0.2165585190057754,0.05468217545683018,0.20114851593971247,0.04649809743046071,2.008327673805646,0.003252637366363283
rnn,113,250,5,0.22136943936347958,0.05438083570301416,0.20746540427207946,0.04679454810953518,2.0058104013092,0.007319243018428932
rnn,113,255,5,0.22817185521125788,0.05166438395019263,0.2136256784200668,0.043979461755183996,2.007804845545468,0.0016609215061435603
rnn,113,260,5,0.23595882952213282,0.04914320484830058,0.22150873839855195,0.04317816013700852,2.0090743295410087,0.005434306028867012
rnn,113,265,5,0.2418885737657547,0.048753731425063174,0.22657268345355983,0.04250156693756843,2.007062189037664,0.008294960065370421
rnn,113,270,5,0.24857910275459286,0.050995759782090797,0.2324197262525558,0.04418117036361525,2.00901574461954,0.002750225578683221
rnn,113,275,5,0.25670172870159147,0.054754166905326265,0.24045940637588498,0.047694477352853405,2.006401834464887,0.0034857170343940347
rnn,113,280,5,0.2645558387041092,0.056369567421329925,0.2475593745708465,0.04789377926463704,2.0079264748823293,0.0021217698828951068
rnn,113,285,5,0.2736853897571564,0.059955024763780236,0.2563299268484115,0.052046541734328586,2.0070460351370913,0.001415234443221267
rnn,113,290,5,0.27965988218784327,0.0632299092969684,0.2612894743680954,0.054585850801063984,2.0062063693380416,0.002798245060400365
rnn,113,295,5,0.28527635633945464,0.06646349831422609,0.26823282837867735,0.05716243178071192,2.0077388248050827,0.002222551701128488
rnn,113,300,5,0.293398979306221,0.06841941943934998,0.275646036863327,0.05834788751545231,2.007139689826777,0.004318308917250782
rnn,113,305,5,0.30022377073764794,0.06889590739108879,0.28060557246208184,0.058339713381349884,2.007571896431542,0.0035950077751480793
rnn,113,310,5,0.30465429127216337,0.06880460618884836,0.2845732063055038,0.06036713201894308,2.0073063459156124,0.0013089644265038432
rnn,113,315,5,0.3125755250453949,0.07330662300550213,0.2918298006057739,0.06541172325917191,2.0065136033012068,0.0023334422717931447
rnn,113,320,5,0.3197583377361297,0.07630281360920635,0.2994518280029297,0.06889405653752971,2.0068514746326658,0.0039207607753303265
rnn,113,325,5,0.3253748089075088,0.0787177098900403,0.30441136956214904,0.07076938159130466,2.006779988798219,0.002501180481295659
rnn,113,330,5,0.33454912602901454,0.0844375374045616,0.313756188750267,0.07787358484685758,2.0072669104833,0.0017100740319715964
rnn,113,335,5,0.33893489241600033,0.08209191098630544,0.3150613337755203,0.07797282455193344,2.00793056867927,0.0014189326165364793
rnn,113,340,5,0.34611770510673523,0.08311309807325927,0.3224745392799377,0.07937251726134249,2.0064962245533406,0.0017444935516692012
rnn,113,345,5,0.3530543744564056,0.0834366270966166,0.33020098209381105,0.08009363337767766,2.006458857441519,0.001840526002028379
rnn,113,350,5,0.3566569805145263,0.08222895436732242,0.3338553786277771,0.08044886418268837,2.007515990381303,0.0031000454550053147
rnn,113,355,5,0.36267622113227843,0.08613945787268593,0.33933697938919066,0.08613226763166093,2.006948702132335,0.0018963769472569107
rnn,113,360,5,0.36753189563751215,0.08641525327789958,0.34408769607543943,0.0882695762135046,2.0062292858884097,0.0014238936787545277
rnn,113,365,5,0.37236518859863277,0.08541439696957588,0.34889061450958253,0.0872558780766376,2.006359125636357,0.003101272787697701
rnn,113,370,5,0.37637056112289424,0.08599297834293163,0.3525972187519073,0.08711497915972302,2.0066418054193678,0.0028739238254278415
rnn,113,375,5,0.38576863408088685,0.09028568620193703,0.35927954912185667,0.09115623349226824,2.008604611097588,0.0018201915294695154
rnn,113,380,5,0.3884761810302734,0.09449075386708569,0.3614721894264221,0.09168945452227771,2.007034641755538,0.0012942409711332046
rnn,113,385,5,0.39351086616516107,0.09326355976237138,0.36648393273353574,0.08929328219244101,2.0050371377061023,0.0030447683919284786
rnn,113,390,5,0.40006713271141053,0.09418046930492982,0.3744714081287384,0.09213946501230369,2.004946757019788,0.0037119204853261617
rnn,113,395,5,0.402506160736084,0.0960688139041269,0.3739493489265442,0.09418546117993871,2.006370898309273,0.003696609291783751
rnn,113,400,5,0.40895055532455443,0.09811182026395601,0.3783868312835693,0.09766696516192427,2.008336514065779,0.0024431231236104758
rnn,113,405,5,0.4162676274776459,0.1014802509429781,0.3875228226184845,0.10206073070305212,2.0099918722091994,0.007726130886309365
rnn,113,410,5,0.41877378821372985,0.09983310866857276,0.3911772191524506,0.09811484882094607,2.0031031547562685,0.00647115964080776
rnn,113,415,5,0.42340569496154784,0.10256090567968332,0.39190810918807983,0.09955859682202735,2.008444351795732,0.003997837493247836
rnn,113,420,5,0.4248377799987793,0.10663085492827289,0.39869484305381775,0.10787497529870696,2.0052381795299765,0.006949967606353018
rnn,113,425,5,0.43137167692184447,0.10798942081272941,0.4045418858528137,0.10870297725619826,2.009050100041127,0.0028491497150334518
rnn,113,430,5,0.43002909421920776,0.1107841264959532,0.40548158884048463,0.10972119219932698,2.0049657783933403,0.0054776811737338085
rnn,113,435,5,0.43517566919326783,0.1146385893503103,0.40850951075553893,0.11456933862660518,2.007558541588673,0.002599413283432585
rnn,113,440,5,0.4423808455467224,0.1149697777049772,0.4152962565422058,0.11417764438896263,2.0049386516670338,0.004750723980679466
rnn,113,445,5,0.4421794593334198,0.1101651308875293,0.41613154411315917,0.11102769934125387,2.0073709582523636,0.0027843182080914274
rnn,113,450,5,0.4471693992614746,0.1187501722551191,0.419368302822113,0.11902119209520899,2.0050302244935234,0.004578659548194841
rnn,113,455,5,0.45292012095451356,0.1193044415582718,0.42396239638328553,0.11968849741758399,2.0060240849826707,0.0015773582931172666
rnn,113,460,5,0.4567241072654724,0.1244352457670067,0.42699033617973325,0.12334007962709985,2.0058397738291447,0.0021107440264164735
rnn,113,465,5,0.45849183201789856,0.12127841656667734,0.4300182580947876,0.12275743560909179,2.0062319890311295,0.003165528679245939
rnn,113,470,5,0.45840234160423277,0.11566931725632562,0.42881752252578736,0.11666808574163998,2.0056598874124854,0.0019631509247526554
rnn,113,475,5,0.46166927814483644,0.1205236267308977,0.43262853622436526,0.12675915001385168,2.005981497295859,0.002433096044502979
rnn,113,480,5,0.46426493525505064,0.12453808458729924,0.4316366374492645,0.1270582142906976,2.0063523629036353,0.002409534205538873
rnn,113,485,5,0.46882972717285154,0.1248321723884524,0.43946748971939087,0.13070081834156708,2.00627049284451,0.002200524793300252
rnn,113,490,5,0.473394501209259,0.12672794833449966,0.4423910081386566,0.12928228922649726,2.0053444581065945,0.002835180713124613
rnn,113,495,5,0.4799955368041992,0.1293166064983661,0.44766377210617064,0.13122294897020428,2.0052221628285185,0.002742280778574842
rnn,113,500,5,0.47782503366470336,0.1248357516138766,0.4459931969642639,0.12830266247276548,2.0057387896081984,0.0016221244815283133
rnn,113,505,5,0.48382189869880676,0.13068736968701983,0.4503784775733948,0.1327493945800866,2.0066737819899343,0.002155705509471558
rnn,113,510,5,0.48711122274398805,0.128246452515433,0.45528581738471985,0.13233606609796789,2.005078802765547,0.004278372426060574
rnn,113,515,5,0.48688746690750123,0.12320979831259823,0.4529887557029724,0.12421739855535932,2.0070750404788775,0.0023841781428534025
rnn,113,520,5,0.4886328160762787,0.12768064953270356,0.45747844576835633,0.13065021742534358,2.007577327385789,0.0034052907086825177
rnn,113,525,5,0.49111658334732056,0.11977709814415519,0.45674756169319153,0.1261910293430927,2.0065197126102254,0.0029147087044512515
rnn,113,530,5,0.4960170090198517,0.12628459152341553,0.46243799328804014,0.1306614408835222,2.003940450673767,0.007560203764154115
rnn,113,535,5,0.5057954788208008,0.13373483089020843,0.4708953142166138,0.13663124987448266,2.0077256680562194,0.00425650774582418
rnn,113,540,5,0.5085701584815979,0.13525269058608427,0.47355780005455017,0.13752772596640356,2.0058381380261054,0.001929959069016564
rnn,113,545,5,0.5110539317131042,0.13462179773688546,0.47695117592811587,0.13400276020762167,2.0036769593146775,0.005385766150008125
rnn,113,550,5,0.5112553179264069,0.1297370000153867,0.47669014930725095,0.13318789157408498,2.008199642513912,0.003280846299809253
rnn,113,555,5,0.5121951282024384,0.13053640075754408,0.4794570505619049,0.1364957209445504,2.0057448888672598,0.0025217782047183006
rnn,113,560,5,0.5174088180065155,0.13653559470838936,0.48279820680618285,0.1373334125406658,2.0055429232040174,0.0017087964555883206
rnn,113,565,5,0.520541512966156,0.13532055307745053,0.4837901175022125,0.13586745278046425,2.0072043777264557,0.0013925604276258953
rnn,113,570,5,0.517722088098526,0.13529852287977384,0.48243277072906493,0.13453292195765387,2.005101715943188,0.0047187461503960535
rnn,113,575,5,0.5279928386211395,0.1396437136971056,0.49094229340553286,0.14261369078223768,2.0074701246678015,0.003006674710250195
rnn,113,580,5,0.5251734256744385,0.13265316674450775,0.48812317848205566,0.1341260801963407,2.0046655584750206,0.004307235071715965
rnn,113,585,5,0.5284180104732513,0.13810081470265095,0.49501433968544006,0.1391986184023087,2.0064054382684864,0.0025060064685939716
rnn,113,590,5,0.5282613635063171,0.13979190019726012,0.49391801953315734,0.1395897594867732,2.0076546311757277,0.0017229066057835307
rnn,113,595,5,0.5294473052024842,0.13677735933528937,0.4947533130645752,0.1369288360632081,2.0065652399324128,0.0026469680030263986
rnn,113,600,5,0.5360259652137757,0.14393653346551877,0.5031584143638611,0.14835851409386502,2.0056779779268763,0.0021646597005479337
rnn,113,605,5,0.5348623871803284,0.13999375608120834,0.5004437208175659,0.14429553654050203,2.0056960877810748,0.0022063631730441175
rnn,113,610,5,0.5423360943794251,0.14177492492649196,0.5061341524124146,0.1447109128753232,2.006194656913281,0.0020881743706489073
rnn,113,615,5,0.5433654129505158,0.13954395554685498,0.5044635713100434,0.13937825799977743,2.006214912560437,0.002119531503443864
rnn,113,620,5,0.5460282087326049,0.14014086567225087,0.5078047394752503,0.1458666373461374,2.005769826787371,0.001866339111544105
rnn,113,625,5,0.5447303593158722,0.13777990423355732,0.506708413362503,0.14032705777197904,2.0057742687464133,0.001962988306064496
rnn,113,630,5,0.5433654189109802,0.1336457854657109,0.5075959146022797,0.13850388845691197,2.0063805306941407,0.0012807876122422162
rnn,113,635,5,0.5435444235801696,0.1349026469101187,0.5086400210857391,0.13804884434230222,2.0048960036343653,0.00405331141984736
rnn,113,640,5,0.5495636761188507,0.13874135497490872,0.5147480845451355,0.1441132354936026,2.0027405673076353,0.006218871086594013
rnn,113,645,5,0.5523159623146057,0.14258210614547273,0.5159488201141358,0.14769282069127593,2.0071342511380728,0.003536465534814593
rnn,113,650,5,0.5505706071853638,0.137697051742614,0.5126076459884643,0.1396847745080642,2.007295011936419,0.0028076294956776654
rnn,113,655,5,0.5580890774726868,0.14752988926607824,0.5253458499908448,0.15596440570365744,2.0031519733238334,0.007172418631254726
rnn,113,660,5,0.5540836989879608,0.14024342025182152,0.5194466054439545,0.14440123847230185,2.007338542045423,0.004759596676065768
rnn,113,665,5,0.556231826543808,0.13838094697461867,0.5215348303318024,0.1455788881453285,2.0032473468046916,0.004156071188851925
rnn,113,670,5,0.5608189761638641,0.14019773670933844,0.5252936363220215,0.14593213220919804,2.006596112503331,0.0013296371447555197
rnn,113,675,5,0.5600358128547669,0.14467839709075264,0.5252414345741272,0.1482666146390173,2.0060303990337576,0.002047529238995515
rnn,113,680,5,0.5639964282512665,0.1425551584406998,0.5287914156913758,0.14901996527734687,2.0053627057943695,0.0031407520389362697
rnn,113,685,5,0.5681808054447174,0.15237684580677804,0.5286870062351227,0.15251184348952732,2.006499679579626,0.0025533290890510612
rnn,113,690,5,0.5653390109539032,0.14081308843310758,0.5286347925662994,0.14427817975433194,2.005589210418095,0.001655745911207738
rnn,113,695,5,0.5612665176391601,0.14740579642165444,0.5264943718910218,0.145827199819102,2.0050115470312027,0.0028796021600256466
rnn,113,700,5,0.5643544495105743,0.13918742131017717,0.5288436412811279,0.14135191122623814,2.0052134615082267,0.0018927024449740177
rnn,113,705,5,0.5543969690799713,0.11862624051548974,0.5199164569377899,0.12523646491993032,2.0051201636779235,0.0013552517113550795
rnn,113,710,5,0.5596554160118103,0.12571623410091246,0.5242495238780975,0.13198500378040162,2.005378400167909,0.002570618250632776
rnn,113,715,5,0.5631013810634613,0.13502542678241108,0.5302531778812408,0.13977940459258684,2.0049743982836516,0.0030569169913865065
rnn,113,720,5,0.5671514987945556,0.14221337861355973,0.5348994910717011,0.14631318813690763,2.005364188852017,0.0030966697800519833
rnn,113,725,5,0.5722756862640381,0.14838492531950978,0.5334899246692657,0.14753711348602216,2.0058559866318557,0.0009688459875849466
rnn,113,730,5,0.5711121082305908,0.1373577102719419,0.5340641975402832,0.14003331407378716,2.006191269982302,0.0022911795835177003
rnn,113,735,5,0.5739762902259826,0.14375668626353133,0.5376663923263549,0.14416043723764735,2.0059026296589852,0.002768684555597575
rnn,113,740,5,0.5748489797115326,0.1475808830873189,0.5398590385913848,0.1492534383793586,2.005100185548744,0.0035322738871321597
rnn,113,745,5,0.5726113319396973,0.14005838584960903,0.536622279882431,0.14174703292413193,2.0036383404381763,0.0034642629486002826
rnn,113,750,5,0.574781847000122,0.14230467497456858,0.5399634420871735,0.14227757168480326,2.0035877281262024,0.004070686397436947
rnn,113,755,5,0.5760796785354614,0.14326726204317822,0.5394935846328736,0.14481049573353802,2.0037451088189764,0.004462527400791186
rnn,113,760,5,0.5799283981323242,0.15014545392706366,0.5418950498104096,0.14899203213502324,2.0045187166241845,0.003584854741517346
rnn,113,765,5,0.5807115733623505,0.14527988172570291,0.5432523965835572,0.14919977850864447,2.008240270911714,0.004731519727806703
rnn,113,770,5,0.5803759217262268,0.14123951283087824,0.5442443132400513,0.14654661594094692,2.0040851191684332,0.003633846641833021
rnn,113,775,5,0.577646017074585,0.13256123448118862,0.5414774060249329,0.13625993359658461,2.004476825136058,0.004266689517168113
rnn,113,780,5,0.5824569463729858,0.1350359197017644,0.5457582533359527,0.1400919628838338,2.007629017610461,0.004723481994661378
rnn,113,785,5,0.5853211045265198,0.14818564863244635,0.5487862050533294,0.1485680310348068,2.00306413220705,0.004368654515967897
rnn,113,790,5,0.5803759336471558,0.14171417521995375,0.5430435717105866,0.14478946251407895,2.0069192918099192,0.004341150065402303
rnn,113,795,5,0.5801074147224426,0.13729717203901792,0.5440876901149749,0.14226728471525554,2.0030550779189147,0.004514015963294175
rnn,113,800,5,0.5863727927207947,0.1436720630965767,0.5477942883968353,0.1434457002845098,2.006422769575258,0.002943697912033691
rnn,113,805,5,0.5827478170394897,0.13389439279808474,0.5464891493320465,0.13869070307854126,2.0037517016098088,0.002259876411997439
rnn,113,810,5,0.586976957321167,0.14067637709010966,0.5500391364097595,0.1466607555458251,2.0065722579769845,0.001594659242048262
rnn,113,815,5,0.5908704459667206,0.14809297620455705,0.5520229458808898,0.1505054092832124,2.0054492479258745,0.002026783485977606
rnn,113,820,5,0.5893264770507812,0.13726081182136246,0.5528060495853424,0.1437526925841315,2.0047197579442626,0.0021414165751797655
rnn,113,825,5,0.5868650674819946,0.14075787294987516,0.5499869287014008,0.14288453089466766,2.0051462833496245,0.0012101971577536759
rnn,113,830,5,0.5858581483364105,0.1336977968649211,0.5481075286865235,0.13811124204541858,2.004633194907535,0.0012879640955980938
rnn,113,835,5,0.5893041014671325,0.13803483044587428,0.5497259020805358,0.1409604402272081,2.0046725640920036,0.002362936401575951
rnn,113,840,5,0.5940702676773071,0.144418979317543,0.5518663227558136,0.14500927656260146,2.0049851677097728,0.0015519062471448543
rnn,113,845,5,0.5920563876628876,0.13764317648442936,0.5539023518562317,0.1419230343579586,2.0050367697283744,0.002230424001596878
rnn,113,850,5,0.5964869141578675,0.14210570837782746,0.5556251466274261,0.1445868570895398,2.004264184835623,0.002435114994246454
rnn,113,855,5,0.59167600274086,0.14681337982951678,0.5544766247272491,0.15039682353926176,2.0037808410013094,0.0031888511900407786
rnn,113,860,5,0.597695243358612,0.1393155037817113,0.5577655851840972,0.14266003317334225,2.0063789993048435,0.003586559310800797
rnn,113,865,5,0.5938241302967071,0.14053218859396666,0.5571913123130798,0.1458131399465493,2.006045095617563,0.0028049287956060528
rnn,113,870,5,0.5959275126457214,0.13751261758534963,0.5547898530960083,0.13986333504593587,2.003656691870103,0.003766255977716619
rnn,113,875,5,0.5925262987613678,0.14019521841662178,0.5540589690208435,0.14516146120871223,2.003628419307484,0.003673378357843515
rnn,113,880,5,0.5924815475940705,0.1469177077631414,0.5549464702606202,0.15408959929779567,2.0053079943911043,0.0013270640105882644
rnn,113,885,5,0.6011188268661499,0.15178739389859336,0.5613677680492402,0.155183169936998,2.004630586506456,0.0011555635654089873
rnn,113,890,5,0.5999776363372803,0.13776383614453966,0.559801596403122,0.1412116367727423,2.0034946901563173,0.0028372988402394694
rnn,113,895,5,0.6035130977630615,0.14489117554259376,0.5634037971496582,0.1469142255963517,2.005957979905076,0.0036918896752443403
rnn,113,900,5,0.597493851184845,0.14075226707842156,0.5600104033946991,0.1455179772449942,2.0039121063453367,0.0017443039615009104
rnn,113,905,5,0.6015439689159393,0.1461424157716541,0.5612111508846283,0.1464170668712318,2.0031074755732328,0.0030404184861753825
rnn,113,910,5,0.6089281916618348,0.14980085517594682,0.5684155404567719,0.15176830873964708,2.0057441565660903,0.0028830516136483927
rnn,113,915,5,0.6028418064117431,0.13985632241260773,0.5631427586078643,0.14425293614438822,2.006025950181683,0.0027056973364515554
rnn,113,920,5,0.6049899399280548,0.13691848960202285,0.563455992937088,0.14221888990190257,2.004082173894176,0.0016398994972524103
rnn,113,925,5,0.6065562903881073,0.14281215815040393,0.565283203125,0.14639502677524807,2.003719744136096,0.0028841041065898296
rnn,113,930,5,0.6088610589504242,0.14377020643994132,0.5692508280277252,0.1459975639244919,2.0066612408427296,0.004077784132620011
rnn,113,935,5,0.607831746339798,0.14846158087536618,0.5674236238002777,0.15039593064780754,2.0051109054958838,0.0016387478910367384
rnn,113,940,5,0.6095323503017426,0.15072564111821896,0.5671625971794129,0.15439136576811452,2.0027916530102297,0.0033321368711123765
rnn,113,945,5,0.6102260112762451,0.1491088991362722,0.5678412795066834,0.15122871403913746,2.005345970674654,0.0011800516514252817
rnn,113,950,5,0.603378850221634,0.1303210663384351,0.5616287887096405,0.13225561333110403,2.005645791843373,0.0027593456514954776
rnn,113,955,5,0.6078764915466308,0.13775639286083172,0.5653876006603241,0.14178000939485624,2.0054837503188834,0.0019171922941460787
rnn,113,960,5,0.6126874148845672,0.14695516081615767,0.5715478718280792,0.14991109091059107,2.0036111746887277,0.001385666046544454
rnn,113,965,5,0.612284642457962,0.14309090978847191,0.5686765670776367,0.1465739817543296,2.0050354539183823,0.0017865229494327213
rnn,113,970,5,0.6169613003730774,0.14655256975307285,0.5725397765636444,0.14659281157150011,2.005764416508799,0.002178344379353952
rnn,113,975,5,0.6141418814659119,0.1520123656063011,0.5735839068889618,0.1518973237837309,2.004467105734708,0.0020252764376217838
rnn,113,980,5,0.598881196975708,0.12220345876718706,0.5578177869319916,0.1250361818945657,2.004217037733212,0.0010913182114505218
rnn,113,985,5,0.6059745013713836,0.1283512274679895,0.5595405697822571,0.12527795716749318,2.004407627095839,0.0020798118468432995
rnn,113,990,5,0.6139852344989777,0.14691777213620164,0.5712346374988556,0.1498664156844767,2.0047183147308507,0.001893687971388202
rnn,113,995,5,0.6156634628772736,0.14655842729042257,0.5741059601306915,0.14870943831306074,2.0050692995798927,0.0028097552208934595
rnn,113,1000,5,0.6181919991970062,0.1455600649622759,0.5758809566497802,0.15126473586269007,2.0043361957197545,0.0022150002912320497
rnn,113,1025,5,0.6196912348270416,0.14277583198527674,0.5756721258163452,0.1455942799142006,2.0045278313228425,0.0019492445762449094
rnn,113,1050,5,0.6230924308300019,0.14904044639841396,0.5820412158966064,0.15561492009668568,2.0029917108265245,0.004136011444932602
rnn,113,1075,5,0.6221302449703217,0.13860363057250744,0.5794831395149231,0.1470515990013061,2.005614359103404,0.0038021519806357346
rnn,113,1100,5,0.6284627497196198,0.13254411953997028,0.5813103437423706,0.13692739359296874,2.0044406123964773,0.0014030695300724337
rnn,113,1125,5,0.6351309239864349,0.14604826071615593,0.5938919186592102,0.156601559013846,2.002396051078107,0.0038397352656644058
rnn,113,1150,5,0.6329603970050812,0.13497176795979346,0.5851213574409485,0.14265980811129708,2.0045007871289404,0.002413332448249002
rnn,113,1175,5,0.6384426176548004,0.1371187230930009,0.5933698534965515,0.14765529899232674,2.0035940152066165,0.002073188947082152
rnn,113,1200,5,0.6383531153202057,0.14104425558846959,0.5911772012710571,0.15142353476525824,2.0030830631817467,0.003460234562062164
rnn,113,1225,5,0.6434549152851105,0.14761446547105542,0.5959801375865936,0.16017263255492037,2.003331486561069,0.001997147838495252
rnn,113,1250,5,0.646028196811676,0.13861342922341977,0.596919846534729,0.1450824296713523,2.003588554104737,0.001348689805943341
rnn,113,1275,5,0.6508391261100769,0.13766983299456156,0.599791157245636,0.15005928167533322,2.0040967511493792,0.0018754035938162341
rnn,113,1300,5,0.6495189189910888,0.14011129460077815,0.6006786584854126,0.15106178181585084,2.0040541856495375,0.0026098190803081236
rnn,113,1325,5,0.6518460631370544,0.13739321342980162,0.5977551400661468,0.14522415808723824,2.004403390512296,0.0022222600415712033
rnn,113,1350,5,0.6556500434875489,0.13618809805766335,0.6049073159694671,0.14586861191205364,2.0031674580535155,0.0021324870986541146
rnn,113,1375,5,0.6556948006153107,0.1396362137926614,0.6039154052734375,0.15338266476067577,2.004008379308668,0.0020303314684221316
rnn,113,1400,5,0.6451779007911682,0.11961198197551995,0.5957191109657287,0.13099095879615566,2.0029474362848867,0.0021670410498849145
rnn,113,1425,5,0.6555381774902344,0.13541078249578467,0.6045418620109558,0.14235601166991166,2.0042587730014847,0.0022539805426087236
rnn,113,1450,5,0.6634146451950074,0.13735291733664667,0.6135734498500824,0.1519845276717461,2.0033228793837723,0.0023731652237911757
rnn,113,1475,5,0.6597001671791076,0.130126046887218,0.6075698137283325,0.13977696424468172,2.0032579247833846,0.001700948046967955
rnn,113,1500,5,0.6618482947349549,0.13771870804581215,0.608144074678421,0.15027673464767394,2.004317891428768,0.00218228104590926
rnn,113,1525,5,0.665741789340973,0.14127255303550112,0.6159227073192597,0.1535624508321559,2.0032994419686334,0.0024119126871427776
rnn,113,1550,5,0.6641083121299743,0.13159284362484963,0.61195507645607,0.14770122518749562,2.0035174446262203,0.0020413121051116455
rnn,113,1575,5,0.6655180096626282,0.13183975179127624,0.6128947794437408,0.1445663900551779,2.0036726407895182,0.0020697218524820906
rnn,113,1600,5,0.6690087437629699,0.14085978897527815,0.6173844814300538,0.15511848656835514,2.003864451131708,0.0018928057055253643
rnn,113,1625,5,0.6660326838493347,0.13744805285157483,0.6154528498649597,0.15279333558564667,2.003582814868833,0.0018101657742759679
rnn,113,1650,5,0.6632132649421691,0.13323961483996555,0.6137300848960876,0.14834081450188571,2.002697297571249,0.001495922584775499
rnn,113,1675,5,0.6629671216011047,0.1286219698102778,0.6123727262020111,0.14316415418314607,2.0036110931050493,0.002503356878812362
rnn,113,1700,5,0.6648243546485901,0.13269898973032887,0.6153484404087066,0.14928596807684796,2.0030699227308544,0.0016715100519872255
rnn,113,1725,5,0.6674871444702148,0.12856527269163562,0.615922725200653,0.14454019456808265,2.0037649942734848,0.0019664410098146536
rnn,113,1750,5,0.6750279664993286,0.13305595521638586,0.6241190195083618,0.1463640060008516,2.0029836446438027,0.0024147394448476136
rnn,113,1775,5,0.6753188848495484,0.1316417280578372,0.624327826499939,0.1475595248059192,2.0034311103242533,0.0020432899176720857
rnn,113,1800,5,0.6685612082481385,0.1269511275075921,0.6150352180004119,0.14300956855375263,2.00310586586737,0.001622060077822175
rnn,113,1825,5,0.6732378840446472,0.12359503447697685,0.6218741655349731,0.1396848003637826,2.002754572521431,0.0022113010989763707
rnn,113,1850,5,0.676527202129364,0.1300868316497756,0.6225528419017792,0.1426349167125751,2.0031195572187492,0.002107291984042952
rnn,113,1875,5,0.6728350877761841,0.1316632333302496,0.6217697560787201,0.1472018824641764,2.0032973885577627,0.0023936680541208747
rnn,113,1900,5,0.6748265862464905,0.12884459995315628,0.6215609312057495,0.14488846910660277,2.0029097254116537,0.001623898793874524
rnn,113,1925,5,0.675900661945343,0.13045238944807674,0.6255807518959046,0.14685588003474542,2.003109760729756,0.001985657547939482
rnn,113,1950,5,0.6770418524742127,0.1267353756698279,0.6232837259769439,0.1441937599027016,2.0024781498322413,0.0017614144849536942
rnn,113,1975,5,0.6757440328598022,0.1191302558814626,0.6242756187915802,0.1386749806641589,2.0027131226843506,0.001868702513515216
rnn,113,2000,5,0.6817185163497925,0.12938805799499598,0.6287653088569641,0.1427959709465645,2.0030303270140903,0.0024787439059137458
rnn,113,2025,5,0.6793242454528808,0.12128673373612836,0.627982234954834,0.14109032107654282,2.0025879586016386,0.0019481962380936252
rnn,113,2050,5,0.6759454131126403,0.12101503708057773,0.6225006222724915,0.13401102907999723,2.0028498813892264,0.0019298311346816607
rnn,113,2075,5,0.6791899800300598,0.11452513895311789,0.6270947337150574,0.1352219975603857,2.002289530415468,0.001961372476797211
rnn,113,2100,5,0.687737762928009,0.12867436397079698,0.6353432238101959,0.14459856230519058,2.002365339380938,0.002397797747312844
rnn,113,2125,5,0.687603497505188,0.12220850632097255,0.6310101628303528,0.14066135198374274,2.0025806151780285,0.001801230070224496
rnn,113,2150,5,0.6718281507492065,0.1001215056566925,0.617906528711319,0.11697269004475719,2.0026050906208797,0.0019079515674972041
rnn,113,2175,5,0.6929738402366639,0.1293507904152059,0.6389976263046264,0.14441763170855312,2.0020508307814535,0.0023356796082553847
rnn,113,2200,5,0.6886775732040405,0.12164054692959549,0.6364917516708374,0.1424742696921275,2.0023854068717415,0.0018243006651121221
rnn,113,2225,5,0.6846722006797791,0.11654928783925117,0.6323153018951416,0.1367378805416691,2.002684402498866,0.0018460528266213874
rnn,113,2250,5,0.6899306535720825,0.12138521072223114,0.6386321902275085,0.14093270572194933,2.002249326537961,0.002328287763625638
rnn,113,2275,5,0.6943835377693176,0.12389379853495891,0.6405637919902801,0.14617907848738113,2.0021552295913985,0.0016938779213436083
rnn,113,2300,5,0.6894159913063049,0.12234048029465448,0.6372226417064667,0.1387234647171464,2.0027214528577675,0.0021658108317492773
rnn,113,2325,5,0.6968001842498779,0.12662209702600097,0.6436961472034455,0.14405778995595295,2.002344068453988,0.00230343318901913
rnn,113,2350,5,0.6866636991500854,0.11324734924231117,0.6355520486831665,0.13362163122384682,2.0021699927743652,0.0020718904701425302
rnn,113,2375,5,0.6906243085861206,0.11791812638594962,0.6399895370006561,0.13918402914000563,2.002309450416144,0.0017385256529029085
rnn,113,2400,5,0.696375048160553,0.12292015400672636,0.6462020218372345,0.14406057909285394,2.002333851520387,0.002331076246011608
rnn,113,2425,5,0.6930857181549073,0.1221905398353131,0.6431740820407867,0.1455537328166205,2.0019505866125598,0.002010505235358716
rnn,113,2450,5,0.7014320969581604,0.1255011052071219,0.6478203892707824,0.14604645734226337,2.0021525372480324,0.0018398428528976307
rnn,113,2475,5,0.6968225717544556,0.12122525426984561,0.6440615892410279,0.14279348233444963,2.0020434719426428,0.0017563582220207962
rnn,113,2500,5,0.7019915103912353,0.12155025716897748,0.6476637721061707,0.14305945790167124,2.002209548708952,0.0022819017401717987
rnn,113,2525,5,0.7007608056068421,0.12293993315846723,0.6463064312934875,0.1435573285886424,2.002146928839264,0.0019714417465029627
rnn,113,2550,5,0.7036697506904602,0.12492343348252892,0.6488645076751709,0.1443450027321925,2.0020505040312155,0.0019832642898380934
rnn,113,2575,5,0.697359585762024,0.11364859912132752,0.6455233335494995,0.13673965508088556,2.0022622354387387,0.0022861576470014997
rnn,113,2600,5,0.7027523159980774,0.12405657708315217,0.6507439136505127,0.14494177786283705,2.001916216930998,0.0021277196675995543
rnn,113,2625,5,0.7022152781486511,0.11797046272457375,0.6505350887775421,0.14012844245748637,2.002019211626983,0.0020824442412128615
rnn,113,2650,5,0.6982322812080384,0.1168960819822131,0.6450534880161285,0.1367984976397204,2.002195314115295,0.0018863755099869414
rnn,113,2675,5,0.6997091174125671,0.11840856600589154,0.6482380330562592,0.1403158977772706,2.002241568985954,0.002189934614266637
rnn,113,2700,5,0.7177220940589905,0.13466773738701662,0.6587313652038574,0.1512783733591078,2.001616610370049,0.002012452933198176
rnn,113,2725,5,0.7015439629554748,0.11843521392433855,0.6481336355209351,0.13948753224025714,2.0018547714482438,0.0018902749907289387
rnn,113,2750,5,0.7056836128234864,0.12504606523731618,0.6537196278572083,0.14485898700098312,2.0018845678058037,0.0020119319918716102
rnn,113,2775,5,0.711009168624878,0.12530407810617272,0.6547115445137024,0.14455548211194374,2.0020434477448874,0.002002479444341833
rnn,113,2800,5,0.7078541159629822,0.12441411010081249,0.6535630106925965,0.14513527711678753,2.001810124710329,0.0022106706024377686
rnn,113,2825,5,0.7054150938987732,0.11857407837295302,0.6481336236000061,0.13745979555382343,2.001818341425194,0.0022189310236382554
rnn,113,2850,5,0.7108078002929688,0.12377602485187568,0.6547115325927735,0.14352688281197232,2.001788168997039,0.0017897714930882268
rnn,113,2875,5,0.716849422454834,0.1268840513190561,0.6578960835933685,0.14617413191593326,2.001868891886983,0.0019192899438679701
rnn,113,2900,5,0.7066457867622375,0.11682376664293445,0.6554424285888671,0.1416968704146899,2.001732624057797,0.002117838524313675
rnn,113,2925,5,0.7130006790161133,0.12397993293825937,0.6582093358039856,0.1470564261663306,2.0020753124744175,0.0020740962672199104
rnn,113,2950,5,0.7137838482856751,0.12323305492469927,0.6583659529685975,0.14174150136300806,2.0019756508724016,0.0021517002555022408
rnn,113,2975,5,0.7159767389297486,0.1270520209842012,0.6585747599601746,0.14423196827320806,2.001835425038751,0.0023277710898986616
rnn,113,3000,5,0.7168717980384827,0.12342110827783499,0.6605585813522339,0.14573391099054697,2.0016781520986653,0.0019673641420056786
rnn,113,3025,5,0.7101812720298767,0.1149485662997993,0.6547637462615967,0.13511210983133223,2.0019605574526076,0.0020269345308281026
rnn,113,3050,5,0.7173640727996826,0.12564840553165002,0.6600887179374695,0.14325650320224156,2.001679834582684,0.0021458492898694024
rnn,113,3075,5,0.7223987579345703,0.13215594172205417,0.6677629590034485,0.1511951298508791,2.0016681494866284,0.002129774760065852
rnn,113,3100,5,0.7194450855255127,0.12219985192472076,0.6647872388362884,0.14712644967606098,2.001836795404561,0.0019092612549334229
rnn,113,3125,5,0.7213470816612244,0.1251064425064668,0.664421796798706,0.14481239913489932,2.00163374166175,0.001882558043650945
rnn,113,3150,5,0.7234280705451965,0.12660170065586002,0.6633776903152466,0.14398275606268496,2.0013257035966334,0.001776477895616932
rnn,113,3175,5,0.7189304113388062,0.11999396403426253,0.6616548836231232,0.13912025146073564,2.001671231061067,0.001899471302337788
rnn,113,3200,5,0.7207876563072204,0.11855185609008571,0.6616549015045166,0.13810531815991942,2.0016358615971894,0.0019335912534772456
rnn,113,3225,5,0.7239651083946228,0.12368998760915582,0.6655181229114533,0.14317708810231197,2.0014602550398295,0.0019699201676185926
rnn,113,3250,5,0.7196017146110535,0.11734433001445757,0.6631688475608826,0.13856906119300208,2.001571668762641,0.0019313169261340698
rnn,113,3275,5,0.7245692729949951,0.12663095720629677,0.6676063477993012,0.14853969784558826,2.0017869340392815,0.0018821279948259637
rnn,113,3300,5,0.731192672252655,0.12818788770025902,0.670060008764267,0.14612837250635613,2.001599953236049,0.0019407514796338158
rnn,113,3325,5,0.731058406829834,0.12907923832249338,0.6709997177124023,0.1494067587581908,2.001478053765681,0.0019647475651571773
rnn,113,3350,5,0.727433443069458,0.12338096245526921,0.6698511958122253,0.14382104569862478,2.0016480611513776,0.001958998504572392
rnn,113,3375,5,0.7313493013381958,0.12520457868196555,0.6712085366249084,0.14750214851866636,2.0017007934830446,0.0019457479751194362
rnn,113,3400,5,0.7262251138687134,0.11838240912267226,0.6684938371181488,0.13888615334085094,2.0015007183258287,0.0020918367019403666
rnn,113,3425,5,0.7328485250473022,0.12457111757695435,0.6732967615127563,0.14493951214278686,2.0013856603411284,0.001874467734125505
rnn,113,3450,5,0.7288207650184632,0.12292374772120873,0.6693291306495667,0.14743329683079426,2.0014523676380755,0.0016491208182729358
rnn,113,3475,5,0.7309465289115906,0.11830048546411442,0.6721482396125793,0.1415973913874862,2.0015404793078,0.001788319727046276
rnn,113,3500,5,0.7370105266571045,0.12589445331227883,0.6748629450798035,0.1451527735818899,2.0014002409537204,0.0018995129341386455
rnn,113,3525,5,0.7379727125167846,0.12606222642537093,0.6752805829048156,0.1458887375761485,2.0014024378673816,0.0017223675816760533
rnn,113,3550,5,0.7393152952194214,0.12473199188993055,0.680709969997406,0.148664959863013,2.0014981643733027,0.0017576487555608145
rnn,113,3575,5,0.742336106300354,0.12857792832661435,0.6829548239707947,0.1510046342075926,2.001414564431421,0.0017653958218774883
rnn,113,3600,5,0.7381069779396057,0.12305061535764147,0.6791960000991821,0.1459422136500227,2.0015080519600046,0.0015747032468325646
rnn,113,3625,5,0.7427836298942566,0.1246950758739232,0.6841033458709717,0.14697356425026278,2.001499838887953,0.0016281110745937238
rnn,113,3650,5,0.7432759165763855,0.12537208518941068,0.6799790978431701,0.14550807608678967,2.0012386852777473,0.0014434792193870197
rnn,113,3675,5,0.7433430433273316,0.12377173098409845,0.6798746824264527,0.1418916518409269,2.0013793959179607,0.0017102111170123199
rnn,113,3700,5,0.7414634346961975,0.12020836672586244,0.682432758808136,0.1447222794583292,2.0015937183499313,0.0016319355024829606
rnn,113,3725,5,0.7493846535682678,0.1259582438417384,0.6879665613174438,0.14962903888956117,2.0012616231268856,0.0015778686154345617
rnn,113,3750,5,0.7420004487037659,0.11825425469000594,0.6827982068061829,0.14472483391698432,2.0014040841074188,0.001730833138720835
rnn,113,3775,5,0.7524278402328491,0.12715396706759344,0.6895849466323852,0.14936671613126593,2.0015271186110395,0.0016657353611644258
rnn,113,3800,5,0.7513090252876282,0.12470581477530972,0.6863481879234314,0.1458695476777543,2.0014205102263185,0.0017056908088990946
rnn,113,3825,5,0.7512642741203308,0.12290857433291155,0.6878621459007264,0.14740519963244095,2.0012391069413544,0.0015824921429478766
rnn,113,3850,5,0.7493846654891968,0.12011482415063861,0.6860349535942077,0.14388935918731344,2.001297966817931,0.0017105772305285396
rnn,113,3875,5,0.7526739835739136,0.12024949793061987,0.690890085697174,0.1480587454425614,2.0013198893067687,0.0015708163751631836
rnn,113,3900,5,0.7551353812217713,0.12178476924065494,0.689532744884491,0.14403750949002003,2.001078906105408,0.0015736846953127593
rnn,113,3925,5,0.7564108490943908,0.12363080048353395,0.692978298664093,0.1465178296836838,2.0011832251894033,0.0014499035781942275
rnn,113,3950,5,0.7595882773399353,0.12449693558085181,0.6949621438980103,0.14736675870429833,2.0014400357992757,0.001543349861043743
rnn,113,3975,5,0.7586037158966065,0.11923547858672284,0.6948055267333985,0.14509241535398681,2.001128750812561,0.0014110332126528507
rnn,113,4000,5,0.7595659136772156,0.12121381789795885,0.6955363869667053,0.14616317552804756,2.001254876720515,0.001526056794668456
rnn,113,4025,5,0.7617587804794311,0.1195813971740184,0.6981988787651062,0.14795702233252492,2.001340693212992,0.0013898491144450945
rnn,113,4050,5,0.7622958183288574,0.11976201336316776,0.6976246237754822,0.14546343603391915,2.0013030383684876,0.0015680674441608576
rnn,113,4075,5,0.7633922457695007,0.11783707245938736,0.6972069621086121,0.14458630317572307,2.001091984520667,0.0014378314501831899
rnn,113,4100,5,0.7623405814170837,0.1149996781395211,0.6961106538772583,0.14435797316198024,2.0011353017510003,0.0013758026509494655
rnn,113,4125,5,0.7681136846542358,0.1215681235017041,0.7034194469451904,0.1485053873092882,2.001178610000942,0.00129239207598747
rnn,113,4150,5,0.766636848449707,0.11917655124926026,0.700443708896637,0.14674473974700966,2.001228063775455,0.0013540220986758464
rnn,113,4175,5,0.7708212256431579,0.11939734441650039,0.7031062006950378,0.14708328130987475,2.0012644748988584,0.0012197831840248068
rnn,113,4200,5,0.7721861839294434,0.12146711813534879,0.7049856185913086,0.14986459824627119,2.00127641633663,0.0012301350708833296
rnn,113,4225,5,0.7707764744758606,0.11498350239989237,0.7028973817825317,0.14421571019193988,2.001151662465024,0.0012614801593491185
rnn,113,4250,5,0.7756321549415588,0.12180779886506408,0.7077003121376038,0.15023229340569358,2.0012619866743266,0.0013277372631969938
rnn,113,4275,5,0.7764824509620667,0.11993748615478757,0.7076481103897094,0.14822889170888204,2.001265148804003,0.0012963223370567021
rnn,113,4300,5,0.7755650162696839,0.11720564783176485,0.7075958967208862,0.1470840693588518,2.0011531431976053,0.0013012107399929186
rnn,113,4325,5,0.7754083752632142,0.11538993124326043,0.7086400151252746,0.14698350950894687,2.0012201003712047,0.0013060076286419003
rnn,113,4350,5,0.7774893879890442,0.11683699543461477,0.7072826623916626,0.1453473274136792,2.0011960534486706,0.0012300567413654436
rnn,113,4375,5,0.77757887840271,0.11309084501818284,0.7078569293022156,0.14232171678869912,2.001064674688849,0.0012257273515533587
rnn,113,4400,5,0.7799731612205505,0.11432820587354522,0.7097363352775574,0.1460129178619558,2.001146087408683,0.0012543812431753511
rnn,113,4425,5,0.7808010935783386,0.11382913756211498,0.7111458778381348,0.1467259285418621,2.001166432823898,0.00118497175930873
rnn,113,4450,5,0.7802640557289123,0.11419586546064017,0.711406922340393,0.1469655714270393,2.0011659586326678,0.0012524080634968488
rnn,113,4475,5,0.7869545936584472,0.11843415929030154,0.7146958708763123,0.14922690640909989,2.0011170816885047,0.0012241510494768117
rnn,113,4500,5,0.7845603227615356,0.11340702986407487,0.7144870519638061,0.14850148385488232,2.0011144211120353,0.0011484422646751153
rnn,113,4525,5,0.7850302219390869,0.11448038554872356,0.7143304347991943,0.14606639905192714,2.0011355537106095,0.0011419945376570843
rnn,113,4550,5,0.7839113950729371,0.11067498574637805,0.7151657223701477,0.14515018913645572,2.0011331497563702,0.001060857924222236
rnn,113,4575,5,0.7868203282356262,0.11214275107290178,0.7153745651245117,0.14402651410456455,2.0011362961176777,0.0011513198109965284
rnn,113,4600,5,0.7916312575340271,0.11366654994360348,0.7179848313331604,0.1456782526607664,2.0010233156060777,0.001167284622763597
rnn,113,4625,5,0.7885880589485168,0.11123765021304412,0.7183502793312073,0.1432644252595664,2.0011485359375634,0.0010539288623688907
rnn,113,4650,5,0.7911389589309692,0.11247796980880416,0.7196032166481018,0.1471068949320407,2.001046603375328,0.0010141306167684202
rnn,113,4675,5,0.790870463848114,0.10906602919509462,0.7189245343208313,0.1448869392473866,2.001031612682941,0.0011127673655241764
rnn,113,4700,5,0.7942045211791993,0.11279957192226923,0.7228921771049499,0.14862408497320695,2.001067296693671,0.0010487242758134864
rnn,113,4725,5,0.792123532295227,0.10981453655104752,0.7184024691581726,0.14361004991288887,2.001158358873446,0.0010819492062955746
rnn,113,4750,5,0.7958379983901978,0.11095854545362666,0.7235186338424683,0.14787824161429766,2.0011185679334162,0.0010511790973398891
rnn,113,4775,5,0.7972700953483581,0.1115709477795392,0.7240929007530212,0.14833157110090175,2.0010940891076134,0.0010240773978495506
rnn,113,4800,5,0.7973372220993042,0.10960579493972233,0.7247193694114685,0.14742789478192592,2.0010680145434208,0.0009881953774976827
rnn,113,4825,5,0.7962855339050293,0.10797194580024945,0.7239362716674804,0.14460029079858874,2.001080379050464,0.0010450835451005043
rnn,113,4850,5,0.7984112977981568,0.10896969205206793,0.7255024552345276,0.14547232054185857,2.0010769761315728,0.000995502871618736
rnn,113,4875,5,0.7986574411392212,0.10800575529207514,0.7247193574905395,0.14543904929399026,2.001052815385897,0.0008903520322898777
rnn,113,4900,5,0.8002013921737671,0.1079957789019689,0.726546561717987,0.14650447840355602,2.001074556211015,0.0009477370435795785
rnn,113,4925,5,0.802013885974884,0.10958438588991891,0.7276428818702698,0.14715842678555446,2.0010032855394164,0.0009630257471667666
rnn,113,4950,5,0.8003804087638855,0.10631176605886501,0.7262333273887634,0.14544008521754923,2.0010316691935492,0.0008677969404880814
rnn,113,4975,5,0.8016334891319274,0.10691577680869972,0.7281127214431763,0.1450973765063586,2.0010376510724237,0.0009204527225858866
rnn,113,5000,5,0.8025956749916077,0.10726973803662691,0.7298877358436584,0.14715458813211263,2.0010603156299824,0.0008568346801457007
rnn,113,5025,5,0.8028194308280945,0.10603545056416144,0.7289480209350586,0.14560024451652132,2.001026599035648,0.0008841892217235822
rnn,113,5050,5,0.8048556685447693,0.10698359490180069,0.7302009701728821,0.1466829538009248,2.0010428691993796,0.0009395856238376631
rnn,113,5075,5,0.8059521317481995,0.10700566413534224,0.7308274388313294,0.14749855857604557,2.001012561257729,0.0008948089231806622
rnn,113,5100,5,0.8058402299880981,0.10541484999604318,0.7307752370834351,0.1464476126858141,2.0010212991267884,0.0009006945778342846
rnn,113,5125,5,0.8060416221618653,0.1049134114703499,0.7309318542480469,0.1454300174226938,2.001021010984781,0.0008878470044371638
rnn,113,5150,5,0.8083911418914795,0.10657769695545469,0.73228919506073,0.14632553994628494,2.00100015411107,0.0008908992821435287
rnn,113,5175,5,0.8078764915466309,0.10395463625904353,0.7321847915649414,0.1450326001844251,2.0009937880530293,0.0008930770733278109
rnn,113,5200,5,0.8089058041572571,0.10530853322472146,0.7334899306297302,0.1460195798957497,2.000972119882269,0.0008098675938783205
rnn,113,5225,5,0.8104274034500122,0.10566796755204437,0.7348472714424134,0.14695488590272993,2.0009832702883292,0.0008720489472733859
rnn,113,5250,5,0.8105616688728332,0.10503170407957364,0.735369336605072,0.1471119783206663,2.000989353264531,0.0008398584513561915
rnn,113,5275,5,0.8109196901321412,0.10392094228199682,0.7344818234443664,0.145561389478282,2.0009841609007695,0.0008739565240202885
rnn,113,5300,5,0.811769986152649,0.10411947680086847,0.7353171229362487,0.14597187489524152,2.000997598485802,0.0008269482824476548
rnn,113,5325,5,0.8132020711898804,0.10463018501334043,0.7362568378448486,0.1470492403505458,2.0009686827494693,0.0008557629219488892
rnn,113,5350,5,0.8139404892921448,0.10492929821897051,0.7364656567573548,0.14677049679449516,2.0010092822143166,0.0008500509876177034
rnn,113,5375,5,0.8141418814659118,0.10378244338012856,0.7369354963302612,0.14651235256296352,2.0009817014316083,0.0008475237745454265
rnn,113,5400,5,0.8145670294761658,0.10302131630053035,0.7367788910865783,0.1460153378812579,2.0009765742728076,0.0008661635201516096
rnn,113,5425,5,0.8153949499130249,0.10265235249146655,0.7377707958221436,0.14606011919556608,2.000984293742671,0.0008729168793664644
rnn,113,5450,5,0.8159543514251709,0.10287773457959314,0.7366222739219666,0.14541734034768986,2.0009954318522327,0.0008594208665689536
rnn,113,5475,5,0.8166480302810669,0.10247202889097216,0.7385538816452026,0.14623310813760537,2.000955513184199,0.0008604205616823331
rnn,113,5500,5,0.8170731902122498,0.10256325147410703,0.738606083393097,0.14496489062960657,2.0009604903575386,0.0008480072686214169
rnn,113,5525,5,0.8174535751342773,0.10208990224867219,0.7387627005577088,0.14573437059414193,2.000970635017733,0.0008184273483748658
rnn,113,5550,5,0.8183710098266601,0.10230968928346605,0.7394935846328735,0.14526801332933487,2.00096876490886,0.000819061890703745
rnn,113,5575,5,0.8190199255943298,0.1020395886624823,0.7403288602828979,0.14569530279258672,2.000982886745281,0.0008407033739345324
rnn,113,5600,5,0.8194003224372863,0.10188447609394959,0.7403288602828979,0.14527814613584042,2.0009786242766174,0.0008697462233491899
rnn,113,5625,5,0.8195569634437561,0.10138986836355203,0.7405899047851563,0.1447872103232214,2.0009616856713386,0.0008394276943254408
rnn,113,5650,5,0.8200939893722534,0.10168579401042611,0.7414251804351807,0.14506380138597333,2.000936042068639,0.0008570627926225943
rnn,113,5675,5,0.8205638885498047,0.10143041457223344,0.7417384147644043,0.14436674847243627,2.000936014832139,0.0008698599368515482
rnn,113,5700,5,0.8212575554847718,0.10170587750310105,0.7425737142562866,0.14493053767566508,2.0009254821439084,0.0008968612074134442
rnn,113,5725,5,0.8215484499931336,0.10060422953452168,0.7423648953437805,0.1438291581070687,2.0008973381750343,0.0009228512136475965
rnn,113,5750,5,0.8216827154159546,0.10031740189559334,0.7424692988395691,0.14345072238057424,2.000886388078991,0.0009584621570703286
rnn,113,5775,5,0.822622537612915,0.10070549836917546,0.7434612154960633,0.14416043661438072,2.000887029782048,0.0009477850591019659
rnn,113,5800,5,0.8230924367904663,0.10064424798331109,0.7438266515731812,0.14448385491821428,2.0008922899437,0.0009613691398098775
rnn,113,5825,5,0.8232714295387268,0.09998215460368792,0.7439310669898986,0.14427495530841175,2.0008881960721188,0.0009478234702843123
rnn,113,5850,5,0.8240322351455689,0.10008201522851712,0.7447141408920288,0.144266563347608,2.0008729904846083,0.0009374420146674399
rnn,113,5875,5,0.8242783784866333,0.09987337556939406,0.7446097373962403,0.1442091256164675,2.0008710991033114,0.0009487900231337446
rnn,113,5900,5,0.8244126319885254,0.09954519908111928,0.744557523727417,0.1436370040971352,2.0008608100229344,0.0009635361659888608
rnn,113,5925,5,0.8251734256744385,0.09919962015067843,0.7449751615524292,0.14400291494015813,2.00084968302071,0.0009535170087291403
rnn,113,5950,5,0.825486707687378,0.0991585455262483,0.7454450368881226,0.14408573448308726,2.000862530833344,0.0009464259511209892
rnn,113,5975,5,0.8260908603668213,0.0993158862192847,0.7460714936256408,0.1439724559072099,2.0008557435056207,0.0009259109924910862
rnn,113,6000,5,0.8259789824485779,0.0988789504725087,0.7462803244590759,0.1440088181936307,2.0008712344026316,0.0009369109782853848
transformer,79,0,5,0.07339743748307223,0.017703564429001676,0.07261078581213945,0.022534875232571666,8.207379256040488,1.1989576726649593
transformer,79,1,5,0.07564102560281748,0.010344845145644745,0.07431927621364591,0.017103234383252102,8.023145921934491,1.2383557692738787
transformer,79,2,5,0.07793040424585337,0.00962709471848761,0.07528030127286907,0.016189674526816602,7.635757271998477,1.3104593923669192
transformer,79,3,5,0.08163919299840924,0.012137585909460177,0.07933796122670168,0.018501102399281783,7.125684386916899,1.4882344311874725
transformer,79,4,5,0.08369963318109508,0.015347025798689101,0.08083289116621016,0.02083452683617207,6.489711738912966,1.7185825262469772
transformer,79,5,5,0.08566849827766414,0.014857511310183195,0.08222103565931316,0.022290043190330185,5.789925357836511,1.876500436782712
transformer,79,6,5,0.08818681389093395,0.014099105209220614,0.08499733284115787,0.020551446628840862,5.081041236281121,1.9052318429494668
transformer,79,7,5,0.08827838897705076,0.013517603474872988,0.08649226054549211,0.019371921075813436,4.4074555697895414,1.8023080420598736
transformer,79,8,5,0.08901098966598506,0.013779502550385856,0.08766684830188748,0.01970889947471011,3.797733552846387,1.5856260022787143
transformer,79,9,5,0.09239926785230632,0.014677569715895011,0.08916177451610562,0.02100960393798196,3.2673625253484433,1.3035512808937573
transformer,79,10,5,0.093406593799591,0.015629087416877095,0.09022958204150197,0.021154953840554866,2.823536339288718,1.0144668581455938
transformer,79,11,5,0.09336080551147456,0.016195948676190654,0.09065670296549794,0.021297302800765902,2.4689955487965145,0.7634400169480897
transformer,79,12,5,0.09235348105430599,0.016384327801087454,0.08916177377104756,0.0214593085826548,2.200664613931102,0.5702004656620472
transformer,79,13,5,0.09258241653442377,0.01611825584947545,0.08820075020194049,0.019410141407707148,2.007650429799394,0.43090193052707665
transformer,79,14,5,0.09386446774005885,0.015726872124760993,0.08809396922588346,0.018070066947310528,1.87460407820375,0.3313798531920057
transformer,79,15,5,0.09633699655532833,0.014936674230914986,0.0902295812964439,0.016938272848452025,1.787301172212882,0.2593514383382923
transformer,79,16,5,0.09775641113519665,0.015213595491287589,0.09289909452199929,0.016692472082733795,1.7352437606751558,0.2091421227312107
transformer,79,17,5,0.09890110045671457,0.01508906233622989,0.0947143644094467,0.016869135022718317,1.7111063791540009,0.18235505394726478
transformer,79,18,5,0.10027472525835031,0.014303569063184104,0.0948211461305618,0.016423912954739092,1.7095282553925046,0.18386060894229775
transformer,79,19,5,0.10027472376823421,0.013207145159862547,0.09471436440944668,0.015659834327088503,1.7258801103051458,0.21058010144164094
transformer,79,20,5,0.10009157508611673,0.011930490217390833,0.09567539095878595,0.015581365558787317,1.7544842366935502,0.24688524186533894
transformer,79,21,5,0.10068681240081782,0.010926110894595453,0.09567538946866985,0.014826743699894411,1.7874348516972005,0.2713364277573683
transformer,79,22,5,0.10105311423540111,0.010725433932573863,0.09610251039266582,0.01402448119665039,1.8176078621046101,0.268077338068065
transformer,79,23,5,0.10347985476255414,0.010346618287739397,0.0974906593561172,0.013377436881420136,1.8431733008618139,0.23742882260784082
transformer,79,24,5,0.10581501722335811,0.009732413855545985,0.09855846315622327,0.01226583111237701,1.8673975603596418,0.19550144483417498
transformer,79,25,5,0.1082417577505111,0.009227923795850567,0.09898558706045146,0.010880357212824017,1.8947326493898913,0.16419960435276543
transformer,79,26,5,0.10824175775051112,0.007949447865873436,0.09813134372234342,0.00971644559705121,1.927625868523954,0.15542004219456626
transformer,79,27,5,0.10782967060804363,0.007485247826091653,0.09802456200122828,0.008497277165750411,1.965987548549864,0.16132621893042326
transformer,79,28,5,0.10705128163099284,0.006869276337519223,0.09791778028011319,0.006759723141917967,2.0077839200579524,0.16771044163602433
transformer,79,29,5,0.10705128014087675,0.006137922343199955,0.09909236729145043,0.0068747104623006535,2.0497092667627763,0.16640892374908123
transformer,79,30,5,0.10700549334287639,0.006914902735360575,0.09887880682945248,0.0065867255851198665,2.0876751784381202,0.15453875607173378
transformer,79,31,5,0.10737179368734355,0.005775859282098043,0.09887880682945246,0.006831035351713795,2.117267396409374,0.13298104685745504
transformer,79,32,5,0.10760073214769358,0.005771319631884919,0.09930592924356459,0.006961242530622072,2.1339968998837815,0.10753621253506655
transformer,79,33,5,0.10888278186321257,0.006056256196724472,0.10112119913101192,0.007198785777367328,2.133681142749096,0.08768171423752769
transformer,79,34,5,0.11057692319154735,0.00733494594502829,0.10250934660434718,0.006950997939036847,2.1145001517256707,0.07804163727977835
transformer,79,35,5,0.11135531216859813,0.008987957861047294,0.10347037166357036,0.008702779908900936,2.079551638115376,0.07508054983589352
transformer,79,36,5,0.11057692319154733,0.008992911345174109,0.10304324924945826,0.009423044518823556,2.0363256498698563,0.07475635697734605
transformer,79,37,5,0.11085164844989773,0.009835534385123386,0.1042178332805633,0.009605801745235051,1.9935471240902913,0.07377708971138378
transformer,79,38,5,0.111355310678482,0.009924654101823594,0.10261612534523006,0.01172399882190725,1.9583867295266355,0.06902174963595349
transformer,79,39,5,0.1104395598173141,0.010646960267153715,0.10272290706634517,0.013414672725950528,1.9353850697398083,0.05998136067893675
transformer,79,40,5,0.1107600703835487,0.010920113038314772,0.10250934660434718,0.013501514072301145,1.9263822628226914,0.05089664467695217
transformer,79,41,5,0.11195055097341533,0.01107808090689599,0.10261612683534618,0.012743402153720839,1.9306408771700254,0.050341270765993235
transformer,79,42,5,0.11277472525835033,0.010735205463378692,0.10357715189456933,0.012163145927552532,1.9448310165156788,0.059647221473159616
transformer,79,43,5,0.11423992663621899,0.010574592968333485,0.10368393212556837,0.01175435412581394,1.9635511677122466,0.06781054099348811
transformer,79,44,5,0.11433150023221963,0.011062218478777952,0.10485851913690562,0.012938747430111088,1.9813926579021832,0.06627861229592598
transformer,79,45,5,0.11478937715291974,0.011531965483015712,0.10549920201301574,0.013324059028334428,1.9956020037439548,0.05731634900866494
transformer,79,46,5,0.1152472540736198,0.01157280055596111,0.10581954568624492,0.012882445958619822,2.0064528974914353,0.05175067213588889
transformer,79,47,5,0.11543040275573727,0.011575968049186987,0.1051788598299026,0.011770103773763118,2.0153068373967367,0.053972259088097226
transformer,79,48,5,0.11643772721290586,0.01161574296469023,0.10549920201301573,0.011858172374083733,2.0227753726108975,0.05554496016956598
transformer,79,49,5,0.11703296899795528,0.011546502181083813,0.10667378753423687,0.010950865437308777,2.02825560242555,0.05043695466550488
transformer,79,50,5,0.11753662973642345,0.01097063195044716,0.10752803236246107,0.009877923716553756,2.0302893506822732,0.04125828406898128
transformer,79,51,5,0.11822344362735741,0.011034941991538877,0.10784837603569028,0.00949086470765856,2.0270485148440933,0.036335722433115766
transformer,79,52,5,0.11849817037582393,0.011308230204800073,0.10870261937379833,0.009298188608943379,2.0173696646579646,0.03687268474234478
transformer,79,53,5,0.11900183260440822,0.011569173588543938,0.1093433022499084,0.009471320201036509,2.0025759890057726,0.03469223494118297
transformer,79,54,5,0.11968864351510997,0.011592934524112255,0.11009076535701745,0.009789511562240887,1.9870479420014235,0.027528515566852447
transformer,79,55,5,0.11982600837945936,0.011083520083062296,0.11083822995424267,0.009877922125870086,1.976169933057551,0.020092619247066474
transformer,79,56,5,0.12074175924062724,0.011298952661451088,0.11190603673458097,0.009747200408329465,1.9734954818898451,0.019158843010455957
transformer,79,57,5,0.12174908667802808,0.011921701230190847,0.11329418271780012,0.010647311095484,1.9792242587176205,0.025176169559611366
transformer,79,58,5,0.12417582422494886,0.013920655531968784,0.11489589214324947,0.011447204928389612,1.9902638801213832,0.031834057686327695
transformer,79,59,5,0.12490842640399928,0.014007920842698786,0.11596369892358775,0.012460655932787222,2.001621738433235,0.0335996161931965
transformer,79,60,5,0.1257326021790504,0.014799191208487016,0.117565406858921,0.013821794329173772,2.008974180206699,0.028082970968738203
transformer,79,61,5,0.12770146727561943,0.016195947849447646,0.11970101594924923,0.015041472801835801,2.0110841207808265,0.019547567306926895
transformer,79,62,5,0.12902930527925488,0.017325005058339685,0.12098238319158554,0.015750583019797544,2.0096844275806536,0.018237548790857767
transformer,79,63,5,0.12994505465030665,0.01788837392847225,0.12205018699169157,0.016562175107152317,2.007287850044307,0.022483155263681057
transformer,79,64,5,0.1317765578627586,0.019283570201150627,0.12333155423402782,0.017357998691203694,2.0052451679523253,0.024473288455291585
transformer,79,65,5,0.13273809701204295,0.020171478884251557,0.12429258227348325,0.01824823333465067,2.003221450945568,0.023439158695112674
transformer,79,66,5,0.13319597095251076,0.020523088849916528,0.12354511618614197,0.01775818695898336,2.000131115003813,0.018877203606526442
transformer,79,67,5,0.1338827848434448,0.02119832431792172,0.1251468256115913,0.01982138826178512,1.9960322874018932,0.010020722261783317
transformer,79,68,5,0.13461538553237912,0.02219220635533313,0.12504004687070844,0.01944681880740876,1.9929221860699742,0.007717645992998246
transformer,79,69,5,0.13603479564189908,0.024493874654718018,0.1257875114679336,0.0201175863118574,1.9930582122381808,0.016355775396830457
transformer,79,70,5,0.13722527027130121,0.02580890725771535,0.12642819583415982,0.021024524590136758,1.9967453629794911,0.020337117531507864
transformer,79,71,5,0.1383241772651672,0.027488454667194507,0.12717565894126887,0.022345604967061256,2.0017920984910966,0.018124968854956947
transformer,79,72,5,0.13896520286798472,0.028718687886823056,0.12813667953014368,0.02349172185429131,2.0049958190708215,0.011286877224675959
transformer,79,73,5,0.14024725407361982,0.03069328543962523,0.12973839044570917,0.024545019178862378,2.004759504642709,0.004916261197543082
transformer,79,74,5,0.14143772721290584,0.032420926432345704,0.13123331815004344,0.02745942679237873,2.0024033665631586,0.010863359096305114
transformer,79,75,5,0.14203296750783917,0.033027630354354916,0.13240790665149688,0.02900080456330948,2.0005448431864727,0.014877216023438186
transformer,79,76,5,0.1436813190579414,0.03587557160522178,0.13336893022060392,0.03067827983410826,2.0004919535805636,0.012750296671022142
transformer,79,77,5,0.1452380940318107,0.03865239089706494,0.1344367370009422,0.032643255643665256,2.001324873605701,0.006879660058501709
transformer,79,78,5,0.14697802215814587,0.04164685010264099,0.13550454229116438,0.034907203785483135,2.0013034965392085,0.0039727533066902495
transformer,79,79,5,0.14830586314201352,0.04314531778909616,0.13646556586027142,0.035530820468089086,2.0001098668880712,0.009137835017116147
transformer,79,80,5,0.14917582720518108,0.04448425685659771,0.13742659091949463,0.03720616937225793,1.9991050340946281,0.011905201383218864
transformer,79,81,5,0.15096154063940043,0.046420927856103716,0.1391350820660591,0.039143853987517144,1.9993765034471664,0.009682769466599055
transformer,79,82,5,0.15279304087162013,0.0493249493730714,0.14063000977039336,0.041192951275465454,2.0003764494919465,0.004923520372669576
transformer,79,83,5,0.15512820482254025,0.05201034856527712,0.14180459678173066,0.04281654682711278,2.000799146348088,0.004183093469134758
transformer,79,84,5,0.15586080998182292,0.05335560949776304,0.1425520598888397,0.043934398759340534,2.0005359470977346,0.006886863858907225
transformer,79,85,5,0.1567765593528747,0.054807376181755386,0.14276562035083767,0.0442698512242803,2.0007474790221607,0.007205818761003209
transformer,79,86,5,0.15801282227039332,0.05571669109480729,0.14383342713117592,0.0452001639426555,2.0019196360520777,0.004464153840070575
transformer,79,87,5,0.1594780251383781,0.057077304366704364,0.14575547724962232,0.047752227343674646,2.002828350982866,0.0035024468968725946
transformer,79,88,5,0.16172161102294919,0.058828888349274466,0.14853177070617674,0.05053130117840021,2.0020676318588806,0.005748628375877415
transformer,79,89,5,0.1642399281263351,0.06077350485481213,0.15130806565284724,0.052516342551526915,2.0001169547806015,0.006332077318199466
transformer,79,90,5,0.16717032641172408,0.06261967747064809,0.15387079715728755,0.05503007872011469,1.9988098856741865,0.004259324036480499
transformer,79,91,5,0.168864469230175,0.06378157769891646,0.15643353313207622,0.05698021282381892,1.9988770140216658,0.0027243903503380235
transformer,79,92,5,0.17078754752874373,0.06584756648889824,0.15803524106740946,0.059474476846446786,1.9995964386207639,0.0033059218375005644
transformer,79,93,5,0.17303113788366314,0.06746352757213761,0.1588894888758659,0.060441482400840414,2.0004944852521893,0.0029498039572629455
transformer,79,94,5,0.17577839195728295,0.070098590044567,0.16091831326484676,0.06213330469882933,2.001809907996302,0.0031351777267455802
transformer,79,95,5,0.17847985178232192,0.07256289256563854,0.16252002567052837,0.06319321629802556,2.0029348986225695,0.003277207334748538
transformer,79,96,5,0.17907509356737134,0.07256918620213423,0.1629471495747566,0.06291836057428744,2.002355526506835,0.0035115045586419182
transformer,79,97,5,0.18012820482254027,0.07276464293253157,0.1650827601552009,0.064549717020354,2.000103560371813,0.0024916346162694673
transformer,79,98,5,0.1817765578627586,0.07373660929532312,0.1662573486566543,0.06414016189236306,1.998383194893623,0.0014504182286151123
transformer,79,99,5,0.18305860757827755,0.07401411861074456,0.16807261109352106,0.06371521327120376,1.998934726793485,0.0018493461028012063
transformer,79,100,5,0.1847985357046127,0.07483837077793899,0.16935398280620573,0.06344172548826829,2.0004475444679164,0.0013292654036428093
transformer,79,101,5,0.18626373857259745,0.0748602957290756,0.17095568925142285,0.06416326495109576,2.0013494839969517,0.0017144856787478238
transformer,79,102,5,0.18814102560281748,0.07576756373604349,0.1722370579838752,0.06390752773971325,2.0019023541217473,0.0030804710973651884
transformer,79,103,5,0.18896520286798474,0.0745758500644928,0.17330486476421353,0.06274505840995441,2.001981943334008,0.0024057190598852467
transformer,79,104,5,0.19088828265666957,0.07591546090059452,0.17447945028543468,0.06390619031549982,2.0006484426260314,0.0015644106172322475
transformer,79,105,5,0.19157509058713912,0.0749657229205224,0.1747997939586639,0.06222385641450957,1.9991023841619164,0.0009860045635740335
transformer,79,106,5,0.19290293455123897,0.07493412370480296,0.17725574523210524,0.06378184416971673,1.9994773391543599,0.0005436177808707389
transformer,79,107,5,0.19395604729652402,0.0758829983492938,0.17875066995620723,0.06347765373546342,2.000898468170567,0.0008001153806689947
transformer,79,108,5,0.19615384936332703,0.07579453988111648,0.18035238236188883,0.06485480761190728,2.0015758077979657,0.001997627362180683
transformer,79,109,5,0.1975732624530792,0.07485161180616377,0.1822744309902191,0.0651017881834268,2.001216495904393,0.0022802677925678515
transformer,79,110,5,0.2017399281263351,0.0786089318191033,0.18355579823255536,0.06540407517759592,2.000984281041554,0.001271929388375514
transformer,79,111,5,0.20183150172233583,0.07580736419853137,0.18515751063823696,0.06404876230992805,1.9999515206040939,0.001074878065251173
transformer,79,112,5,0.20531135499477382,0.07815942105160935,0.18846769928932186,0.06669512273292726,1.9997104762928928,0.001023691098390156
transformer,79,113,5,0.20709707140922543,0.07812357071313795,0.18953550755977627,0.06476419702909483,2.000575454829507,0.0007248507011674294
transformer,79,114,5,0.2085164815187454,0.07874016580976664,0.18996263444423672,0.06473051935508795,2.001339509271404,0.001532724896461103
transformer,79,115,5,0.2107600718736648,0.08072654139287706,0.19241859018802637,0.06564357147819357,2.0012118800203083,0.0016744235103568169
transformer,79,116,5,0.21117216050624843,0.07871972589401884,0.193593168258667,0.06564464974224077,2.0005494969774267,0.0007293783743887396
transformer,79,117,5,0.21428571343421932,0.0833017226566448,0.19530166387557985,0.06843585255472402,2.000163581564496,0.001160537834137433
transformer,79,118,5,0.2162087887525558,0.08214631562171881,0.19807795286178584,0.06777622783598117,1.9997792073186982,0.0007518122673919511
transformer,79,119,5,0.2183608084917068,0.08374763102518927,0.19989322125911707,0.06666905137951684,2.000928724189086,0.0011747035445118313
transformer,79,120,5,0.21968864798545834,0.08462162665666517,0.20245595872402192,0.06857835506557175,2.0011949153221837,0.0013200831098467405
transformer,79,121,5,0.22055861353874207,0.08365937752744379,0.20352376401424405,0.06736745396224803,2.0005022139391757,0.0011397405027827657
transformer,79,122,5,0.2221153855323791,0.08447110362199671,0.2061932802200317,0.06948782527227018,2.0005243610432193,0.0007739362583186065
transformer,79,123,5,0.22193223834037776,0.0823830157948026,0.20736787021160122,0.06892167050510528,1.9999946126164043,0.0006566902698317411
transformer,79,124,5,0.22394688725471493,0.08339925316156906,0.20758142769336696,0.06708866466159015,2.00046185607506,0.001103756582328483
transformer,79,125,5,0.2251373618841171,0.08234832949367543,0.20950347483158108,0.06761579377849036,2.000525964920526,0.0012803033880235655
transformer,79,126,5,0.2293040364980697,0.08452835961463523,0.2111051857471466,0.06599112652914663,2.0009848992460006,0.0015651668052190722
transformer,79,127,5,0.23173076808452603,0.08318561459088444,0.21409503817558284,0.06942481779826225,2.000238053763042,0.000825925814044176
transformer,79,128,5,0.2343864500522613,0.08443821077927317,0.21537640690803522,0.06860039036119216,1.999983942767741,0.0009266005716837227
transformer,79,129,5,0.2364011019468307,0.08470983275885641,0.21761879622936245,0.06856297462754163,2.000883148817055,0.0012563157700834116
transformer,79,130,5,0.2391941428184509,0.08474568440512772,0.21954084932804108,0.06787121682447074,1.9999626872120149,0.0013611951333879573
transformer,79,131,5,0.242902934551239,0.08622051515914778,0.22584089934825893,0.07099402245542834,2.00082300808969,0.00047113454747222343
transformer,79,132,5,0.24551282525062562,0.08510582574701192,0.2277629524469375,0.06849018222191049,2.00001685249631,0.0013247954233641466
transformer,79,133,5,0.2499542146921158,0.0882450809290451,0.23139349222183228,0.0706878099992463,2.000790870617786,0.0010746152292010183
transformer,79,134,5,0.25297619700431817,0.08791939463025646,0.23363588154315948,0.06961302889242459,1.9993731185479475,0.002437229631083608
transformer,79,135,5,0.25677655637264246,0.08897015604883807,0.2383342325687408,0.07127513296287938,2.0021085249173254,0.0031323063494793145
transformer,79,136,5,0.2614926755428314,0.09029821451428048,0.2430325746536255,0.07283460199230703,1.9973859743429236,0.0070220027437816485
transformer,79,137,5,0.2644230782985687,0.09170206403779363,0.24602243006229396,0.07495147671896858,2.0053509644359573,0.01192885201840325
transformer,79,138,5,0.2668956071138382,0.09271347347023491,0.24751735329627986,0.07517002752363129,1.9922237044425644,0.01932407257751952
transformer,79,139,5,0.26945970654487605,0.09380609753255545,0.24965296983718868,0.07597814215990388,2.0092863088064603,0.020303952447132262
transformer,79,140,5,0.2720696032047272,0.09381205517267018,0.252215701341629,0.07772147067080759,1.9946614235628861,0.01252020062868689
transformer,79,141,5,0.2743131846189499,0.09687236965153684,0.2541377574205398,0.07896800605792884,1.998924313037532,0.0038934072456397345
transformer,79,142,5,0.27472527623176574,0.09872460097527679,0.25445809662342067,0.08044996872365724,2.007368143329667,0.014988951382879914
transformer,79,143,5,0.2761904776096344,0.09939781859639638,0.2546716600656509,0.08013168516676236,1.9927218722017983,0.015194037109469491
transformer,79,144,5,0.2775640994310379,0.09994208363213411,0.2548852145671844,0.07926128850586472,2.0019067868031706,0.002362438531782985
transformer,79,145,5,0.2790750920772552,0.10024715018205373,0.2593700051307678,0.08217890752692693,2.0050247316078336,0.011763271634097155
transformer,79,146,5,0.28200549781322476,0.10256479150904045,0.26257341504096987,0.08450047269673035,1.9938590490323804,0.014996239666661061
transformer,79,147,5,0.28475274145603174,0.1023193335579687,0.2650293678045273,0.08522367174592056,2.0019404621339234,0.0031263786887512543
transformer,79,148,5,0.2881410270929336,0.10420975619961546,0.27004805505275725,0.08805464891632347,2.0041691404524946,0.010205140439283921
transformer,79,149,5,0.29052198529243467,0.10430142863127673,0.2697277188301086,0.08580020040673936,1.9949695307867206,0.012935252588899248
transformer,79,150,5,0.2918956100940704,0.1022520403621945,0.2710090845823288,0.08477849204488722,2.001237449253493,0.00202971832561136
transformer,79,151,5,0.29528388082981105,0.10415539264487324,0.27463961839675904,0.08623696094887298,2.004070532866554,0.008262820373993706
transformer,79,152,5,0.2978479862213134,0.1046582282350818,0.2783769428730011,0.0872417506693929,1.995353439785426,0.009790179450465033
transformer,79,153,5,0.2981227099895477,0.10292774093767232,0.2800854325294494,0.0858858680458852,2.0013833656840996,0.00190933328915559
transformer,79,154,5,0.301923069357872,0.1047344936995952,0.2793379694223404,0.08376356035543003,2.0032988245400105,0.0045301228199430225
transformer,79,155,5,0.30485348105430604,0.10462486307641924,0.28275494575500487,0.0855466687185509,1.9965625675563081,0.005839530633582497
transformer,79,156,5,0.3054487198591232,0.10256696571906584,0.2853176742792129,0.08693816757110367,2.0015254813633505,0.0017063311574807398
transformer,79,157,5,0.30782967507839204,0.1033452372403651,0.2868126004934311,0.08691914815459993,2.000466359061819,0.002369584853341667
transformer,79,158,5,0.3120879143476486,0.10467267460755392,0.28884143829345704,0.08715299783950502,1.9987569975747128,0.0025212813516186368
transformer,79,159,5,0.3156135499477386,0.10579085453700454,0.29247197508811945,0.0879542332388107,2.0008593121318454,0.0027880142454208986
transformer,79,160,5,0.316804027557373,0.10504043778972852,0.2933262258768082,0.08696522017350633,2.001161149061687,0.00507897125959896
transformer,79,161,5,0.3200091570615768,0.10590509281088234,0.2985584676265716,0.08898608439606229,1.9982755849507101,0.006255679282551166
transformer,79,162,5,0.3237637400627136,0.10763438504515527,0.29941271245479584,0.08813311472292452,2.00164687955066,0.0035710084857216587
transformer,79,163,5,0.32449634075164796,0.10564447940498116,0.2991991490125656,0.08660555337863614,1.9994205624708754,0.0015874260441830644
transformer,79,164,5,0.32522894144058223,0.10416220944608355,0.30411105751991274,0.08939373084752067,1.9995149014252953,0.0017159232223278042
transformer,79,165,5,0.3280677706003189,0.10596170225645649,0.3026161313056946,0.08641923002252802,2.0014883345481898,0.0017245535619252314
transformer,79,166,5,0.33223443627357485,0.10409209691553367,0.30485852658748624,0.08555283535416984,1.998009108520477,0.007533853063905487
transformer,79,167,5,0.33539377748966215,0.10293507307885426,0.311478915810585,0.08860663863304528,2.0023422436251375,0.00772167183897161
transformer,79,168,5,0.3377747237682342,0.10250027817868794,0.31126535236835473,0.08574253331504302,2.000860200552523,0.0023599108297730894
transformer,79,169,5,0.3427197843790054,0.10439347286318126,0.31350774466991427,0.08662185416232006,1.9964255937969397,0.01111155632163518
transformer,79,170,5,0.3453754603862762,0.10298949340093073,0.31809931695461274,0.08955446551309391,2.002198584612766,0.006777943339328346
transformer,79,171,5,0.34775641560554504,0.1034265324433144,0.3179925352334976,0.08717065775831954,2.000325654426394,0.0032022106258836817
transformer,79,172,5,0.3476648390293121,0.10015608644706832,0.3198078066110611,0.08560945375683861,2.0006005612842843,0.006371925948251749
transformer,79,173,5,0.35471611618995663,0.10369850522517464,0.32696209847927094,0.08820924561377631,2.0002480788286205,0.0032353067353806148
transformer,79,174,5,0.3555402904748916,0.10149251529297712,0.3262146383523941,0.0860122306776669,1.995980976341589,0.004819898411955158
transformer,79,175,5,0.3578296661376953,0.10254020443946632,0.3296316117048263,0.08623860948861667,2.004350512723618,0.005112671680725654
transformer,79,176,5,0.3614011019468307,0.10173760122984336,0.33368928432464595,0.08602134004569537,2.001610931164923,0.002397571549211386
transformer,79,177,5,0.3574633687734604,0.10007271366310515,0.32813668847084043,0.08258737236293513,1.9955368583070854,0.0075015259512204125
transformer,79,178,5,0.36515567898750306,0.1018338037942613,0.33731981515884396,0.0855023323340855,2.001158042572487,0.004783850313081905
transformer,79,179,5,0.3682234436273575,0.09688376060091648,0.3413774818181991,0.0824189314909228,2.0037272501833234,0.0046230822056316425
transformer,79,180,5,0.3682692289352417,0.09772887788653961,0.3397757798433304,0.0835422353725043,1.9958048619729538,0.004263537445604015
transformer,79,181,5,0.3716575175523758,0.09816672526266441,0.3424452871084213,0.08372798579012194,2.0000342267492153,0.0031243818860390623
transformer,79,182,5,0.37490842640399935,0.09759429728340027,0.3455419242382049,0.08088532036933363,2.003623659440942,0.003835045938477643
transformer,79,183,5,0.3776556760072708,0.09870251529328378,0.3465029448270798,0.08455494223515249,1.9986235956311245,0.0011625699896743264
transformer,79,184,5,0.37445054948329926,0.09829904735514061,0.3449012368917465,0.08566686859732132,1.9983012235544977,0.005087738163116609
transformer,79,185,5,0.3794413983821869,0.098043180481121,0.34564870297908784,0.08057122975478508,2.000539501744271,0.004950748631821975
transformer,79,186,5,0.38392857313156126,0.09716134016631456,0.352909779548645,0.08350673402830171,2.001412266976078,0.005046512059102548
transformer,79,187,5,0.38035714030265805,0.09316465606699828,0.35088094174861906,0.08094431642769509,2.00136957831317,0.005139908861172735
transformer,79,188,5,0.38406593799591066,0.09646222198212673,0.3521623194217681,0.08432758606018921,1.995953813788399,0.0034856436861502244
transformer,79,189,5,0.3895146548748016,0.09769401061499049,0.3572877764701843,0.08505610469206155,2.0025218968245677,0.0050884677704083675
transformer,79,190,5,0.3875915706157684,0.09380386617795768,0.357928466796875,0.07996930380945746,2.000964572458173,0.0037524253130796384
transformer,79,191,5,0.3895604431629181,0.10089592873563415,0.3583555936813354,0.08781476732432239,1.9970574360326228,0.0031451704206927667
transformer,79,192,5,0.39253662824630736,0.10247087436074621,0.35963695645332333,0.08895981266581224,2.0049899230366908,0.010045327083559489
transformer,79,193,5,0.3909798562526703,0.09642251893839457,0.35920983552932734,0.08138157019667923,1.9963461634148651,0.008828134442621057
transformer,79,194,5,0.3947344362735748,0.09999750619653151,0.36657769083976743,0.08849397255154107,1.996766192887216,0.007608202466976252
transformer,79,195,5,0.3963827848434448,0.10111503044040739,0.3676454961299896,0.08986442586780458,2.007551098649273,0.014530151974423871
transformer,79,196,5,0.39688645005226136,0.09640598187571019,0.36444208025932306,0.08212443724256013,1.9987018851259175,0.0039132055144874755
transformer,79,197,5,0.4012820482254028,0.09914171856432873,0.3740523338317871,0.08985174397188478,1.9940224536925246,0.012002880276644106
transformer,79,198,5,0.4032967031002045,0.09641657790199247,0.3727709591388702,0.0836375431061282,2.004376703456514,0.005970927486780033
transformer,79,199,5,0.4013278424739838,0.0930511453797007,0.3677522718906402,0.07774237691635849,2.0026289020564865,0.007309142007564292
transformer,79,200,5,0.40979853868484495,0.09799604720893255,0.3823812186717987,0.09011450757393853,1.9953000695938434,0.006366991698061346
transformer,79,205,5,0.4133699595928192,0.08046543335953668,0.38355580568313596,0.07318326505723424,2.0014794353358223,0.006378360372527264
transformer,79,210,5,0.4289835155010223,0.08938506158861723,0.39434064030647276,0.07607657314986739,2.000079142287875,0.002329339352882204
transformer,79,215,5,0.4375457942485809,0.08124280678995147,0.40512548089027406,0.07405138650684605,2.0009950032402193,0.007882775006726498
transformer,79,220,5,0.4469322323799133,0.07705402426236097,0.4123865604400635,0.07107588577474463,1.9964921383908927,0.00949666639111892
transformer,79,225,5,0.45627289414405825,0.07405472482196553,0.4240256369113922,0.0702050714807537,2.002716409016341,0.007237960191476211
transformer,79,230,5,0.4743589758872986,0.07477945427785224,0.4366257429122925,0.06695256056898871,2.0009218563527775,0.002486533087599291
transformer,79,235,5,0.4765109896659851,0.0710483036566444,0.4373732089996338,0.06157430424908196,1.9965299588339078,0.0039285396100013905
transformer,79,240,5,0.48777472972869873,0.07023831002011144,0.4500801026821136,0.06511536307940712,2.003395845839871,0.002078201480603708
transformer,79,245,5,0.5056318759918212,0.04874373818871652,0.46428191661834717,0.043284992903645125,2.0022323976962793,0.0057292936299527565
transformer,79,250,5,0.5157051324844361,0.053286851563546817,0.4699412822723389,0.04891027682331668,1.997436673226964,0.009289938041416191
transformer,79,255,5,0.5215201556682587,0.05404361575170384,0.47730913758277893,0.04668674191666015,1.9989053178202236,0.003860677310138696
transformer,79,260,5,0.5360348045825958,0.04933319817172696,0.4871329486370087,0.047969024673332854,1.9983932304459109,0.0037905256393574293
transformer,79,265,5,0.5385073304176331,0.042366290038218624,0.49482115507125857,0.043338976355805504,1.9994309611280472,0.004155629392578484
transformer,79,270,5,0.554899263381958,0.04635505797045783,0.5036839485168457,0.03855134098711631,1.9996596619417297,0.003860495935581085
transformer,79,275,5,0.5558608055114747,0.04157064836613866,0.5050720870494843,0.038749349167318634,2.0019946546440925,0.003732489881316469
transformer,79,280,5,0.561401093006134,0.03978064658479379,0.512119609117508,0.04256078994655608,2.0008279678780596,0.0017401931592220588
transformer,79,285,5,0.5722527503967285,0.03904768130238793,0.5207688212394714,0.04116699297148961,2.000192649673881,0.001900772959975351
transformer,79,290,5,0.5771978020668029,0.03596778832370977,0.5249332666397095,0.03483771133583384,1.998990715002368,0.0030292522055775936
transformer,79,295,5,0.5845238089561462,0.03297553626769595,0.5339028477668762,0.036883764820961444,2.0005256932555904,0.0011633056153305399
transformer,79,300,5,0.5905677676200867,0.03368754435125155,0.5376401543617249,0.04066257626754075,2.001454696253986,0.002256244598210225
transformer,79,305,5,0.5934066057205201,0.034144358564496706,0.5397757768630982,0.04415121074296228,1.9996335795468325,0.0038784545399578735
transformer,79,310,5,0.6029303908348084,0.04062454546355072,0.5481046557426452,0.04246894027804793,2.0013323366067994,0.0023028773949407004
transformer,79,315,5,0.6108516454696655,0.04570288678515111,0.5490656971931458,0.047751627558690404,1.997823092238495,0.0013886267761707787
transformer,79,320,5,0.6189102530479431,0.04073182127310135,0.5595301866531373,0.046031898773717994,1.9997918659672522,0.004188508182046684
transformer,79,325,5,0.6138278484344483,0.0399935119008283,0.5585691452026367,0.04875412259749798,2.0025420184938647,0.001321129658487221
transformer,79,330,5,0.6234432101249695,0.03369874359614085,0.5654031038284302,0.049302959147833815,2.0028998851084925,0.003030676898451109
transformer,79,335,5,0.6265109896659851,0.04757681093418563,0.5670048236846924,0.049784834346042466,1.999113409005432,0.0034555775854624355
transformer,79,340,5,0.6398809552192688,0.03806807841278321,0.5790710210800171,0.047362026610262134,1.9992244935340644,0.0031279341241132515
transformer,79,345,5,0.6326465249061585,0.03549554348794357,0.5751201510429382,0.03922712809559545,2.000538459572167,0.00163971260785485
transformer,79,350,5,0.6440476179122925,0.036036583371980915,0.5864388823509217,0.04407625840329036,2.0003988839866387,0.003461035622150007
transformer,79,355,5,0.6501373648643494,0.028595866786768353,0.5869727849960327,0.0418690251763155,2.0009419483079225,0.0008285636429579824
transformer,79,360,5,0.655906593799591,0.03265192535002579,0.592205035686493,0.04469566750653999,2.0002562075946395,0.0025603843342624655
transformer,79,365,5,0.6615384578704834,0.032894051585030865,0.5979711890220643,0.044112455983849296,1.9984336585872051,0.003456700908891834
transformer,79,370,5,0.6681776523590088,0.02843559452304622,0.5997864603996277,0.041935327810429614,2.0017406818587355,0.0020688283618563396
transformer,79,375,5,0.6671245336532593,0.033498938516633936,0.6023491740226745,0.04174594929227493,2.0011351768615375,0.0013616277705963847
transformer,79,380,5,0.6727564096450805,0.02641856806066503,0.6046983599662781,0.038177962380826415,1.9959297751918155,0.005235638269293459
transformer,79,385,5,0.6753205180168151,0.031520075410507206,0.6086492419242859,0.0380590765382263,2.0022189072596053,0.004061312400679691
transformer,79,390,5,0.6771978139877319,0.03299523619310723,0.6090763568878174,0.04601702673738047,1.9986796416707624,0.003359861791263972
transformer,79,395,5,0.678205132484436,0.0167802279483891,0.6090763688087464,0.03486635819473973,1.9973737617000311,0.004038487857854009
transformer,79,400,5,0.6918956160545349,0.028696962378041996,0.6210357904434204,0.04319238979918226,2.002441299536382,0.0026927100575399503
transformer,79,405,5,0.6958333373069763,0.022366058109636076,0.6272290587425232,0.03981677121142538,1.9999603037665126,0.001711563526800159
transformer,79,410,5,0.6985805988311767,0.03032651012880895,0.6293646812438964,0.0456094749420141,1.9991455251036918,0.003427108208777192
transformer,79,415,5,0.7031593561172486,0.030279823644374888,0.6320341944694519,0.043975589191248915,2.002032856528832,0.0030616080744927296
transformer,79,420,5,0.7036172151565552,0.01253064155035408,0.6326748728752136,0.024976717788934885,1.9976220197715313,0.003943376736260919
transformer,79,425,5,0.698901093006134,0.02003657019764477,0.6275493860244751,0.029380667162869054,1.997156005867706,0.004447107872926138
transformer,79,430,5,0.7010531187057495,0.016706504098725445,0.626695168018341,0.03560254906968079,2.002865920168605,0.003677560838878841
transformer,79,435,5,0.7038461446762085,0.021751866834987355,0.6351308226585388,0.0449947369353732,2.0006128737446147,0.005794382030274382
transformer,79,440,5,0.7162087917327881,0.01708509314536099,0.640363085269928,0.03151519685749855,2.000211872294245,0.00427030644492455
transformer,79,445,5,0.7154304027557373,0.0316874084728319,0.6402562856674194,0.04967219751808477,1.999326231555137,0.0015217776195521418
transformer,79,450,5,0.7177197813987732,0.02252565261314777,0.6420715570449829,0.036826912074552576,2.002979636169605,0.0031922283243700075
transformer,79,455,5,0.7214743494987488,0.023779011761293992,0.6485851764678955,0.04115797969882783,1.9991107428415447,0.0018273154558893134
transformer,79,460,5,0.7160256385803223,0.009252322680931456,0.6428190350532532,0.02599455001586661,1.996755510521993,0.0046211249111703144
transformer,79,465,5,0.7393315076828003,0.01786491989238229,0.6580886602401733,0.030887098918119586,2.0018657534699495,0.0037938190135751774
transformer,79,470,5,0.7397436022758483,0.028136252046061443,0.66043781042099,0.04125415483489099,1.999713310893236,0.0010874851888556436
transformer,79,475,5,0.7430860757827759,0.020273212318815025,0.6631073355674744,0.03716670418129655,2.0004292898838227,0.004245780278416322
transformer,79,480,5,0.7397435903549194,0.01989611675619313,0.6619327425956726,0.0348315971059511,1.9982533166232783,0.0032447226175911135
transformer,79,485,5,0.7380952477455139,0.01515057374521081,0.6558462619781494,0.02644462087964552,1.997218280043698,0.004397110522989206
transformer,79,490,5,0.7462454199790954,0.02246718860247034,0.6670582056045532,0.030527383341724945,1.9985876091387058,0.005897948716305358
transformer,79,495,5,0.7482142925262452,0.024466585417236755,0.6633208870887757,0.03564096137478312,1.999166495876289,0.0034356803227228627
transformer,79,500,5,0.7591117143630981,0.0183831452370306,0.6734650492668152,0.03831586294786995,2.000866715627727,0.0032621058739799487
transformer,79,505,5,0.7484432339668274,0.0282862847832052,0.6666311025619507,0.038423569766816115,2.0030041585787792,0.003358932288170154
transformer,79,510,5,0.7497710585594177,0.028615854447061738,0.669087028503418,0.04104008383998,2.0006171895795957,0.0030516206474727353
transformer,79,515,5,0.7538461565971375,0.01935600086647989,0.6743192791938781,0.03444604500222414,2.000204699668445,0.003918741380116293
transformer,79,520,5,0.7348901033401489,0.028931430981861794,0.6565937280654908,0.02095662274141214,1.9953243496566366,0.005997132406717038
transformer,79,525,5,0.7602106332778931,0.024177389690732964,0.6762413263320923,0.03754935071563103,2.0023045508267545,0.0020568701515111636
transformer,79,530,5,0.7663461565971375,0.024470987897699796,0.6855312466621399,0.0350977625120965,2.0019589398495374,0.0034139590496491587
transformer,79,535,5,0.761401093006134,0.020344177284045646,0.6766684651374817,0.03682111480449294,1.9988368256398334,0.0019443152381869416
transformer,79,540,5,0.7512362718582153,0.03037788370165999,0.6726107954978943,0.04649004375884424,2.001095950376995,0.003337623063396476
transformer,79,545,5,0.759294867515564,0.029114533579112662,0.6780565977096558,0.03695325317042849,1.9993313519605729,0.004479996229329462
transformer,79,550,5,0.7694139122962952,0.026276239275334148,0.6876668691635132,0.042149581285460716,1.9991973557551819,0.0034915313849192544
transformer,79,555,5,0.7683608174324036,0.026806932473413217,0.68606516122818,0.039998187917026834,1.9999852219690226,0.007037872752747567
transformer,79,560,5,0.7721153736114502,0.027756096774524827,0.6873465061187745,0.03419188438512744,2.0004671058137493,0.0034869364038593123
transformer,79,565,5,0.7799450635910035,0.027004157197687253,0.6919380784034729,0.035227473393407635,2.000113145582375,0.000736083577726934
transformer,79,570,5,0.7684523820877075,0.029618301629853964,0.6840363144874573,0.03963200060311806,2.002149849900488,0.003624888337894369
transformer,79,575,5,0.7706043958663941,0.03078638984804149,0.6878804087638855,0.04747024724466921,2.000933357495851,0.004203918747462324
transformer,79,580,5,0.7819139242172242,0.027233297577160812,0.693860125541687,0.037757534228659635,1.9998207175534972,0.0012746944084916488
transformer,79,585,5,0.7744505524635314,0.030650483430497834,0.6924719929695129,0.04930152998233703,1.9986986720988447,0.0029472979878589654
transformer,79,590,5,0.7707417607307434,0.028168461360117726,0.6862787246704102,0.02962704176195133,1.9980681321434708,0.005020610357077787
transformer,79,595,5,0.7833791255950928,0.02495335578274459,0.7009076595306396,0.04117530439873181,2.0011044505091937,0.0034698715331756523
transformer,79,600,5,0.7843864440917969,0.024763604967261335,0.6996262788772583,0.03213766253797572,1.9995794786512295,0.002279797752911148
transformer,79,605,5,0.7865842580795288,0.03730821208471626,0.6989856123924255,0.03917442297801194,2.0001590950917882,0.0008316697437741698
transformer,79,610,5,0.7743589639663696,0.0227747675150115,0.6901228070259094,0.03510913052121757,2.0001183463308188,0.0018881605455331818
transformer,79,615,5,0.7602564215660095,0.03565678893752494,0.6823278307914734,0.05536009950914706,2.003003749630409,0.0034631680422143353
transformer,79,620,5,0.7800824284553528,0.028026699688722047,0.7004805326461792,0.043649637056188115,2.00394562976473,0.005698686115647261
transformer,79,625,5,0.7902472496032715,0.022273764223402263,0.7046449661254883,0.040893956000950894,1.999662214144245,0.005010250136548368
transformer,79,630,5,0.7932692289352417,0.02948544345619891,0.7065670132637024,0.03226161190586166,1.9985129278741767,0.0012479108699082423
transformer,79,635,5,0.7912087917327881,0.03232119398572809,0.7050720930099488,0.03362443814947051,2.0006917844325853,0.0023827842393407865
transformer,79,640,5,0.7758241772651673,0.029385904584548185,0.6932194590568542,0.03444728164023652,1.9982798550583492,0.0020553178976526155
transformer,79,645,5,0.7919413924217225,0.04018766578746025,0.7093433141708374,0.05031960152855908,1.9988473580280584,0.004768014513063016
transformer,79,650,5,0.7840659260749817,0.028366754756722116,0.6965296387672424,0.03237185653185781,2.0001870544401896,0.003094263948752239
transformer,79,655,5,0.7929945111274719,0.028096176939426884,0.7054992079734802,0.038388322133195325,1.9992377558855554,0.001630235631041572
transformer,79,660,5,0.7770604372024537,0.029103643695217576,0.693005895614624,0.04691058951388698,1.9991359259486465,0.0037535977740149754
transformer,79,665,5,0.7879578709602356,0.028450240250483455,0.6984517097473144,0.04372369251972777,1.9998545070889904,0.003983215336997531
transformer,79,670,5,0.7980311393737793,0.03638864074278585,0.710838258266449,0.04929661783344816,2.0011163635939924,0.002050434999526167
transformer,79,675,5,0.7948717951774598,0.02880388703748146,0.7091297626495361,0.04291430222067462,1.9994908889283103,0.0025714533598610173
transformer,79,680,5,0.796611738204956,0.039297882709750945,0.7120128273963928,0.04519385473650295,2.0015945256072483,0.0020924090197554706
transformer,79,685,5,0.8001831531524658,0.029323430212205754,0.7140416622161865,0.03953873052849033,2.001908939002243,0.00345961391628115
transformer,79,690,5,0.8029761910438538,0.030285427877212577,0.7224773406982422,0.03652925855533249,2.000016923822554,0.0035053453274462814
transformer,79,695,5,0.8058608055114747,0.024362788644696962,0.7189535737037659,0.03401425373470523,2.001685978419388,0.0016268209889504133
transformer,79,700,5,0.7888278365135193,0.021869586742573967,0.7087026238441467,0.04633525044440897,1.9982907138333914,0.009983529789801363
transformer,79,705,5,0.8008699536323547,0.03289000303798035,0.7162840604782105,0.04452984797864856,1.9981765988781377,0.003695039832463227
transformer,79,710,5,0.8005952358245849,0.030975203398687874,0.7143620014190674,0.043872732025320035,2.005932210564855,0.007022417598367779
transformer,79,715,5,0.8006410479545594,0.029895189516576392,0.7119060516357422,0.0417650579833851,1.9983075957746586,0.004673101565417231
transformer,79,720,5,0.8002747297286987,0.029618732153961668,0.7123331785202026,0.04252392605056478,2.000789064913495,0.0058504803448320795
transformer,79,725,5,0.8102564096450806,0.026924001941436217,0.724185836315155,0.03175621430037834,2.0012103471651694,0.0029048197910792844
transformer,79,730,5,0.801602578163147,0.023493528312692746,0.7174586415290832,0.04212491615569367,1.9990565365572643,0.0029791605818657286
transformer,79,735,5,0.7952380895614624,0.023803236291956267,0.7074212789535522,0.029130740850697306,2.0017391037236907,0.0034203237072892765
transformer,79,740,5,0.7978937864303589,0.04049849054103078,0.7099840044975281,0.051069975949645664,1.9951275006195073,0.005807498315886718
transformer,79,745,5,0.8025183081626892,0.034806676309957534,0.7176722168922425,0.04045771260895801,1.9971756347818626,0.003081770711028734
transformer,79,750,5,0.811996340751648,0.034325916900421326,0.7207688450813293,0.03922822155851872,2.0036410678805603,0.0045516489555768105
transformer,79,755,5,0.7966117262840271,0.024640654659624915,0.7115857124328613,0.021930343564009972,2.0011942522277755,0.0030926733973969164
transformer,79,760,5,0.8146062374114991,0.029640314646297405,0.7257875323295593,0.040955249421766676,2.0011815760120326,0.003318213187806907
transformer,79,765,5,0.8063186883926392,0.03213171056029175,0.7208756089210511,0.04681386646280361,1.9986607126001794,0.0032208813507848145
transformer,79,770,5,0.8083333373069763,0.021274823590375448,0.7201281428337097,0.043524393873496395,2.000561534437076,0.002764337099496096
transformer,79,775,5,0.814697802066803,0.03194628673903755,0.7242926001548767,0.05213499493748389,2.0004382441017166,0.0060575217401495785
transformer,79,780,5,0.8106227159500122,0.026976015893237105,0.7232247948646545,0.04386556548443332,2.000583899364419,0.0042904319378562145
transformer,79,785,5,0.8133241772651673,0.027869620363729454,0.7235451340675354,0.04144441050719169,1.99765071666897,0.003198554438384565
transformer,79,790,5,0.8040751099586487,0.03178131868862985,0.7232247948646545,0.036801755915379604,1.9964693835624616,0.005128660643028251
transformer,79,795,5,0.8224816918373108,0.03883535539930878,0.7333689451217651,0.04467685184921053,2.002395320684779,0.002222968725235196
transformer,79,800,5,0.8100732684135437,0.03256376605755966,0.7251468300819397,0.03392363310566745,1.999476791145452,0.005218424278138183
transformer,79,805,5,0.825503671169281,0.031195825743620235,0.7372130393981934,0.046984052186647585,1.999914678513278,0.004479491041110537
transformer,79,810,5,0.8120421409606934,0.024033559776206515,0.7253603935241699,0.040709176529453904,1.9961702712070732,0.008056590093332337
transformer,79,815,5,0.804212462902069,0.05357472382313967,0.7173518538475037,0.0605945607820319,1.9988954671075931,0.0032387331749754757
transformer,79,820,5,0.8137820601463318,0.041987028471347394,0.7254671812057495,0.05690311913883545,2.001153441566626,0.00443775169532443
transformer,79,825,5,0.8176282048225403,0.029811882329481947,0.7283502578735351,0.04219251523219394,2.002206353827856,0.0024075713814955832
transformer,79,830,5,0.8199175834655762,0.026856365114154367,0.7332621693611145,0.03845324576745813,1.996503788270637,0.004166061301726618
transformer,79,835,5,0.8213827848434448,0.029643855053062274,0.7346503138542175,0.038014124222509195,2.000592082430738,0.002350343404582942
transformer,79,840,5,0.8212454199790955,0.022572960330444557,0.7321943521499634,0.03944492379675799,2.001321150592386,0.0013246393209169008
transformer,79,845,5,0.8157509326934814,0.026628904893554475,0.731446897983551,0.04996629230179512,2.000522106097889,0.0046527448445504785
transformer,79,850,5,0.8109432220458984,0.03246415755441503,0.7256807446479797,0.0487073296241306,2.0038781925025724,0.004987238853808025
transformer,79,855,5,0.8115842580795288,0.018575019548087816,0.7270688891410828,0.03641200760211073,1.9994528018674849,0.004011989692506084
transformer,79,860,5,0.8186355352401733,0.03449197290411449,0.7295248627662658,0.047190187698966886,1.9988060549929973,0.009655012718250163
transformer,79,865,5,0.8149267554283142,0.035732123350477867,0.7277095794677735,0.049879197735828794,1.9959872972509813,0.006794633294215828
transformer,79,870,5,0.8245421171188354,0.0354112677020808,0.7356113314628601,0.04996116504140692,2.003567825860535,0.01082227266332182
transformer,79,875,5,0.8140109896659851,0.03125340500868421,0.7288841605186462,0.038597161081983085,1.9977618847160419,0.0040478712281208
transformer,79,880,5,0.8308150291442871,0.027996954332824956,0.7407368063926697,0.03995468734643884,1.996807352287923,0.005707983389749644
transformer,79,885,5,0.8291208863258361,0.034049671111547004,0.7406300187110901,0.044714787451685944,2.000296593618368,0.003354703970530936
transformer,79,890,5,0.825503671169281,0.039229754202290544,0.7377469539642334,0.0424400517841265,2.0019837335760506,0.003079568695602192
transformer,79,895,5,0.8214743733406067,0.02647344103016325,0.7345435380935669,0.044441452558979216,1.9968960796414261,0.011993368389298417
transformer,79,900,5,0.8198717951774597,0.018002147667885552,0.7335825085639953,0.030043601261533017,2.001831445275692,0.008792445608640693
transformer,79,905,5,0.825091564655304,0.03041900933507333,0.7382808566093445,0.039410218136741886,2.000247041077156,0.0022394518904273603
transformer,79,910,5,0.817902946472168,0.03344983006689017,0.730058753490448,0.04873543100260345,1.9975757475972007,0.008770852473728791
transformer,79,915,5,0.8157051205635071,0.028036212234760355,0.7255739688873291,0.0324562839729497,2.003589191157165,0.005246930525583976
transformer,79,920,5,0.8261446952819824,0.03216903816557895,0.7394554376602173,0.04842943340834709,1.9956126187638183,0.003212728215163459
transformer,79,925,5,0.827106237411499,0.02670703437080142,0.7395622253417968,0.045289645928884736,2.0007397886354026,0.004800295368151895
transformer,79,930,5,0.8225274682044983,0.038785320646735406,0.7341164231300354,0.041343881710989266,1.999585480396907,0.0019304644756055753
transformer,79,935,5,0.8289377331733704,0.030228197780427776,0.7382808446884155,0.047226115021267605,1.9999557332843083,0.001319818252148432
transformer,79,940,5,0.8158424973487854,0.032148259707188646,0.7340096354484558,0.04866194311198527,2.0028788066609944,0.007952555679026151
transformer,79,945,5,0.8223443269729614,0.022485481074231015,0.7424452781677247,0.045304100560936325,2.001113674570603,0.003762656950586658
transformer,79,950,5,0.8097527503967286,0.013224005470087834,0.7249332785606384,0.0263712386778207,1.9990634148954076,0.00023319460986595973
transformer,79,955,5,0.8237637281417847,0.025093711981269598,0.7371062755584716,0.025497984874058594,2.002525568051845,0.004789940257680296
transformer,79,960,5,0.8091117382049561,0.024726023580879705,0.7249332904815674,0.03354337655755516,2.0000563922794394,0.002762226592288172
transformer,79,965,5,0.817902946472168,0.024329190087312554,0.7319808006286621,0.03819365832964532,1.993402694657222,0.0075978637664233335
transformer,79,970,5,0.8291666865348816,0.03452726918894028,0.7395622253417968,0.049981129631635555,2.000330880671986,0.0038872955946259212
transformer,79,975,5,0.8282509207725525,0.03311945014411084,0.7436198830604553,0.04886072142202879,2.0033926286454697,0.006281115611170804
transformer,79,980,5,0.825503659248352,0.02015719920169976,0.7395622253417968,0.04908626616004778,2.0011007710269317,0.003494807735689969
transformer,79,985,5,0.835302186012268,0.027047906637841995,0.7479978919029235,0.04356301826907076,2.0016489468898078,0.003907467274791854
transformer,79,990,5,0.8362637400627136,0.03566045583191354,0.7493860363960266,0.0552229413216086,1.9995835049538662,0.0038555478398780633
transformer,79,995,5,0.8360348105430603,0.031470974598874144,0.7516284227371216,0.04659720270680686,2.0002929027306244,0.0031430236595373223
transformer,79,1000,5,0.8332875370979309,0.04504677178872156,0.7492792487144471,0.05598296900395506,1.9922708768770796,0.010671352905508823
transformer,79,1025,5,0.8338827848434448,0.02065938882374077,0.7490656971931458,0.039393195175324115,1.9985285124515673,0.004400347748966031
transformer,79,1050,5,0.8387820720672607,0.027682244522188423,0.7505606055259705,0.0441695996505485,1.998035865908284,0.004665027877506696
transformer,79,1075,5,0.8336538553237915,0.021554579847088185,0.7487453341484069,0.03510305572522747,2.0004669429100232,0.0024684771963859394
transformer,79,1100,5,0.8347527503967285,0.03505715106894402,0.7482114553451538,0.05585170086178688,1.9999752425809476,0.005254122663973008
transformer,79,1125,5,0.8308608055114746,0.022976268668610043,0.7423385143280029,0.03224392788506318,1.9986615432217927,0.004076451708405369
transformer,79,1150,5,0.8373626351356507,0.031242488626598768,0.7510945320129394,0.045463951635494444,1.9977601386019415,0.0026307473206154215
transformer,79,1175,5,0.8275641083717347,0.018847713132847495,0.7410571455955506,0.03993398818859461,2.0029259719367674,0.006716984532984257
transformer,79,1200,5,0.843498170375824,0.041187975706555115,0.7552589654922486,0.05610885415648488,2.0030082555684063,0.005262449844943828
transformer,79,1225,5,0.8359890222549439,0.03380558713750745,0.748745346069336,0.05291515352905928,2.002105029574932,0.0042072143276877085
transformer,79,1250,5,0.835805869102478,0.022456570663747285,0.7449012398719788,0.0307247061053628,2.001421231987014,0.0025228107060284444
transformer,79,1275,5,0.8481227159500122,0.029336479444228982,0.7624132633209229,0.05085827428924604,1.9996912029438954,0.0030578467246911304
transformer,79,1300,5,0.8461080670356751,0.02794233552167675,0.7558996438980102,0.04637644347965051,1.9956111978850248,0.00711007906365416
transformer,79,1325,5,0.833699631690979,0.019865290405816576,0.7505606293678284,0.02685855388518359,1.9998457934698923,0.0022740305135025745
transformer,79,1350,5,0.8419871926307678,0.03199047770545269,0.752055537700653,0.04468005104119811,2.0019561023092627,0.00499172899727657
transformer,79,1375,5,0.8286172270774841,0.05481484470628213,0.7423385143280029,0.06678545858806138,2.0040807060489954,0.013939329695444395
transformer,79,1400,5,0.8425824165344238,0.028147986578031685,0.7538708090782166,0.0416786359983132,2.0023219377289836,0.005634348005766783
transformer,79,1425,5,0.8450091481208801,0.033056345756793976,0.7587827205657959,0.05315805513100269,1.9995263636014406,0.010507274355126111
transformer,79,1450,5,0.8440476417541504,0.023305248909398363,0.7578217029571533,0.03616103439960659,1.9997580331279448,0.0022133509298772726
transformer,79,1475,5,0.8528388261795044,0.03572580255713246,0.7632675051689148,0.052565166508482766,1.9990374065501506,0.0058205978591196255
transformer,79,1500,5,0.849404764175415,0.025531632715838623,0.7620929121971131,0.051233255363734735,1.9968522490582015,0.01440835342252676
transformer,79,1525,5,0.8429945230484008,0.025921268263362066,0.7557928681373596,0.037215742102056706,2.0062170513101365,0.017531215312053715
transformer,79,1550,5,0.8568681359291077,0.031148744064184972,0.7646556496620178,0.05315270580306347,2.000711852050588,0.003027353219177188
transformer,79,1575,5,0.8545787453651428,0.031276354468616235,0.7674319624900818,0.04649339459334825,1.9975298445569714,0.0034460516222914943
transformer,79,1600,5,0.8559065937995911,0.029492385967366336,0.76572345495224,0.042050398676815724,1.9969956577353607,0.005855296593602461
transformer,79,1625,5,0.8380952477455139,0.026903543684650047,0.7517352104187012,0.03742845790645351,2.0052826681807354,0.008881872593662894
transformer,79,1650,5,0.8585622668266296,0.0261036356682279,0.7736252188682556,0.048117944985704576,2.0038022498037793,0.005412349574426337
transformer,79,1675,5,0.8400183200836182,0.032516574973162814,0.7497063636779785,0.04172715542738323,2.0018306926083937,0.0047740544177457414
transformer,79,1700,5,0.8527930498123169,0.026462365674670814,0.7621996998786926,0.039644947233635285,1.9966660395880507,0.0013905868785345826
transformer,79,1725,5,0.8551282048225403,0.030300059098748968,0.7661505818367005,0.03742276007396635,1.998917617617908,0.003281142323937083
transformer,79,1750,5,0.8445970773696899,0.028507296110709554,0.7570742249488831,0.052736266266506064,1.9976922860272226,0.0032849955944280786
transformer,79,1775,5,0.8377289295196533,0.047043318910017305,0.747891104221344,0.038602686312901056,2.005126851489709,0.0064673306011100926
transformer,79,1800,5,0.8559523820877075,0.03466437388380275,0.7674319505691528,0.05121100436550588,1.9995062829458905,0.004694658608502213
transformer,79,1825,5,0.8441392064094544,0.021276694063916166,0.7573945760726929,0.03954593186595156,1.9979983748761185,0.004476288111862072
transformer,79,1850,5,0.8486263751983643,0.0351198939989783,0.7659370303153992,0.04192854714430131,1.9998765461355181,0.005630175465771343
transformer,79,1875,5,0.85380038022995,0.02992899079908502,0.7623064875602722,0.042554095089587116,2.003783661204642,0.006082315673137724
transformer,79,1900,5,0.8454670548439026,0.040559152393101656,0.7567538857460022,0.049822899484794916,2.0044808056590844,0.020721117576462608
transformer,79,1925,5,0.8530219912528991,0.03638059114601366,0.7616657853126526,0.04110982525099072,2.0035995944833997,0.004441879727794275
transformer,79,1950,5,0.8558150291442871,0.04184785561283687,0.7643353104591369,0.051000436199532345,2.0029606351836065,0.004457522618809608
transformer,79,1975,5,0.8562270998954773,0.028494705508983063,0.7631607174873352,0.031901764510950295,1.9970119931952233,0.006718511778460271
transformer,79,2000,5,0.8529304027557373,0.026250373721780747,0.7672183990478516,0.04562918355946694,2.003422243221353,0.005952453119696767
transformer,79,2025,5,0.8433608055114746,0.03940337628993546,0.7516284346580505,0.04680474562690993,2.008094459947312,0.005502823357482906
transformer,79,2050,5,0.8575091481208801,0.02336544856415289,0.7689268708229064,0.0422920573127936,2.000369974529867,0.006203533919254174
transformer,79,2075,5,0.8483058691024781,0.04058161832231804,0.7602776646614074,0.05584837463164207,2.006194352142805,0.02723860442520199
transformer,79,2100,5,0.8532967090606689,0.0306500587617256,0.7626268148422242,0.03520845478857765,2.0033122825499694,0.007461036208799478
transformer,79,2125,5,0.8696428656578064,0.037455504446323944,0.7728777527809143,0.05703846668010688,2.000877437192557,0.002370154458301847
transformer,79,2150,5,0.864194142818451,0.03308383893254158,0.7707421541213989,0.05152451299148573,1.997280063508704,0.003910953694247632
transformer,79,2175,5,0.8500915765762329,0.04075908028106153,0.7596369743347168,0.052099193762284536,2.001252294179035,0.013243755000165476
transformer,79,2200,5,0.867307698726654,0.035242524105381326,0.776294720172882,0.04162215844418366,2.0009985438175315,0.00655044442210266
transformer,79,2225,5,0.8684065818786622,0.038752537217374976,0.7769354224205017,0.05412389782209099,1.9974783248615886,0.005153828818250223
transformer,79,2250,5,0.8583791255950928,0.029465716257595472,0.7722370743751525,0.043426347555204914,1.9999809972221179,0.0028151995368630527
transformer,79,2275,5,0.869505500793457,0.03081786213519136,0.7731980919837952,0.04301713130105394,2.000766566758236,0.005835176021487682
transformer,79,2300,5,0.849404776096344,0.05998352012046949,0.7605979800224304,0.06798576828839552,2.0050873411061705,0.014560961998707161
transformer,79,2325,5,0.8511904716491699,0.025870471536653755,0.7614522337913513,0.023356024267428277,1.9885499952276873,0.01464269289681434
transformer,79,2350,5,0.8714743614196777,0.0393208725814358,0.7815269827842712,0.05564051729642386,2.00053833115777,0.0009580166683335974
transformer,79,2375,5,0.8645146489143372,0.033870958818772647,0.7733048677444458,0.045174940441567404,2.005269541443119,0.005616051678632016
transformer,79,2400,5,0.8636904716491699,0.024257467321137316,0.7693540096282959,0.04100463995306203,1.999661490677843,0.002311511047302981
transformer,79,2425,5,0.8732143044471741,0.03126127937429416,0.773518419265747,0.04057908329775333,2.0026748367765754,0.004657202883042856
transformer,79,2450,5,0.8707417726516724,0.034327530701521294,0.7817405343055726,0.05265023947282967,2.00305922679021,0.0036563761864057145
transformer,79,2475,5,0.8751373529434204,0.036055184768189065,0.7829151272773742,0.053833710751810274,2.0026096024035143,0.009173092233988045
transformer,79,2500,5,0.8701465129852295,0.02880633584196799,0.7802456140518188,0.04349358074493708,2.0001240659194672,0.005572309350014564
transformer,79,2525,5,0.8536630153656006,0.028314045449469364,0.7619861483573913,0.03379313995779394,2.003481056427245,0.005245769169935992
transformer,79,2550,5,0.8755494475364685,0.054980483172469785,0.7819541096687317,0.06432764985402219,2.0031820062824717,0.0031677401546990774
transformer,79,2575,5,0.87710622549057,0.042797703308395905,0.7845168471336365,0.05671646797736626,2.000598371757216,0.004052358463410448
transformer,79,2600,5,0.8636904835700989,0.06289094943917017,0.7709556937217712,0.0633738368575917,1.9912003594692091,0.00801634258384246
transformer,79,2625,5,0.8658424735069274,0.020793673353797948,0.779071033000946,0.03875744546795966,1.997180938870787,0.006803676445685256
transformer,79,2650,5,0.8758241772651673,0.049848674208913646,0.7837693810462951,0.06825504833332234,2.0080820116573928,0.005672968295100192
transformer,79,2675,5,0.8808608174324035,0.04853982676963757,0.7909236669540405,0.05723925683914023,1.998590726027579,0.004292953453660574
transformer,79,2700,5,0.8714285612106323,0.02724436439031725,0.7787506818771363,0.0445394765423308,1.9976657659847308,0.006090407033291437
transformer,79,2725,5,0.869001829624176,0.026084036651001244,0.7754405021667481,0.03953152647042477,1.9965310308352766,0.007372360867473991
transformer,79,2750,5,0.8589743614196778,0.05149471045706042,0.7658302426338196,0.05823532522286393,2.009385907446778,0.00884378517449806
transformer,79,2775,5,0.8857142925262451,0.03712513087478068,0.7898558616638184,0.05331362468230412,1.9983140674885043,0.004247059447362534
transformer,79,2800,5,0.8824633598327637,0.03846855100380081,0.7917779088020325,0.05088767554201735,2.002302937249841,0.007864836832764623
transformer,79,2825,5,0.8755952477455139,0.03311322032720141,0.7857982158660889,0.044818280209967046,2.0011779657224733,0.003721600636610167
transformer,79,2850,5,0.8758699536323548,0.02151552356215112,0.7828083515167237,0.040055880252432105,2.004992093942088,0.007118720942262899
transformer,79,2875,5,0.8789377331733703,0.03132742989361549,0.7863320946693421,0.046503843768200444,1.9990404381718847,0.007862955855500956
transformer,79,2900,5,0.8771062374114991,0.036946823977953076,0.7791778087615967,0.04342636616847451,1.997047549702728,0.005845108356531038
transformer,79,2925,5,0.8798076868057251,0.036705430878007754,0.7841964840888977,0.05291487524333691,2.011576239988146,0.015781835486000633
transformer,79,2950,5,0.8808608174324035,0.02879915511974722,0.7850507259368896,0.03223067054778753,1.9933719744577492,0.00447110987430293
transformer,79,2975,5,0.8880952358245849,0.04275971257545967,0.7932728409767151,0.058903052600886636,2.0031116549416432,0.00641267295409223
transformer,79,3000,5,0.8874542117118835,0.03812572036385683,0.789962637424469,0.05615962465717163,2.0030225382259217,0.007905734104400403
transformer,79,3025,5,0.8957875490188598,0.04230498763352578,0.7976508498191833,0.05758111234249271,2.000657732611629,0.004219826101441352
transformer,79,3050,5,0.8978479981422425,0.03985075470443249,0.7961559176445008,0.0556520422239777,2.000579929582396,0.007162196787954334
transformer,79,3075,5,0.8923534870147705,0.03218933201822408,0.7962627053260803,0.046372142464252024,1.9971481126175015,0.003582850957012832
transformer,79,3100,5,0.8900640964508056,0.02471859213243465,0.7892151832580566,0.04009322004035271,1.9985072616351929,0.0072777042151749615
transformer,79,3125,5,0.9014652132987976,0.03588214824716461,0.8012813925743103,0.04851971452316815,1.9984793850817002,0.006152268162627878
transformer,79,3150,5,0.8948260188102722,0.04664985044316001,0.7992525458335876,0.05762317461498998,2.0013475400594807,0.005159568438143907
transformer,79,3175,5,0.9081501841545105,0.03714065639720169,0.8067271828651428,0.05070531265049238,2.003281374986633,0.00433888781257342
transformer,79,3200,5,0.9019688844680787,0.036653057088981915,0.8024559736251831,0.05227749751392576,2.0038624476119953,0.005977977057592605
transformer,79,3225,5,0.8995879054069519,0.03064073845389142,0.8001067996025085,0.050160750834702006,1.9987597911551784,0.004532685939738795
transformer,79,3250,5,0.9002747178077698,0.03536128496237807,0.8009610414505005,0.053556071852542735,2.002565532057498,0.0035140364965849653
transformer,79,3275,5,0.9029761910438537,0.03746207494346788,0.8073678612709045,0.05728506568064458,2.0001752382359266,0.004718907300541669
transformer,79,3300,5,0.9019688844680787,0.02578037212109214,0.7990389823913574,0.03567492839922401,1.9969247264102523,0.004603369789755564
transformer,79,3325,5,0.9097527503967285,0.030899559978630024,0.8097170472145081,0.04692669586180822,1.9950998177666939,0.003721547914843223
transformer,79,3350,5,0.9096611738204956,0.03520383651839763,0.8098238229751586,0.055027487666943445,1.9996442952079245,0.002596918737658557
transformer,79,3375,5,0.9142399311065674,0.029769640831365914,0.8098238348960877,0.05190456497943852,1.9986986204798458,0.00409469269508462
transformer,79,3400,5,0.9124542117118836,0.035495178227775155,0.8092899203300477,0.05486407447612815,1.9999857279930258,0.0056637811576859985
transformer,79,3425,5,0.9174908399581909,0.029808364077067252,0.8154832005500794,0.05213775108463135,2.0013067130718665,0.0014739619983750306
transformer,79,3450,5,0.9141483545303345,0.02447224863127024,0.8086492657661438,0.03817983560386734,1.997960789191246,0.00461350636912129
transformer,79,3475,5,0.9218406677246094,0.030554649756074564,0.8218900322914123,0.0504497182768141,1.9979297196744021,0.007079037115308749
transformer,79,3500,5,0.9167582392692566,0.03519077085561718,0.8121729969978333,0.05322105087524498,2.002099078150091,0.004521109628202067
transformer,79,3525,5,0.9183608174324036,0.022559721529653756,0.8100373983383179,0.039308816731956034,1.999300217039457,0.003941968334365952
transformer,79,3550,5,0.9251373648643494,0.029738562363931013,0.8196476340293884,0.04551564726005992,2.000699696172301,0.005329280813847142
transformer,79,3575,5,0.9206043958663941,0.028127868414989866,0.8206086754798889,0.04546017212693368,2.0003294866291506,0.0061650417606173
transformer,79,3600,5,0.9269230723381042,0.03419972889095238,0.8201815605163574,0.05517750894440643,1.9997633719020047,0.003627176425978324
transformer,79,3625,5,0.9220696210861206,0.021780148552996616,0.8205018877983093,0.04498334356373756,1.996934641360923,0.005334499217079716
transformer,79,3650,5,0.9281135678291321,0.025428065914384613,0.8230646252632141,0.047651544372115814,2.001041654730831,0.003436618238942734
transformer,79,3675,5,0.9249084234237671,0.03553295662610738,0.8200747609138489,0.05756379219431413,1.9976778076095782,0.004139953409376631
transformer,79,3700,5,0.9314560294151306,0.02856249392879946,0.8257341504096984,0.045929002643494136,2.0038194224806745,0.0030514528840895646
transformer,79,3725,5,0.9334249138832093,0.02171797597903573,0.8297917962074279,0.04455514767122851,2.000064070717913,0.0031797458005421186
transformer,79,3750,5,0.9324175834655761,0.025702475683154667,0.8273358464241027,0.04590416559360119,1.9992744211974767,0.002489743667650276
transformer,79,3775,5,0.9355769276618957,0.028536805295720613,0.827549397945404,0.04729185441384432,1.9983216898558234,0.007211750975070801
transformer,79,3800,5,0.9298534989356995,0.023998411032634094,0.8264816045761109,0.04483035405885604,2.0024707560229227,0.002556613102044005
transformer,79,3825,5,0.9432692408561707,0.031800666799985784,0.8363054156303406,0.05165162266431925,2.0014699366561666,0.004128545830816997
transformer,79,3850,5,0.9377289414405823,0.02384306861157817,0.8323545336723328,0.04611850233802891,1.99865301966314,0.004027019970449741
transformer,79,3875,5,0.9398809552192688,0.02531837926585325,0.8345969200134278,0.039891873115157385,1.9995131292624997,0.0031322759674672846
transformer,79,3900,5,0.939102566242218,0.027734090509811328,0.8300053715705872,0.04700862905199521,1.999299079824037,0.004466294694283496
transformer,79,3925,5,0.9417124509811401,0.028298866874839502,0.8341698050498962,0.0448615009232608,1.9983447570694293,0.0026182356873012745
transformer,79,3950,5,0.9457875490188599,0.023279366515890895,0.8403630733489991,0.04692881671736874,1.9988674547738547,0.0040869490051869736
transformer,79,3975,5,0.9466575145721435,0.024876920764268316,0.839829170703888,0.04600092054634557,1.9992280011830281,0.0053194246521912
transformer,79,4000,5,0.9517857193946838,0.026448799461916146,0.8436732769012452,0.04654518222468689,1.9994377113841946,0.0026314404044987913
transformer,79,4025,5,0.9464743614196778,0.022152845838928705,0.8407901883125305,0.0422465279055061,1.9996589312207849,0.0034043895361001875
transformer,79,4050,5,0.9471153855323792,0.029711223952837283,0.8413240909576416,0.05162237027343719,1.9976851859471842,0.0046815431088065304
transformer,79,4075,5,0.9551282167434694,0.020421053371827414,0.8430325746536255,0.04718627181646115,2.0002131922620863,0.0021848826920168865
transformer,79,4100,5,0.9523809552192688,0.023192883570053297,0.8421783447265625,0.046902379066906495,1.9992642367684677,0.0028023055999616543
transformer,79,4125,5,0.9514652013778686,0.025882120527083222,0.8442071676254272,0.04667207486429987,2.000895180677272,0.0017012770253524675
transformer,79,4150,5,0.9560897588729859,0.02969817862937127,0.8423918962478638,0.05504043478939006,1.9990298362919485,0.0034811224523070457
transformer,79,4175,5,0.9573718070983886,0.021718574451573706,0.8484784007072449,0.047900330226216474,1.996746022091067,0.002950613028851808
transformer,79,4200,5,0.9618589878082275,0.02273675304085002,0.8494394302368165,0.04556510217268123,2.0015595291605157,0.0033265495829928504
transformer,79,4225,5,0.957509171962738,0.026913855031925712,0.8470902562141418,0.048028417035796515,2.0010117836526926,0.0030695682304244546
transformer,79,4250,5,0.9610805988311768,0.024710973288928365,0.8493326425552368,0.04558291525107371,1.9981406342541415,0.0023239600081716412
transformer,79,4275,5,0.9643315076828003,0.025876736576391144,0.8504004597663879,0.04524555481619346,2.00081143190556,0.003003117773374972
transformer,79,4300,5,0.9650641083717346,0.023008875275983283,0.8516818165779114,0.04742038492938071,1.9979793665562944,0.003199607631072149
transformer,79,4325,5,0.9671245336532592,0.02321805475113642,0.8520021557807922,0.04649768737012968,1.9975490536733385,0.0021499850604522475
transformer,79,4350,5,0.9656593441963196,0.01868683734270194,0.8547784566879273,0.045203953992714964,2.000405365729397,0.0011321455819345144
transformer,79,4375,5,0.9704670310020447,0.02248663320529751,0.8564869403839112,0.04602632742238359,1.9994316007422257,0.0018799918816077505
transformer,79,4400,5,0.9697802186012268,0.02268390729906226,0.8557394742965698,0.04795535658250928,2.000528821550726,0.002376913545477015
transformer,79,4425,5,0.9684523820877076,0.02094024096796737,0.8560598134994507,0.044388822539190326,1.9992025649110592,0.002510816924851209
transformer,79,4450,5,0.9737179517745972,0.02223786396495396,0.8586225509643555,0.04591782033059397,1.9994136667654128,0.0032564203265735684
transformer,79,4475,5,0.9752289414405823,0.022019959955931017,0.859583568572998,0.04730239572572033,2.0000725461897475,0.001320400895716097
transformer,79,4500,5,0.9726648449897766,0.02015341758851446,0.8580886602401734,0.04609286169625707,1.9993439167114073,0.0012647995110891639
transformer,79,4525,5,0.9755952477455139,0.021202169766103583,0.8615056157112122,0.04569098276223368,1.998844573193934,0.0011583558768607717
transformer,79,4550,5,0.9764652132987977,0.021336345705662167,0.8618259787559509,0.047456415449269936,2.000873639757974,0.0009594226796913824
transformer,79,4575,5,0.9766941428184509,0.021171121227794645,0.8620395302772522,0.04788725521299693,1.9998114163023906,0.0015761228555750172
transformer,79,4600,5,0.9761904835700989,0.02197264790017407,0.8625734329223633,0.048590423675347,2.0000729435641267,0.001917778333848093
transformer,79,4625,5,0.9768772840499877,0.02102926860454912,0.8628937721252441,0.049092062253075226,1.999613851384892,0.0020953816670929892
transformer,79,4650,5,0.9771520137786865,0.018874106037543338,0.8632140994071961,0.04347687623813326,2.0012150736352554,0.0002643707813458969
transformer,79,4675,5,0.9795329809188843,0.02186661313422961,0.865456509590149,0.04817125174569375,1.9975782007493597,0.004352281235413646
transformer,79,4700,5,0.979395616054535,0.01950946865330059,0.8665243268013001,0.047838713657858724,1.9993490165931562,0.0011795184438189391
transformer,79,4725,5,0.979990828037262,0.01984284806800008,0.8680192589759826,0.04497382969987422,2.000509565280858,0.0007355465656284032
transformer,79,4750,5,0.9812728881835937,0.019257593437652595,0.8680192470550537,0.04638108457173146,1.9998530312733707,0.00158401029665576
transformer,79,4775,5,0.9822344303131103,0.020670802589107057,0.8680192470550537,0.049274637668090294,2.0000852240188562,0.0009429011295740275
transformer,79,4800,5,0.9829212546348571,0.020433628774214303,0.8694073915481567,0.046938842569104695,2.0004760990034076,0.0005816832132754696
transformer,79,4825,5,0.9840201377868653,0.019578126052033212,0.8712226510047912,0.0451840920128271,2.000936409064574,0.0012529139805196106
transformer,79,4850,5,0.985393762588501,0.019828846425221796,0.8721836805343628,0.04696614728426947,2.001070035777184,0.0019313772498644884
transformer,79,4875,5,0.9853479862213135,0.019763699174958925,0.8711158752441406,0.0463537029221349,1.99997925345891,0.000806747898920929
transformer,79,4900,5,0.9853937745094299,0.01970420489662344,0.8714362263679505,0.04592867496074231,1.999800950487679,0.00039886477204655025
transformer,79,4925,5,0.9846611738204956,0.020594844999762454,0.8712226629257203,0.0457685781873308,2.0000294440132187,0.00040968027757207675
transformer,79,4950,5,0.9872710585594178,0.017490608040735232,0.8728243827819824,0.045374520206770914,1.9996995017282952,0.000523084799534457
transformer,79,4975,5,0.9865842461585999,0.018371882370366212,0.8738921761512757,0.04491991446895315,2.0000727804513967,0.0011725368691096426
transformer,79,5000,5,0.9875,0.017148642957139994,0.8722904562950134,0.04510199354867811,2.0002063089832864,0.0006818099666822527
transformer,79,5025,5,0.9874542117118835,0.01725513396066729,0.8725040197372437,0.045105142690503655,1.9999714180648176,0.0005569532391870558
transformer,79,5050,5,0.9877747297286987,0.016810634653742797,0.8733582615852356,0.04439490657072085,2.000339998642354,0.0010465156816587067
transformer,79,5075,5,0.9883699655532837,0.0159653480168279,0.8741057515144348,0.04401283461329364,2.000096821807612,0.0010420243866383764
transformer,79,5100,5,0.9881868243217469,0.016215500269440096,0.874639630317688,0.046204050697467657,2.0003305661682425,0.0007631951041493227
transformer,79,5125,5,0.9886446833610535,0.015650543536161337,0.8742125272750855,0.044481820271788666,2.000141212397788,0.0004584048888002557
transformer,79,5150,5,0.9888278365135192,0.015352834220289218,0.8736786127090455,0.04505803206206539,2.000422106039479,0.0005360079023498963
transformer,79,5175,5,0.9893772959709167,0.014578129716401371,0.8735718369483948,0.045232951747991024,1.999991919046995,0.0006973660425448054
transformer,79,5200,5,0.9893772959709167,0.014568239249941179,0.8731447100639343,0.0434968659788507,2.0001882815407126,0.0005018735465092194
transformer,79,5225,5,0.9900183081626892,0.013745427799526741,0.8742125153541564,0.043732146326231305,1.9999132555371293,0.0006129919012355609
transformer,79,5250,5,0.9907509088516235,0.012895524579560306,0.8745328545570373,0.04302970422000247,2.0002368359822107,0.00040331499562723224
transformer,79,5275,5,0.9908424854278565,0.012772393200165395,0.8741057395935059,0.043317589673161974,1.9998060658957453,0.0004455358640198785
transformer,79,5300,5,0.9911172151565552,0.012435977924788897,0.8738921761512757,0.042719575545188467,1.9998088795572582,0.0003093991529348524
transformer,79,5325,5,0.9912087917327881,0.012348426427696367,0.8744260787963867,0.04278455602271477,1.999696904292693,0.0005028384323490431
transformer,79,5350,5,0.9920787572860718,0.011494402847613614,0.8745328426361084,0.042264399423203154,1.999895164573486,0.00010615322721257266
transformer,79,5375,5,0.9922161221504211,0.01134454529597016,0.8752803206443787,0.04334587889691775,1.9998856374202554,0.00017296806093888926
transformer,79,5400,5,0.992399275302887,0.011226580805857835,0.87656170129776,0.04197236580870287,1.9999541643470429,0.00022672827819815577
transformer,79,5425,5,0.9926282048225403,0.01090569911285242,0.8767752528190613,0.042483718662462394,2.000128150832392,0.0004614209970193541
transformer,79,5450,5,0.9929029226303101,0.010378238316917298,0.8763481378555298,0.042096453577435494,2.0002155580543572,0.00017416761607365002
transformer,79,5475,5,0.9926739931106567,0.01087875181769666,0.8762413382530212,0.041907804131210154,2.000018930986646,0.00030382878640020875
transformer,79,5500,5,0.9930402874946594,0.010173705252733088,0.8764549016952514,0.04132592558521461,1.9998023754945997,0.0002718188276137151
transformer,79,5525,5,0.9931776523590088,0.009913824281820702,0.8765616893768311,0.04152514536208383,1.9998678371594578,0.0002542235818647849
transformer,79,5550,5,0.9935897350311279,0.009151795121108265,0.8766684770584107,0.04159133946586908,2.0000178952123875,0.00011602445074803068
transformer,79,5575,5,0.9934065937995911,0.009486970761282281,0.8765616774559021,0.04131523475241089,2.0000202649900425,8.371833102544222e-05
transformer,79,5600,5,0.9936355233192444,0.009068949699953062,0.8765616893768311,0.04140484563552438,1.9999336422466896,0.00017414863210617063
transformer,79,5625,5,0.9939102530479431,0.00858073983573175,0.8762413382530212,0.04084863707816081,2.000011410678389,0.0003378507983809488
transformer,79,5650,5,0.9939102530479431,0.00858073983573175,0.8759209990501404,0.04123444571132861,1.9999780472805213,0.00016355818736611642
transformer,79,5675,5,0.9942765474319458,0.007957039921284667,0.8765616774559021,0.03999711820902436,2.0000182389081873,9.585095594068732e-05
transformer,79,5700,5,0.9944597005844116,0.007740677988821756,0.8763481259346009,0.039979654465217646,2.0000795179880413,8.821527496150273e-05
transformer,79,5725,5,0.9950091600418091,0.00708302307929073,0.8769888043403625,0.04028507773328549,2.0001858041468465,8.492880782667568e-05
transformer,79,5750,5,0.9951465249061584,0.006923991098233113,0.8764549016952514,0.04017880188686743,2.0000378240995547,0.000157528062513183
transformer,79,5775,5,0.9954670310020447,0.006636036695688838,0.8767752408981323,0.03981139381465775,2.000041396381729,0.00010125005219075962
transformer,79,5800,5,0.9957417607307434,0.006347808313677838,0.8775227189064025,0.039833231297211724,1.9999980620114428,0.00016869647035908423
transformer,79,5825,5,0.9961080551147461,0.006194022364278028,0.8773091554641723,0.039941870115458855,2.000041335370601,0.00010865019940069985
transformer,79,5850,5,0.9964743614196777,0.00595149366885015,0.8775227189064025,0.03941598421682185,2.0000148639418796,0.00014146676503546678
transformer,79,5875,5,0.99670330286026,0.005851579123361967,0.8777362823486328,0.03978740396117397,1.999977597028429,0.00014223297161966794
transformer,79,5900,5,0.9968406677246093,0.005869019811817607,0.8776294946670532,0.03966973504478821,1.9999415956809277,0.00018556058530750592
transformer,79,5925,5,0.9971153855323791,0.005951490458897552,0.877949845790863,0.03893941560365552,1.999920010687258,8.927689847631683e-05
transformer,79,5950,5,0.9971611738204956,0.005971272648977843,0.877949845790863,0.03926018888257154,2.00003081457584,0.00013805177429242747
transformer,79,5975,5,0.997206962108612,0.005869016207994366,0.8776295065879822,0.03909795664716175,1.999986060499457,6.232523344973477e-05
transformer,79,6000,5,0.9972527503967286,0.005890410331271284,0.8779498219490052,0.03895953782240932,1.9999830402738343,6.092668266517674e-05
transformer,97,0,5,0.05554205924272532,0.015797422711300656,0.054906128346919957,0.017476297890676402,8.097106623020366,1.5924216518985261
transformer,97,1,5,0.057030063122510855,0.015860849984848418,0.054976973682641914,0.017507501225299593,8.034112108416673,1.656965123760613
transformer,97,2,5,0.056361979246139504,0.013129925412193618,0.054693587124347645,0.01338747943764195,7.879678218123159,1.674201988245241
transformer,97,3,5,0.0587306402623653,0.014999797697755803,0.058165071904659214,0.01841398788459818,7.647342539787116,1.6712240500146118
transformer,97,4,5,0.0603097483515739,0.01782823975372584,0.059015231579542124,0.020506698552431493,7.292491738182835,1.679174709927816
transformer,97,5,5,0.058214394748210885,0.017724550249954618,0.05653560012578958,0.01904740031744008,6.773458219622502,1.6950352239218507
transformer,97,6,5,0.056756755709648096,0.015877483757890977,0.05526036024093624,0.01680275018848448,6.123482495397814,1.688383820458065
transformer,97,7,5,0.057424840331077545,0.016037490777628675,0.0558271333575248,0.01642052886376199,5.42224967786371,1.6256560393265673
transformer,97,8,5,0.059580930322408646,0.01686986212307233,0.058873538672923977,0.01941733960623009,4.734100056665893,1.4881939901283179
transformer,97,9,5,0.061615548282861664,0.017385662373401778,0.06099893674254412,0.02042976119994607,4.098211844006708,1.2890602915568772
transformer,97,10,5,0.06261767446994776,0.016778390544039186,0.059936235845088906,0.019350984575480054,3.5395984561580844,1.0668327750788003
transformer,97,11,5,0.06295171603560443,0.016004465651528087,0.06007793024182316,0.018267232699529484,3.072377143246664,0.8642929708023106
transformer,97,12,5,0.06286061406135554,0.015509339400164732,0.06078639701008792,0.017687904301325816,2.699653969815839,0.7035187483630347
transformer,97,13,5,0.06289098039269445,0.015244486529460087,0.06078639701008792,0.01816390447608888,2.4128915627120913,0.5811156658410164
transformer,97,14,5,0.06349833086132997,0.015076834233312636,0.06114063039422032,0.017491727592825804,2.1967712641484956,0.4841206060698358
transformer,97,15,5,0.06325539052486412,0.013663073243564168,0.062061636894941305,0.016715523458151985,2.03569087045122,0.402336538353706
transformer,97,16,5,0.06416641473770138,0.012860353533475265,0.06284094899892802,0.01594166904806016,1.9171133113327112,0.33065625755893213
transformer,97,17,5,0.06410567909479135,0.012282589828321916,0.062415868788957565,0.015210176122468921,1.8317900793158781,0.2677595765397772
transformer,97,18,5,0.06416641473770134,0.013132647945116567,0.06262841001152988,0.016874290573490585,1.7730539161321883,0.21439571056562312
transformer,97,19,5,0.06434861868619915,0.013152293056399894,0.06333687454462046,0.016929969406525826,1.736236788476298,0.1725287169878846
transformer,97,20,5,0.06431825011968606,0.01270207004707458,0.06475380808115003,0.015249312047666056,1.7181596041968459,0.1452931496377923
transformer,97,21,5,0.0658669903874397,0.011997736046315996,0.0644704215228557,0.014144947738299982,1.7165933439727357,0.13586626043154001
transformer,97,22,5,0.06671727970242496,0.011355658880319051,0.06475380808115003,0.013243296843147321,1.7297019860018146,0.143279263181746
transformer,97,23,5,0.06705132126808162,0.010708886640023637,0.06447042077779763,0.013216265893889089,1.7555120279728578,0.1603350986335672
transformer,97,24,5,0.0677801392972469,0.009965660524743437,0.06560396477580066,0.012396639253840396,1.7915947726517594,0.17745014774422396
transformer,97,25,5,0.06805344671010967,0.009643397165528865,0.06595819965004915,0.012117671543033353,1.8350351916645455,0.1863434580711743
transformer,97,26,5,0.0684482246637344,0.009133864167126386,0.06567481309175485,0.012285301728900504,1.8827111986156713,0.18224393148897372
transformer,97,27,5,0.06832675263285633,0.009276372356339421,0.06496634706854816,0.0127907097237847,1.9316695995324213,0.1663314799182522
transformer,97,28,5,0.06878226473927493,0.009262694689104381,0.06503719389438625,0.012881133464579681,1.9789454059883789,0.14649314171373004
transformer,97,29,5,0.06957181990146633,0.009511605526682213,0.0660998910665512,0.013217687545937438,2.0209601216580215,0.1335586008669647
transformer,97,30,5,0.06978439092636105,0.010473797425239578,0.0670917466282844,0.013999154569852058,2.053524476245596,0.13242372406867725
transformer,97,31,5,0.06999696195125574,0.010432112924085987,0.066666667163372,0.0140233363560932,2.0729492105770615,0.13668931403903645
transformer,97,32,5,0.07005769759416576,0.010668984975973917,0.0673751331865787,0.013040398244980175,2.0777562918330026,0.13652269890308236
transformer,97,33,5,0.0706650488078594,0.011334321959420626,0.06815444380044931,0.013319351424274447,2.0697024290257753,0.12811245759001721
transformer,97,34,5,0.07178864032030102,0.012145271113602535,0.06921714395284648,0.01467311805394191,2.053170495630161,0.11534461111439298
transformer,97,35,5,0.07339811623096462,0.013193948331526857,0.0699256099760532,0.01579537897721728,2.033476257095752,0.10603958741983185
transformer,97,36,5,0.07546310126781461,0.014165281663396433,0.0721218548715114,0.01720420716406378,2.0152176156535115,0.10536677866388723
transformer,97,37,5,0.07673853486776347,0.013653789243012734,0.0733970925211906,0.01685755136612275,2.0011973581861353,0.11153040575909783
transformer,97,38,5,0.07676890343427653,0.01354742120955295,0.07360963374376296,0.016942934512173657,1.992086933241988,0.11866987064128934
transformer,97,39,5,0.07670816779136655,0.013747096852323023,0.07382217347621915,0.016466316706498972,1.9868501703008643,0.1208024036213434
transformer,97,40,5,0.07755845785140988,0.014667584254034402,0.0743181005120277,0.016585522946172458,1.9838888305202278,0.11355521769322453
transformer,97,41,5,0.07737625241279597,0.015205569995611411,0.07325540259480472,0.01758259806032968,1.9823204633647873,0.09651988064256886
transformer,97,42,5,0.07777103036642072,0.01484413717583936,0.07226354852318759,0.01585563948205092,1.9822889013217506,0.0753757478972262
transformer,97,43,5,0.07819617390632624,0.01459178705584855,0.0724052399396896,0.01520852604802072,1.984179928179462,0.060918765703960154
transformer,97,44,5,0.07947160750627513,0.014627528048944023,0.07332624793052668,0.014930409812038112,1.9877777057735475,0.059804532267137896
transformer,97,45,5,0.08056483566761012,0.014595973859349234,0.07453064024448393,0.014628154876598864,1.9921810869485135,0.06542973840161549
transformer,97,46,5,0.08193137049674984,0.01576206386179612,0.07623095661401748,0.015741266908794464,1.9962747021138647,0.06956113393099231
transformer,97,47,5,0.08266018778085704,0.016348647378694903,0.07686857730150222,0.015668558008015216,1.9991721557747568,0.06871985523862885
transformer,97,48,5,0.08284239321947093,0.016295679582265597,0.07736450433731078,0.015245609346591645,2.0003786801617003,0.06265931468073307
transformer,97,49,5,0.0825690850615501,0.017089412423380204,0.07651434540748592,0.01600334048067183,1.9996861333599525,0.0544258597575456
transformer,97,50,5,0.08238688111305233,0.01747005955640411,0.07672688513994214,0.016145023926039132,1.9969957016772852,0.04756737882087061
transformer,97,51,5,0.0821135729551315,0.017309909439239327,0.07665603756904596,0.016785192832988106,1.9927183261997754,0.0419231363420498
transformer,97,52,5,0.08190100044012066,0.0171346138189167,0.07608926594257351,0.016312810692141657,1.9882924575132193,0.03733541839272382
transformer,97,53,5,0.08141512125730513,0.016592481128656647,0.07566418647766107,0.01615085510401848,1.9858093476843457,0.03730180264940973
transformer,97,54,5,0.08202247172594068,0.016916536268692328,0.07573503255844113,0.015413004964577592,1.9868365361265667,0.04121592730449271
transformer,97,55,5,0.08259945362806316,0.01756757496845601,0.07630180567502973,0.01567776440028367,1.9915736180199821,0.04231810151969131
transformer,97,56,5,0.08217430859804148,0.017807213320635448,0.07608926594257351,0.015613200473426804,1.9988426847524206,0.0360589591698204
transformer,97,57,5,0.08208320587873455,0.016680201900384353,0.07587672621011729,0.014651295574666693,2.006571338378219,0.025093918750912034
transformer,97,58,5,0.08162769526243205,0.0159940185111687,0.07658519297838207,0.014834288161145664,2.0121962071724764,0.022909282237227893
transformer,97,59,5,0.08132401853799817,0.015646824335691843,0.07616011351346966,0.01420691079752203,2.013232157410956,0.03143373148826563
transformer,97,60,5,0.081536591053009,0.015623747604116117,0.07651434540748589,0.014142731318864508,2.0087032326594496,0.03522164119657203
transformer,97,61,5,0.0815973281860351,0.015250610842744145,0.07658519297838205,0.014487658205536194,2.0003864823562862,0.02971653674526057
transformer,97,62,5,0.081658062338829,0.014380678367477027,0.07651434540748589,0.014439074436127396,1.992134206190728,0.017953631860487793
transformer,97,63,5,0.08153659105300895,0.013320633198682185,0.07637265175580973,0.014023781277739896,1.9876630202804488,0.008497986151399017
transformer,97,64,5,0.08208320587873456,0.013121672547784664,0.07658519148826594,0.014154701790086635,1.988578032618755,0.015093421327722956
transformer,97,65,5,0.08253871947526928,0.012926067653097669,0.07672688663005825,0.014052831273823249,1.9937211678103235,0.023196190503197194
transformer,97,66,5,0.08290312737226482,0.012912415218999562,0.07729365825653071,0.013724874074316048,1.9998743599625133,0.025631929502539258
transformer,97,67,5,0.08317643254995341,0.012717398870614271,0.07736450582742685,0.013305213080565322,2.003655774261271,0.02042046145495864
transformer,97,68,5,0.08314606845378872,0.012257788820673625,0.07729365825653071,0.013226705679136457,2.0037567931867017,0.010123531962896204
transformer,97,69,5,0.08302459716796871,0.011958277861444778,0.07757704555988307,0.013156791908593818,2.0015601378982995,0.011208711877676327
transformer,97,70,5,0.08281202316284177,0.011548914906380828,0.07722281068563455,0.012923440347594505,1.999569689548546,0.018275074765638118
transformer,97,71,5,0.08275128901004787,0.011236466550176922,0.07708111852407452,0.0126402137624545,1.999460701032346,0.01772497248216581
transformer,97,72,5,0.08299422860145564,0.01112387703103463,0.07778958529233929,0.012500463976020306,2.0011323518435757,0.012286890700629428
transformer,97,73,5,0.08326753675937648,0.010895629433171891,0.07807297110557551,0.01250046300481521,2.0028126609629373,0.012427717163903179
transformer,97,74,5,0.08378378301858898,0.010565187915090325,0.0780021250247955,0.012197658437977927,2.0024690588460623,0.015058253507725005
transformer,97,75,5,0.0837230488657951,0.010603958102472534,0.0780021250247955,0.012182217664873221,1.999984411276405,0.013249644940598177
transformer,97,76,5,0.0841178253293037,0.010315997659190135,0.07814381718635556,0.012384485937281312,1.9975560043010763,0.009264047934770432
transformer,97,77,5,0.08420892655849452,0.01021132247957303,0.07821466475725167,0.011984914504288447,1.9975339575342317,0.00684304056270069
transformer,97,78,5,0.08408745676279063,0.010003066470202474,0.0782855093479156,0.011831066155489746,2.000105027162933,0.00830539788947738
transformer,97,79,5,0.08402672111988062,0.009967972318912494,0.07828551232814782,0.011608906441801858,2.0029176686400065,0.011173727739910396
transformer,97,80,5,0.0841178253293037,0.009847788281109734,0.07835635691881174,0.011389021072902026,2.003061293997193,0.010229735332503409
transformer,97,81,5,0.08430002927780146,0.009768693278949185,0.07856889665126796,0.011531363440208517,2.0000193285295866,0.005514555665463708
transformer,97,82,5,0.08448223322629925,0.009844041843298151,0.07913567125797269,0.01113329291541839,1.9963115131940772,0.00541106872556387
transformer,97,83,5,0.08472517430782311,0.009804970133541924,0.07934821099042885,0.011114679863667286,1.9949742540073967,0.00683140746264581
transformer,97,84,5,0.08518068641424176,0.00981025943403437,0.07963159680366512,0.011272740415750904,1.9968304127098808,0.006356852514902208
transformer,97,85,5,0.08569693416357035,0.009808263344805111,0.07991498559713359,0.011220301140436807,2.0000268064664706,0.006574348390783914
transformer,97,86,5,0.08621318042278285,0.010390815469627567,0.07991498410701746,0.011178282691384026,2.002115297881914,0.005573915562100391
transformer,97,87,5,0.08642574995756146,0.01041961885295406,0.08055260479450223,0.011710068325393591,2.002547381508813,0.0062889868961809575
transformer,97,88,5,0.08682052642107005,0.010846748056803742,0.08090683668851847,0.011458222077213639,2.002385121230136,0.006358659695133361
transformer,97,89,5,0.08733677268028256,0.011478733845766982,0.08126107007265085,0.011750183891169842,2.002117506125463,0.0026103056032328866
transformer,97,90,5,0.08791375756263728,0.011769097741758076,0.08161530196666712,0.011669814363639432,2.0008858611431997,0.0044600482587131745
transformer,97,91,5,0.08855147063732144,0.011981391573510065,0.08189868777990336,0.011834777584783168,1.9981894899049155,0.005079898102800558
transformer,97,92,5,0.08931065946817393,0.012277428111817673,0.08232376724481578,0.012006358811972513,1.9958151884231903,0.0015767091228803746
transformer,97,93,5,0.08991800844669337,0.01281266757622173,0.08317392617464062,0.01210471974382703,1.9963366947871954,0.0023490225381847377
transformer,97,94,5,0.09158821702003475,0.014921591015263167,0.08359900712966914,0.011549304303175353,1.9996218116966382,0.004079370743619815
transformer,97,95,5,0.09259034246206278,0.015659639015267273,0.0840949341654777,0.011452746216406531,2.0024101637773697,0.00408844165770081
transformer,97,96,5,0.0932584270834922,0.016342582946954422,0.08501594066619869,0.011527551713601002,2.0020803888669594,0.0015762909764548713
transformer,97,97,5,0.09347099810838697,0.016864051408699902,0.08586610108613964,0.012533045956027136,1.9999119559283165,0.003289844177815439
transformer,97,98,5,0.0941998183727264,0.017924059804980668,0.08614948540925974,0.013568558943849831,1.9989475507858152,0.004067810181016544
transformer,97,99,5,0.0947160646319389,0.018700157367399883,0.08636202365159981,0.013859073562119725,1.9997808438661324,0.003325302417940464
transformer,97,100,5,0.09495900422334669,0.018944575910012078,0.08614948391914361,0.013526879837777233,2.000457882966972,0.001729242597313965
transformer,97,101,5,0.09547524899244306,0.019138236462140336,0.08657456338405609,0.013349935641428338,2.0000299150171075,0.003113113170981791
transformer,97,102,5,0.09662921279668804,0.020562480834168173,0.08770811110734936,0.014559365523561336,1.9995886615895535,0.003983108225335038
transformer,97,103,5,0.09769207537174222,0.021327753350627723,0.08813319057226175,0.014719651444449578,1.9995837593642953,0.0022184239752515763
transformer,97,104,5,0.09905861169099806,0.02195416338752841,0.08869996517896646,0.01503843526024419,1.9990803088265188,0.0024009870838323385
transformer,97,105,5,0.0995748564600944,0.02205547392255139,0.0896918177604675,0.015004604162473885,1.9984170751993733,0.0020242196446493485
transformer,97,106,5,0.10091102570295327,0.02287598145982421,0.09011689424514766,0.015366531128638691,1.9994458731614522,0.002056150586945953
transformer,97,107,5,0.10203461647033688,0.023565361931594073,0.09132128655910488,0.016068677240027866,2.0017042692398785,0.0006039672219054371
transformer,97,108,5,0.10324931740760798,0.02357074472474551,0.09259652793407433,0.01625154064006807,2.002140939640692,0.0013098395435281363
transformer,97,109,5,0.10452474951744076,0.023595818146902064,0.09365922659635538,0.016534756932607662,2.0000812857499226,0.001423882382659247
transformer,97,110,5,0.10628606081008907,0.023953494750029607,0.09535954594612116,0.016492583088693412,1.998417988637156,0.00044470605669332365
transformer,97,111,5,0.10841177999973292,0.023350371813394676,0.09670563191175455,0.016202048563742813,1.9986020327278091,0.0020001753442187393
transformer,97,112,5,0.11047676950693124,0.022557055529144474,0.09897272437810896,0.015585448290216459,1.999242912612861,0.0011826882005257409
transformer,97,113,5,0.11178256720304487,0.02244300906783675,0.10074388682842254,0.015866714860594548,1.9998961418533132,0.001457202464912504
transformer,97,114,5,0.11354388147592542,0.02240342818271964,0.10173574239015575,0.015763172867503034,2.000917059497069,0.0012369327835196654
transformer,97,115,5,0.11524445712566374,0.022030528617009174,0.10336521267890926,0.015451627168577096,2.0009480596162126,0.0010659894744001893
transformer,97,116,5,0.11700576990842818,0.021958360611676848,0.10513637810945504,0.01615823423739168,1.999581377857811,0.0010140338914585384
transformer,97,117,5,0.1180686309933662,0.021704124373990184,0.10704923570156093,0.016349303996082296,1.999171274035455,0.0009192147489111125
transformer,97,118,5,0.11989067941904066,0.0220735529940039,0.10825362950563426,0.016593467262617706,2.000074824019404,0.001252056104489849
transformer,97,119,5,0.12128757983446119,0.022042146265304926,0.1100956410169601,0.016439241674006518,2.0001473967340204,0.0013890273127595831
transformer,97,120,5,0.12241117656230922,0.022152476834186825,0.11200850009918209,0.016483070560100052,1.999717324761025,0.0013666034759264342
transformer,97,121,5,0.1238991782069206,0.022564052950768056,0.11307120025157924,0.017343677747680177,1.999985089916573,0.0008049543485131141
transformer,97,122,5,0.12550865411758416,0.023160181031552627,0.11434643864631648,0.017227532516498476,1.9999665694813937,0.0009007488507507179
transformer,97,123,5,0.12736106663942331,0.023650420114161116,0.1161176040768623,0.017942874850277218,1.9998501118989975,0.0006639170366353056
transformer,97,124,5,0.1297600969672203,0.024247552919870654,0.11817215681076046,0.01835973118693677,2.000458824030283,0.0007691858988658321
transformer,97,125,5,0.13252353668212885,0.0249949654205472,0.12128940522670742,0.019263571041143256,2.0002939398495423,0.001336308896669001
transformer,97,126,5,0.1358639523386955,0.02597690688665604,0.12376904040575024,0.019548083046460787,1.99950720785746,0.0007810355953536478
transformer,97,127,5,0.14054054170846936,0.027133785470406402,0.12894084006547926,0.021716827802857573,1.999783555943616,0.0008003624768287815
transformer,97,128,5,0.14257515519857406,0.02808598745937953,0.13198724538087842,0.0228975451728043,2.000044522065026,0.0006445054150518854
transformer,97,129,5,0.14485271722078322,0.028550447200100554,0.13446687757968898,0.023083117705636726,2.00002890041448,0.0006013001172547817
transformer,97,130,5,0.14743395298719403,0.029406879484771258,0.13673396855592723,0.023978202896956916,2.0004403044748456,0.0010629547606574915
transformer,97,131,5,0.15016702115535735,0.0298113789860348,0.13815090209245678,0.02452536442070577,2.0000429705848672,0.0006497743233761855
transformer,97,132,5,0.15204980373382565,0.030541292923206,0.1397095292806625,0.024700743058811193,1.9997228156844649,0.0006224642633302755
transformer,97,133,5,0.1541755214333534,0.03099592581193052,0.1419766172766685,0.024423336700661144,2.000110402244009,0.0009885748441754655
transformer,97,134,5,0.15590646862983698,0.030751332775190262,0.14381863474845882,0.02459816674079293,1.999932537307831,0.0006654343206123073
transformer,97,135,5,0.15788035243749615,0.03130488297129757,0.14523556381464,0.024579028417467334,2.000142916616292,0.0007935751357194584
transformer,97,136,5,0.1598846018314361,0.031781170060136144,0.14693588167428967,0.024805676578896187,2.000223563522655,0.0006431300544136357
transformer,97,137,5,0.16167628467082973,0.03179919108379257,0.14913212954998012,0.025404961686722995,1.999851072468947,0.00030984564209641163
transformer,97,138,5,0.16413604766130444,0.032456251848085045,0.15118667930364604,0.02662810163579216,2.0001784704516354,0.000928945977845876
transformer,97,139,5,0.1663528680801391,0.03296784590440021,0.15274530351161952,0.026980377802403865,1.999998889723578,0.000840734966748166
transformer,97,140,5,0.16875189691781992,0.0335128199460536,0.15515408962965008,0.028028098249540397,2.000092728347931,0.0006330536606450725
transformer,97,141,5,0.17124202996492383,0.03450605940826653,0.15975912064313885,0.030409419103415485,2.0001462697020207,0.0006698097631520445
transformer,97,142,5,0.17415730506181715,0.035031158279373614,0.16145943999290463,0.03082377264001059,1.9999272937034789,0.0002128007475885281
transformer,97,143,5,0.1769511058926582,0.037042622608377394,0.1651434645056724,0.031041813949324266,2.000312689159636,0.0009430357397979842
transformer,97,144,5,0.17913756370544429,0.03754548312607144,0.1669146284461021,0.03205310347825957,2.000028330715316,0.0006729600362953967
transformer,97,145,5,0.18147585690021512,0.03675423865055634,0.16953595578670497,0.03265829499986973,2.0002154357167923,0.0008647987504291865
transformer,97,146,5,0.18481627404689785,0.037591504370930895,0.17293659001588818,0.034074018873815594,1.999991990281623,0.00040460198931641675
transformer,97,147,5,0.18718493878841397,0.03811165654277522,0.173786748945713,0.03373463241128283,2.000294579802269,0.0006406211282466182
transformer,97,148,5,0.19010021090507503,0.03842981949948393,0.17662061601877208,0.03576315809088423,2.00039871088459,0.0005858170038985838
transformer,97,149,5,0.19322806000709528,0.03845794870026899,0.17987955659627913,0.036724591381708256,2.000591438855709,0.0011173461239801829
transformer,97,150,5,0.19738839566707606,0.040468824604181455,0.18250088393688196,0.03692053642853906,1.9996567351940022,0.0014124386479258055
transformer,97,151,5,0.1993319153785705,0.040803464676732154,0.18405950665473936,0.0377907111206353,1.9998452108842115,0.0008657808699339923
transformer,97,152,5,0.2016398429870605,0.04128591028808628,0.18554728925228114,0.038193489158882016,2.0010675355430503,0.0014386225245156075
transformer,97,153,5,0.20291527509689328,0.04148806385771633,0.1869642227888107,0.039301834684648825,1.999930455871663,0.000504155782029636
transformer,97,154,5,0.20412997305393216,0.0415863050766282,0.18689337670803066,0.03844906270409825,2.0001379118131597,0.0013339359314211323
transformer,97,155,5,0.2054661393165588,0.04232466108131355,0.18972723782062528,0.040376047979125314,2.000446561473293,0.0012014120548127795
transformer,97,156,5,0.20829031169414516,0.04392368005219553,0.19100247919559477,0.040697823567160236,2.0006792171006826,0.0015285969558579723
transformer,97,157,5,0.21026419997215268,0.044871613248241016,0.19334041774272914,0.04162306527711038,1.9992453902134897,0.0010387629719250415
transformer,97,158,5,0.211569994688034,0.04509560678351609,0.1958200454711914,0.041829064703668976,2.001348560635223,0.0023702964718172615
transformer,97,159,5,0.21348314583301536,0.04580718389472494,0.1982288300991058,0.04325242713940878,1.9992597702655068,0.0025048620136032033
transformer,97,160,5,0.21703613996505733,0.04774679007392717,0.20014168918132777,0.04438739391733885,2.002036471243114,0.004894267517998281
transformer,97,161,5,0.2192833304405212,0.04840315143315033,0.2028338640928268,0.04586504604725194,1.9973905518038513,0.005873282872536693
transformer,97,162,5,0.22031581997871394,0.04876706474591239,0.20396741330623622,0.04668047736900729,2.0044640094065374,0.009780168612803846
transformer,97,163,5,0.22171272337436676,0.049023838849281215,0.2048175692558288,0.046867594466265226,1.9949328695460167,0.011101810077931517
transformer,97,164,5,0.22402064800262447,0.050126137100758826,0.20758059024810788,0.048474960798776764,2.0053621161299025,0.011436905600854107
transformer,97,165,5,0.22608563899993897,0.05109667286450446,0.20942259430885315,0.049341755269114704,1.9977612131436904,0.00553458252084922
transformer,97,166,5,0.2290312737226486,0.05302648479926039,0.21076868176460262,0.05034286665025754,1.999290011576718,0.001039187786102041
transformer,97,167,5,0.23024597167968747,0.052830909246409034,0.21353170275688166,0.051171911161949045,2.003726450621521,0.007987249127140973
transformer,97,168,5,0.2320983916521072,0.05304539825987309,0.21544455885887143,0.05225231585494218,1.996516344052488,0.008005695815224768
transformer,97,169,5,0.23349529504776,0.05314383369697059,0.2179241925477981,0.05354745398234256,2.002260699259534,0.0043029072865269835
transformer,97,170,5,0.2360157877206802,0.05456141521751129,0.21891604065895076,0.05416523342875137,2.0016600296217653,0.004143861054017297
transformer,97,171,5,0.23817187845706939,0.05580535575215743,0.22260006666183468,0.05530495996122985,1.99696083238101,0.007795622804882087
transformer,97,172,5,0.2407227456569671,0.057422741730023215,0.22288345396518702,0.05596288134004332,2.002179458871623,0.008322550088245196
transformer,97,173,5,0.24175523519515987,0.05765811636900622,0.2264966338872909,0.05768868468218983,2.0005554035085824,0.0017426392872153956
transformer,97,174,5,0.24585483968257899,0.06029968625591326,0.22989727258682247,0.0597158600172232,1.9989169852103768,0.0029180725138434494
transformer,97,175,5,0.24700880646705622,0.06065155335757214,0.2306765764951706,0.060192212329891345,2.0021710862716615,0.004754690841532118
transformer,97,176,5,0.24946856498718256,0.06135435649284258,0.23336874842643734,0.06124514824181553,1.999327645098115,0.0024985508990176715
transformer,97,177,5,0.2527178853750228,0.06335894538092464,0.2366277009248733,0.0626466976433147,1.9992771591457967,0.0009711004386812216
transformer,97,178,5,0.25414515733718873,0.062481194557927625,0.23684023618698116,0.06143498470551357,2.002713951108268,0.005190528528074877
transformer,97,179,5,0.2578803539276123,0.06413407447312952,0.24017003178596497,0.06454190976530327,2.000647105833388,0.006767920069416909
transformer,97,180,5,0.26006680727005005,0.06318184310632408,0.2408784925937652,0.06087864114048394,1.9964152432850297,0.00416452011902822
transformer,97,181,5,0.2637412697076797,0.06306620853761405,0.2447042167186737,0.06378379926535496,2.0030031848188172,0.008805302849881446
transformer,97,182,5,0.2671727955341339,0.06413830219614283,0.24661707580089565,0.06399885458339301,2.001308019635003,0.0025549136693649634
transformer,97,183,5,0.2681749135255813,0.0617208873398119,0.2476089239120483,0.061234701391227,1.9977921518762323,0.009034622467954813
transformer,97,184,5,0.27063467800617214,0.06210844245436149,0.25150549411773676,0.06417194526587666,2.0018971309942257,0.004708511580992778
transformer,97,185,5,0.2743698686361313,0.06369087490897131,0.25320580005645754,0.06367106632272626,2.0002960418788227,0.006400553624242938
transformer,97,186,5,0.27509869337081905,0.06270421306954084,0.2554728955030441,0.06163472611110077,1.998763567174698,0.007032791201025482
transformer,97,187,5,0.27710294127464297,0.06496211741874575,0.25844845473766326,0.06437088272571924,2.002042904013213,0.005498882571353245
transformer,97,188,5,0.2819313734769821,0.06690574491721162,0.25929861962795253,0.06439934673438717,2.000977972675249,0.006405097559453372
transformer,97,189,5,0.2836319416761398,0.06627951132521014,0.2617782443761826,0.06416754053979265,1.9968077782550009,0.005844979128364354
transformer,97,190,5,0.2835408419370651,0.06432046077063279,0.2612114787101746,0.06479590571665907,2.001962526647,0.010155425847847321
transformer,97,191,5,0.2887944161891937,0.06654481855011844,0.26631242632865904,0.06647766359585172,2.003982244432951,0.008374612781545056
transformer,97,192,5,0.2902520507574081,0.06701224072455216,0.264895498752594,0.06360698097754797,1.9961965292971116,0.013772861251884608
transformer,97,193,5,0.2931065827608108,0.06698316318164023,0.27035068273544305,0.06666992056238112,1.9984284971658322,0.0037910754441503117
transformer,97,194,5,0.29353173375129693,0.0675925048635056,0.27049238085746763,0.06831860464474666,2.0049702394533817,0.017252329001253806
transformer,97,195,5,0.29996963441371916,0.06739825065568446,0.2745306372642517,0.06435060974450683,2.002870453444177,0.008490969369558414
transformer,97,196,5,0.2968721479177475,0.07009573670006772,0.27360962629318236,0.06930875821588012,1.9905362430436058,0.012034249314356095
transformer,97,197,5,0.30075919032096865,0.0647539447685648,0.2787814378738403,0.0664991857817699,2.004559405767906,0.010817714721186207
transformer,97,198,5,0.3043121755123138,0.06696799453337617,0.2788522779941559,0.06296705978776732,2.006631512354507,0.006449126002445948
transformer,97,199,5,0.30403886735439295,0.07229027988516794,0.2789231270551681,0.06753674695918603,1.9934390054666646,0.008673205712906884
transformer,97,200,5,0.3070148766040802,0.06528126544731518,0.28600779175758356,0.06601226553421723,2.0000348750308783,0.005478399811120445
transformer,97,205,5,0.3194048017263412,0.06733605828268428,0.2951470017433166,0.06560268489678311,2.0000049302509497,0.002463915159649738
transformer,97,210,5,0.3325539022684097,0.06466246381130228,0.30619907677173613,0.06218814478369249,1.9995686631713276,0.008677890959772123
transformer,97,215,5,0.3467354983091354,0.06244818141784706,0.31888061463832856,0.0615955210508342,2.003885077530804,0.0064706789526265285
transformer,97,220,5,0.3559975683689117,0.05681072914296014,0.33099538683891294,0.05799564634529089,2.0026159229679186,0.008705838838679295
transformer,97,225,5,0.3725478291511536,0.05054897895189128,0.34027629494667055,0.050687889350768935,2.004541855600409,0.007973303055652884
transformer,97,230,5,0.38767081499099726,0.0501543866652408,0.3567835628986359,0.050223324189661564,2.006489371500812,0.009109709636004978
transformer,97,235,5,0.3906771898269653,0.05234014353660163,0.3582004904747009,0.053201869097377896,2.0004213075942667,0.00483617660462624
transformer,97,240,5,0.40519283413887025,0.05106288863150547,0.36840240359306337,0.04826353508137027,2.0025280373193564,0.0038139528370756963
transformer,97,245,5,0.4125113904476166,0.051249220442007866,0.37803754210472107,0.04500182333473829,2.001168012768923,0.0044006211856692625
transformer,97,250,5,0.4222289741039276,0.048909779826795625,0.3800212502479553,0.045905250022684384,1.9994699139932397,0.0010702769009280518
transformer,97,255,5,0.4308836817741394,0.04856505992709648,0.39270280003547664,0.04188990940005551,1.9966078486943282,0.00668263730438418
transformer,97,260,5,0.4310355246067047,0.0478190234357345,0.3897980809211731,0.046188788705506474,1.9997855408573748,0.0015651542895280292
transformer,97,265,5,0.44497418999671934,0.0469852899803849,0.4040382504463196,0.04255856165888353,1.9972045338445823,0.0025818275980631173
transformer,97,270,5,0.45192832350730894,0.047396148354785804,0.4093517541885376,0.04121802436698239,1.9990860512210724,0.0033677512367553345
transformer,97,275,5,0.4568174839019775,0.04632199856290287,0.41176053285598757,0.041776687974729707,2.0008346446448106,0.002637061710102417
transformer,97,280,5,0.470422101020813,0.04391724179918061,0.4235210716724396,0.03809579124135518,2.001200566944538,0.002824391102752553
transformer,97,285,5,0.46963255405426024,0.04683189227158138,0.42295430302619935,0.04220504470706468,2.0028149176917944,0.004128448838269304
transformer,97,290,5,0.4821743071079254,0.04154970093468335,0.4303223431110381,0.037337073880754336,2.0004979744142792,0.0040559602112088455
transformer,97,295,5,0.4877011954784393,0.03857428858723507,0.43414806127548217,0.032445319633554355,2.0011529423354153,0.0022966522878170217
transformer,97,300,5,0.4924081385135651,0.04089611286107318,0.43776124715805054,0.034085068754992766,2.0016078416908862,0.002502916809939258
transformer,97,305,5,0.49401760697364805,0.02883240391956282,0.44286219477653505,0.030576489867119527,2.0031892937597506,0.004988464105069097
transformer,97,310,5,0.5008806586265564,0.03576491326212477,0.4484590828418732,0.03879780908346923,2.0024642586374974,0.009000942953082723
transformer,97,315,5,0.5146067321300507,0.0378614501354163,0.45887354016304016,0.032563061494203856,2.0002904337551635,0.001388332118461949
transformer,97,320,5,0.5156088709831238,0.03488251214544064,0.4595820069313049,0.029186742134826974,1.99961993168416,0.0015483175930447101
transformer,97,325,5,0.5236258625984191,0.03988677402356896,0.46475379467010497,0.0334285977871505,1.998843023607081,0.00256004542834886
transformer,97,330,5,0.5249013066291809,0.037950954133866906,0.4695713758468628,0.031366736623639646,2.002549104928548,0.00641645623238633
transformer,97,335,5,0.5310962617397308,0.03145914756414791,0.47226354479789734,0.02957199390968835,2.003174183123087,0.008066776672742875
transformer,97,340,5,0.534133005142212,0.03764680665885817,0.47198017239570617,0.02783109418692879,1.9993626475678858,0.0014455400054249204
transformer,97,345,5,0.5347099900245667,0.034098296781034904,0.47219269871711733,0.02591112100676522,1.9994945628511203,0.0015026634496628582
transformer,97,350,5,0.5485575437545777,0.03594701922290204,0.4845908463001251,0.03160127711499127,2.000369669333093,0.0003217615661485411
transformer,97,355,5,0.5497115135192872,0.032930949859611654,0.4884874224662781,0.025906286435184705,2.0022270449660633,0.004500731478975462
transformer,97,360,5,0.5539629459381104,0.030460035125868864,0.4914629697799683,0.024426157477546676,2.0010333789324486,0.003969066573131575
transformer,97,365,5,0.5576981425285339,0.02778932816715075,0.4909670531749725,0.02367670781991257,2.0028982749682056,0.0027784946718867275
transformer,97,370,5,0.5658973574638366,0.03284985794555874,0.4997520327568054,0.025492977212594213,2.000451230181736,0.0030200652815834143
transformer,97,375,5,0.5701791763305664,0.031341680160417204,0.505207222700119,0.02288080966011056,2.000788405691605,0.0013211305540016154
transformer,97,380,5,0.5702702641487122,0.02598067901431003,0.4996103346347809,0.01953525348362087,2.0004621710578787,0.003171306801053499
transformer,97,385,5,0.5725478410720826,0.024495335209806533,0.5054197669029236,0.021360585523425745,2.0034812460469995,0.006191218199545688
transformer,97,390,5,0.5758882403373718,0.024571932221982923,0.5079702317714692,0.01852539978712652,2.006359788388045,0.013690402123824937
transformer,97,395,5,0.5858791470527649,0.031147291396499726,0.5174636781215668,0.02301069782119245,1.9977229297207777,0.005319288838607563
transformer,97,400,5,0.5850592136383057,0.025211694684040286,0.5164718329906464,0.02235460189052321,2.000219023805703,0.0038239509956374783
transformer,97,405,5,0.5904646277427673,0.0282764827880867,0.5205809354782105,0.02436829967505249,2.0018929782285966,0.0034520823406670237
transformer,97,410,5,0.5936531901359559,0.026470318943293467,0.5241941094398499,0.02021830298287382,2.0000266746042152,0.0014287728758941786
transformer,97,415,5,0.5959611296653747,0.028777673553754195,0.5256110429763794,0.021210251738968254,1.9991698276368115,0.0027927189249788613
transformer,97,420,5,0.5965988516807557,0.030277801227520905,0.52688627243042,0.020543368783767772,1.9995072544260561,0.0011946794897492122
transformer,97,425,5,0.6067415714263916,0.03024744659452454,0.5304994702339172,0.021014425595150474,2.000659640514691,0.002264403391854626
transformer,97,430,5,0.6092013359069824,0.030010501649732985,0.5334041833877563,0.025462172216598866,2.0015711138732666,0.0021706835730931047
transformer,97,435,5,0.5993926405906678,0.017230205925041816,0.5314204812049865,0.014317765576325123,2.0005115273774794,0.0027450256997289
transformer,97,440,5,0.6155177593231201,0.01848751280200032,0.5431810140609741,0.014039420327121934,2.001288851859348,0.0034671542279289306
transformer,97,445,5,0.6194047927856445,0.020426650052095423,0.5429684519767761,0.015296546187442367,1.9974354929391462,0.004215322541143932
transformer,97,450,5,0.6273610711097717,0.025963803134159986,0.5483528017997742,0.020591267327007768,2.0012066407523603,0.0021837813006858955
transformer,97,455,5,0.6216519951820374,0.02682718060698148,0.5499114274978638,0.017693213777774712,2.000785037411082,0.0036461243919103806
transformer,97,460,5,0.6128757953643799,0.03700229391939784,0.5453772664070129,0.02777579452375267,1.9995986618624069,0.001600056076033105
transformer,97,465,5,0.6215305209159852,0.034454108834262094,0.5478568911552429,0.02706536723227394,1.9988948498248138,0.002536184875877315
transformer,97,470,5,0.6273610591888428,0.022101160960869375,0.5544456124305726,0.018383293341998813,2.0005499227542543,0.001973500842410618
transformer,97,475,5,0.6287883400917054,0.027375255764057943,0.5535954594612121,0.021633475088627646,1.9986793116569317,0.0010771415297245403
transformer,97,480,5,0.619586992263794,0.02304517321141838,0.5483528137207031,0.024753262090986935,2.0003889965808916,0.0020732847861136476
transformer,97,485,5,0.6391132712364197,0.03054936690424109,0.5642224550247192,0.025343645604945772,2.000531988512525,0.001515498760787031
transformer,97,490,5,0.6355602860450744,0.028434411000350518,0.5609634995460511,0.02260244986352541,1.9990250743930211,0.0012965487980124187
transformer,97,495,5,0.6412693619728088,0.02545902908625233,0.5606801152229309,0.02005473535053301,2.003091152788303,0.006695362038412936
transformer,97,500,5,0.6400242924690247,0.02602501203487196,0.563513994216919,0.021276697080668552,2.0040044499486314,0.007971602070944923
transformer,97,505,5,0.6459763050079346,0.024267989975310163,0.5658519387245178,0.01918034603440522,2.0009149027867634,0.001173802930035565
transformer,97,510,5,0.6471606373786927,0.037040243936861894,0.5668437838554382,0.027073240681922156,2.001927443805188,0.0017989269630818202
transformer,97,515,5,0.6500151872634887,0.028443644026803532,0.5690400242805481,0.023218610371928607,1.9980527611468992,0.0022451712827619755
transformer,97,520,5,0.6430914044380188,0.02913230142183918,0.5640807747840881,0.020579995674802377,1.9996410743363076,0.0029099806001029647
transformer,97,525,5,0.6381718754768372,0.024632047223871262,0.5614594340324401,0.01647851355677039,1.9997903886677382,0.003196462947498938
transformer,97,530,5,0.6341633677482605,0.03700635938542485,0.5602550268173218,0.0325900107853077,1.9969604922586643,0.006343068963515981
transformer,97,535,5,0.6543273687362671,0.031425100963911275,0.5728657364845275,0.02130321946841525,1.9990066100810213,0.003858219775002546
transformer,97,540,5,0.651260244846344,0.03223018946140539,0.5684024214744567,0.026151666102251316,1.9995308050865337,0.0018378337954239566
transformer,97,545,5,0.6539022088050842,0.030385023067039774,0.5808005690574646,0.025717409959939853,2.000004390183,0.0038117604812558242
transformer,97,550,5,0.6632250189781189,0.030706633182118057,0.579312777519226,0.02546613869557349,1.994274464423487,0.011753955803796793
transformer,97,555,5,0.6610385656356812,0.025455633116605897,0.5809422492980957,0.022325108686991165,1.999364553680832,0.0009703542966191213
transformer,97,560,5,0.6492559909820557,0.041986642047687324,0.5750619769096375,0.03459680068175846,1.9998015133350162,0.002625628497567933
transformer,97,565,5,0.6579107284545899,0.03523720005970672,0.5841303586959838,0.029568373851085735,2.0001760742786816,0.0012489998192232446
transformer,97,570,5,0.6637109041213989,0.03165185064274342,0.5812256455421447,0.02344825803922041,2.0015084909280665,0.0032235480982084736
transformer,97,575,5,0.638323712348938,0.047005830277610114,0.5668437838554382,0.03371025191233058,1.996892446719847,0.0032797446910610636
transformer,97,580,5,0.6592772483825684,0.03571566714280586,0.5798087120056152,0.022529876808070032,1.9992202663986518,0.0007083451201854341
transformer,97,585,5,0.6678105115890502,0.028250377043751537,0.5888770699501038,0.020718248330455373,1.999932686286693,0.0024817097796575338
transformer,97,590,5,0.6679926991462708,0.035286166716036974,0.5874601483345032,0.027054945895747178,1.999723935520753,0.0023173393805623922
transformer,97,595,5,0.6620406866073608,0.03835737302713403,0.5824300408363342,0.028181471769631625,2.0000829359444205,0.0027257547343379975
transformer,97,600,5,0.6743091225624085,0.041121404699127846,0.5950407266616822,0.03505242927345087,1.9988196081262557,0.0028799717078170513
transformer,97,605,5,0.6588521003723145,0.026827854508306905,0.5812964797019958,0.02443566579842619,1.9986957444631668,0.0029521591989851554
transformer,97,610,5,0.6679623484611511,0.02595248834243227,0.5876726865768432,0.02233636182755541,2.005552407808418,0.0128257071231212
transformer,97,615,5,0.6770725727081299,0.028067186347407142,0.5954658150672912,0.023167749804569364,2.0010542146294545,0.002484774268075897
transformer,97,620,5,0.6715457081794739,0.022996565193902585,0.5900106310844422,0.021794114830851367,1.999672763929479,0.0014743487595573182
transformer,97,625,5,0.6749772191047668,0.03529336714704256,0.5936238050460816,0.030879709127866906,2.0021075377067756,0.0024992216688744634
transformer,97,630,5,0.6808684945106507,0.035214683655295904,0.5992206692695617,0.030363580813124753,1.9986798980901266,0.002029712172185442
transformer,97,635,5,0.6774977087974549,0.036728301783058574,0.5967410564422607,0.03059312363882893,1.999939248512702,0.0025703356146761576
transformer,97,640,5,0.6731248140335083,0.031896554303432696,0.5924902558326721,0.021307929334108616,2.0001004190009724,0.0018089240962664672
transformer,97,645,5,0.6783480048179626,0.022955970511952254,0.5968119025230407,0.01940439685349416,1.9999831627669096,0.0002798348178584804
transformer,97,650,5,0.6708168864250184,0.03094500565168087,0.5946156620979309,0.028256170638434313,2.001010464381072,0.0019698070143534777
transformer,97,655,5,0.6720619559288025,0.030226172921996284,0.5932695627212524,0.028160307543813105,1.999357287133791,0.00365895622634725
transformer,97,660,5,0.6778013944625855,0.028003569953308795,0.5963868260383606,0.02705723917043356,2.000973568391368,0.0024593622831310365
transformer,97,665,5,0.6862131595611572,0.035741241573355,0.6041799426078797,0.025543617233394822,2.002361970336453,0.004715093468683241
transformer,97,670,5,0.6909505009651185,0.029007774524489716,0.6085724353790283,0.022796485424202755,1.9983503457439444,0.004823142964630295
transformer,97,675,5,0.6844822406768799,0.04244996333709865,0.6051718115806579,0.03588924360080185,1.9999486376676507,0.00140799584604263
transformer,97,680,5,0.6747039198875427,0.04142202595354817,0.5965285062789917,0.02989755280280321,1.9990235817323403,0.0043715325600137385
transformer,97,685,5,0.6914971113204956,0.03529691313277303,0.6058802723884582,0.025399529743781624,2.001946693173164,0.0037432642822682696
transformer,97,690,5,0.6798967599868775,0.045133017221051945,0.5992206811904908,0.030680149208637174,1.9971594028842474,0.00479780138243321
transformer,97,695,5,0.6760704398155213,0.04596864340361134,0.5986539125442505,0.036355955024215396,1.9976288194420782,0.003168182063368082
transformer,97,700,5,0.6912845492362976,0.033526025568733256,0.6102019071578979,0.025243415656943113,2.0003701933144518,0.001434960929039623
transformer,97,705,5,0.6886425733566284,0.03152928418418663,0.6087141275405884,0.023234837457813746,2.002305518122953,0.0025231762619010757
transformer,97,710,5,0.6986941933631897,0.03748420064698155,0.6116896867752075,0.025935816890947195,1.999400892736972,0.000931382865728433
transformer,97,715,5,0.6988460302352906,0.03880065744801338,0.6150903344154358,0.02707810027853428,1.9979453030289847,0.004362186058056961
transformer,97,720,5,0.6919222593307495,0.027866776583728752,0.6116188406944275,0.02232596764012553,2.0033803464841795,0.006893384254554486
transformer,97,725,5,0.6963862776756287,0.028514413036184766,0.6133900046348572,0.021225347018643596,2.0001188759899113,0.0016586752926259142
transformer,97,730,5,0.6962647914886475,0.03256592425145923,0.6153737068176269,0.026804242196256,2.0002893739036645,0.004756592729291257
transformer,97,735,5,0.7017613053321838,0.03226431313052873,0.618065869808197,0.028211500163897067,2.000000659106189,0.0010314980908036019
transformer,97,740,5,0.7001214504241944,0.03215241314139864,0.6137442469596863,0.025458744150682996,1.9993737389207866,0.002958229591843321
transformer,97,745,5,0.6976009726524353,0.044237897033987665,0.6111937642097474,0.030883960176656965,1.9996959811666541,0.0019215523458344743
transformer,97,750,5,0.7060734868049622,0.038667157895564935,0.6203329682350158,0.033067605497495836,1.9987537005989402,0.001361396597577767
transformer,97,755,5,0.6974491357803345,0.03257865682707759,0.618065881729126,0.032505019754375274,2.0013277609695654,0.0036636464089596678
transformer,97,760,5,0.6994837403297425,0.02875449674466082,0.6148777842521668,0.025963608746948114,1.9971041140500116,0.006673617496260523
transformer,97,765,5,0.6834193706512451,0.03927376669754974,0.6045341730117798,0.03860213469066657,1.999639138691198,0.005941965578214562
transformer,97,770,5,0.6976616978645325,0.03386656982581632,0.612964928150177,0.027398275080861262,2.001333423326608,0.0028033608918221374
transformer,97,775,5,0.7014272809028625,0.033143444238667205,0.6191994309425354,0.029997086030528,1.9994389285651941,0.0020688367956561444
transformer,97,780,5,0.707136332988739,0.03994378054437518,0.6219624400138855,0.033265288325302615,2.0017636663293428,0.0011363942990817082
transformer,97,785,5,0.6870027303695678,0.03822402968344658,0.607580590248108,0.027766551725350877,1.9974127976710996,0.00536227747525825
transformer,97,790,5,0.6941390752792358,0.04179021910219431,0.612964928150177,0.0321324751214707,2.0003424398989176,0.003209409619746849
transformer,97,795,5,0.7024901151657105,0.025185676899518936,0.6225292205810546,0.022666224014563054,1.996846064076943,0.007775029957146018
transformer,97,800,5,0.6963255405426025,0.030475432099368403,0.6151611685752869,0.02144294943672271,1.9987036320458504,0.0030129250985257384
transformer,97,805,5,0.7087154746055603,0.03499289340949606,0.623308527469635,0.0303625536370946,1.9980676254625689,0.001152977770180979
transformer,97,810,5,0.7139690160751343,0.03478405640151039,0.6290471076965332,0.030410865439890987,2.00088667464167,0.003384375967002453
transformer,97,815,5,0.7078955173492432,0.036295196151590596,0.626142394542694,0.029470189285466408,2.0015521377999557,0.0018180790174723693
transformer,97,820,5,0.7078651785850525,0.03675417916074033,0.6229542970657349,0.031422683656741834,2.0002872580220936,0.0017176759618358361
transformer,97,825,5,0.7026419758796691,0.026358228560961657,0.6246546149253845,0.021844425168664996,2.000337650303811,0.0011186353635484823
transformer,97,830,5,0.7108715534210205,0.028682650496426966,0.6241586923599243,0.01960959624471416,1.9998589296081846,0.0015339271024594429
transformer,97,835,5,0.7144852638244629,0.03278781389871606,0.625929844379425,0.023383401410142862,2.0009515164962415,0.002352448696197854
transformer,97,840,5,0.7126024842262269,0.03717275776614449,0.6254339098930359,0.027816437805788755,1.9988718232693483,0.0027055045567524858
transformer,97,845,5,0.7093228101730347,0.03501396861166189,0.6223875164985657,0.027758190402516827,2.000049540431858,0.0048985779431363966
transformer,97,850,5,0.704129981994629,0.05386579222279106,0.6175699472427368,0.04030996184568187,1.9994234698446696,0.0027443227299491966
transformer,97,855,5,0.7091709613800049,0.03111896568828034,0.626071548461914,0.020497524589152574,1.996679011215895,0.00782084667194171
transformer,97,860,5,0.7082295775413513,0.03449521957528929,0.6256464719772339,0.024184565642213388,1.9994400421673333,0.003447989876532371
transformer,97,865,5,0.7276343822479248,0.0309609015221112,0.6379029273986816,0.025758601545667226,1.999794046399068,0.0018391650898008133
transformer,97,870,5,0.7216216325759888,0.03369377603054308,0.6319518089294434,0.025761788464439328,1.9999920708785328,0.0006377109638030514
transformer,97,875,5,0.703917407989502,0.03674383325375085,0.6193411231040955,0.02998096884545968,2.00118574521524,0.002374388919674582
transformer,97,880,5,0.7178560614585876,0.03297289578377801,0.6320226669311524,0.022960202641921012,1.9995365204032745,0.0017944972717125554
transformer,97,885,5,0.7030063748359681,0.029300073718768763,0.6198370456695557,0.02148650348981279,2.002460378379232,0.002038746820189693
transformer,97,890,5,0.7105678796768189,0.022062019361771008,0.6245837688446045,0.015872244170787864,2.0008023892671245,0.002916915336695816
transformer,97,895,5,0.7150014996528625,0.02288615716329819,0.6282678008079529,0.01484526761412688,2.001893666824141,0.0040076405346632735
transformer,97,900,5,0.7016702055931091,0.047015305548589625,0.6184201002120971,0.03186661758746507,1.9984516106716665,0.00426003086237946
transformer,97,905,5,0.7079562783241272,0.027878060955039082,0.6266383171081543,0.02471646920265537,2.001600409119665,0.005592812982419282
transformer,97,910,5,0.7221378684043884,0.02926777894210013,0.6359900712966919,0.025155047824891072,2.000003375445506,0.0017910403704259272
transformer,97,915,5,0.7283328294754028,0.03611402678267664,0.6392490148544312,0.0254020040957546,1.9992615497968358,0.001096841070498121
transformer,97,920,5,0.7259034276008606,0.032258784115794484,0.6395324110984802,0.02809583780290034,2.0006884778035814,0.0007845896486145282
transformer,97,925,5,0.7282417297363282,0.03483769006370397,0.6404534101486206,0.024184027240350826,1.999796629626141,0.0016280417719351356
transformer,97,930,5,0.7254175424575806,0.03903776342177205,0.6376904010772705,0.02718885166542218,2.0008067498110016,0.0015579746358105764
transformer,97,935,5,0.7106285929679871,0.062310864972472124,0.6279135704040527,0.04880106147059565,2.001032196911666,0.0038192255273588613
transformer,97,940,5,0.7107804417610168,0.04518955735804968,0.6235919117927551,0.03715784033572445,1.988395894117853,0.027983396156022293
transformer,97,945,5,0.715669596195221,0.04795085282063881,0.6223166823387146,0.036476892870466036,1.9989795483618877,0.009829208145811319
transformer,97,950,5,0.6948375344276428,0.044061099707811295,0.6116896748542786,0.04022955575317241,2.004461817763466,0.006493281405654954
transformer,97,955,5,0.7173398017883301,0.03369052600283427,0.6304640293121337,0.023385294795994913,2.000312534237409,0.005814115548980435
transformer,97,960,5,0.7160947561264038,0.03690494013006061,0.6308891177177429,0.03172116228971351,1.9986146081473826,0.005303891447399988
transformer,97,965,5,0.7216519951820374,0.039024595715609976,0.6325894355773926,0.026839308505085452,2.0026648011546624,0.0032252800469996005
transformer,97,970,5,0.725174605846405,0.036691392242210144,0.64399573802948,0.02929979930839449,1.9998248023567604,0.00227696388346591
transformer,97,975,5,0.734193742275238,0.034859549881349844,0.6454126834869385,0.02594500522682829,1.9975711166744443,0.00273837033067286
transformer,97,980,5,0.7361979961395264,0.03515820617958511,0.6460502982139588,0.025996232802182426,2.000570314357743,0.0017978807932551553
transformer,97,985,5,0.7026116013526916,0.022948179896243436,0.6201204180717468,0.018948330570561445,1.9979802365886798,0.004445732803516876
transformer,97,990,5,0.7260248899459839,0.03197689486652475,0.6404534101486206,0.021855066394824173,1.9988319009196935,0.0012716264716485922
transformer,97,995,5,0.7140601277351379,0.028053418074542827,0.6281969547271729,0.019191775126024515,2.002193409208699,0.0037127337838120363
transformer,97,1000,5,0.7290312647819519,0.03847114519105962,0.6396741032600403,0.027544212405945456,1.9999553447378744,0.002166875388826461
transformer,97,1025,5,0.7229881644248962,0.0332318254493559,0.6410910248756408,0.026399753276813133,2.002752523343562,0.003871528735422337
transformer,97,1050,5,0.7250835061073303,0.04817425694759773,0.6418703317642211,0.036703756606418426,2.0004285937819346,0.0040881631009644015
transformer,97,1075,5,0.7344366908073425,0.0409479510203078,0.6480339884757995,0.0328794439010988,1.9992935245531869,0.003729357206733611
transformer,97,1100,5,0.7247798323631287,0.03097119709849443,0.6385405540466309,0.020376264068379245,1.999279640279223,0.0038068177176898157
transformer,97,1125,5,0.7392651200294494,0.04182550397223525,0.6503719449043274,0.03213090231635583,2.000203930394278,0.003232242068210942
transformer,97,1150,5,0.7413908243179321,0.04082027683830814,0.6532058119773865,0.033441752072244195,1.9973079898841533,0.0042972913678409105
transformer,97,1175,5,0.73859703540802,0.03798610165389905,0.649521780014038,0.02915018034708241,1.9981391102894217,0.004067072654096105
transformer,97,1200,5,0.7303674459457398,0.03631662642417066,0.6468296051025391,0.027908089276119687,2.002763595613195,0.0039809413226496206
transformer,97,1225,5,0.745308232307434,0.03500441629947053,0.6585901260375977,0.0238304417637003,1.9999975258635831,0.0016312039879281875
transformer,97,1250,5,0.753780746459961,0.036175787567286274,0.6614948630332946,0.030847392243874203,1.998126151069684,0.0021477499517227622
transformer,97,1275,5,0.7319769263267517,0.03110762238479717,0.6434289813041687,0.02659533553249001,1.9959917383172106,0.006540062194792866
transformer,97,1300,5,0.7361068844795227,0.0678375274341013,0.6493800759315491,0.05208516275762708,2.0003337522035602,0.0015010302179740518
transformer,97,1325,5,0.7479805588722229,0.034523768251565015,0.654481029510498,0.026986414346370745,2.0037203094771305,0.0064143432311183374
transformer,97,1350,5,0.7578499794006348,0.034187228962046796,0.6679418921470642,0.027091994265703547,1.999767018139135,0.0017173594788830085
transformer,97,1375,5,0.7448223471641541,0.022778259924510928,0.6515054941177368,0.02096029292718883,2.002715801815548,0.007817263751096792
transformer,97,1400,5,0.7481931328773499,0.0385716706046289,0.6617782354354859,0.03343180863458772,1.9980626893065776,0.0025988583288740898
transformer,97,1425,5,0.7384755373001098,0.04931714666947424,0.6551895141601562,0.03867277353642913,2.000324300797911,0.003160777543644064
transformer,97,1450,5,0.7542058944702148,0.03748862699844499,0.6638327956199646,0.029691210330444966,1.9998103463245478,0.002521568978006443
transformer,97,1475,5,0.7517764806747437,0.04166505898159568,0.662274169921875,0.03520709388126125,1.9988210439429763,0.0020006532374584746
transformer,97,1500,5,0.7522319912910461,0.03459397750480113,0.6643287301063537,0.031764274873088014,1.999893550544113,0.004559996796766555
transformer,97,1525,5,0.7447616219520569,0.03280457488089512,0.6590860605239868,0.021003956486664352,2.0048981255458997,0.011629901709750309
transformer,97,1550,5,0.7523534774780274,0.03832287091762241,0.667375123500824,0.03561937357100221,1.9974039842774605,0.0014863371741837693
transformer,97,1575,5,0.7545399308204651,0.032668046455398426,0.6629826426506042,0.02848065331988184,1.9982635688374273,0.005556073354261985
transformer,97,1600,5,0.7468873381614685,0.05915498304675939,0.6582359075546265,0.051663047188516775,1.9997378569431035,0.003943045884451645
transformer,97,1625,5,0.7614029765129089,0.025639721573005796,0.6747431755065918,0.027291376607695907,2.0009027967445827,0.0006151573383258247
transformer,97,1650,5,0.7587002754211426,0.021044780040976548,0.664824652671814,0.01676237121025429,2.0016778384274376,0.0025196173988921654
transformer,97,1675,5,0.7350744128227233,0.05634546222218112,0.6492384076118469,0.04223803531866872,2.0008870518718536,0.006385923079730935
transformer,97,1700,5,0.7630124568939209,0.029436353559407935,0.672759473323822,0.02693267891860299,1.997109569638237,0.006215033136572404
transformer,97,1725,5,0.7649863362312317,0.026487089380242686,0.6784980297088623,0.022751851726062887,1.9986785336976187,0.005382000285697825
transformer,97,1750,5,0.7555420637130738,0.031711254579817924,0.6653205752372742,0.02476517772313614,2.0055354407175363,0.021730213106238256
transformer,97,1775,5,0.7533859729766845,0.04445141147518408,0.6714842319488525,0.03714770610965455,1.9979049427169173,0.0026710460507578253
transformer,97,1800,5,0.7693288683891296,0.024087963770723447,0.6811902165412903,0.02721721408657309,1.998672111402468,0.007322663362327108
transformer,97,1825,5,0.7655936717987061,0.023984861287261152,0.6750265598297119,0.02673062475716118,2.000093995097915,0.0021431543669297114
transformer,97,1850,5,0.7550258159637451,0.032729551114098095,0.6665249586105346,0.026630694009204568,1.9985803475404764,0.002323177889764751
transformer,97,1875,5,0.7702398896217346,0.025723845609517845,0.6776478886604309,0.023684654347271312,2.00380689874287,0.009747403672384514
transformer,97,1900,5,0.7576374173164367,0.023159872777630944,0.6681544303894043,0.01741406936306014,1.997811410971421,0.004461239996340529
transformer,97,1925,5,0.7578803420066833,0.02745308382700991,0.6705632209777832,0.021423038763793475,2.0042905393386063,0.0025030393265719265
transformer,97,1950,5,0.7538414716720581,0.03845640702225309,0.6684378147125244,0.03314681568246703,1.9987189782871677,0.009532717579922198
transformer,97,1975,5,0.7459763169288636,0.031174189204912068,0.6594403028488159,0.024605296430148645,2.0056340429003656,0.014336487598200089
transformer,97,2000,5,0.7750379562377929,0.032410874543838813,0.6836698532104493,0.02699500603516885,2.0001234077989816,0.0030462587742287827
transformer,97,2025,5,0.7662010312080383,0.031197899007799353,0.68048175573349,0.03034331294942483,2.0003988112992728,0.002813863951876859
transformer,97,2050,5,0.771545696258545,0.03023479946065665,0.6848034024238586,0.02719000502684904,1.99976252802066,0.0030767393076032777
transformer,97,2075,5,0.7672638893127441,0.026186831909047494,0.6823946237564087,0.018698340578257606,2.0005701373231837,0.0013778338125737834
transformer,97,2100,5,0.7548436045646667,0.02296527170796399,0.6690754532814026,0.02161605586240424,1.9975019773673715,0.008421595515086077
transformer,97,2125,5,0.7765259742736816,0.042460349779358406,0.6810485124588013,0.032817373684026534,2.0010378516150458,0.004593234065706177
transformer,97,2150,5,0.7741573095321655,0.03296852767014299,0.682961392402649,0.02819660428833984,2.001972636592732,0.00409779110952662
transformer,97,2175,5,0.7817795276641846,0.01935833958747184,0.6896918177604675,0.01665837060183251,2.0015350199219584,0.00023331011187654153
transformer,97,2200,5,0.7737625360488891,0.03293398286179001,0.6830322265625,0.027549906682908545,1.9960904128658608,0.003974813845032374
transformer,97,2225,5,0.7708168625831604,0.03285260723562093,0.6789939641952515,0.02654670081273733,2.002145681253998,0.008155296291118273
transformer,97,2250,5,0.7859095096588135,0.015231094559255452,0.6925256609916687,0.01367587882929697,2.0012063133344076,0.005250378496080458
transformer,97,2275,5,0.7751898050308228,0.029008574241618207,0.6840240716934204,0.0240187221441849,2.0041764530857584,0.00850848754471265
transformer,97,2300,5,0.7712420225143433,0.0416262098691824,0.6845200061798096,0.03307634906027644,1.9969714590022065,0.006343920888277162
transformer,97,2325,5,0.7805040836334228,0.023780255458660318,0.6916755199432373,0.014615284766854836,2.00006851816811,0.002983025998248263
transformer,97,2350,5,0.7777406692504882,0.03094713574448831,0.6878497958183288,0.022329904829991153,2.0013457480355035,0.0032733893739040174
transformer,97,2375,5,0.7827512979507446,0.030628130724982716,0.6915338277816773,0.029904270239369875,1.998764618373135,0.004267836857923722
transformer,97,2400,5,0.7866686820983887,0.02649222637000196,0.6943676829338074,0.015214294478021896,1.9999567543264458,0.0026163307144342674
transformer,97,2425,5,0.7825994491577148,0.03025496501023428,0.6906836628913879,0.02828036293148418,1.9921402176662633,0.01682370631869242
transformer,97,2450,5,0.7916489481925965,0.02308609573329071,0.7032235145568848,0.017446482798373616,1.9994519222607885,0.004531191672770749
transformer,97,2475,5,0.7829638600349427,0.03356472353226176,0.687991487979889,0.026696351359311712,2.001001452538865,0.0025062468136995107
transformer,97,2500,5,0.780838131904602,0.036919637081002876,0.6917463660240173,0.028444065160359047,1.9957269733364071,0.006818261519957349
transformer,97,2525,5,0.7871242046356202,0.025951059676036437,0.6982642650604248,0.021273757707151425,1.9970325347698914,0.002347268406880077
transformer,97,2550,5,0.7880655884742737,0.02896420929705576,0.6955720782279968,0.018436470411813684,1.9970972980862793,0.0017749990802046053
transformer,97,2575,5,0.787336778640747,0.02748559723283886,0.6950053095817565,0.020829081036538875,1.9981276493678297,0.004859234165014199
transformer,97,2600,5,0.7908290266990662,0.018770357832832346,0.7023025035858155,0.02248138825392519,2.0013249863783917,0.0026502347530293784
transformer,97,2625,5,0.7949590086936951,0.029576815077937347,0.7032235145568848,0.021961581792419877,1.9991775526599795,0.004539658265394966
transformer,97,2650,5,0.7939568758010864,0.02577924010784286,0.7042153716087342,0.021494684287579287,2.000051706132736,0.004030980981650525
transformer,97,2675,5,0.8065897226333618,0.01870724703915218,0.7083953142166137,0.01485121380213152,1.998126847338127,0.0020319059013470244
transformer,97,2700,5,0.8012450695037842,0.020886858380318524,0.7054906010627746,0.02165693978621977,1.9982364995169835,0.003602956717838722
transformer,97,2725,5,0.8002125859260559,0.024881494101190886,0.703719437122345,0.02350332630896503,2.0005469443477275,0.004653018386946311
transformer,97,2750,5,0.7959003925323487,0.02613020370278215,0.7018774271011352,0.023168574510251862,2.004027353969631,0.007076319639932295
transformer,97,2775,5,0.8089887619018554,0.02805889119858788,0.7155508279800415,0.01976893961186331,1.9993653523219137,0.005857617349391643
transformer,97,2800,5,0.8049802660942078,0.011640878549452758,0.7099539399147033,0.010461589808802735,2.002593803559381,0.0020382626372301873
transformer,97,2825,5,0.8010628461837769,0.015686486106860142,0.7083953261375427,0.008945339963192203,2.004827516605007,0.008275296381918325
transformer,97,2850,5,0.8045551180839539,0.0241644033417813,0.7108749389648438,0.01461915219784945,1.9984187356324612,0.006898103964016939
transformer,97,2875,5,0.8077133178710938,0.022956717822853294,0.7104498744010925,0.01472220339534668,1.997870782470611,0.00227648920415742
transformer,97,2900,5,0.8075007438659668,0.029220370517354457,0.7145589709281921,0.02104246516794522,1.9979000923533359,0.0027777549296242533
transformer,97,2925,5,0.8078044295310974,0.028600559700592047,0.7139213562011719,0.019819009323707632,2.000720649351222,0.0023636768570186946
transformer,97,2950,5,0.8156392335891723,0.020485760354844517,0.7186680793762207,0.015380419672467751,1.9990307454953438,0.004245451218356708
transformer,97,2975,5,0.8051624655723572,0.025562239091392706,0.7103081703186035,0.020608628635550248,1.9962902983373136,0.0025859519925188023
transformer,97,3000,5,0.809444272518158,0.023314309893117106,0.7144172787666321,0.022506215511473412,1.9998809272689073,0.007744590618410295
transformer,97,3025,5,0.8136653542518616,0.022730848992044358,0.7194473743438721,0.019322762101668247,1.9996767471028694,0.0033825883394199893
transformer,97,3050,5,0.8133009433746338,0.026968037800720043,0.7139213442802429,0.01799385523511317,1.9993274847798728,0.004218848900825012
transformer,97,3075,5,0.81384756565094,0.01847896160291139,0.7181012988090515,0.01767513567265465,2.000585776989168,0.005532015157596541
transformer,97,3100,5,0.8117218255996704,0.02647132377987027,0.7179596185684204,0.026224491363324567,1.9998988198592915,0.0045605359798026905
transformer,97,3125,5,0.8209231615066528,0.02918647187814244,0.7248317480087281,0.020075050248542656,1.9986367866023027,0.004367538913135129
transformer,97,3150,5,0.8209231615066528,0.037509722854742314,0.7241941094398499,0.025657570677084338,2.004457317773128,0.010171924358435409
transformer,97,3175,5,0.8274521589279175,0.0184991116881103,0.7334750175476075,0.017041141300240675,2.0001559263912583,0.004003269361588104
transformer,97,3200,5,0.8235651254653931,0.02602845977327253,0.7287991404533386,0.018131064700168106,2.0011761445503873,0.001824948600962494
transformer,97,3225,5,0.8253264427185059,0.03346047612016105,0.7284449100494385,0.023245621957892922,2.0002984640998718,0.005819311870725353
transformer,97,3250,5,0.8259034276008606,0.023517283490595477,0.7297201514244079,0.018972154090333218,1.9999279403160184,0.0017474276978449547
transformer,97,3275,5,0.823291826248169,0.023094353170796566,0.7228480219841004,0.015953450331906423,2.0005872347570124,0.0036217502546931337
transformer,97,3300,5,0.8291223764419555,0.02834514348536301,0.7295076012611389,0.018533209927543256,2.001038816930784,0.0030585697268101313
transformer,97,3325,5,0.8255693793296814,0.032953832940101416,0.7300035357475281,0.02837448375106264,1.9985029042397522,0.004089342574286849
transformer,97,3350,5,0.8294867873191833,0.029465436733225162,0.7341834902763367,0.023423073175778297,2.0023880142837642,0.0032536930398282646
transformer,97,3375,5,0.8352262377738953,0.025223148786077527,0.7367339611053467,0.02202863117426215,1.9977314042022698,0.003558197343454066
transformer,97,3400,5,0.8344670534133911,0.03291495089457054,0.7353170394897461,0.022044285091605817,2.001156939675343,0.0021937509886272334
transformer,97,3425,5,0.8351655006408691,0.028818800161944748,0.7378675103187561,0.024933843845055623,1.9984754275888434,0.003518230883499122
transformer,97,3450,5,0.8342848539352417,0.02665265323898425,0.7360963463783264,0.022009518998883492,2.001276202621221,0.002729951101694395
transformer,97,3475,5,0.8363801956176757,0.024535821826377775,0.7368756532669067,0.015150247669069727,2.0005180289333686,0.0026042331111401458
transformer,97,3500,5,0.844822359085083,0.0330700327975367,0.745518958568573,0.02254966569555343,1.999962427211758,0.002054432684520622
transformer,97,3525,5,0.8485271811485291,0.027951793779099884,0.7420474529266358,0.014330908534552014,2.001670834899886,0.0019072110520692788
transformer,97,3550,5,0.8362890958786011,0.031817121321905215,0.7397803783416748,0.024096449179317258,1.9990066669001396,0.009077038818373939
transformer,97,3575,5,0.8451867580413819,0.028759341166296245,0.7472192525863648,0.02064543678923209,2.0014260794972367,0.0009783116826970297
transformer,97,3600,5,0.8533859610557556,0.02996575695471478,0.7510449767112732,0.025363446725335404,1.996930923600025,0.005692933674279927
transformer,97,3625,5,0.8481627583503724,0.029715516980047436,0.747786021232605,0.02311625498386336,2.0002326166988147,0.0028251480197735244
transformer,97,3650,5,0.8524142146110535,0.027432800699807323,0.7535246133804321,0.02023691880783474,1.999371344435465,0.004394456689954476
transformer,97,3675,5,0.8488915801048279,0.024502875746549094,0.748211121559143,0.018936396086810695,2.0021124498415914,0.006001779629547015
transformer,97,3700,5,0.8543577313423156,0.026621658870020774,0.7543039321899414,0.01932046709892672,2.000871259293872,0.0030044253589875777
transformer,97,3725,5,0.8486790060997009,0.028378060692539973,0.7504782199859619,0.026319065801895494,1.9959471354590423,0.0036710302826329705
transformer,97,3750,5,0.8519890785217286,0.02688835175590447,0.7521785378456116,0.0183460701364514,2.002116945826489,0.0031434444545473243
transformer,97,3775,5,0.8631339192390441,0.019483918221255912,0.7620261907577515,0.018512530807983204,1.9999187012622415,0.0017147435583523415
transformer,97,3800,5,0.8576981544494628,0.028206674047452033,0.7566418528556824,0.02297877159881564,2.0019667864593087,0.003130112725744498
transformer,97,3825,5,0.8570907950401306,0.022788325276451606,0.7613885879516602,0.01619740307940529,2.0002155188654345,0.002060257067896034
transformer,97,3850,5,0.8555116891860962,0.024853957823140888,0.7574211716651916,0.01875329714026822,2.001380627624034,0.003941332332516693
transformer,97,3875,5,0.8633464813232422,0.02758407533104265,0.7636556625366211,0.02244060997257596,1.999081136693745,0.0020749994484441214
transformer,97,3900,5,0.8625265598297119,0.02414823196499103,0.7620262026786804,0.01969324497113357,1.9999732812399853,0.0016642982113959487
transformer,97,3925,5,0.8638931035995483,0.026448594990681272,0.7669854640960694,0.021452891396938383,1.999658848258693,0.002262270188447767
transformer,97,3950,5,0.8727907776832581,0.027187424848380704,0.7699610233306885,0.022373689394280413,2.0004137333649945,0.003401642594175107
transformer,97,3975,5,0.8695414543151856,0.017752102497310178,0.7669854640960694,0.014309005800148333,1.998872389120817,0.0012840878289162266
transformer,97,4000,5,0.8738536238670349,0.027849690132422167,0.7706694841384888,0.021543660421558298,2.000543154179512,0.0009154773048835506
transformer,97,4025,5,0.8772547721862793,0.020760259220859018,0.7725823521614075,0.01770101563603452,2.00148113229856,0.003601616992597534
transformer,97,4050,5,0.8774673461914062,0.023507801364079563,0.7727240324020386,0.022149611669775613,2.000147863288315,0.0039929615963120516
transformer,97,4075,5,0.8826905488967896,0.021707055388189,0.7772582292556762,0.019763214313840243,2.000217932053153,0.0009538397613065938
transformer,97,4100,5,0.8738839864730835,0.03142601009880148,0.7708112001419067,0.03147197008776594,1.9997421113848197,0.0013091430141297501
transformer,97,4125,5,0.8806559324264527,0.021856912085227994,0.7781792402267456,0.01889991792507613,2.0008255623680955,0.0026962074690794697
transformer,97,4150,5,0.8811114430427551,0.02383723766825769,0.7786043167114258,0.020295114065324825,1.9997928640860796,0.004598996350696367
transformer,97,4175,5,0.8841178178787231,0.02028702421083028,0.7791002511978149,0.019826930650305392,2.0013398977252086,0.0012383961684597894
transformer,97,4200,5,0.8852717876434326,0.0198975031295729,0.7827842593193054,0.020103157156154013,1.9979373264616995,0.003019246204051071
transformer,97,4225,5,0.8889158725738525,0.02019337567732086,0.784272038936615,0.01898042573358915,1.9997083797166002,0.0017586115314520531
transformer,97,4250,5,0.8951715707778931,0.02532056676349683,0.7873892784118652,0.02474869098917838,2.0011460082445116,0.0022227899739673345
transformer,97,4275,5,0.8935924768447876,0.026269463239882117,0.7861140608787537,0.023256154923873215,1.9991099631415956,0.002080012852740438
transformer,97,4300,5,0.895596718788147,0.023981289104518543,0.7877435326576233,0.01829092938849197,1.9997761752977972,0.001297192120440782
transformer,97,4325,5,0.8933495283126831,0.021045646983343252,0.7893021583557129,0.01994335665664062,2.0004246745888374,0.0014668602608529212
transformer,97,4350,5,0.8942301750183106,0.020779967269978352,0.7887353897094727,0.0210844631473393,2.001089493985709,0.0015007374417315457
transformer,97,4375,5,0.8988156676292419,0.0241040185289906,0.7897980809211731,0.02423920721526869,1.9997198746711617,0.0020698800533418635
transformer,97,4400,5,0.8966292023658753,0.03216357843369243,0.7916401028633118,0.02389354571296281,1.9993381056013237,0.003867277040498436
transformer,97,4425,5,0.8988460421562194,0.02441474728873484,0.7912150025367737,0.021340315191913102,2.0011695857144867,0.0016320761193194392
transformer,97,4450,5,0.901609468460083,0.025304240461061348,0.7953240990638732,0.022279254047956033,1.9982408668758223,0.002178979209993621
transformer,97,4475,5,0.902034604549408,0.020665885175754507,0.7960325837135315,0.018923144883811433,2.0011671230596355,0.0017140972925125876
transformer,97,4500,5,0.9048891425132751,0.02195310961007531,0.7977329015731811,0.022527937114167094,1.9998220584325594,0.0013725381782454412
transformer,97,4525,5,0.906984519958496,0.021530276850550714,0.8011335372924805,0.023591234505546555,2.0003599409213337,0.0007038144562213004
transformer,97,4550,5,0.9093227982521057,0.02159010221817748,0.8009210109710694,0.022005258326054287,2.0004059868097555,0.0007800725779473832
transformer,97,4575,5,0.9101123571395874,0.021776862562038313,0.80510094165802,0.020745167604530025,2.0002456711493877,0.0011907569194775326
transformer,97,4600,5,0.9098694205284119,0.022913240405062138,0.8019836902618408,0.022493110040343652,1.9988312565216872,0.0012219177663908734
transformer,97,4625,5,0.9106589913368225,0.019641252989228912,0.8048175573348999,0.018869357423959964,1.998750259078554,0.001177454025267086
transformer,97,4650,5,0.9139690160751343,0.02075636689001586,0.8082182049751282,0.018577154713973344,2.0002122249657224,0.0005149271991712021
transformer,97,4675,5,0.9147889375686645,0.022050241678761417,0.8080765128135681,0.022255319893402327,2.0003373156133217,0.0012658998608203887
transformer,97,4700,5,0.915730333328247,0.020148915268762956,0.8075805902481079,0.01964222259282043,2.0009180730096934,0.0017176191358038377
transformer,97,4725,5,0.9178256869316102,0.020068196742593185,0.8098476767539978,0.019217577190706752,2.000011639909637,0.00036749730067058646
transformer,97,4750,5,0.918038260936737,0.018716787084886947,0.8107686877250672,0.019677317516397487,2.0001473751724754,0.0004997018456930058
transformer,97,4775,5,0.9197692036628723,0.01955920348650423,0.8138150930404663,0.01866979283936832,2.0002909260028043,0.0006317835885271904
transformer,97,4800,5,0.9197388410568237,0.022324349869858973,0.8135316967964172,0.022765624451849917,2.000273186565226,0.0010540564972036776
transformer,97,4825,5,0.9211053729057312,0.01892327942304249,0.8143818497657775,0.02069309218861371,2.000747280888068,0.0012943634814988599
transformer,97,4850,5,0.9223200678825378,0.016224416693055875,0.8150903344154358,0.01857445351774724,2.0005648384073886,0.0005982966075600696
transformer,97,4875,5,0.9235955119132996,0.018555650461577446,0.815373694896698,0.01910955641492779,1.999969559877486,0.000789378129031673
transformer,97,4900,5,0.9256908535957337,0.01809114504689913,0.8172865509986877,0.02152443112938346,2.000316015419357,0.0009021569811643055
transformer,97,4925,5,0.9249620318412781,0.019810938925880116,0.8185618042945861,0.020348215488808927,1.9999319285847506,0.0008271334212025009
transformer,97,4950,5,0.9278469562530518,0.015035494906893945,0.8204746603965759,0.01920779016248876,2.0000914510731507,0.0006167896117926656
transformer,97,4975,5,0.9274218082427979,0.018963251050398342,0.8193411111831665,0.020032187539367433,2.000155360247509,0.0009906706734395714
transformer,97,5000,5,0.9294867753982544,0.015548524471178809,0.820970606803894,0.018193232709982153,2.000025346713575,0.00048082797227523235
transformer,97,5025,5,0.9300941348075866,0.016198134009585086,0.8218916058540344,0.01883006609947825,2.0003903493202544,0.0007619920962812097
transformer,97,5050,5,0.9310658931732178,0.016915362560879686,0.8227417469024658,0.020308401645369567,1.9997948163629125,0.00017102421074054178
transformer,97,5075,5,0.9295171499252319,0.018163558519426762,0.8233085393905639,0.019294159892974314,2.00055161029774,0.0009536674041440506
transformer,97,5100,5,0.9322198510169983,0.016895139163507118,0.8243003845214844,0.02042913523322677,1.999948517838479,0.0006677201991076643
transformer,97,5125,5,0.9356817483901978,0.013732907740593096,0.8265674710273743,0.018461981674291198,1.999820155147075,0.00039357448749822104
transformer,97,5150,5,0.9361068964004516,0.01672223890635765,0.8275593161582947,0.01999990339602282,1.9998495926103828,0.00028771938228454416
transformer,97,5175,5,0.9366231322288513,0.01577849571732513,0.8271342396736145,0.019543915097964517,1.9997742304991555,0.00023321152290520217
transformer,97,5200,5,0.9382933497428894,0.01451876290118095,0.8291887998580932,0.019388235868228663,2.000110770614312,0.0004152465637115475
transformer,97,5225,5,0.9398117184638977,0.013669832788734793,0.8295430421829224,0.018830066323734254,2.0001088257915276,0.0003058818282966759
transformer,97,5250,5,0.9413908243179321,0.011520121979548327,0.8303931951522827,0.018603803441701785,2.0000377262962816,0.0005228436214830891
transformer,97,5275,5,0.9435772895812988,0.010465548146226673,0.8320935010910034,0.01738089876622309,1.9998593042906336,0.0002969076059154933
transformer,97,5300,5,0.9438505887985229,0.011874608940605186,0.8316684365272522,0.01859369652814541,2.0002033982535488,0.00022479448193138716
transformer,97,5325,5,0.9456726312637329,0.012160914269378204,0.8324477314949036,0.017940421937744474,2.0000017132390067,0.0003419486138154339
transformer,97,5350,5,0.9484968066215516,0.010294405687039859,0.8346439957618713,0.016312796406124635,1.9998604289106523,0.00011737154900108981
transformer,97,5375,5,0.9490737795829773,0.010232752385420409,0.8353524446487427,0.01771412782593884,2.0000669663020467,0.0003073912268444844
transformer,97,5400,5,0.9499848008155822,0.00893302006405617,0.8365568518638611,0.0151940877750775,2.0000162918666318,0.00020027570775005727
transformer,97,5425,5,0.9516246557235718,0.010192120555934539,0.8367693901062012,0.01682401398247748,2.000090895318922,0.00017155214559826934
transformer,97,5450,5,0.9518979668617249,0.010396897647111424,0.8374070048332214,0.016022929654834307,1.9999528958250565,0.00025799027534899717
transformer,97,5475,5,0.9537200093269348,0.009585252440717186,0.838682234287262,0.01594560464355701,1.9999491360555062,0.0003885727279014825
transformer,97,5500,5,0.9548132538795471,0.009841700665192285,0.8397449374198913,0.016234171689368356,2.000131115981342,0.00025882364288498416
transformer,97,5525,5,0.9552080154418945,0.009949697851111132,0.8400991678237915,0.015380828134743414,1.9999307357415426,0.0001679469424133863
transformer,97,5550,5,0.9562708616256714,0.009812614846504445,0.84151611328125,0.016214828986634875,1.9999906853651859,0.00010806398443477579
transformer,97,5575,5,0.9573641061782837,0.009886581113916597,0.8428622007369995,0.015490554400996342,1.9999976777608186,0.00020565583983735546
transformer,97,5600,5,0.957212257385254,0.010040455106426779,0.8434998154640198,0.016719260844930896,2.0001359023456,0.00010792760782008468
transformer,97,5625,5,0.9588521122932434,0.009228396201617401,0.84420827627182,0.016341615889306618,2.0000401939502424,9.67514568968976e-05
transformer,97,5650,5,0.9593076229095459,0.00893971871504643,0.8450584292411805,0.016885795399003655,2.0000362117648582,9.950869017384824e-05
transformer,97,5675,5,0.9602490067481995,0.009144590116303376,0.84640451669693,0.017325935399528355,2.0000155770842314,7.799228968350306e-05
transformer,97,5700,5,0.9605830550193787,0.00921127243759018,0.8459086060523987,0.016562058828085143,2.000113022885086,0.0002260529950116562
transformer,97,5725,5,0.9610385656356811,0.008784661053719847,0.8480340003967285,0.017041902084309144,2.000034022161212,9.075503984277301e-05
transformer,97,5750,5,0.962313997745514,0.008797653017446384,0.8477506041526794,0.0170646986316416,2.000002638892375,8.422657422520934e-05
transformer,97,5775,5,0.9626480340957642,0.008961615592781887,0.8494509339332581,0.01727589827690186,1.9999336202518023,7.699944719098322e-05
transformer,97,5800,5,0.9636501669883728,0.008657791596323353,0.8498760104179383,0.016738030720412824,1.9999536031776575,0.00015407076304361174
transformer,97,5825,5,0.9638627409934998,0.008683977158523197,0.8498760104179383,0.016786688544259902,2.000000183119467,0.0001245039626306748
transformer,97,5850,5,0.9645612001419067,0.008385890767116428,0.8509387016296387,0.016649711743240005,1.9999842723370675,7.87656629655826e-05
transformer,97,5875,5,0.9645611882209778,0.008016941445681467,0.8510803937911987,0.016904380800055994,1.999999629194465,3.72569388369876e-05
transformer,97,5900,5,0.9654418468475342,0.007871114221254376,0.8515054702758789,0.01712159071976102,1.9999802887869904,6.873190862928423e-05
transformer,97,5925,5,0.9656847834587097,0.007990578220577691,0.8527807235717774,0.016680204852506403,2.000050785315601,9.39576101988168e-05
transformer,97,5950,5,0.9664743423461915,0.007729840193519491,0.8528515577316285,0.01696366966747481,1.999990451045543,9.922068622920739e-05
transformer,97,5975,5,0.9662617683410645,0.007819534256373913,0.8534891963005066,0.01751144654016133,2.000070981424463,0.00012787781178662624
transformer,97,6000,5,0.967203152179718,0.007800813645966973,0.8541268110275269,0.01730928448615623,1.9999901848481851,6.791643935443776e-05
transformer,113,0,5,0.06272096782922743,0.011600050080623632,0.06238579750061033,0.016167966860884467,7.960212564600013,1.4658365441902876
transformer,113,1,5,0.06692772433161732,0.014442815803975825,0.06635342985391612,0.01833285922380926,7.970359729114944,1.3851593969272746
transformer,113,2,5,0.068896847218275,0.013276845320056912,0.06771077811717985,0.01707054215554313,7.914276969766132,1.3818490790263656
transformer,113,3,5,0.06847169473767276,0.009488215366890538,0.06682328060269352,0.013067073964861826,7.71443196946839,1.4428160596799362
transformer,113,4,5,0.06795703843235966,0.007032378074515299,0.06598799005150793,0.009525571157777817,7.23840031813477,1.537597809878682
transformer,113,5,5,0.06907585859298701,0.007411529028503923,0.06802401095628734,0.009310705653341526,6.4842382893353685,1.6312689896254937
transformer,113,6,5,0.07093309611082074,0.007655531889602438,0.06979900598525998,0.008935411516910149,5.570289271100529,1.6095597953998482
transformer,113,7,5,0.07263369932770725,0.00847145878606234,0.0715217925608158,0.009666866843258296,4.648383213329951,1.4211272427515589
transformer,113,8,5,0.073439247906208,0.008797002355451423,0.07272252589464184,0.009896044565907602,3.8476202382730067,1.1514172433175238
transformer,113,9,5,0.07330498993396756,0.010255787935420549,0.07214826047420497,0.009248293754904114,3.2254106860981295,0.9253465826748732
transformer,113,10,5,0.0724099367856979,0.009891711003784524,0.07073870748281472,0.007767515829655247,2.7700074111074757,0.7909774703246555
transformer,113,11,5,0.07194003313779827,0.008371725360615912,0.07000782862305635,0.008166061063383492,2.4376775246150344,0.7027457825634164
transformer,113,12,5,0.07243231236934658,0.007870631428877783,0.07073870599269863,0.007392221565900932,2.1843345329176094,0.5988374884120504
transformer,113,13,5,0.07198478579521178,0.005680469443842751,0.07016444504261013,0.005633016134184402,1.9839040591262993,0.46312653214195576
transformer,113,14,5,0.0720742896199226,0.004671921441677645,0.07032106220722192,0.005489670936808718,1.8303335069287598,0.3217462613466508
transformer,113,15,5,0.0729245916008949,0.0051285350475330435,0.07199164628982538,0.00670441838587093,1.7234145083682246,0.20430817268053683
transformer,113,16,5,0.07359588444232934,0.005299588400495829,0.0725659072399139,0.006950418005833018,1.658164648748525,0.12266188971495809
transformer,113,17,5,0.07305885106325147,0.006091657221037856,0.07178282290697095,0.0073806892793010625,1.626394367983141,0.08333946018158789
transformer,113,18,5,0.07471470236778253,0.007299980793880665,0.07246149629354473,0.008545642655330922,1.620736733653636,0.09148916169889008
transformer,113,19,5,0.07516223043203349,0.006005462792585529,0.0739232555031776,0.0072770308358344575,1.6360264076730704,0.12428498373202679
transformer,113,20,5,0.07646005898714062,0.006823234552245319,0.07491516470909114,0.006415141411333157,1.6687199903536416,0.16148970153034953
transformer,113,21,5,0.07872007340192791,0.008140358029589284,0.07804750502109525,0.009182487854519783,1.7156928868266679,0.19403200202141738
transformer,113,22,5,0.07948086857795712,0.008694306448738628,0.07799529880285258,0.011368080390102292,1.773880419488584,0.2153733627867722
transformer,113,23,5,0.07923472970724102,0.009302489381443272,0.07778647691011424,0.011052943684090943,1.8403897238058984,0.22088652302644543
transformer,113,24,5,0.07903334200382228,0.010146023615369574,0.07752544730901714,0.012276663616522234,1.9122246543504917,0.20895028366208807
transformer,113,25,5,0.07905571758747096,0.00935288257433265,0.0778908878564834,0.013091297920007062,1.9856606103411174,0.1806337267545427
transformer,113,26,5,0.07829492092132564,0.008907580004003211,0.07716000825166698,0.012869522815329307,2.055617980006992,0.1389577948076158
transformer,113,27,5,0.07905571758747096,0.008195144786881655,0.0770555958151817,0.011730896386150338,2.115515476632703,0.0946121087750637
transformer,113,28,5,0.07983888983726499,0.008414451905859268,0.07762985825538632,0.012212113277298162,2.1576984760207134,0.0852572271570781
transformer,113,29,5,0.08026404082775114,0.008653540307074737,0.07862176746129984,0.011869478588047953,2.1745159118646127,0.1188898089057993
transformer,113,30,5,0.07970463335514062,0.007475850466815569,0.0782041206955909,0.010537922931633121,2.162772278687992,0.14675263532593497
transformer,113,31,5,0.07983889281749722,0.007250599840377852,0.07924823462963097,0.010433956720217009,2.127818238420624,0.15371801396930246
transformer,113,32,5,0.0809577107429504,0.007626700713509308,0.08081440627574916,0.011041535267401719,2.080994172300495,0.147510429868986
transformer,113,33,5,0.08198702335357659,0.008167910763984966,0.08055337667465205,0.00985464716424137,2.0339669491632564,0.13729907631292787
transformer,113,34,5,0.08324009925127025,0.008920078992795262,0.08128425478935239,0.010152631449530656,1.9947932481140858,0.1251013139174071
transformer,113,35,5,0.08368762731552118,0.00921413557167652,0.08191072642803188,0.009641106964978443,1.96714730754466,0.11009728260788335
transformer,113,36,5,0.08433654159307474,0.009773952543945693,0.08211954981088634,0.010490940834538885,1.9516314901646368,0.09386164880814259
transformer,113,37,5,0.08489595055580135,0.009872076939453842,0.08274601548910138,0.01090867702334258,1.9472897165083378,0.07987140211428796
transformer,113,38,5,0.08527635037899015,0.010264636504176456,0.0833202794194221,0.010675713096372932,1.9523500567154914,0.07206671268734861
transformer,113,39,5,0.0856119945645332,0.010771323138214071,0.08405115902423854,0.01057728964322415,1.9641370434515673,0.07479569014560757
transformer,113,40,5,0.08646229952573772,0.011310973044707573,0.08410336226224897,0.01040420266137006,1.9785834182624211,0.08762076765833988
transformer,113,41,5,0.08722309470176692,0.01196733219535856,0.08405115753412243,0.010512677092618376,1.9904992297633854,0.1009884393055532
transformer,113,42,5,0.08858805149793621,0.012306598202244732,0.08514747768640514,0.01009846135667292,1.9955322210869935,0.1032088113432048
transformer,113,43,5,0.08975162357091901,0.013138236962576702,0.0855129167437553,0.01029094501193192,1.9927836399850682,0.0881632368696215
transformer,113,44,5,0.09042291641235346,0.012865539984732423,0.08593056350946424,0.010212519833846865,1.9855543602613897,0.05820815067184683
transformer,113,45,5,0.09040053635835642,0.012312089455125115,0.08702688217163082,0.010679222176222055,1.979335097795964,0.025369176963771722
transformer,113,46,5,0.09078093469142912,0.01266258473217495,0.08713129311799997,0.01026243557985849,1.9787606319300448,0.029787248126745037
transformer,113,47,5,0.09136272221803658,0.01268875451797565,0.08801879137754436,0.00997285823716211,1.9856263793831985,0.05362728244398185
transformer,113,48,5,0.09228015393018721,0.013054844069825275,0.08880187720060344,0.009671095078629875,1.9987223091317836,0.0657822723418783
transformer,113,49,5,0.09241441041231152,0.012861791103736817,0.08901069760322569,0.009149037757138571,2.014820222378757,0.062168341117556904
transformer,113,50,5,0.09277243167161939,0.012543097915550493,0.0889062881469726,0.009043422312965548,2.0296535199196772,0.044935841532821826
transformer,113,51,5,0.0932199582457542,0.012239792884310919,0.08927172720432278,0.009389769568361734,2.038559311450914,0.022893607271132294
transformer,113,52,5,0.09364511072635646,0.012199738931873427,0.08906290382146832,0.009275514121511043,2.037640634654729,0.019118125573807977
transformer,113,53,5,0.0942268997430801,0.012347469027858375,0.08953275680541987,0.008619870193774313,2.025934588771596,0.029392618963306354
transformer,113,54,5,0.0944506600499153,0.012725154054616744,0.0894283458590507,0.008634874699372179,2.006891421740236,0.03046108540140763
transformer,113,55,5,0.09516670405864709,0.012684806733174354,0.08989819586277002,0.008769932263230421,1.9871612784260606,0.021669246048732976
transformer,113,56,5,0.09590512514114376,0.013025086307006816,0.0898459911346435,0.009589733686300183,1.973346501021722,0.013206874965001489
transformer,113,57,5,0.09668829888105386,0.013264820905458252,0.09036804586648936,0.010608487038770396,1.9691549873896317,0.02004356891239515
transformer,113,58,5,0.09702394455671307,0.01311964569472782,0.09026363641023631,0.010336858164451679,1.9743730600589984,0.02830193115654246
transformer,113,59,5,0.09729246050119396,0.013030901088526316,0.09068128168582912,0.010098798224379221,1.985450072332909,0.030048941759915113
transformer,113,60,5,0.09733721315860744,0.01325811784765383,0.09078569114208215,0.010177431544890203,1.9970504670316251,0.02546032823136847
transformer,113,61,5,0.0974267169833183,0.013255379317386112,0.09062907546758649,0.010529515033217708,2.004584823975601,0.01894399126052772
transformer,113,62,5,0.09760572910308833,0.01304337999888749,0.09115113168954844,0.010696434490207317,2.006720004544801,0.01984251967458616
transformer,113,63,5,0.09794137626886365,0.012653684222002182,0.0916209846735,0.010958533494211145,2.0055825841030788,0.02479845258131167
transformer,113,64,5,0.09825464636087414,0.012471038977697434,0.09235186278820035,0.01144722119977029,2.004518259366653,0.02512720960076399
transformer,113,65,5,0.09870217144489286,0.012538608717396873,0.09261289238929742,0.010921786461914796,2.0054791481697087,0.02203422123374351
transformer,113,66,5,0.0988811835646629,0.01327684546917089,0.0929783314466476,0.011617083338309016,2.0077049576844055,0.02083392306400801
transformer,113,67,5,0.09932871013879774,0.014161652425054969,0.09402244538068769,0.013190850771559121,2.0083131295481484,0.020065983611966664
transformer,113,68,5,0.09984336793422695,0.015108732132314305,0.09485773593187327,0.013983428924808987,2.004885478400232,0.014206957262733572
transformer,113,69,5,0.10002237856388088,0.016352175511039416,0.09511876553297038,0.01479549983221013,1.9982921108384553,0.010123889150469535
transformer,113,70,5,0.10000000298023218,0.016832811244393172,0.0951709687709808,0.015099766310805144,1.99231564975154,0.01618435156303372
transformer,113,71,5,0.09970910847187038,0.017057011284015326,0.09480553120374674,0.0152956895464285,1.99042022058842,0.015990782684396618
transformer,113,72,5,0.09953009784221643,0.01714196684462164,0.09417906254529948,0.014915671482025245,1.993184994020241,0.009775614159910096
transformer,113,73,5,0.0990825697779655,0.017285402851202652,0.09470111876726146,0.015406647831923088,1.9979423594719126,0.013526093609369344
transformer,113,74,5,0.0990601927042007,0.017152365730679926,0.09506655782461167,0.01589853941072759,2.0008633903859967,0.016534988940894977
transformer,113,75,5,0.09883643090724939,0.017667167895593208,0.09475332647562024,0.016418876257532435,2.000753460116108,0.011601554176760004
transformer,113,76,5,0.0986350432038307,0.017827978784114306,0.09464891254901879,0.016109495807607,2.0001152984200177,0.010641593725925061
transformer,113,77,5,0.09841127842664714,0.017816742810950498,0.09407464861869805,0.016153844528920998,2.001634853888315,0.013176086503228072
transformer,113,78,5,0.09816513955593102,0.01767673274256696,0.09428347349166863,0.01610293771093043,2.004747053173625,0.009064467101809349
transformer,113,79,5,0.0980532586574554,0.01747661179871333,0.09438788443803783,0.015871944917183682,2.006004717891109,0.006552320995040113
transformer,113,80,5,0.09794137477874751,0.01711236300410679,0.09423126876354213,0.01579383823321278,2.0027818916942692,0.009935564967804986
transformer,113,81,5,0.09816513955593104,0.017193006645759012,0.09412685781717296,0.01593620872968678,1.9969565104965277,0.008605189872685222
transformer,113,82,5,0.0982993990182876,0.01684789974708901,0.09391803294420238,0.015413283059764122,1.9936105433910103,0.00396288930788306
transformer,113,83,5,0.09872454851865764,0.01706897054439629,0.09423126876354213,0.01560941406328874,1.9956799357786625,0.004567109888165514
transformer,113,84,5,0.09881405532360074,0.01711561974601253,0.09449229687452314,0.015593035209762149,2.000704523445826,0.008583735815397635
transformer,113,85,5,0.0991497009992599,0.017306897895936847,0.09485773593187326,0.015880528637985447,2.0033368042143804,0.00860013232478871
transformer,113,86,5,0.10024614036083217,0.018035896355036392,0.09564082026481624,0.01647232167955914,2.00144358610818,0.007098694491129428
transformer,113,87,5,0.10096218585968013,0.018209196721665884,0.09668493419885629,0.017135279102918954,1.9982957257650291,0.006799118872770043
transformer,113,88,5,0.10179011225700374,0.01859956392872433,0.09720699191093438,0.017409443618257733,1.9980649701951279,0.004330949916211803
transformer,113,89,5,0.10252853035926815,0.019231250676011353,0.09757243245840068,0.01783934133997308,2.0008097049249893,0.005568595901835143
transformer,113,90,5,0.10284179896116255,0.019332976883019336,0.0982511073350906,0.017902442531199075,2.002711617469856,0.006545935206987413
transformer,113,91,5,0.10333408117294307,0.0194720415927899,0.09877316206693644,0.01799165888711383,2.001310236007823,0.0052678637590049355
transformer,113,92,5,0.10402774810791011,0.020059700260249735,0.0993996292352676,0.018110368560352197,1.9986044576308877,0.003944740315253952
transformer,113,93,5,0.10434101969003673,0.019965442197834672,0.09971286505460734,0.01802514527140435,1.9978689435266763,0.003320559086579537
transformer,113,94,5,0.10436339229345318,0.019828891835967217,0.09997389167547222,0.018262665160166076,1.9994171205241897,0.006084295639861064
transformer,113,95,5,0.10452002733945842,0.019855229463083594,0.10023492276668544,0.01827292563279673,2.0008283912762166,0.005056038457486573
transformer,113,96,5,0.1049004271626472,0.02015249757168279,0.10060036331415174,0.01832839828176516,2.0006426195024565,0.0044949923196996415
transformer,113,97,5,0.10550458878278728,0.020556445787135825,0.10117462426424025,0.0193501127621713,1.9997029028688165,0.0026397576603688945
transformer,113,98,5,0.10613112598657604,0.02142159098945377,0.10174888670444485,0.019663430753882334,1.9992323437613155,0.0035443167007105153
transformer,113,99,5,0.10695905238389966,0.022002071623653776,0.10206212103366845,0.019382131347480503,1.9994179901829754,0.004557926856044185
transformer,113,100,5,0.10724994540214536,0.022442648042537264,0.10253197401762004,0.01938423917313109,2.000161557212036,0.002330969245943186
transformer,113,101,5,0.1082568824291229,0.023525749519213317,0.10326285213232037,0.020248307294057567,2.001186716855285,0.0031092077100702883
transformer,113,102,5,0.10966659337282177,0.025130294197329022,0.10409814417362209,0.02111460394252934,2.0012366180388055,0.0024544831010489773
transformer,113,103,5,0.11118818670511237,0.026509083560694594,0.1057165205478668,0.02285452929999762,1.9996069752133359,0.0038755292950040307
transformer,113,104,5,0.1129782989621162,0.028131492893255065,0.10785695314407343,0.02498207631626495,1.9981522330556352,0.0018425311743117691
transformer,113,105,5,0.11528306603431697,0.030007771735442754,0.109475328028202,0.025994683146594373,1.9990890973504656,0.002021586469496947
transformer,113,106,5,0.11698366701602932,0.030740097421103344,0.11088488250970836,0.026582253967801638,2.0009617763575296,0.0021668166220686056
transformer,113,107,5,0.11924367845058437,0.032133608023802586,0.11292090713977812,0.027397794037637393,2.0008030319782355,0.001928793560031836
transformer,113,108,5,0.12127992957830425,0.03282526585375126,0.1144348695874214,0.028484170964846615,1.999545424300372,0.002430483324873047
transformer,113,109,5,0.12324905097484587,0.033980842214896945,0.11620986163616176,0.029395209641132073,2.000159236537764,0.0021092985764204876
transformer,113,110,5,0.1251734182238578,0.034979715217328046,0.11761941462755199,0.029665281905703944,2.001408077433809,0.0016837868696124494
transformer,113,111,5,0.1272320434451103,0.03644699501201924,0.12002087831497191,0.03149500434948684,2.000102898382763,0.0016892751775147547
transformer,113,112,5,0.1291116595268249,0.03765410533768305,0.12242234051227563,0.03355560987704004,1.998081407099382,0.0002619356029136898
transformer,113,113,5,0.13166256695985792,0.039337205633013544,0.12503262162208556,0.03492273386435206,1.999160729814252,0.0005698221386568416
transformer,113,114,5,0.1342358499765396,0.039993610144888427,0.1269120275974273,0.03480763015613143,2.0015094873345736,0.0006309312053154896
transformer,113,115,5,0.1356903120875358,0.04131042278556042,0.1291568741202354,0.03567763582543783,2.001220458544659,0.0010987631908723034
transformer,113,116,5,0.13730141222476955,0.042219310459035764,0.13051422387361522,0.03645718322628362,1.999764140815813,0.0018032281018433795
transformer,113,117,5,0.1390243902802467,0.04370963431005664,0.13275906592607495,0.03773355334514199,1.9999144691395607,0.001155603075769093
transformer,113,118,5,0.13987469375133513,0.04474976438207861,0.13427302986383433,0.039468241592448806,2.0002186206897936,0.0014320808896823693
transformer,113,119,5,0.141038267314434,0.04503127485807697,0.13625684827566142,0.03927458955576837,1.9995556188928219,0.0012859925782447127
transformer,113,120,5,0.14273887276649472,0.044583931102113006,0.13698772788047783,0.03939125953015338,1.9997450821786409,0.000745936108041838
transformer,113,121,5,0.14314164072275157,0.04432206154887761,0.13782301694154736,0.03961402532313365,2.000781696046906,0.001244481018356446
transformer,113,122,5,0.14475274085998532,0.0446151497562624,0.13844948559999462,0.039200615918343513,2.0008303145495914,0.0011200947593867343
transformer,113,123,5,0.14611770361661908,0.045070548966172234,0.13938918858766552,0.03974281346652859,2.0001191623483328,0.0005218718544023074
transformer,113,124,5,0.14775117635726925,0.045436955415076044,0.1406943321228027,0.04082530012080473,1.999637592996225,0.001071933010804139
transformer,113,125,5,0.14911613315343858,0.045503008868672604,0.14152962565422053,0.04120960591843324,1.9997199960884324,0.0006710354339409978
transformer,113,126,5,0.15083911418914792,0.04533558718438948,0.14314799606800074,0.04071901505946626,2.000433717347385,0.0008974657839950851
transformer,113,127,5,0.1529648676514625,0.04528938043312202,0.144557549059391,0.04036515720321086,2.000617269808734,0.0009970766658079014
transformer,113,128,5,0.15401656329631802,0.04533269925310875,0.14560166448354717,0.040440624987274715,2.000082935175986,0.0008757266274731263
transformer,113,129,5,0.15558290779590606,0.044905660232008794,0.14695901125669475,0.04045898815151567,2.000254962572832,0.000619235739996434
transformer,113,130,5,0.15712687671184533,0.04421312970988042,0.14868180155754085,0.040149025435312194,2.00023487173173,0.0007025131813358967
transformer,113,131,5,0.158379952609539,0.04387620851693386,0.14993473589420314,0.04056393511773034,1.9996660564774564,0.0006726952186041454
transformer,113,132,5,0.15981203913688655,0.04358150512116147,0.1516053214669227,0.04058275000832357,2.000386065202602,0.0006812349054792803
transformer,113,133,5,0.16142313778400416,0.043612218686391,0.1537979587912559,0.041011958665078126,2.000769650523182,0.0002908571965682837
transformer,113,134,5,0.1640859305858612,0.045491540601478954,0.15698250979185097,0.04328769384375476,1.9998259378991634,0.0006165829286300873
transformer,113,135,5,0.1666592091321945,0.04688747884466602,0.15917514264583582,0.0452044436638298,2.000154496577913,0.00018305967500778975
transformer,113,136,5,0.16972477436065672,0.04926366828012737,0.16131557524204249,0.0468613311996743,2.000515090398827,0.0005324678438275559
transformer,113,137,5,0.17149250507354732,0.049639331988556114,0.16235969066619868,0.046557919947536434,1.9999203546522082,0.00082065560294099
transformer,113,138,5,0.17261132597923273,0.049090156445429536,0.16345601379871363,0.04667390223104845,2.0004363542653807,0.0003733088794152841
transformer,113,139,5,0.1739091545343399,0.048209436353368815,0.16533541381359096,0.04609299822116768,2.0004578114806555,0.00036965217747831844
transformer,113,140,5,0.17596778273582453,0.04806269375424665,0.1676846712827682,0.04537715102954431,1.9999698891603692,0.0004227352684533006
transformer,113,141,5,0.17836205065250393,0.047539739866336826,0.17003392875194542,0.04511323701949487,2.000400916716692,0.0004899451911107925
transformer,113,142,5,0.18030879795551297,0.04719376389592752,0.17128686606884,0.044973994019556075,2.0002796328850416,0.0006523291325493328
transformer,113,143,5,0.18256880939006798,0.04708999252382108,0.17316626608371735,0.04500398165730954,2.0001800183833085,0.0004702472810357512
transformer,113,144,5,0.1843141674995422,0.04708104097149862,0.17561993598937986,0.04610179374090389,2.0003736506272354,0.0002754831567472418
transformer,113,145,5,0.18755874037742612,0.049006970378871,0.17922213077545163,0.04925787139140967,2.0003033440120794,0.00037767679714413225
transformer,113,146,5,0.189863508939743,0.050571652476898814,0.18084050416946407,0.050520775680792426,2.000269196373007,0.0005430439563695103
transformer,113,147,5,0.1900872707366943,0.046864679573499976,0.18084050416946407,0.046556242054002654,2.000263610756981,0.0005419472804280342
transformer,113,148,5,0.1941597700119018,0.04871864010739293,0.18465152084827421,0.048242833079706664,2.0003103156462907,0.0004530475200046444
transformer,113,149,5,0.19545760154724118,0.047958311248488185,0.18621769249439238,0.04723554225661751,2.000303269809603,0.0005049578536582669
transformer,113,150,5,0.19787424802780146,0.047194024502088754,0.18825371265411373,0.04624677329692656,2.000478286282182,0.0003343342366689099
transformer,113,151,5,0.20060416162014003,0.04638302474491591,0.1903941452503204,0.04457957658394075,2.000193677523509,0.0004330995726963474
transformer,113,152,5,0.2033788383007049,0.04627937410314962,0.19274340569972986,0.044706639888904755,2.0002629306355897,0.00034109715969178253
transformer,113,153,5,0.20525844991207118,0.046195457982512074,0.19524927139282225,0.04587755447383455,2.0004680558969943,0.0007604785548963489
transformer,113,154,5,0.20693667531013485,0.04521387407559021,0.19551030695438382,0.04444081376200172,2.000261080266017,0.0009329281350110432
transformer,113,155,5,0.20904005765914913,0.04499554097206715,0.1992691189050674,0.0466349092359215,2.000160770885071,0.0006775616109800967
transformer,113,156,5,0.2121727496385574,0.046657523256209824,0.2015139609575271,0.04768362088913077,2.0023697049764784,0.0039323347301000065
transformer,113,157,5,0.21481315791606898,0.047911823351507475,0.20308012962341304,0.047559863371781384,1.997012468305733,0.006229829349828341
transformer,113,158,5,0.2164690107107162,0.04671140483289797,0.2039676249027252,0.04667907948250361,2.0024997104500115,0.002933665292713419
transformer,113,159,5,0.22060864269733424,0.05112826058012536,0.20689114332199093,0.049850493951802854,2.001149373090986,0.006760570078218198
transformer,113,160,5,0.2235399454832077,0.05245487110627852,0.21002348661422726,0.05142677938370594,1.9987319775182777,0.01264202517635471
transformer,113,161,5,0.22595659792423245,0.05237682172225424,0.21326023936271668,0.05242124171650692,1.9967001906158408,0.012939715929725306
transformer,113,162,5,0.22926829755306238,0.05262298383050374,0.2157661110162735,0.053112910772147956,2.01258079053031,0.01937516158743515
transformer,113,163,5,0.2319758385419845,0.051758724366155064,0.2170190513134002,0.05083075472209513,1.9856012552916127,0.025201882448291187
transformer,113,164,5,0.23506377339363094,0.05130810666600198,0.22083005905151362,0.052569532856030686,2.0066747022003404,0.019771855592818747
transformer,113,165,5,0.23718953430652615,0.04892199623558909,0.2245888710021972,0.051497277984677674,2.006064069092125,0.009672537421551214
transformer,113,166,5,0.24110539257526398,0.05005865762756792,0.22777341604232784,0.05115244691904569,1.988164021283265,0.014532770320422016
transformer,113,167,5,0.24551354050636287,0.051400459662570425,0.2315844357013702,0.0518308767024208,2.013518584630109,0.025240960842952884
transformer,113,168,5,0.24793019294738766,0.048882452331517674,0.23445574641227723,0.05054032559063104,1.9872812444375003,0.029858839225166252
transformer,113,169,5,0.25142090320587157,0.05060347102774574,0.2373792618513107,0.05110747321371452,2.0100692776154503,0.02828152767427287
transformer,113,170,5,0.2551130056381225,0.05210070490915288,0.2407726407051086,0.05340427652315543,2.000277772798779,0.021283847244533565
transformer,113,171,5,0.25808906257152553,0.05092551083915754,0.24312189519405364,0.05297739617059292,1.9901480575222554,0.01694690606365575
transformer,113,172,5,0.26220631599426264,0.05201980993305519,0.2471939325332641,0.053743974288377974,2.0120030561029596,0.021328106895692134
transformer,113,173,5,0.2660102963447571,0.05378717112340964,0.250535100698471,0.05418066593815981,1.9986859712611715,0.018876459086462682
transformer,113,174,5,0.2665473312139511,0.051022338489655795,0.25147480368614195,0.05304166583745201,1.989483521051848,0.013665799749108795
transformer,113,175,5,0.26903110742568964,0.05567073149642944,0.2536152362823486,0.05766442687572238,2.013070774116235,0.016602868753393774
transformer,113,176,5,0.2704631924629211,0.05564019854130678,0.25518140196800226,0.05603290683021329,1.9989625049121407,0.01333454392589526
transformer,113,177,5,0.27088834941387174,0.05289003162339242,0.2556512504816055,0.05213895208393171,1.988504557871229,0.01227549125231166
transformer,113,178,5,0.27274558842182156,0.05337054486466472,0.2602453559637069,0.05617481529356328,2.0130092039193066,0.012837040774860135
transformer,113,179,5,0.27733274698257443,0.055211248116725085,0.262229174375534,0.05554223106189089,1.9995012252395115,0.005721964332821511
transformer,113,180,5,0.27587828338146203,0.0547369600103951,0.262646821141243,0.05582909284632484,1.9897208855278272,0.010961137546592442
transformer,113,181,5,0.2790109694004058,0.05516356026146354,0.2643696099519729,0.05667876875730029,2.011103181904785,0.012182367569673804
transformer,113,182,5,0.2801074117422103,0.057575122699256506,0.26697989106178277,0.05865576276756313,1.9995116992670923,0.004308855066876394
transformer,113,183,5,0.2806220710277557,0.05494842406344552,0.26546592712402345,0.05607130725435392,1.9903439030694527,0.007346312840324763
transformer,113,184,5,0.28223316669464105,0.05511590870745324,0.2683894485235214,0.055931826270757164,2.0117066656116793,0.008370235586104472
transformer,113,185,5,0.28536585867404934,0.057141547625942056,0.2722526609897613,0.05801646835703743,1.9967871180654562,0.006556279917075454
transformer,113,186,5,0.28397852480411523,0.052123587437697766,0.27193943560123446,0.05343578175502771,1.9950519840913934,0.0046810586605223305
transformer,113,187,5,0.288364291191101,0.05357584970243146,0.27632470726966857,0.055540083139247444,2.007064322401442,0.007643141524372157
transformer,113,188,5,0.2915193647146225,0.05630879493960989,0.27762984633445736,0.05534344527182896,1.9977040456907056,0.0068952364509843045
transformer,113,189,5,0.29377937316894526,0.05282206637356615,0.28117984235286714,0.05522445764770379,1.9987155788607633,0.005181120857791889
transformer,113,190,5,0.296128886938095,0.04917779862332286,0.28326807022094724,0.05107007029257467,2.0030659699796387,0.01126539679063053
transformer,113,191,5,0.2998433709144592,0.05185781005436622,0.28425997495651245,0.05200103624199758,1.9990556953037035,0.010793927010381657
transformer,113,192,5,0.30416200757026673,0.05465956690409308,0.28796657323837277,0.05494583630928069,1.9989132470491833,0.004551934696773914
transformer,113,193,5,0.3048109233379364,0.051107572049669134,0.29042024612426753,0.0536680434067993,2.0004773484842735,0.015078357827660222
transformer,113,194,5,0.3074960947036743,0.04753218748119971,0.2910989195108413,0.050585126163895704,2.0022783091095646,0.01559928852359337
transformer,113,195,5,0.3123965144157409,0.05186936124453378,0.2949099421501159,0.0535221021471104,1.9998306810712005,0.007985338990977078
transformer,113,196,5,0.3157529652118683,0.050635505309442636,0.29668492674827573,0.05343488568882506,1.9971220351835783,0.014125800223092027
transformer,113,197,5,0.3171626806259155,0.048929050705311124,0.3000260889530182,0.0519127054308534,2.003370564125825,0.013465236632655789
transformer,113,198,5,0.31978071928024293,0.04985245855358351,0.30300181508064267,0.05182824646497107,1.9995672144884744,0.010275819800574989
transformer,113,199,5,0.322980535030365,0.04987964301840535,0.3052988648414611,0.05056027132037902,2.000252588001155,0.011307105803833303
transformer,113,200,5,0.3224658787250519,0.048963451934023475,0.30670841932296755,0.052110662417071484,1.9990492727279032,0.0098118627943248
transformer,113,205,5,0.33296040296554563,0.04904657532586653,0.31349515318870547,0.04989810069376081,1.997091107844152,0.006217015871919299
transformer,113,210,5,0.34746029376983645,0.04822203082594099,0.3292612791061401,0.055846853911944855,1.99513664492011,0.00724874273573969
transformer,113,215,5,0.35618706941604616,0.04833494214417924,0.33542155027389525,0.04542493752544381,1.9989926007327135,0.01290198492977679
transformer,113,220,5,0.3639292955398559,0.04389473881691944,0.3472200334072113,0.047754076483995,1.9989026939320276,0.00597933851363042
transformer,113,225,5,0.3740434169769287,0.04998448415400473,0.35452883243560784,0.05095888700411041,2.0010897021465084,0.009563065975584628
transformer,113,230,5,0.3813157320022583,0.04982884841505666,0.3615765988826752,0.051799318490706285,2.0082224944633875,0.008102438084858969
transformer,113,235,5,0.38702170848846434,0.04851277696723288,0.36617069840431216,0.048296392303636033,1.9933591422728643,0.005882207783288097
transformer,113,240,5,0.40337884426116943,0.05316740068970183,0.37807359695434567,0.053413842670963906,2.0003739521221395,0.004469820369970464
transformer,113,245,5,0.41074066758155825,0.05329220848304343,0.38642650246620175,0.048659096931496476,2.0027221237914885,0.0027211573803158848
transformer,113,250,5,0.41537257432937624,0.04784428155129936,0.39070736765861513,0.04533539090464615,2.001302328457032,0.00717537520681971
transformer,113,255,5,0.42434549927711485,0.04453695480205551,0.3995301365852356,0.04227717986163969,1.9958416413688596,0.0062879375573030305
transformer,113,260,5,0.4326471328735352,0.050329244398190316,0.4053771734237671,0.044700693886076365,2.0036536626572925,0.007462414483674083
transformer,113,265,5,0.44629672169685364,0.04980836231187641,0.41769771575927733,0.04664286663936681,1.9997913631406927,0.003283086114231081
transformer,113,270,5,0.44589394330978394,0.04936365020789134,0.4183763861656189,0.041885267260896954,1.9964917165265383,0.005549001151887573
transformer,113,275,5,0.44723652601242064,0.04284918671566524,0.419368302822113,0.038175173227742394,2.0027096191202594,0.005938090440870769
transformer,113,280,5,0.45471022725105287,0.047412128187775585,0.4270947456359863,0.046618027566529385,2.0010656496173675,0.009778291541901114
transformer,113,285,5,0.4628999888896942,0.0514434904784967,0.4324719250202179,0.04789903642124049,1.9996867795183781,0.00448786988795288
transformer,113,290,5,0.4697695314884186,0.048920859981692676,0.4424432098865509,0.04525212805719583,1.9965490729173538,0.007614890624516682
transformer,113,295,5,0.4771984815597534,0.05133185335602761,0.44557554721832277,0.04333464749363907,2.002783324983607,0.00907527605443676
transformer,113,300,5,0.4835086286067963,0.051428713960054925,0.4539806604385376,0.0437272811825696,2.0025908967698136,0.005862582892136474
transformer,113,305,5,0.48415753841400144,0.04558267711044015,0.4528321444988251,0.037293924672475116,2.003813015328048,0.008624480369272146
transformer,113,310,5,0.4871783435344696,0.05084385102874163,0.4559644818305969,0.042514554436108805,1.9997898260134583,0.004594096321603304
transformer,113,315,5,0.4947863042354584,0.0493622533463119,0.4616549015045166,0.03969289044387018,1.9940848478461295,0.004921675793742194
transformer,113,320,5,0.5029313087463378,0.04870956073850499,0.4718350231647491,0.04298720726173072,1.9985185928448277,0.005518616045021978
transformer,113,325,5,0.5064891517162323,0.04946817163736687,0.47366220951080323,0.04058072956764839,1.999610869894014,0.005197578815195499
transformer,113,330,5,0.5114567160606385,0.05114357073647446,0.48070997595787046,0.047306891942589,2.0011579696062802,0.004528173626423858
transformer,113,335,5,0.5125083982944488,0.05786279985233016,0.4829548239707947,0.050938481438266715,2.003796566781691,0.003326348639526586
transformer,113,340,5,0.5174535810947418,0.05583761967934015,0.48405114412307737,0.04937462608000877,1.9992038789614455,0.00032189869440692615
transformer,113,345,5,0.5215260803699493,0.048645240553323,0.4864004135131836,0.04228323388187482,2.0036187621562984,0.004309799575156613
transformer,113,350,5,0.5207876622676849,0.051548189460318306,0.48561732172966005,0.04399301993736812,2.0013621109483872,0.005401113608211241
transformer,113,355,5,0.5300962328910828,0.048885589306406026,0.4944922924041748,0.03886326880023724,1.9992033090177899,0.0038170592054666097
transformer,113,360,5,0.5380174696445466,0.04828635396400845,0.5039937257766723,0.04592929664670636,1.997604746655096,0.002777708674358724
transformer,113,365,5,0.5445737361907959,0.05132710063490268,0.505351060628891,0.04201666414326671,1.99959312005952,0.002666738251258999
transformer,113,370,5,0.5488028705120087,0.05161219666691085,0.512346625328064,0.04361338252531013,1.998410195939584,0.0014083883286850067
transformer,113,375,5,0.53739093542099,0.04648401222314538,0.5009657859802246,0.040194721899496494,1.9968866731694561,0.0019137143090807256
transformer,113,380,5,0.5411277890205384,0.06277013886670259,0.5018532752990723,0.06065488139562678,1.996128378695635,0.00802868030477465
transformer,113,385,5,0.5481092035770416,0.050982362866001385,0.5096841335296631,0.046936735043871324,1.998128440515869,0.0037127596054653987
transformer,113,390,5,0.5556500375270843,0.055570639193735345,0.513599568605423,0.0489940018022974,1.9997684514347118,0.0027430008663572253
transformer,113,395,5,0.5617811679840088,0.05065415121338095,0.5217958509922027,0.04542082136189035,1.998978669466426,0.0025575606108483437
transformer,113,400,5,0.5663011908531189,0.05851729894956526,0.52289217710495,0.04783747539168119,2.0003754703482426,0.0018992062587099689
transformer,113,405,5,0.5689639806747436,0.0527095093613896,0.5270164370536804,0.047952580070769656,2.0012262671834278,0.000884788962185341
transformer,113,410,5,0.5636831521987915,0.05301968902754195,0.52195246219635,0.04755325906120773,1.998647265259391,0.0037718339029695113
transformer,113,415,5,0.5637950420379638,0.060328524953198084,0.521064966917038,0.05408594594264569,2.002418239497628,0.008087541757685095
transformer,113,420,5,0.5660550594329834,0.0531519376074561,0.5250848054885864,0.05180628507333637,2.0029582439454656,0.008339695464827506
transformer,113,425,5,0.5733497500419616,0.05406136096823516,0.5315061151981354,0.04597708857534651,2.001599442419201,0.00443633287838657
transformer,113,430,5,0.5770642340183259,0.05472890782157722,0.5317671477794648,0.04849912838769081,2.00307320690939,0.00634312259768406
transformer,113,435,5,0.5739091515541077,0.04588277571833649,0.5278517246246338,0.03763221872172651,2.0024980753755797,0.0031459502423204356
transformer,113,440,5,0.5868203282356262,0.05672063593449506,0.5389715313911438,0.04884768654987451,2.002131391627586,0.001203765584120419
transformer,113,445,5,0.5823898077011108,0.054034813288899676,0.5394413650035859,0.04923745499945612,2.002097038248949,0.002855222301775856
transformer,113,450,5,0.5845603108406067,0.05154306827833707,0.5395979940891266,0.04385022980000106,2.0008220596620925,0.003197394450968711
transformer,113,455,5,0.5948534488677979,0.05378238819255903,0.5495692729949951,0.04989044665916287,2.0002005211064824,0.003372621484048857
transformer,113,460,5,0.5912956118583679,0.04602446320115582,0.5469590067863465,0.04041289169377567,2.00072881831744,0.0045811658736576825
transformer,113,465,5,0.5963526606559754,0.04808391314371624,0.5542155921459198,0.046284694346769684,2.002631027004756,0.002494208701298086
transformer,113,470,5,0.5963750362396241,0.04793499262183715,0.5469590127468109,0.045678721412687986,2.000779913450759,0.0039009991366441323
transformer,113,475,5,0.6078093767166137,0.05620405006500949,0.56011483669281,0.05510804169806938,2.001668204051222,0.0048216923562248385
transformer,113,480,5,0.6048333048820496,0.053634059147995634,0.5621508538722992,0.0535984837037953,1.9998174385784953,0.0036796325450258196
transformer,113,485,5,0.5983217835426331,0.05290955936318126,0.5537457466125488,0.04977730628583927,2.0005377340975024,0.007745533464859795
transformer,113,490,5,0.5989706993103028,0.05256825760148742,0.5565648436546325,0.05011216057040525,2.000105829095141,0.004815467209404089
transformer,113,495,5,0.6128664255142212,0.052503981388705004,0.5611067414283752,0.04857850225066459,2.0034204785206726,0.0028608056041179754
transformer,113,500,5,0.6124636411666871,0.05496066189963787,0.5640824735164642,0.049627336912844426,2.0011702704227803,0.0016151450233257603
transformer,113,505,5,0.6185500144958496,0.05022912481387655,0.570347148180008,0.04762571067226236,2.0013966744712866,0.001246357277540348
transformer,113,510,5,0.6176325917243958,0.04506703980605077,0.571025836467743,0.042488201462207296,1.999811328583983,0.0028625742358073126
transformer,113,515,5,0.6239203453063965,0.04763937821905498,0.5778647661209106,0.0481423839299904,2.0024124655663416,0.00320191907151721
transformer,113,520,5,0.6348847627639771,0.05768958344936994,0.5853301882743835,0.055476560677577315,1.9962217357355279,0.004162990799553039
transformer,113,525,5,0.6234951972961426,0.05591147245107564,0.5763508081436157,0.05340600371289324,1.999770618497762,0.00392462223115589
transformer,113,530,5,0.6207429051399231,0.053130196916506923,0.57295743227005,0.051649356306943506,2.000838663382814,0.0027807007401786
transformer,113,535,5,0.6074065804481507,0.057817326229662236,0.5629339456558228,0.05187726518227022,2.000798621818518,0.0031039606393319192
transformer,113,540,5,0.6152159452438355,0.04662489248905719,0.5650221705436707,0.045662292417825226,1.9986732145316704,0.0033334857028441437
transformer,113,545,5,0.6236965775489807,0.05532766394788539,0.5740537524223328,0.04906619996807995,2.00039973884124,0.006312747811367667
transformer,113,550,5,0.6288431525230408,0.04464405280348818,0.5817279815673828,0.04312485802011967,2.0010330118416193,0.0027143873549780053
transformer,113,555,5,0.6353323101997376,0.04808938756268513,0.5866353273391723,0.04608117793523991,1.9999493184116666,0.0036919740665985108
transformer,113,560,5,0.6379055619239807,0.04545472483990483,0.58924560546875,0.04528999009409077,1.9991143562298723,0.0006201179225656995
transformer,113,565,5,0.6382188558578491,0.057911197614642765,0.5914382457733154,0.05801100598231788,1.9984495030888318,0.0037647489941425648
transformer,113,570,5,0.6443723559379577,0.05063253686241113,0.5937353014945984,0.047066478453596995,1.9987504392619821,0.002088792134529663
transformer,113,575,5,0.6376818180084228,0.04049912138186071,0.5892978072166443,0.03985606253823629,2.000381757326507,0.0009546131947245711
transformer,113,580,5,0.634392499923706,0.03776857294733007,0.5895066261291504,0.04144543696452559,2.0015148233240696,0.0030133531240478734
transformer,113,585,5,0.6218393564224243,0.05457547039596386,0.5770294904708863,0.04561750812975724,2.000895964300916,0.005484931808715213
transformer,113,590,5,0.6379950761795044,0.054798395207484814,0.5855390071868897,0.05312245842099875,2.0043157954786404,0.004881322348391891
transformer,113,595,5,0.6522040843963623,0.0473986713594881,0.6006786465644837,0.049578372122899665,1.998932551080614,0.0034713073364381138
transformer,113,600,5,0.6475497961044312,0.04477799753976865,0.5981205701828003,0.04413256942180465,1.9994488288218162,0.002050109715996267
transformer,113,605,5,0.6493399143218994,0.03992760943646792,0.6012529134750366,0.045663034550349556,2.0005867139445628,0.004911236730683413
transformer,113,610,5,0.6517565608024597,0.0449534340968892,0.6046462774276733,0.046709004279788045,2.0015147138412828,0.0011935402355040237
transformer,113,615,5,0.6227120280265808,0.05387391270339496,0.5799529910087585,0.05105137865417752,1.9993466611917448,0.004272779552405354
transformer,113,620,5,0.6477288007736206,0.03926476618056074,0.5966588139533997,0.03946383062808526,1.9973004418273803,0.0030714776099746905
transformer,113,625,5,0.65110764503479,0.0668936779122898,0.6007308483123779,0.06743195004004246,2.002952333803871,0.003978682408104393
transformer,113,630,5,0.6540165781974793,0.044212700522020205,0.6054815888404846,0.046622498465284004,2.0010205256528555,0.002499098486246202
transformer,113,635,5,0.6567017316818238,0.05613246554599707,0.6071521520614624,0.0565516854333995,2.000810685029989,0.0038794069778550666
transformer,113,640,5,0.6605952382087708,0.040443124519494014,0.6137300848960876,0.041805492484783116,1.999820280731457,0.0017563628061761098
transformer,113,645,5,0.6606399655342102,0.043002263588306625,0.6121116995811462,0.04506539484459756,2.0009563836981963,0.001707771136868688
transformer,113,650,5,0.6623405814170837,0.044109259545145406,0.6140433073043823,0.04603198120651511,1.9991423056523299,0.0025151009443229078
transformer,113,655,5,0.6698142647743225,0.04768185003984523,0.6171234369277954,0.05053763644081794,2.0002067032550688,0.0009905209823239407
transformer,113,660,5,0.6645110845565796,0.05199103412665673,0.6141999244689942,0.052602248965342414,1.9998742188333174,0.0015167998289836238
transformer,113,665,5,0.6489147543907166,0.047459461429640235,0.5990602850914002,0.049918565729628855,2.0008370724895483,0.003171782698844942
transformer,113,670,5,0.6464980959892273,0.04838749200450259,0.5991646885871887,0.04405338464368558,2.0019363891949924,0.005467245291815398
transformer,113,675,5,0.6479973316192627,0.04603957114858387,0.6013051271438599,0.048784249040366164,2.00302722182892,0.004526217136519145
transformer,113,680,5,0.6506153702735901,0.0297248503152993,0.6010440945625305,0.030293695075998085,2.0017123429185912,0.0040344968471221895
transformer,113,685,5,0.6653166532516479,0.03665258556050729,0.6136256694793701,0.04036051045038301,1.9997817506068878,0.008058365231900911
transformer,113,690,5,0.6694115161895752,0.04369387879929076,0.6177499055862427,0.04359042097502246,1.999269203284177,0.002858009367143663
transformer,113,695,5,0.6665697216987609,0.043742327242787,0.6160271167755127,0.044810694137416035,2.0011265429566256,0.0022985927318722
transformer,113,700,5,0.6712687611579895,0.04159466298216982,0.6194204926490784,0.04492875498103684,1.9998513844637968,0.0060611646683917265
transformer,113,705,5,0.661490261554718,0.05319141334203514,0.6123727202415467,0.05090454297035082,1.9957241299480102,0.00672671192697425
transformer,113,710,5,0.6708212256431579,0.04530376378889695,0.6207778334617615,0.046385790664240575,2.002472898854857,0.005268329371455481
transformer,113,715,5,0.6679570436477661,0.039548178902573713,0.6178021192550659,0.03783265241481085,1.9969120131358529,0.004056036997031291
transformer,113,720,5,0.6729022264480591,0.04400709595992711,0.6167057991027832,0.045849911768587916,1.998508268838831,0.0034772485955680073
transformer,113,725,5,0.664622962474823,0.03748464193432266,0.6164969682693482,0.03988631487490622,1.9979271012407778,0.0021145229144493155
transformer,113,730,5,0.6767733335494995,0.047215271529116615,0.6280866384506225,0.04956117331194861,1.9989680650825707,0.002471240648853915
transformer,113,735,5,0.6738644123077393,0.04201881417563556,0.6242234110832214,0.04498428319713112,2.0015400936424834,0.0010632754654362503
transformer,113,740,5,0.6776460170745849,0.038901402565090816,0.6300182580947876,0.04365992859757147,1.9977909314051012,0.001558881759865667
transformer,113,745,5,0.6650928616523742,0.051005585293452324,0.6157661080360413,0.049873518689784443,2.00202816039612,0.0020523818517373953
transformer,113,750,5,0.6509286284446716,0.04908452249393085,0.6031323194503784,0.05298446735765705,2.0009986557167787,0.0022385948832366136
transformer,113,755,5,0.6542850852012634,0.03882695541603229,0.6115896463394165,0.041296574109257786,1.9988580526303565,0.0029140598468906254
transformer,113,760,5,0.6566346049308777,0.04660540729267802,0.6107021331787109,0.05049286552912659,2.002213405706521,0.003464289543873949
transformer,113,765,5,0.6727455854415894,0.04555857145874607,0.6184285759925843,0.046454781918037966,1.9985957675842403,0.001996936696900134
transformer,113,770,5,0.6827702045440673,0.04438288172680598,0.6300704598426818,0.0430552129263014,1.997141128299149,0.004265768840126187
transformer,113,775,5,0.6866636991500854,0.04714677950822255,0.6361263155937195,0.047167117713723505,1.999884179336441,0.002738783631305235
transformer,113,780,5,0.6803759455680847,0.03915971525116521,0.629130744934082,0.04271083569819405,1.999736934040491,0.004104185616536117
transformer,113,785,5,0.6868203282356262,0.043445138556287864,0.6344557285308838,0.042085369077159214,1.998920874196108,0.0021017479012738474
transformer,113,790,5,0.6892145991325378,0.04721569078284649,0.6343513131141663,0.04947759584177272,1.9995871416681783,0.0018081587695459784
transformer,113,795,5,0.6828820943832398,0.043736688319615594,0.6332027912139893,0.04644341645464304,1.9989858455197396,0.0031458404023166488
transformer,113,800,5,0.6885656833648681,0.04495429256934048,0.6349255800247192,0.048106340787609184,1.9994751164284998,0.005091665993564998
transformer,113,805,5,0.6773998737335205,0.032187720977790026,0.6288697242736816,0.03569481164240439,2.002753497715785,0.007249962945424915
transformer,113,810,5,0.6729917287826538,0.03279927170802644,0.6246932744979858,0.03755925507808308,1.9980300451379034,0.009928190158694769
transformer,113,815,5,0.6805325627326966,0.04629087034811998,0.6261550307273864,0.052543744994472286,1.9973333571136092,0.01147879763514913
transformer,113,820,5,0.6799060225486755,0.05602878196088933,0.6256329894065857,0.05778624451069756,2.0019031903481257,0.007301079451468105
transformer,113,825,5,0.6831282377243042,0.051224510593437675,0.6344035267829895,0.0509044255836666,1.9914689584869194,0.009540115979304743
transformer,113,830,5,0.6705079555511475,0.04864874184330615,0.622030770778656,0.053476132144423504,2.0015243067957265,0.004061816548029701
transformer,113,835,5,0.6760125279426574,0.05351564637134405,0.6304358959197998,0.05428775857025461,2.0004018768350393,0.006798791367687496
transformer,113,840,5,0.677019476890564,0.030733031849756634,0.6289741396903992,0.03577594948804151,1.9994505233682545,0.0034738367058005535
transformer,113,845,5,0.6850526094436645,0.03974396728931265,0.634299123287201,0.042703073414070765,1.9974845383340198,0.0025708001008865476
transformer,113,850,5,0.6900649070739746,0.04436856757403407,0.6395718812942505,0.04156765411122817,1.9988309903639412,0.003362188812481427
transformer,113,855,5,0.6905124306678772,0.04849311472655089,0.6367005705833435,0.05212843092889689,2.0013342943769414,0.0024460483507594798
transformer,113,860,5,0.6733497619628906,0.06172100309182837,0.6264160513877869,0.06411248101356232,2.0046137759526585,0.008885273733051735
transformer,113,865,5,0.6719847917556763,0.05438668444485167,0.6213521242141724,0.05199140280346471,1.9985555732685256,0.004735532876303508
transformer,113,870,5,0.664757227897644,0.027514256200751652,0.6212476968765259,0.03304717497150874,2.006876558912778,0.009358596858372738
transformer,113,875,5,0.6827478289604187,0.0325156364962924,0.6338814735412598,0.03743214397478663,1.998944714898791,0.0015010870710900257
transformer,113,880,5,0.6779816746711731,0.04337555941348583,0.6264160513877869,0.045782553741292496,2.0103505471665777,0.011672383827022959
transformer,113,885,5,0.6827030777931213,0.056371195809617206,0.6320020675659179,0.05235275073788217,2.0024886143411154,0.013125527572059634
transformer,113,890,5,0.6891698360443115,0.04922576208776752,0.638527774810791,0.04696350309871034,1.9974030853804774,0.00291963716481975
transformer,113,895,5,0.6993511080741882,0.04979719043911422,0.6443748354911805,0.05062390396883791,2.000291224760852,0.0029389457033859962
transformer,113,900,5,0.6964421510696411,0.04673109857109975,0.6429130554199218,0.047152670160486396,1.997642042704158,0.00265095168028775
transformer,113,905,5,0.6860147595405579,0.07664003782378434,0.6345079183578491,0.07327635628260173,1.9991811036565945,0.003998188778483581
transformer,113,910,5,0.6918550252914428,0.043509633943664215,0.63852778673172,0.04595190098869483,2.004820562646317,0.009352676064967076
transformer,113,915,5,0.6829044580459595,0.04376413043017825,0.6306969285011291,0.04624713905268802,1.9973146591361697,0.005627442477773003
transformer,113,920,5,0.6702394247055053,0.03663525236411748,0.6201513886451722,0.04058484559524148,2.0035727932214433,0.00831072579470979
transformer,113,925,5,0.6780040383338928,0.03400757831119942,0.6315844178199768,0.03933334175398205,1.9997088958887559,0.0025892591743123428
transformer,113,930,5,0.6833743572235107,0.04061164173727782,0.6332549929618836,0.04110348366534144,1.9989732417901014,0.00619177846904666
transformer,113,935,5,0.6780711770057678,0.049328381451736784,0.6285042881965637,0.044801718365180765,1.997889683436119,0.0021228831216121174
transformer,113,940,5,0.6871559739112854,0.04912775808667191,0.6368571996688843,0.04443904686037972,2.0001560966463483,0.003196315351723401
transformer,113,945,5,0.6865965843200683,0.050806461928444555,0.6381623387336731,0.054506353979131894,2.003667816995761,0.005477127188803618
transformer,113,950,5,0.6822555541992188,0.05164580105255154,0.6290263414382935,0.05534952884853048,2.0093211976512952,0.014472212351420235
transformer,113,955,5,0.6778250336647034,0.03732981312217096,0.6277734041213989,0.03864676836018012,2.0031850802246947,0.004777710424023308
transformer,113,960,5,0.6892369747161865,0.038683839730534686,0.635447645187378,0.04158455165991692,1.9988311844141957,0.005347419146107583
transformer,113,965,5,0.7040725111961365,0.037135416442539586,0.6491777420043945,0.03825959282589115,1.999371337545369,0.005197965579458085
transformer,113,970,5,0.7027075409889221,0.04375677866989031,0.6505872964859009,0.04485764185901273,2.002985641520224,0.004920072800809676
transformer,113,975,5,0.7056164860725402,0.05152589948824448,0.6472461342811584,0.052465287843743505,1.999709269021904,0.0018907759070679667
transformer,113,980,5,0.6982099056243897,0.0447249503137205,0.6436439394950867,0.04575575432004063,1.9989461856914588,0.0020733039371285517
transformer,113,985,5,0.7011188387870788,0.0491497198941583,0.6492821574211121,0.052246970212730524,2.0002665330544867,0.001027183293245743
transformer,113,990,5,0.6842694282531738,0.05161332795813828,0.635082197189331,0.053500637646286486,1.9989110680172903,0.0034725335032132166
transformer,113,995,5,0.6871783494949341,0.05683399532118369,0.6377969026565552,0.05854799658889004,1.9977051370449979,0.002437914119190968
transformer,113,1000,5,0.6820541620254517,0.04976387809662828,0.6316888213157654,0.051704716554141286,1.9996868992571006,0.005281987553932239
transformer,113,1025,5,0.6894607424736023,0.031711513966752404,0.6403027653694153,0.03765690958331283,2.00052985047286,0.009151767315835075
transformer,113,1050,5,0.6940031528472901,0.039587755392537734,0.6427042245864868,0.040597453386946696,2.0034031461167254,0.007157530117221918
transformer,113,1075,5,0.6729022264480591,0.05037950469336503,0.6183241605758667,0.05146776919432397,1.9970583099038812,0.0039657058650060225
transformer,113,1100,5,0.7067352890968323,0.04664535822840449,0.6479770064353942,0.042525443764151266,1.996712550617838,0.0042144432949012154
transformer,113,1125,5,0.6884985566139221,0.05477746165495789,0.6388410210609436,0.05679052174234528,1.9958701157883945,0.004854552828742593
transformer,113,1150,5,0.7029760599136352,0.035852084669753,0.6482902288436889,0.04344952283216899,1.9985668972002286,0.0033870119021682204
transformer,113,1175,5,0.707518482208252,0.045689270366141455,0.6552335977554321,0.04597043451141803,1.9999960723011008,0.003355273790652588
transformer,113,1200,5,0.6951443433761597,0.03720804014044337,0.6424431920051574,0.037365106709336564,1.9988273944222101,0.003922746361193652
transformer,113,1225,5,0.7126426577568055,0.039806502519970234,0.6592012286186218,0.043570105088076024,2.0001073241060716,0.006022966268898298
transformer,113,1250,5,0.6829492092132569,0.055805071401956924,0.6324719190597534,0.05823653737195989,1.994443027772299,0.004288659450065831
transformer,113,1275,5,0.7093533515930176,0.04449919576615565,0.6594622492790222,0.043186456336900436,1.99895509424666,0.0044577539104302885
transformer,113,1300,5,0.6945177912712097,0.03659833691233377,0.6447402477264405,0.038855995287949384,2.0022637467135325,0.005551093546561669
transformer,113,1325,5,0.7003804087638855,0.04598615708823898,0.6491777300834656,0.045891293545929024,2.000114884489559,0.002986759306940089
transformer,113,1350,5,0.69706871509552,0.036233185187361495,0.643121886253357,0.04215726695233943,2.002599868339113,0.008309604233551374
transformer,113,1375,5,0.7119713664054871,0.05274238438736643,0.6611850261688232,0.05459863762488943,1.998961080517811,0.002229893154973119
transformer,113,1400,5,0.6985455513000488,0.0544234708642066,0.6465674757957458,0.053333868116415994,1.993692820342814,0.01765738913688505
transformer,113,1425,5,0.711702847480774,0.05160249791482211,0.6570085883140564,0.05331885687693826,2.0028288979637736,0.003929796599413608
transformer,113,1450,5,0.7059744954109192,0.04041024156163363,0.6503262639045715,0.03974264719319925,2.005882023621818,0.006904993349064937
transformer,113,1475,5,0.6929514527320861,0.05570051581670561,0.6457321643829346,0.056263999755650704,2.006713802380321,0.0069261023077838565
transformer,113,1500,5,0.7161333799362183,0.040036866527302734,0.6614460587501526,0.04164734071735425,1.9997369237843579,0.006880321067031048
transformer,113,1525,5,0.6973595976829529,0.05251491358546629,0.6460453987121582,0.05401994619277768,2.001344868292286,0.005132983676561699
transformer,113,1550,5,0.6975833654403687,0.04779156472035907,0.6479770183563233,0.047809064250737644,1.997262053340505,0.01031625232084641
transformer,113,1575,5,0.7168270468711853,0.03670551664630526,0.662124752998352,0.037893480688352285,2.0117415004155754,0.014347461332502738
transformer,113,1600,5,0.7184381484985352,0.052540148533941476,0.6657791495323181,0.05646656468993451,1.9924295809599024,0.006518998169068817
transformer,113,1625,5,0.7099351167678833,0.05586321540762702,0.6572174191474914,0.05842443035324639,1.9969886604154525,0.00439541392493141
transformer,113,1650,5,0.7058626294136048,0.0483277830620182,0.6534586071968078,0.04501571105284909,1.9995664986611732,0.00800627864544399
transformer,113,1675,5,0.7119489789009095,0.05299685785919507,0.6607151985168457,0.053517341948622135,1.9959348525201208,0.008023249982632779
transformer,113,1700,5,0.7194226980209351,0.04237068087486966,0.6661967992782593,0.04377632316561556,2.0030985395595042,0.008076297507784255
transformer,113,1725,5,0.707451331615448,0.044273939408154356,0.6510571479797364,0.040295899239417086,2.0005673694525,0.003392987954262088
transformer,113,1750,5,0.6968896865844727,0.040056077890482475,0.6448446750640869,0.04369114363515156,2.0041077741745905,0.005060233649674512
transformer,113,1775,5,0.7140523791313171,0.0500281082933708,0.662699019908905,0.05059083882897887,1.997718102240005,0.009864360174878154
transformer,113,1800,5,0.6973148465156556,0.061833347281212085,0.6420777678489685,0.057469364855971816,1.9935344228024987,0.01428378730065647
transformer,113,1825,5,0.720049238204956,0.04415567451629436,0.6638997554779053,0.04244165102874149,1.9972086399793192,0.01895880521320009
transformer,113,1850,5,0.7105840444564819,0.04454425137854294,0.6602453470230103,0.04611663823949452,1.9996197416958346,0.003967640074594449
transformer,113,1875,5,0.7132468223571777,0.04875873864902601,0.6606629848480224,0.04954282250580139,1.9988476670081234,0.009676393449972955
transformer,113,1900,5,0.7153725743293762,0.040240247222739015,0.6614460706710815,0.042422143140843374,2.000162901203576,0.0034498025606979604
transformer,113,1925,5,0.7151264309883117,0.039784767057918106,0.6612372398376465,0.046027477412300656,1.9996609627090003,0.005982331381106673
transformer,113,1950,5,0.713023054599762,0.04039127419852105,0.658261525630951,0.04122901421361665,1.994120191120139,0.0067570038498285055
transformer,113,1975,5,0.702640426158905,0.03179111491674288,0.649856424331665,0.03857113128972499,1.997682465238352,0.018243677479296345
transformer,113,2000,5,0.718527638912201,0.043747472809580815,0.6618637204170227,0.048618128265675874,2.002321664437848,0.0042868706893473005
transformer,113,2025,5,0.7117475986480712,0.02811436086800853,0.6606629729270935,0.03257630337342263,2.003073980164422,0.0068164794413215855
transformer,113,2050,5,0.7032893419265747,0.04040692471608916,0.6545549273490906,0.04405684549097941,2.0025195633930664,0.006977460123133943
transformer,113,2075,5,0.71740882396698,0.04823667068971838,0.6608196139335633,0.046150624224256365,1.992494858878085,0.010015773968116976
transformer,113,2100,5,0.7256880760192871,0.04405428338758492,0.6668232560157776,0.048232929154355696,2.0064116310651143,0.006955898481221911
transformer,113,2125,5,0.721794581413269,0.0458099583698621,0.6629600286483764,0.043759219555044776,2.0098883797000413,0.021982021480012624
transformer,113,2150,5,0.7172298192977905,0.04940602317516257,0.6634820938110352,0.04463527201595114,2.01794320680833,0.027533110295838624
transformer,113,2175,5,0.72304767370224,0.03738843981275259,0.6691725134849549,0.03925837137537866,1.9961915399313395,0.004634116842579091
transformer,113,2200,5,0.7274781942367554,0.041990780558462344,0.668807077407837,0.04313348163176907,1.9990017657564174,0.010333411557501233
transformer,113,2225,5,0.7181919932365417,0.047631294893791615,0.6626468181610108,0.04266700649471367,1.9965476155240007,0.012865237731240936
transformer,113,2250,5,0.7305213809013367,0.038175117307559035,0.6709997177124023,0.03989494701129602,1.9966599577964552,0.002254335900031609
transformer,113,2275,5,0.7239427447319031,0.04290239453677165,0.6652570962905884,0.04118693565632358,2.000469767921163,0.00773709536287443
transformer,113,2300,5,0.7184605002403259,0.04631973490048575,0.6663011908531189,0.04925717020950795,2.0063561179407627,0.004156746362867885
transformer,113,2325,5,0.6927948236465454,0.058036462619018056,0.6406682014465332,0.05325543742408619,2.002097502272881,0.008787498504431288
transformer,113,2350,5,0.7250615358352661,0.05243338674022546,0.666144585609436,0.04372634441896654,2.0018589202028125,0.004405993333675679
transformer,113,2375,5,0.7276795744895935,0.04232279027209439,0.6702166199684143,0.04273084539589612,1.9990906018547085,0.006977041249382684
transformer,113,2400,5,0.7296039462089539,0.06160678682673667,0.6709475040435791,0.05536930114798478,1.999031425794697,0.00952659336253118
transformer,113,2425,5,0.7262251138687134,0.032026872677972704,0.6711563229560852,0.03626481945220938,2.007746210767376,0.009233434783368471
transformer,113,2450,5,0.7385321259498596,0.048909076123027036,0.6798224925994873,0.044343961253401454,1.998195155030166,0.0036437096634452043
transformer,113,2475,5,0.7435444355010986,0.05271756165922654,0.6838423132896423,0.056925564274838934,1.9941901305081693,0.009640922937291586
transformer,113,2500,5,0.73224436044693,0.04319521115685633,0.6763769030570984,0.04154224534853448,1.9958121833368285,0.00639618964714027
transformer,113,2525,5,0.7338778495788574,0.05484046425486042,0.6768467545509338,0.05072723104269095,1.9950658090188327,0.01034406199326225
transformer,113,2550,5,0.7350637793540955,0.04060310952806121,0.676690137386322,0.03978289636414792,2.0055314564230176,0.008333966419705578
transformer,113,2575,5,0.7412620425224304,0.05875628484853323,0.6836856961250305,0.05860231165755756,1.995130535991042,0.010879262363153707
transformer,113,2600,5,0.7252629518508911,0.055443789910720805,0.6670843005180359,0.04944563853529864,1.9908958285894056,0.02049464336997641
transformer,113,2625,5,0.7331394076347351,0.0563180168167994,0.6768467664718628,0.05500736896843335,1.9963258117031786,0.00814932671268156
transformer,113,2650,5,0.7388006329536438,0.048225009958747234,0.6790915966033936,0.04671554223621622,2.00512908299702,0.00474986562909312
transformer,113,2675,5,0.7375475525856018,0.040821875816667574,0.6773688077926636,0.04553580536770378,1.996402275492645,0.009264607819134218
transformer,113,2700,5,0.7404341220855712,0.051540332230833506,0.6822761297225952,0.04926714535320234,2.0082904806168558,0.008954807505086418
transformer,113,2725,5,0.7362497448921204,0.05151972431223734,0.6816496610641479,0.05155183031410072,2.0002428854940044,0.006965940935694733
transformer,113,2750,5,0.7362497448921204,0.046948240379061645,0.677838659286499,0.046531700807041,1.9954092104247994,0.007626932424556401
transformer,113,2775,5,0.7519579410552979,0.05646171710652818,0.6894805192947387,0.0527385995639274,1.999835405192698,0.004727288943738799
transformer,113,2800,5,0.7400089621543884,0.04690568641233037,0.6857217192649842,0.040287690591752245,2.0027808072462068,0.00858580010898225
transformer,113,2825,5,0.751667058467865,0.052929778708998954,0.6908378720283508,0.05182930862474603,2.0046499434512137,0.006753441689362665
transformer,113,2850,5,0.755985677242279,0.055553764898545854,0.6908378720283508,0.059324877778278426,2.0014789940874507,0.0027389047956429217
transformer,113,2875,5,0.7528082609176636,0.05065441174782438,0.692404043674469,0.04819689528485115,2.0009669570035324,0.007902834632961772
transformer,113,2900,5,0.7498769402503968,0.04717215175382022,0.6865048050880432,0.042093602919630976,1.9995594255001294,0.002003793841965413
transformer,113,2925,5,0.7576862812042237,0.04684278954728059,0.6919864058494568,0.044838426114670475,1.9941907166613155,0.004977459975862802
transformer,113,2950,5,0.7614455223083496,0.04867306617665044,0.6991907835006714,0.050572742706314434,2.00049007919117,0.004730341167892641
transformer,113,2975,5,0.7412396669387817,0.047518736445510634,0.6880709767341614,0.04891691420644915,1.9999122512712622,0.005779223008344475
transformer,113,3000,5,0.7587603569030762,0.054003750791829,0.6975202202796936,0.05326271891291376,1.9993613988764305,0.002669735084125256
transformer,113,3025,5,0.7529648780822754,0.03659717552080692,0.6900547862052917,0.03390789346029462,2.0001101369175855,0.002817644596067972
transformer,113,3050,5,0.7559633255004883,0.0458040679857995,0.6946488976478576,0.04929064354596476,1.9981120483383799,0.003849482400688622
transformer,113,3075,5,0.7639293074607849,0.06038820590706909,0.7013834357261658,0.05407386630656814,2.0013552045652383,0.007336352665093096
transformer,113,3100,5,0.757104504108429,0.05278098136855985,0.6973113894462586,0.04964846819108767,1.9991688902293958,0.008172514006258543
transformer,113,3125,5,0.7663683295249939,0.04878834732746303,0.7044635653495789,0.04621215203249484,2.001663819510225,0.00307740153374779
transformer,113,3150,5,0.7613560318946838,0.054023286027042455,0.6974157810211181,0.05179173602978903,1.9976228734651027,0.006473831109671997
transformer,113,3175,5,0.7649809837341308,0.056551192157388304,0.7033672332763672,0.052174864312158335,1.9988552117095275,0.004444941622128068
transformer,113,3200,5,0.7686059713363648,0.04914697062554158,0.7066561937332153,0.04308052294775135,2.0002338763822443,0.008127371041533793
transformer,113,3225,5,0.7811814785003662,0.05489179211750114,0.7146958947181702,0.05143055667239344,2.002317365962483,0.007836845599283597
transformer,113,3250,5,0.7882971644401551,0.050999443338844916,0.7190811395645141,0.04508294812034938,1.998652924866261,0.0020680934158066717
transformer,113,3275,5,0.7766167044639587,0.056254962388520346,0.709109878540039,0.05051713803231179,1.9996760388134667,0.002011885883892409
transformer,113,3300,5,0.7673529028892517,0.049886799441656866,0.7054032683372498,0.048186296827690954,2.0036730427204668,0.005839699566001714
transformer,113,3325,5,0.7766614556312561,0.049492342419174495,0.7128686666488647,0.05064389288135158,2.0049338966331995,0.01018048001505895
transformer,113,3350,5,0.7857686400413513,0.04724241278155603,0.7153745532035828,0.045470152112420566,1.9999748841359337,0.009165133547029507
transformer,113,3375,5,0.778764832019806,0.06445629682220162,0.7127120494842529,0.054207765945081914,2.0026901227135263,0.008556556523332624
transformer,113,3400,5,0.7806892037391663,0.04791491134665088,0.715217936038971,0.04343556583168841,1.996958935745124,0.009312915682229988
transformer,113,3425,5,0.7982546567916871,0.05565799981373535,0.7250326037406921,0.05574946541073333,2.002090585542117,0.0052715333029393725
transformer,113,3450,5,0.7980532646179199,0.054462060132455505,0.7277472853660584,0.04929119716401338,2.0012203566881777,0.004792036117570509
transformer,113,3475,5,0.775341248512268,0.04066509866029286,0.7114591240882874,0.04086685197847846,2.001292159638171,0.007149365605223475
transformer,113,3500,5,0.7930633306503296,0.05722297924483356,0.7215870141983032,0.0481997300146904,2.0014010155038635,0.004588095236862445
transformer,113,3525,5,0.807026207447052,0.05287920899359846,0.7373009324073792,0.055415416354555,1.9983652980793565,0.003227370503621274
transformer,113,3550,5,0.7926381826400757,0.03876933265811413,0.7247193694114685,0.03603214330409722,2.004349615319782,0.00510818508752893
transformer,113,3575,5,0.7936003684997559,0.053061693960195236,0.7257112741470337,0.049317951923070674,2.0048985406479334,0.004281661330234754
transformer,113,3600,5,0.8005594134330749,0.05472753288659056,0.7295744895935059,0.04667192293161508,2.004010213994904,0.004848382725932026
transformer,113,3625,5,0.8066234230995178,0.05533365406824636,0.7366744756698609,0.05204764153836486,1.9984554657144027,0.004248160126434973
transformer,113,3650,5,0.8046766757965088,0.04213598424400325,0.7378229975700379,0.04744246270416449,1.9999705995068808,0.0026010183715755933
transformer,113,3675,5,0.8127769231796265,0.05306282238209974,0.7406943202018738,0.047554705053317374,1.997570276665959,0.0024812138604209297
transformer,113,3700,5,0.8164690256118774,0.05116743321270138,0.74513179063797,0.04888958805477092,1.9973165495597036,0.0040607444626516095
transformer,113,3725,5,0.8047214269638061,0.0465902003852104,0.7361001968383789,0.0450366743543485,1.9982144734893368,0.005666015975525296
transformer,113,3750,5,0.8138733744621277,0.04908399125895115,0.7433045983314515,0.0481229684668569,1.9998128105713626,0.004249322321512189
transformer,113,3775,5,0.8214142084121704,0.05841910855218781,0.7465935587882996,0.052083315761796846,2.0020793069526728,0.003865789751700316
transformer,113,3800,5,0.8165809035301208,0.05003594629625245,0.7460193037986755,0.04765896149459141,1.9996888866356592,0.009710524040561268
transformer,113,3825,5,0.8242336273193359,0.05397819947862704,0.7496214866638183,0.05466519087869262,2.0028669959024765,0.003441425897210991
transformer,113,3850,5,0.8304990053176879,0.04996430411187552,0.752597200870514,0.048695402592170436,2.0028236271351676,0.0023604053775103545
transformer,113,3875,5,0.8215260863304138,0.05422193755669542,0.7510310411453247,0.051100072522388615,1.9963859357194278,0.00508537805692681
transformer,113,3900,5,0.8220407366752625,0.052554917735988346,0.749360454082489,0.04939074822838503,2.0015551971403744,0.0020294701369982125
transformer,113,3925,5,0.8277243494987487,0.055779220858474,0.7557817578315735,0.05495270845162054,2.0019795748302585,0.001994940814515574
transformer,113,3950,5,0.8324233770370484,0.04762965413426549,0.7577133655548096,0.04954604910701106,1.9981611300123234,0.005546758829344501
transformer,113,3975,5,0.8423584818840026,0.058893347638650666,0.7692508339881897,0.05487404569748562,1.9989097025512623,0.0039048421183207342
transformer,113,4000,5,0.837256669998169,0.04898061125798523,0.7658574461936951,0.0536992495629338,2.000311008087089,0.0022546658711156656
transformer,113,4025,5,0.8348623991012574,0.048575284900937675,0.7625162839889527,0.04547869315411357,1.9985118250731388,0.007192060976644115
transformer,113,4050,5,0.8345491170883179,0.044639047678018906,0.7612633347511292,0.04558164962967134,1.9999235485390288,0.0052482832936305065
transformer,113,4075,5,0.8407250046730042,0.05586436749141948,0.764291274547577,0.053287870843819696,2.0013298886252846,0.004266142612821127
transformer,113,4100,5,0.8486238718032837,0.05091521344437703,0.7720699310302734,0.049215237909934595,1.998873628852144,0.005405200513288482
transformer,113,4125,5,0.8434101819992066,0.05225474482118246,0.7677890658378601,0.05124160007588424,1.9962902138504621,0.0026391985971192214
transformer,113,4150,5,0.8509957671165467,0.05345913629812306,0.7724353671073914,0.04955189760842938,1.9985972797448237,0.00193506669187858
transformer,113,4175,5,0.8513090252876282,0.050073097322021455,0.7748890280723572,0.0511404698981485,1.9967753504122823,0.005244812324327473
transformer,113,4200,5,0.8549339890480041,0.04870913751783864,0.7783346176147461,0.04995451716985782,1.9993359448131138,0.00228097539104208
transformer,113,4225,5,0.8584247350692749,0.048780518666325434,0.7800573945045471,0.050679734177109345,1.9994641994267475,0.0021877458711840924
transformer,113,4250,5,0.8606176018714905,0.05042928957621096,0.781571364402771,0.05215425803347051,1.9990224368969443,0.0012651029644120757
transformer,113,4275,5,0.8585365891456604,0.046550893658362014,0.778491222858429,0.050149255425418836,2.0008177676050627,0.0028004009878220115
transformer,113,4300,5,0.8585589766502381,0.05082499857043926,0.7831375241279602,0.053549460597386224,1.999375060793252,0.0033146762378650084
transformer,113,4325,5,0.8613783955574036,0.0476115510722155,0.7822500348091126,0.04983845735822996,2.0010202783692663,0.003027694349944512
transformer,113,4350,5,0.8651376247406006,0.055583020927634,0.7862698674201966,0.05655179636639352,1.9955758422012786,0.0034677962321710476
transformer,113,4375,5,0.8696129083633423,0.050442193032615205,0.787313985824585,0.049969530681482806,2.001696260685349,0.0016130762168644187
transformer,113,4400,5,0.8707988381385803,0.05134397796563576,0.7910727858543396,0.054029297620757984,1.999023800844845,0.0013789046230127647
transformer,113,4425,5,0.8758559107780457,0.05033986313632175,0.7956146955490112,0.0540902323855662,2.0007078154445557,0.0018507017921102272
transformer,113,4450,5,0.8716044068336487,0.04857453348923882,0.7934742569923401,0.05060364684130561,1.9986737817454063,0.002491651218271774
transformer,113,4475,5,0.8754979014396668,0.051699498009725176,0.7966588020324707,0.05169584275506394,2.0013312150321707,0.0017944341782851366
transformer,113,4500,5,0.8773103833198548,0.05335549774804318,0.7985904216766357,0.057560369097766885,1.9980245960231122,0.002774833739332496
transformer,113,4525,5,0.8803088188171386,0.0508844450576352,0.7979117393493652,0.05584067416673973,1.9982054742625084,0.0032635838470983173
transformer,113,4550,5,0.8827701926231384,0.05446654955831746,0.8025580406188965,0.056622881848021604,2.000198166334685,0.00044517755092665233
transformer,113,4575,5,0.8836428999900818,0.05039963658324951,0.8027668714523315,0.05370294132775386,2.0009487794968273,0.0023774190256588045
transformer,113,4600,5,0.8820094227790832,0.047096173211191326,0.8017749786376953,0.051079800399638,2.001508421903327,0.0022573730748541225
transformer,113,4625,5,0.8874244809150695,0.05256628607807918,0.8069433331489563,0.05615375907257986,2.0004207662990803,0.0009282169587278266
transformer,113,4650,5,0.887536370754242,0.05243991139020266,0.8067345142364502,0.055441232218409325,1.9998026325953053,0.0014352291046026949
transformer,113,4675,5,0.8873573541641235,0.0528574786083925,0.8070999503135681,0.055017911377896134,1.99936636960825,0.001649030303368989
transformer,113,4700,5,0.8925710558891297,0.052001784008542266,0.8110675811767578,0.056683886130656044,1.9995068158568436,0.001183516956371427
transformer,113,4725,5,0.895054841041565,0.055402262093655515,0.8108065485954284,0.058837568674838546,2.001422814487346,0.0016470215500007795
transformer,113,4750,5,0.8951890945434571,0.05431395056010843,0.8134168386459351,0.058978384252696844,1.9992382262640938,0.0007697677108490224
transformer,113,4775,5,0.8941597700119018,0.05177779785543336,0.8132602214813233,0.05524454520785893,2.0002657908975747,0.0013072551685584057
transformer,113,4800,5,0.8957037448883056,0.053324597408442934,0.8163403511047364,0.05791143035126382,2.000479893669032,0.0014247778239753013
transformer,113,4825,5,0.899440598487854,0.05343365103669956,0.8171234369277954,0.05717763762329305,2.0006904146607183,0.0011814551507163622
transformer,113,4850,5,0.8992168426513671,0.05301154198588585,0.8187940120697021,0.055979337229255244,1.9986939053546895,0.002482042149311712
transformer,113,4875,5,0.898814070224762,0.05334205712610206,0.8195248961448669,0.056409210463783464,1.999764030436922,0.002203588679739586
transformer,113,4900,5,0.9012754797935486,0.049817363811060264,0.8215609312057495,0.054093893080642094,2.0000771952641783,0.000635218293250377
transformer,113,4925,5,0.9040277600288391,0.053239030185199675,0.8228138566017151,0.056789275195749056,1.9999597646805936,0.0005825171703244532
transformer,113,4950,5,0.9027970552444458,0.05229654405446378,0.8220829844474793,0.05431042479626397,2.0006490609442933,0.0019072448357191237
transformer,113,4975,5,0.908145010471344,0.05285082642182808,0.8269381046295166,0.05608376003172032,1.9996536253617143,0.0014888802688709795
transformer,113,5000,5,0.9071828246116638,0.05258998563841903,0.8255285382270813,0.05671698124969052,1.9999736529604681,0.000712904946753263
transformer,113,5025,5,0.9071604490280152,0.05066544217317737,0.8277211904525756,0.054772133668067886,1.999313546970555,0.0008475018343889607
transformer,113,5050,5,0.9115909695625305,0.051105859861963275,0.8292351484298706,0.0545391573923347,2.000686314011544,0.0009399474131780534
transformer,113,5075,5,0.9096889734268189,0.05328598041806448,0.8292351603507996,0.05567632859369567,1.999862828203426,0.0010761886209228377
transformer,113,5100,5,0.9126202940940857,0.05196612088714183,0.8317410230636597,0.05583861574748106,1.9996342790800454,0.00030916743221568393
transformer,113,5125,5,0.9116580963134766,0.050813420878838486,0.8310101509094239,0.05469919061054402,2.000278366106407,0.0007110075910527516
transformer,113,5150,5,0.9142090082168579,0.051040654078001124,0.8326285243034363,0.05590440002224801,1.9996259266065013,0.0008110772412366103
transformer,113,5175,5,0.9170284271240234,0.050093007324838575,0.8358130812644958,0.053887048973055754,2.0001677424160773,0.00016815416075594155
transformer,113,5200,5,0.9159991145133972,0.04905547899723287,0.8345079302787781,0.054253417770111736,1.999998540682198,0.000957298645574242
transformer,113,5225,5,0.9181472539901734,0.049161776394526346,0.8359174966812134,0.05432421834652305,2.0003100073911533,0.00025855537608938814
transformer,113,5250,5,0.9183038949966431,0.047984119588232364,0.8378491044044495,0.05449227912527032,1.99973181518819,0.0007713799463851762
transformer,113,5275,5,0.9210114359855652,0.04723515088598475,0.8380057096481324,0.054904966495367455,1.9999952401768781,0.00041969080467256395
transformer,113,5300,5,0.9221973657608032,0.047621833246205475,0.8403027534484864,0.05509907758273385,2.0001206090649566,0.00037707852629388254
transformer,113,5325,5,0.9234056949615479,0.04591427531236467,0.8415557026863099,0.05373730326248996,2.0001798878299804,0.00035232974722845383
transformer,113,5350,5,0.9240769982337952,0.04537919821001078,0.8411902666091919,0.05289693935986921,1.9997285436140853,0.0005623338824761896
transformer,113,5375,5,0.9248825430870056,0.044883281480236195,0.8424954056739807,0.05284667843109397,1.999682175567121,0.0011517966104523493
transformer,113,5400,5,0.9261579990386963,0.04491585312345764,0.8442704081535339,0.05406365055432379,1.9998402915033897,0.0001733179752484849
transformer,113,5425,5,0.9276124596595764,0.04374251431936311,0.8447924613952636,0.05316867995044263,1.9999469030011325,0.00041642525580033566
transformer,113,5450,5,0.9285298824310303,0.04304991483224979,0.8467240571975708,0.052355041121977614,2.0003221374393148,0.0005911353804585234
transformer,113,5475,5,0.9291564226150513,0.0415453672492066,0.8455233335494995,0.05229774981562156,1.9999753617237157,0.00047449759159277086
transformer,113,5500,5,0.9304766416549682,0.040893208887499345,0.8478725790977478,0.05199264069839404,1.9999396804281786,0.0001365883489486497
transformer,113,5525,5,0.9307451486587525,0.04099679715335096,0.8482380270957947,0.05225872497743817,1.9999843109440802,0.00016086740714595454
transformer,113,5550,5,0.9321324825286865,0.039671672244776884,0.8493865609169007,0.05102320372396366,2.0003029176178573,0.00043558466254995537
transformer,113,5575,5,0.9331617832183838,0.0393558262463998,0.8502740383148193,0.050929512634955106,2.000086824298633,0.00017035099921913218
transformer,113,5600,5,0.9336764454841614,0.03827129425467057,0.8502218365669251,0.05030045766525462,1.9999230078166002,0.000339023615103736
transformer,113,5625,5,0.9346610069274902,0.037310798215899554,0.8513703584671021,0.050229361112120265,1.9999671431020782,0.00019815017104738374
transformer,113,5650,5,0.9356679439544677,0.03689182546277985,0.852518892288208,0.05074905587647514,2.000192477367629,0.0002706903168126654
transformer,113,5675,5,0.9362497210502625,0.036737770865667534,0.8527799248695374,0.049504304698796714,1.9999573778492414,7.405429262343791e-05
transformer,113,5700,5,0.9370329141616821,0.035998619224488534,0.8533541798591614,0.04944797720957448,2.000107020508947,8.861286134809163e-05
transformer,113,5725,5,0.9373685479164123,0.03522442253475747,0.8542938828468323,0.04908947231582945,2.0000186105389886,9.264058359178826e-05
transformer,113,5750,5,0.9383307337760926,0.03481625006181084,0.8552335977554322,0.04846969125928535,1.9999475522808434,0.00014247819032845487
transformer,113,5775,5,0.9390467762947082,0.03393199025787592,0.8553380012512207,0.04834011910119146,1.9999785471427836,0.00015937713163769024
transformer,113,5800,5,0.939829969406128,0.03344458181510879,0.856538736820221,0.04846652797729378,2.000077264617263,8.63375185124153e-05
transformer,113,5825,5,0.9405012607574463,0.03262707590098338,0.8566431403160095,0.04757361422785805,1.9998732914377864,0.00017078249905039768
transformer,113,5850,5,0.9409040212631226,0.03260827192058002,0.8573740243911743,0.047081675828819634,1.9999240318477753,0.000119755431917214
transformer,113,5875,5,0.9413067936897278,0.03197969432089831,0.8573740124702454,0.047954198518088034,1.999972884867357,0.00017624382991550844
transformer,113,5900,5,0.9419109582901001,0.031497305420903586,0.8580526947975159,0.04743159130140546,2.0001615428995363,0.0001276037692395527
transformer,113,5925,5,0.9423584699630737,0.03125264822820581,0.8586791634559632,0.04696576567999248,2.0000876528457097,0.00014694787146605056
transformer,113,5950,5,0.9427388906478882,0.03106543803836782,0.8590968132019043,0.04698707869662622,2.000063084013539,0.00013298102068622544
transformer,113,5975,5,0.9438353180885315,0.030131342834382426,0.8598798871040344,0.04729819181634889,2.0000851899591465,0.00010469598881686956
transformer,113,6000,5,0.9441038370132446,0.03034698203804135,0.8599320888519287,0.04724601248103562,2.0000422636922877,5.57947471068773e-05
