architecture,K,epoch,centered_matched_mean,centered_matched_std,centered_shuffled_mean,centered_shuffled_std,n_seeds
mlp,79,1,0.08665313510842713,0.00823693614775652,0.0023644375705873647,0.001219612775513263,5
mlp,79,2,0.16296753459120966,0.007760103392504874,0.0024132043216230467,0.001204618276177674,5
mlp,79,3,0.22965835433317427,0.0071374651584620065,0.002403292302531885,0.0012372487050920074,5
mlp,79,4,0.287068774463305,0.006431630046899212,0.0023590307976010068,0.001337100036884014,5
mlp,79,5,0.3362009621591296,0.00597305650299022,0.0023013911134070787,0.0015158097095603795,5
mlp,79,6,0.3781867200566456,0.005413197586244639,0.0023244213756904615,0.001754440468807525,5
mlp,79,7,0.4140457026593564,0.004875102603571636,0.0023624936050544157,0.001953337234277496,5
mlp,79,8,0.4444805178491632,0.004722216571154361,0.0023531230025937494,0.0021364621269759003,5
mlp,79,9,0.4704924922083854,0.004611758431439079,0.0023027951800388504,0.0022624372764798923,5
mlp,79,10,0.49296243967276787,0.004512478282451042,0.0022530141086732807,0.0023368951469112885,5
mlp,79,11,0.5125242553332228,0.004343257122057255,0.0022052669482509946,0.0023591564169707846,5
mlp,79,12,0.5296963138619277,0.00422888858136268,0.0021510640488715442,0.002373142473437132,5
mlp,79,13,0.5448115071513276,0.0041568587459849034,0.002080428571940427,0.0024051607861290307,5
mlp,79,14,0.55822676572631,0.004058478892045276,0.002008661429727999,0.00244769105591605,5
mlp,79,15,0.5702296111353795,0.003977503049258375,0.0019424950444861082,0.0024757098121021086,5
mlp,79,16,0.5809429502299382,0.00399707517047553,0.0018850663967164018,0.0024952377484586652,5
mlp,79,17,0.5905979742549349,0.00410908592001637,0.001831132130124037,0.0025068284783597026,5
mlp,79,18,0.5993672889574571,0.004244323265139675,0.0017822500353381575,0.002531099943728539,5
mlp,79,19,0.6073581532320562,0.004412511358596142,0.001733954702858561,0.0025592812795998056,5
mlp,79,20,0.6146953543026507,0.004593780578818833,0.0016996319272259148,0.002584944663129621,5
mlp,79,21,0.6214509975168826,0.004771294325264677,0.0016668631823414139,0.0025964764179828514,5
mlp,79,22,0.6277182687651858,0.004942027909352087,0.0016495142514129815,0.0025958297011236483,5
mlp,79,23,0.6335014673943051,0.005093934047138826,0.0016371501059135145,0.0025870266249179894,5
mlp,79,24,0.6388336599085458,0.005245571263002597,0.0016339614550396238,0.002584279440466789,5
mlp,79,25,0.643746971252583,0.005403200402726847,0.001633729940491564,0.0025711151784705666,5
mlp,79,26,0.6482661799393548,0.005574180841189626,0.0016377466417219235,0.002548785259898543,5
mlp,79,27,0.6524308538717565,0.005746958077429088,0.0016451697998613561,0.002513762389944638,5
mlp,79,28,0.6563211326652136,0.005907917126595639,0.0016554268029951233,0.0024756427532788335,5
mlp,79,29,0.6599410756941098,0.006061917630251872,0.001664051992557611,0.002439336590339826,5
mlp,79,30,0.6633089752372514,0.006196554731039438,0.001668600054323279,0.0023954215782457404,5
mlp,79,31,0.6664309502090285,0.006288955760746619,0.0016795160625790004,0.0023351025792570546,5
mlp,79,32,0.6693699612620798,0.006352981170034643,0.0016972291071017526,0.0022711409830846944,5
mlp,79,33,0.6721282447755212,0.006434549001014078,0.0017140146429870805,0.0022038615108088623,5
mlp,79,34,0.6747141461978418,0.006516600523223893,0.0017294126139051264,0.00213273415667065,5
mlp,79,35,0.6771462253838362,0.006591658024401924,0.0017409496190399453,0.0020640318504775448,5
mlp,79,36,0.6794181654038112,0.006652330627595253,0.0017521238874523976,0.0020011976527233846,5
mlp,79,37,0.6815342931169156,0.00670352441788719,0.0017643779627530911,0.0019462132775793536,5
mlp,79,39,0.6853656391104506,0.006797278430914225,0.0017861902492262798,0.001852580747470232,5
mlp,79,40,0.687111166352142,0.006845960989396624,0.001797423547961875,0.0018192377315479902,5
mlp,79,41,0.6887397236488709,0.006900452365695035,0.001809831504100789,0.001787728921765162,5
mlp,79,42,0.6902716159967076,0.006947730691191549,0.001823023163653959,0.0017625650270732891,5
mlp,79,44,0.6930919828811637,0.007046095741487223,0.0018459029582573194,0.0017187277105518328,5
mlp,79,45,0.6943764114882092,0.007083834888626285,0.0018594007582376977,0.0016959715816750505,5
mlp,79,46,0.6955856384872535,0.007119001318694929,0.0018683451353588725,0.001674799827299396,5
mlp,79,48,0.697762099616091,0.007214522537649201,0.001876920703373895,0.001638434938504368,5
mlp,79,49,0.6987566323075655,0.007266238376776647,0.0018785207833796704,0.0016277349171699815,5
mlp,79,51,0.7005763000917534,0.0073795296367987345,0.001888545524865077,0.0016141046204837613,5
mlp,79,53,0.7022058289414443,0.007521379960704222,0.0019109591508015972,0.0016023408105845167,5
mlp,79,54,0.7029516141820056,0.007592723047375371,0.0019274792140477927,0.0016025540511088953,5
mlp,79,56,0.7043033244500327,0.007722121767121338,0.0019618675607196083,0.0016036545649513708,5
mlp,79,58,0.7054865188202599,0.007855001561282935,0.001989310927002921,0.0015962887411405738,5
mlp,79,59,0.7060320036187637,0.007925851761268764,0.0020014925974771195,0.0015918774599657803,5
mlp,79,61,0.7070512092018924,0.00807201827490647,0.0020292744417128336,0.0015879765276188707,5
mlp,79,63,0.7080020413812542,0.008228741457773447,0.002061588832051321,0.0015842553193718665,5
mlp,79,65,0.7088758537951879,0.0083937853273581,0.002087575785862448,0.0015733150155544315,5
mlp,79,67,0.709643900552976,0.008527650709174876,0.0021086871710938758,0.001559615291521946,5
mlp,79,69,0.7103018557951618,0.008628981742630154,0.002132830669007558,0.001547145389316916,5
mlp,79,72,0.7110407456403348,0.008788112602207522,0.0021738679463162635,0.0015422959080330489,5
mlp,79,74,0.7113620964707759,0.008888250341677143,0.002199302360351887,0.0015426923551973995,5
mlp,79,76,0.7115518357719466,0.008959366919687224,0.002228280439041383,0.0015400108080585702,5
mlp,79,79,0.7116132872441117,0.008999256913351676,0.002280610063263982,0.0015330087381609633,5
mlp,79,81,0.7114954995163701,0.009013118210179598,0.0023109327295049763,0.0015357551078609478,5
mlp,79,84,0.7111100916094524,0.009036280423297257,0.0023511030167816783,0.0015436293384097945,5
mlp,79,86,0.7106999899400881,0.009043704580524954,0.0023661792065663083,0.0015540336193309598,5
mlp,79,89,0.7099110932798556,0.0090577416603717,0.002374338426142832,0.0015749083213922861,5
mlp,79,92,0.7089564998656159,0.009075030887036675,0.0023760890376035514,0.001599689221292441,5
mlp,79,95,0.7077912621443392,0.009086047486719689,0.0023779652279754654,0.0016240754133534719,5
mlp,79,98,0.7064802305518556,0.009028933979890777,0.002363997847018524,0.0016449697749134123,5
mlp,79,101,0.7050539984324722,0.008922190685098294,0.002348154127094152,0.001665865598561605,5
mlp,79,104,0.7035149055281955,0.008761432367802035,0.0023414315249723947,0.0016945397250347012,5
mlp,79,107,0.701899369613941,0.008569947014920655,0.0023291483045329844,0.0017352802204849524,5
mlp,79,110,0.7002462537177986,0.00832584124687612,0.0023171577436431803,0.0017730655161672646,5
mlp,79,114,0.6980267395115376,0.007959407503277425,0.00228062404667058,0.0018230266492902307,5
mlp,79,117,0.6963696324353704,0.007668160102662823,0.002246579758880137,0.0018547231779110448,5
mlp,79,121,0.6941750570042344,0.007282542374254942,0.002191687111333216,0.0018930702495213703,5
mlp,79,125,0.6920658036745364,0.006878841968793372,0.002124862269858251,0.0019275365736572314,5
mlp,79,129,0.690062519677024,0.006544495969181115,0.002062041885329816,0.0019827344163909815,5
mlp,79,133,0.6882499971689964,0.006308768537892639,0.0019941588997590457,0.0020516391609894033,5
mlp,79,137,0.6866912679533067,0.006064378273414652,0.0019350829256547047,0.0021209910554171258,5
mlp,79,141,0.6854281743641619,0.005895626841209058,0.0018769816243818388,0.002177048459975404,5
mlp,79,146,0.6842929354316837,0.005860817087250561,0.0018114295640230024,0.0022437968620228174,5
mlp,79,150,0.6837402587859469,0.005915062691306302,0.001774458283861358,0.0022886874934426515,5
mlp,79,155,0.683477586735709,0.006073466111003939,0.0017487207984430886,0.0023262555533205757,5
mlp,79,160,0.6836618879022422,0.0062943049288177524,0.001723754255480442,0.00234598856002545,5
mlp,79,165,0.6842724863573142,0.006535492351652659,0.0017010155027791095,0.002364947819023628,5
mlp,79,170,0.6852497740198142,0.006752486221061189,0.0016650953809671572,0.002407240507480306,5
mlp,79,176,0.6868242231363265,0.006963759391963905,0.00161680819792057,0.002459495585104699,5
mlp,79,181,0.6884024655434338,0.007096320173241987,0.0015728852381184152,0.0024890326841197088,5
mlp,79,187,0.6904551592204369,0.00722755195187919,0.0015239027521435848,0.002508367161483813,5
mlp,79,193,0.6925996430404429,0.00734733537956601,0.0014834248343420931,0.002525449737514371,5
mlp,79,199,0.6947511676866431,0.00747286334346015,0.0014527988490768535,0.0025485125736992124,5
mlp,79,205,0.6968540792369049,0.007606459802392607,0.0014332571656954667,0.0025656456530995073,5
mlp,79,211,0.6988614312832272,0.007717508678024523,0.00142066755130207,0.0025806032251435873,5
mlp,79,218,0.701090246471596,0.007824860787951589,0.0014136922221155335,0.0025925042904826182,5
mlp,79,225,0.7031696648409844,0.007921083075687941,0.0014093197173803548,0.0025998953832977274,5
mlp,79,232,0.7050734309402725,0.00801658966221976,0.0014065394959919548,0.002607586323520643,5
mlp,79,239,0.7068023510173415,0.008105625315899473,0.0014014575491529823,0.002615298208974625,5
mlp,79,247,0.7085649581013691,0.008190777556902945,0.0013976519147436257,0.002623147626529409,5
mlp,79,255,0.7101226151086408,0.008261277766966479,0.0013960756579455827,0.0026313708337700813,5
mlp,79,263,0.7115101018162439,0.00832657688073541,0.0013935969094248648,0.0026384812727185984,5
mlp,79,271,0.7127565375436343,0.008381433308866818,0.0013914223960360544,0.0026440589306866284,5
mlp,79,279,0.7138899381410112,0.008423663683266655,0.0013901028827119845,0.0026479023265593205,5
mlp,79,288,0.7150603450398918,0.008457496705086796,0.0013885061871494744,0.002651131347258819,5
mlp,79,297,0.7161385863408205,0.008483273079385874,0.0013865371525220913,0.0026533443992918988,5
mlp,79,307,0.7172527850781932,0.008503433629752075,0.001382327240031764,0.002656125721412451,5
mlp,79,316,0.7181878809115204,0.008520253137523848,0.0013778964509991286,0.0026592362745581958,5
mlp,79,326,0.719167257670544,0.008539530702273795,0.0013724611523271025,0.0026624346465637036,5
mlp,79,336,0.7200932700341869,0.008557959661225727,0.001366742694450852,0.002665389329560199,5
mlp,79,347,0.7210614920379341,0.008576606289958457,0.0013612240647934639,0.0026678969660561317,5
mlp,79,358,0.7219838566764933,0.008594116418568176,0.0013562733231505485,0.002670265012014042,5
mlp,79,369,0.7228654462705071,0.00860915426547176,0.00135106202227727,0.0026718067856926096,5
mlp,79,381,0.7237883467266736,0.008625040127359247,0.0013458047151506892,0.0026730805743192063,5
mlp,79,393,0.7246758455101046,0.008641980031141965,0.001340237302614763,0.0026742457292877313,5
mlp,79,405,0.7255328699457422,0.008655176265455736,0.0013353939835226,0.0026758051827289464,5
mlp,79,418,0.7264309329525122,0.008665500990117985,0.0013312328033976766,0.0026796787071130907,5
mlp,79,431,0.7273010855551505,0.008674631767371564,0.0013268393462192605,0.002683911984530822,5
mlp,79,444,0.7281500735101751,0.008680020333438159,0.001323303909168109,0.002688065036775132,5
mlp,79,458,0.7290430443271824,0.00868250054812136,0.0013199575657809365,0.0026929425716853903,5
mlp,79,473,0.7299763446150493,0.008683788587062875,0.0013168642029469254,0.002698959450994312,5
mlp,79,488,0.7308892940971365,0.008683060038967301,0.0013139056864222335,0.002704839674924331,5
mlp,79,503,0.7317828513550044,0.008682088881290346,0.001310786304071364,0.0027100218185354603,5
mlp,79,519,0.7327159004493025,0.008680918902912598,0.0013072614171308898,0.0027146683483924034,5
mlp,79,535,0.7336334485834024,0.008676092710676873,0.0013034241831348888,0.002719219368816896,5
mlp,79,552,0.7345928143402258,0.008666184008350194,0.0012989669096292933,0.0027244307753034533,5
mlp,79,569,0.7355350906120686,0.008652335441761938,0.0012942997137563366,0.0027301973806819267,5
mlp,79,587,0.736519051362014,0.008636392973656145,0.0012895048067878378,0.002735932652986369,5
mlp,79,606,0.7375439571270337,0.008615077312473391,0.0012846117545474284,0.0027413449393808857,5
mlp,79,625,0.7385581897844444,0.008591081843508198,0.0012803731088514732,0.0027467651942945943,5
mlp,79,644,0.7395634256210004,0.008564583248343582,0.0012765906666658022,0.0027520712729285895,5
mlp,79,665,0.7406638767985568,0.008530236033524296,0.001272770384662118,0.0027580555043013955,5
mlp,79,685,0.7417023502496822,0.008497241280355526,0.0012692826704841854,0.002763722552930596,5
mlp,79,707,0.7428365117787953,0.008462579215061418,0.0012658647040157747,0.002770517378609568,5
mlp,79,729,0.7439620575686093,0.008429682432699296,0.0012625491449285088,0.002777225831439505,5
mlp,79,752,0.7451332645103336,0.008397948481392348,0.001259627287756932,0.002783733630446418,5
mlp,79,776,0.7463463613454658,0.008365543792140181,0.0012571199705519673,0.0027911103560745933,5
mlp,79,800,0.7475511176299118,0.008332485873011114,0.001255294680319815,0.002797733388668686,5
mlp,79,825,0.7487978668571487,0.008296394648658802,0.001253627752634877,0.002805003287764098,5
mlp,79,851,0.7500879500391469,0.008258662194730199,0.0012509882143961198,0.0028139237592747068,5
mlp,79,878,0.7514213171989017,0.008215257349511205,0.0012467008169510403,0.0028242848156220016,5
mlp,79,906,0.7527991537482758,0.008171162331173761,0.001241467530313531,0.0028354396564476505,5
mlp,79,934,0.7541724266836564,0.008123799516163377,0.0012355979166368471,0.002846427530677612,5
mlp,79,963,0.7555897109337696,0.008075080565902611,0.0012284325325628855,0.002859012187229913,5
mlp,79,994,0.7570958484004253,0.008019860850895292,0.0012208817856068537,0.002872750462704838,5
mlp,79,1025,0.7585949178232341,0.007961722620053291,0.001212847792046274,0.002887436404032081,5
mlp,79,1057,0.760133216548186,0.007902320364136088,0.0012045249876769823,0.002902278363649099,5
mlp,79,1090,0.7617098238041141,0.007840302583763949,0.0011957338727213145,0.0029188785484509463,5
mlp,79,1125,0.763371851195774,0.007771741678120296,0.0011855599674098763,0.0029373624021655762,5
mlp,79,1160,0.765019783335936,0.0077028407596424295,0.001174838122773177,0.0029576368150597498,5
mlp,79,1197,0.7667477536978253,0.007630909442882105,0.001161712179719358,0.0029810129958321736,5
mlp,79,1234,0.7684604090238486,0.007555084863552699,0.001147643513765826,0.0030056000273834312,5
mlp,79,1273,0.7702490997624365,0.007470681538874787,0.0011331391950920478,0.0030319631476452727,5
mlp,79,1313,0.7720645208197647,0.007378088932377723,0.0011168323318797807,0.0030573409732624094,5
mlp,79,1354,0.7739048364700739,0.007282409663350219,0.0010979298872685363,0.003084030066732017,5
mlp,79,1397,0.7758141989882593,0.007180344344211934,0.001075806782823105,0.0031129254510714062,5
mlp,79,1441,0.7777396130112731,0.007070327736146906,0.0010519825522582388,0.0031398240053436264,5
mlp,79,1486,0.7796833451314382,0.006956263356938071,0.0010258582709173803,0.003166658542697901,5
mlp,79,1533,0.7816889773519817,0.006835276785042402,0.0009976934574915301,0.003194734269583319,5
mlp,79,1581,0.7837150576184385,0.006709481523271644,0.0009675467442724555,0.0032214692795265593,5
mlp,79,1631,0.785794816044058,0.006575212011859032,0.0009332108537512447,0.00324776116137943,5
mlp,79,1682,0.7878923102744982,0.006439281946444643,0.0008978906271823019,0.0032750807982672523,5
mlp,79,1735,0.7900437070682387,0.006297062988842764,0.0008606164370836685,0.0033027142802413067,5
mlp,79,1789,0.79220020894264,0.006156551661152057,0.0008219711005623328,0.0033296446486181727,5
mlp,79,1845,0.7943967206264146,0.00601490705616644,0.0007817397399062445,0.0033558219951960017,5
mlp,79,1903,0.7966239722488891,0.005871020551671423,0.0007384792782241485,0.003384211099767857,5
mlp,79,1963,0.7988820331604914,0.005723257218954295,0.0006938373224552586,0.003413447017140766,5
mlp,79,2025,0.8011636675112325,0.005570870855936315,0.0006485159000348147,0.0034435435616345196,5
mlp,79,2089,0.8034710036411454,0.0054228073054684856,0.0006040029486619863,0.0034738954968979397,5
mlp,79,2154,0.8057584553004429,0.005287011384402531,0.0005616839676257817,0.003505176643974035,5
mlp,79,2222,0.8080914895284994,0.0051542146892742495,0.0005207808475761275,0.003537619400533042,5
mlp,79,2292,0.8104255404622324,0.005031316918450537,0.00048083092688147935,0.003571940341950813,5
mlp,79,2364,0.8127452628122928,0.004907268943248514,0.0004424331169841975,0.0036102104390960134,5
mlp,79,2438,0.8150568117383481,0.0047832520783602775,0.0004053218696130396,0.0036503096961406243,5
mlp,79,2515,0.817390064219197,0.004654450263737488,0.0003659394714830764,0.0036958213767307587,5
mlp,79,2594,0.819702643646731,0.004527333851640377,0.0003270389997493394,0.0037444876916966014,5
mlp,79,2675,0.821993286459637,0.00439618371744793,0.00028922382689061595,0.003795268671072883,5
mlp,79,2759,0.8242709779090136,0.004252303598194242,0.00025243623726131317,0.003848037571460068,5
mlp,79,2846,0.8265375769511497,0.00410357137225186,0.0002184902297221444,0.0038974697206558603,5
mlp,79,2936,0.8287865650977299,0.003935197225907636,0.0001825758861925609,0.003949838917140615,5
mlp,79,3028,0.830982896529683,0.0037597171106493596,0.00014480562229857895,0.0040029674702565495,5
mlp,79,3123,0.8331440524674782,0.003568386932179209,0.00010855552732624172,0.004055583486665657,5
mlp,79,3221,0.8352656242698305,0.0033645587576738565,7.255530421326326e-05,0.004109130956557836,5
mlp,79,3323,0.8373564134908914,0.003138563598570635,3.717175707104337e-05,0.004164782910830499,5
mlp,79,3427,0.8393726776444728,0.0029069780778759897,5.025722292621108e-06,0.004217144513856122,5
mlp,79,3535,0.8413438108812945,0.002678299742995356,-2.4463374823772476e-05,0.004268591430410378,5
mlp,79,3646,0.8432561712489475,0.0024698315729307376,-5.544873006252057e-05,0.004317415225375737,5
mlp,79,3760,0.8451080091867036,0.0022740223167186315,-8.564062684173458e-05,0.004363605859893198,5
mlp,79,3879,0.8469124426717581,0.00210979195813907,-0.00011923812246844012,0.004412497970349514,5
mlp,79,4000,0.8486145867964762,0.002002610568109681,-0.0001550805359972452,0.004461904418992951,5
mlp,79,4126,0.8502467815720433,0.0019654323086777197,-0.0001918790791588785,0.004509260254815563,5
mlp,79,4256,0.8517950214826607,0.0019947359414518445,-0.00023202780015576084,0.0045505132743131485,5
mlp,79,4390,0.8532612123232479,0.002098505188068203,-0.0002746242436508804,0.004587156485156996,5
mlp,79,4528,0.8546370342810958,0.0022762804523192696,-0.0003166379182838403,0.004624589650453797,5
mlp,79,4670,0.8559249466058132,0.002504882977221766,-0.00035480685716922356,0.004663477802123255,5
mlp,79,4817,0.8571295007038895,0.002775363064670428,-0.000388877736931033,0.004705599982411649,5
mlp,79,4968,0.8582491372431604,0.003065094957620219,-0.00042088397814827336,0.0047500229772378215,5
mlp,79,5124,0.8592864519295007,0.0033739324061155705,-0.00044482265762221666,0.004793908083236511,5
mlp,79,5285,0.8602589364314317,0.0036996401088110736,-0.0004614188782418287,0.00484021404993093,5
mlp,79,5452,0.8611675980900741,0.004039177564717895,-0.0004748169580792398,0.004891686571554084,5
mlp,79,5623,0.8620273300051815,0.0043925832703544075,-0.0004885204771812219,0.0049445443398431375,5
mlp,79,5800,0.8628474589849879,0.0047522830610817884,-0.0005009595957736191,0.0049966120171425375,5
mlp,79,5982,0.8636209294289678,0.005101802991235396,-0.000506579357995707,0.005046620061974318,5
mlp,79,6170,0.8643483211727775,0.005452362894541986,-0.0005066563603334987,0.005097944250565958,5
mlp,79,6364,0.8650334687811041,0.005817648516970858,-0.0005051500068254549,0.005147070819116671,5
mlp,79,6564,0.8656814687547477,0.006198345385380096,-0.0005043105753637331,0.005188967711064248,5
mlp,79,6770,0.8662983058234222,0.006570216368576851,-0.0005001938872396812,0.0052281003749846695,5
mlp,79,6983,0.8668908287275162,0.006948796960548936,-0.0004948432655964294,0.0052620485992679695,5
mlp,79,7203,0.8674641327573921,0.00733932189799766,-0.0004838043258553958,0.0052928607805909555,5
mlp,79,7429,0.8680370427367053,0.007726086304352201,-0.00046729117631772967,0.005320773952681374,5
mlp,79,7662,0.8686145761987699,0.008114133090907959,-0.0004525574806935687,0.005338697506014246,5
mlp,79,7903,0.8692014848205367,0.00852211824116565,-0.0004353186895962118,0.005354205406694065,5
mlp,79,8152,0.8698053891809862,0.008954594349333829,-0.0004160049629989642,0.005364631099419686,5
mlp,79,8408,0.8704093973738551,0.009405002127040894,-0.00039904450123506104,0.005374157495030497,5
mlp,79,8672,0.8710303185753396,0.00987969981988275,-0.00038584562772005373,0.005381487223718625,5
mlp,79,8945,0.8716537236313389,0.01035692601507022,-0.00037183497611805756,0.005389610558683267,5
mlp,79,9226,0.8723052817035942,0.010825391635881757,-0.0003637150760793656,0.005398930956654813,5
mlp,79,9516,0.8730084573294186,0.011282044948809805,-0.00035887693964653956,0.0054110935557375485,5
mlp,79,9815,0.8737607729515815,0.011717097138537995,-0.00036027289571766385,0.005430084253681995,5
mlp,79,10124,0.8745784349025703,0.012135733518780886,-0.00037093776398942576,0.005456295912916694,5
mlp,79,10442,0.8754760149756148,0.012534426636794674,-0.0003857849672479769,0.005487631430869596,5
mlp,79,10770,0.8764635364684029,0.012908135938039855,-0.00040653639706351893,0.005523854656910482,5
mlp,79,11109,0.8775379462750241,0.013244729175719267,-0.00043373668519171527,0.005563808135486175,5
mlp,79,11458,0.8787136347774952,0.013533276938695037,-0.00045867736035233966,0.0056070600129019335,5
mlp,79,11818,0.879990563307832,0.013764714372413576,-0.0004840585160911872,0.005652856801752737,5
mlp,79,12189,0.881375566090464,0.013933763237776642,-0.0005073032967852486,0.0057011330301949235,5
mlp,79,12572,0.8828714638859395,0.014076515018761254,-0.0005287585246481315,0.005751084431310901,5
mlp,79,12968,0.8844904712945996,0.014175403094528605,-0.0005526073535015487,0.005803021102967206,5
mlp,79,13375,0.8862354115167191,0.014234304924842733,-0.0005729753268338009,0.005856619536616689,5
mlp,79,13796,0.8881347980769594,0.014253636310010644,-0.0005853600701726599,0.0059085604596923955,5
mlp,79,14229,0.8901983438646427,0.014225104183704157,-0.0005941827446918022,0.005959691928596256,5
mlp,79,14677,0.8924676256731733,0.014163279146629716,-0.0006002574825482023,0.006011133923123278,5
mlp,79,15138,0.894964164400554,0.01408202802962494,-0.0006038287324552327,0.006057994305955615,5
mlp,79,15614,0.8977272161103016,0.013988125308176365,-0.000601183375624949,0.006115808422273457,5
mlp,79,16104,0.9007713308599594,0.013876826775980925,-0.0006036681492749178,0.006169519153287017,5
mlp,79,16611,0.9041169893715603,0.013735981503701424,-0.0006090206183546238,0.00622463444202069,5
mlp,79,17133,0.9077115934809814,0.013576623153324061,-0.0006203578056284297,0.006278481988691965,5
mlp,79,17671,0.9114879875534567,0.01340172944829662,-0.0006463136254592162,0.006340703856175666,5
mlp,79,18227,0.9153662525571068,0.013174171643946722,-0.0006891431935960384,0.006407822198962765,5
mlp,79,18800,0.9191607344572976,0.012853601249987693,-0.0007451310387150227,0.006466240110359195,5
mlp,79,19391,0.922676946731934,0.01248257341700793,-0.000807244056346785,0.00652743984380535,5
mlp,79,20000,0.9256735572354591,0.012060070076696123,-0.000866084587733452,0.006600558127428828,5
mlp,97,1,0.07994264876109142,0.011588309545833073,-0.001810819852722936,0.0026072021616265454,5
mlp,97,2,0.15146602814589546,0.01121323372252208,-0.001708250063870952,0.003019086462856724,5
mlp,97,3,0.21507606102998325,0.010396311504633054,-0.0015585046666918058,0.0033319316801607842,5
mlp,97,4,0.2710159859770489,0.00949063727244177,-0.0013406238575415456,0.0036122388536477053,5
mlp,97,5,0.3194520919769029,0.008591617621679096,-0.0011510335900096562,0.00383682353313801,5
mlp,97,6,0.3613407491773556,0.007600957935130824,-0.0009947777874447237,0.004029998279548249,5
mlp,97,7,0.39728418192030224,0.0067346526751453995,-0.0008997781836817728,0.004193024187433114,5
mlp,97,8,0.4281175341779595,0.00582461689717041,-0.0008194364517243171,0.004323094786319356,5
mlp,97,9,0.454696012743367,0.005005526360843269,-0.0007406024191167468,0.004420083610733789,5
mlp,97,10,0.4776376340685671,0.004446817940322348,-0.0006710371051416577,0.004522345605615285,5
mlp,97,11,0.4977110008009863,0.004030580313188222,-0.0005785710524796632,0.004611907166550099,5
mlp,97,12,0.5152926299657958,0.003692427755339507,-0.00047790012878631426,0.004681918794057594,5
mlp,97,13,0.5308082527552899,0.0034178190551132316,-0.00039970435472634104,0.004712671364001642,5
mlp,97,14,0.54464871327105,0.0031997276724566124,-0.00032380302458003967,0.004701603181325572,5
mlp,97,15,0.5570454934074749,0.0030868872070208687,-0.0002621970804940133,0.0046872408024364615,5
mlp,97,16,0.5681732512378147,0.0030175827453629753,-0.0001967665584963455,0.004657001920187035,5
mlp,97,17,0.5781850662079493,0.002926411891627958,-0.0001288833129765278,0.004620773570887373,5
mlp,97,18,0.5872333557986085,0.0028793406378868403,-7.019917691833635e-05,0.004591300175130704,5
mlp,97,19,0.5954931339016907,0.0028587146712535537,-1.2756787315428182e-05,0.00456115386046293,5
mlp,97,20,0.6030807839601751,0.002864523109359737,5.131848619371864e-05,0.00452754398140892,5
mlp,97,21,0.6100747621798668,0.002906157886649972,0.00010631169871545033,0.004489656553348703,5
mlp,97,22,0.6165208412554297,0.0029412914647911625,0.0001475351984117348,0.004455515373388044,5
mlp,97,23,0.6224616586023275,0.0029235248338213564,0.00019257389313003526,0.004421813779475441,5
mlp,97,24,0.6279489138100612,0.002919221539221969,0.00023611915069769417,0.004389986474719179,5
mlp,97,25,0.6330524820724948,0.0029441517360714545,0.00027295208936245225,0.004356505718218534,5
mlp,97,26,0.637804859273582,0.002989924068736785,0.0003082254465999551,0.0043241824091153555,5
mlp,97,27,0.6422528780045338,0.0030803391793204097,0.0003457303701472578,0.00429298503866627,5
mlp,97,28,0.646391844376075,0.003174302776953896,0.00038792172107957116,0.0042663716834589185,5
mlp,97,29,0.6502384634513707,0.0032779252133197678,0.000431932433969213,0.004228642832283589,5
mlp,97,30,0.6538267374021146,0.003393426001435419,0.00047547331959648786,0.004187091570373371,5
mlp,97,31,0.657195252750927,0.003512400532346388,0.0005195136482495528,0.004141439746003011,5
mlp,97,32,0.6603370201084158,0.0036330625826233626,0.0005639725814631343,0.004095572126455241,5
mlp,97,33,0.6632549100529465,0.0037370346070837186,0.0006105585157226382,0.004046327208760321,5
mlp,97,34,0.6659842069089452,0.00385926992650219,0.0006614285079591918,0.003999873982966646,5
mlp,97,35,0.6685467398895782,0.003969154856898392,0.0007219408992080636,0.003951487918556206,5
mlp,97,36,0.6709416848735296,0.004082352653276464,0.0007844388911054486,0.003904220494671236,5
mlp,97,37,0.6731687861963752,0.004203761447649736,0.00084544567952865,0.003856890371160765,5
mlp,97,39,0.677099652942238,0.004536392528466976,0.0009598624679854756,0.0037614804933411095,5
mlp,97,40,0.6788460519095375,0.004741494332691059,0.001018472109337089,0.0037159823650911973,5
mlp,97,41,0.6804801151872693,0.004940703131174045,0.0010742231002244397,0.003671838447600027,5
mlp,97,42,0.6820103318089368,0.005149154972711328,0.0011291797623941059,0.0036346028768497033,5
mlp,97,44,0.6847520883881263,0.005603711616795053,0.0012410166015744085,0.003567025338006245,5
mlp,97,45,0.6859783675043165,0.005833388702755425,0.0012981216457408355,0.003540292466332908,5
mlp,97,46,0.6871025656212529,0.00607743663312269,0.0013545762885610057,0.00351472252603028,5
mlp,97,48,0.6890824043340176,0.006552142752873643,0.0014590477121627769,0.0034776597848673757,5
mlp,97,49,0.6899569350460841,0.006792729219643225,0.001508092204161994,0.0034650109319932904,5
mlp,97,51,0.6914952613879223,0.007286161472091764,0.001605454847235232,0.00343269109941556,5
mlp,97,53,0.6927748287364522,0.007757900216192417,0.0017113834105189456,0.003392955648553063,5
mlp,97,54,0.6933296548903877,0.007975496605309633,0.001764572542414647,0.0033719490879998574,5
mlp,97,56,0.694290018150429,0.00840141668360821,0.0018691386379078383,0.003331224272065453,5
mlp,97,58,0.6950839723211443,0.008848733300019056,0.0019711363012239586,0.003288103959403471,5
mlp,97,59,0.6954217454885928,0.009082548036114248,0.0020274606131651532,0.003270328895665512,5
mlp,97,61,0.6959597820427572,0.009563127064553022,0.0021417991372351536,0.0032462371481397807,5
mlp,97,63,0.6963479885806743,0.010056523134090965,0.0022489285898648526,0.0032289318517661563,5
mlp,97,65,0.6965814565455455,0.010545054393942228,0.00234553171723578,0.003210719481617966,5
mlp,97,67,0.6966859527360202,0.01103257773473706,0.0024280707486483773,0.00319626554618516,5
mlp,97,69,0.6966687628381311,0.011508768411135434,0.0025053773892052184,0.00318498623457509,5
mlp,97,72,0.696409742857391,0.012161079510645312,0.0026128815889284646,0.0031642504158952032,5
mlp,97,74,0.6960772551517859,0.012571403777569464,0.0026855861521949955,0.0031466021153404343,5
mlp,97,76,0.6956334457450775,0.012962099687128472,0.002753270203795343,0.003122822759709625,5
mlp,97,79,0.694749084878165,0.01349920392528005,0.0028502183690302493,0.003086802497141273,5
mlp,97,81,0.6940031760812816,0.01381179314455761,0.002910144907155696,0.003062794595142589,5
mlp,97,84,0.6926447587013195,0.014225423174652174,0.0029972866038728155,0.0030235352629041853,5
mlp,97,86,0.6915848128613183,0.014461097722783978,0.003048774268287236,0.0030031896705254545,5
mlp,97,89,0.6897990389037708,0.014724675359466788,0.0031130678831129293,0.002980468857280242,5
mlp,97,92,0.6877441774932167,0.014808897413669062,0.0031712635773002177,0.0029538923944155073,5
mlp,97,95,0.6854834284242444,0.014768810008271328,0.003214698941430263,0.0029288097342545934,5
mlp,97,98,0.6830620874854312,0.01461736544827116,0.003248985597228288,0.002912536844700324,5
mlp,97,101,0.6804995508926048,0.014338916634453134,0.0032807961934453065,0.0029077764982126447,5
mlp,97,104,0.6777728708544265,0.01388746173338276,0.003315433953352538,0.0029136118970228635,5
mlp,97,107,0.6749289204185352,0.013302386079909514,0.0033549382275245023,0.002916420131704496,5
mlp,97,110,0.6720398833177897,0.012596679972119516,0.0034016515259298143,0.0029222344696057377,5
mlp,97,114,0.6681340338827414,0.011429971832503142,0.0034433387792624213,0.002922879164998278,5
mlp,97,117,0.6652336734949358,0.0104159315307648,0.003463212465548568,0.0029312928713248637,5
mlp,97,121,0.6614939413812488,0.00895712161671861,0.003497798830962951,0.002951891203088626,5
mlp,97,125,0.6580089685389339,0.0075044582713347805,0.0035181700600062766,0.002976389583722704,5
mlp,97,129,0.6548730313718749,0.006030481038200999,0.0035197804191378647,0.0030008089244590824,5
mlp,97,133,0.6522037125185326,0.004702530858276376,0.0035128009569095654,0.0030203438532229146,5
mlp,97,137,0.6500186705321533,0.0037953235146586397,0.003497168044603767,0.0030364072299929657,5
mlp,97,141,0.6483489251217727,0.003669914291331772,0.0034731273537984713,0.0030570292551834783,5
mlp,97,146,0.6470240767775566,0.004541227851007569,0.003441318084811646,0.0030888760958813466,5
mlp,97,150,0.6465502772224985,0.005662416304965171,0.003414326143398506,0.003102443978656186,5
mlp,97,155,0.6466595623024852,0.007115619876892788,0.0033880305605370046,0.0031109809787151347,5
mlp,97,160,0.6475013998833206,0.008399468479658946,0.003354057104196563,0.003105458760798412,5
mlp,97,165,0.649018969601084,0.009466485504653092,0.00331154731582006,0.0030885823864248,5
mlp,97,170,0.6511152453600739,0.01032540277749255,0.003272714660489938,0.003064373208852084,5
mlp,97,176,0.6542399647072179,0.011109611685542416,0.003231911059721529,0.0030211420198392857,5
mlp,97,181,0.657222681303503,0.011600583919312572,0.0031916313973599135,0.002976200401915313,5
mlp,97,187,0.6610698804005906,0.012000498696680736,0.0031374688070335685,0.0029237795290101235,5
mlp,97,193,0.665033940301157,0.012278358943687121,0.0030917044816712457,0.0028764640647194945,5
mlp,97,199,0.6689862032276568,0.012477666501773916,0.0030560311365403227,0.0028409380862948227,5
mlp,97,205,0.67279938654609,0.012602171379871279,0.0030263202250220304,0.0028282864214816887,5
mlp,97,211,0.676407383196773,0.012663304191290546,0.0029991866442630986,0.00282142312706787,5
mlp,97,218,0.6802879662406554,0.012731932237990403,0.0029656734106119397,0.0028248409995601078,5
mlp,97,225,0.6838143770804445,0.01281420584453582,0.0029294118092179993,0.0028349880561668508,5
mlp,97,232,0.6869964104835664,0.012874220631463743,0.002893393504833232,0.0028473529731492175,5
mlp,97,239,0.689863973178759,0.01291196607852365,0.002860727181071016,0.002858262831614523,5
mlp,97,247,0.6927789789495586,0.012936996290919154,0.0028230931550308437,0.0028689926699539373,5
mlp,97,255,0.6953385441382652,0.01295376988270668,0.002787871419992204,0.0028805660274095774,5
mlp,97,263,0.6975845220929539,0.012970340984191305,0.002758624120278607,0.0028909901029192018,5
mlp,97,271,0.6995637517951111,0.01298052719039743,0.002733430846428956,0.0029009963410359116,5
mlp,97,279,0.7013244745736704,0.01298875409011047,0.0027111084536032715,0.002912254701933909,5
mlp,97,288,0.7030953670335685,0.013003910580463223,0.002688875493814251,0.0029238510463664583,5
mlp,97,297,0.7046842916723388,0.013017599023842029,0.0026692527647049933,0.002935102677771709,5
mlp,97,307,0.7062776075865488,0.013030557965056451,0.002650455253611757,0.0029481489909833876,5
mlp,97,316,0.7075851345619439,0.01303909119151695,0.0026361039523051166,0.0029600807709936083,5
mlp,97,326,0.7089232812266091,0.013050312641132468,0.002621781747289456,0.002972202119647571,5
mlp,97,336,0.7101660171743439,0.013060781907464913,0.0026096717949807345,0.002983882992892896,5
mlp,97,347,0.7114428071479764,0.01307334296064025,0.0025972503939085912,0.0029965376101635855,5
mlp,97,358,0.7126408359732339,0.013084328210537377,0.0025861605102469086,0.003009356310067409,5
mlp,97,369,0.7137744121606998,0.01309366044849655,0.0025763088960441957,0.0030220358575708114,5
mlp,97,381,0.7149490632216218,0.013103502973486883,0.0025665788047644954,0.0030357339552447384,5
mlp,97,393,0.7160684812183075,0.013113429858044234,0.002557710747444603,0.0030502193414864015,5
mlp,97,405,0.7171398046421332,0.0131223698893476,0.002549878562340934,0.0030646910110222053,5
mlp,97,418,0.7182546215348384,0.013130697494431545,0.0025421535936437077,0.0030805378701463048,5
mlp,97,431,0.7193268463478277,0.013138809984648819,0.0025350753925389,0.0030956822722811,5
mlp,97,444,0.7203639812847313,0.013148820261139692,0.0025290134929564865,0.0031101464622985825,5
mlp,97,458,0.7214453833108925,0.013161529436669499,0.00252341072205857,0.0031263811620497587,5
mlp,97,473,0.7225669155155889,0.013178178480927435,0.0025183532220630052,0.003144177330749871,5
mlp,97,488,0.7236554940617084,0.013198902446640348,0.0025135133638915148,0.0031616937051628376,5
mlp,97,503,0.7247152828622903,0.013218308447776833,0.0025089679026818012,0.0031791767363937265,5
mlp,97,519,0.7258174045165278,0.01323587891330908,0.0025043897045753313,0.0031977504537977885,5
mlp,97,535,0.7268955469274767,0.013254444086862554,0.0025006393038271867,0.0032162151252624637,5
mlp,97,552,0.7280186654692038,0.013273905366080358,0.002496931779183196,0.003235700333018334,5
mlp,97,569,0.7291203679881201,0.013291589404239721,0.0024935108774788517,0.00325500849427783,5
mlp,97,587,0.7302656361568198,0.013309406726928694,0.00248995333819083,0.0032748166681819896,5
mlp,97,606,0.7314547357098846,0.013328198469418831,0.002486765726657466,0.0032952282795578407,5
mlp,97,625,0.7326271497393285,0.013345795785457418,0.0024835019876990696,0.003315990282146878,5
mlp,97,644,0.7337864569574325,0.013361308844256157,0.002480319239613734,0.0033364899347267545,5
mlp,97,665,0.7350525150401663,0.013378133154497488,0.002477250045314745,0.003357961964737954,5
mlp,97,685,0.7362414678532396,0.013393865542588512,0.0024742839762058196,0.0033782316779644096,5
mlp,97,707,0.7375326681031446,0.013410379008552012,0.0024711679218513928,0.003400596611102069,5
mlp,97,729,0.7388110441224478,0.013427599008630615,0.002468581538149405,0.0034225318498356987,5
mlp,97,752,0.7401355374232345,0.013446183630499868,0.0024672315207850933,0.003445046087155711,5
mlp,97,776,0.7415061881411449,0.013465615644795722,0.0024668013881367756,0.003467897145305776,5
mlp,97,800,0.7428645447125858,0.013484596843021371,0.002466039958441549,0.0034906002642655803,5
mlp,97,825,0.7442695650624974,0.01350196344376657,0.0024655211387792685,0.0035139423783263966,5
mlp,97,851,0.7457191849327065,0.013520740221567736,0.002465308642696484,0.0035373334473895054,5
mlp,97,878,0.7472092744731584,0.013544223588088416,0.002465350271377722,0.0035608671901546335,5
mlp,97,906,0.7487382732660772,0.01357015903729093,0.002465494337915078,0.003585868358585863,5
mlp,97,934,0.7502531255157014,0.013594458127300271,0.002464876210185078,0.0036115812526375307,5
mlp,97,963,0.7518111540454825,0.01362034244667109,0.002464286129731974,0.003639611544797737,5
mlp,97,994,0.7534628200456274,0.013651025944554659,0.002464776813014257,0.003669007484379135,5
mlp,97,1025,0.7550996736855613,0.013684333696594856,0.0024657124675769595,0.0036986265483260486,5
mlp,97,1057,0.7567714240076651,0.013719718071068348,0.0024676813338625737,0.0037306741035211936,5
mlp,97,1090,0.7584773976672622,0.01375437228387273,0.0024701040463250674,0.0037641001681612556,5
mlp,97,1125,0.7602700915086361,0.013793963260302558,0.002473286080974799,0.003799560246279751,5
mlp,97,1160,0.7620472703827533,0.01383022088718241,0.0024757456375342278,0.00383475348175863,5
mlp,97,1197,0.7639039646307714,0.013870511072922073,0.0024795564036907015,0.0038715504476832976,5
mlp,97,1234,0.7657368361027223,0.0139116664153114,0.0024840773917198166,0.003907709068925595,5
mlp,97,1273,0.767644546390513,0.013959422055186016,0.0024899079642790034,0.003946170640449264,5
mlp,97,1313,0.769572813638952,0.014012657452366016,0.002496679103383159,0.003985786270505267,5
mlp,97,1354,0.771523305963942,0.014065980587238324,0.002504781771764792,0.004026866751700206,5
mlp,97,1397,0.7735401516090781,0.014127075060255298,0.002513956235955558,0.004069866781490501,5
mlp,97,1441,0.7755705328018945,0.01419468897296229,0.002523149118192022,0.004114298010794889,5
mlp,97,1486,0.7776139823206436,0.014259872651110075,0.0025342892444017175,0.004158185805263143,5
mlp,97,1533,0.7797121463490836,0.014327946336301418,0.002545747708112002,0.004204552176002931,5
mlp,97,1581,0.781818344934331,0.014397465517652044,0.002557219353368623,0.004253086506409538,5
mlp,97,1631,0.7839687793734146,0.014473132765542195,0.002568904933674428,0.00430248440166821,5
mlp,97,1682,0.7861181659021589,0.014552348916929988,0.0025812842329457847,0.004352696887327369,5
mlp,97,1735,0.7883073729173271,0.014635006762552416,0.0025955093164055478,0.004404263498593785,5
mlp,97,1789,0.7904956190715622,0.014715176651529058,0.002610822028513342,0.004455134274959083,5
mlp,97,1845,0.7927159137207533,0.0147966745480877,0.0026281953752529765,0.004506927698308832,5
mlp,97,1903,0.7949651813766992,0.014885910131970485,0.00264852685108627,0.004558334437554637,5
mlp,97,1963,0.7972413664249854,0.014972360363248975,0.002670575440876891,0.004609118362659434,5
mlp,97,2025,0.7995400382602925,0.015059485963775581,0.0026940314164972425,0.004661607718731118,5
mlp,97,2089,0.801851553894213,0.015151391520393121,0.0027182493370013264,0.00471575559377452,5
mlp,97,2154,0.8041360142265855,0.015248553429603191,0.0027424657934966568,0.004768942908231772,5
mlp,97,2222,0.8064615761121694,0.015339967412630055,0.0027677422827811866,0.004823877115423653,5
mlp,97,2292,0.8087882796156668,0.01541921668067864,0.0027963006254930725,0.004876948327426933,5
mlp,97,2364,0.8111165092009452,0.015487595989278463,0.0028279597857103025,0.004931803737355366,5
mlp,97,2438,0.8134364236365672,0.015548783546197495,0.002861124186060515,0.004988343497730185,5
mlp,97,2515,0.8157740674811151,0.015600260666135311,0.0028963646371046496,0.0050440178249312045,5
mlp,97,2594,0.81808404470862,0.015631594492907585,0.002932630765003084,0.005100440957083101,5
mlp,97,2675,0.8203707757176424,0.015636804493398663,0.002970566918177533,0.0051557684826814545,5
mlp,97,2759,0.8226554930672005,0.015617199997427002,0.0030094654663608334,0.005209636105172046,5
mlp,97,2846,0.824931371602141,0.015572188869434381,0.0030501821353326915,0.005261171366203516,5
mlp,97,2936,0.8271792862330847,0.01550436786350216,0.0030932910908078757,0.005311782378066829,5
mlp,97,3028,0.8293686369152337,0.015405774724698586,0.0031348164191707614,0.00535876866442847,5
mlp,97,3123,0.8315211043978856,0.015279064680522697,0.00317565693250669,0.0054022551798108215,5
mlp,97,3221,0.8336291530710026,0.015124251149785923,0.003217158160082208,0.005442616604204768,5
mlp,97,3323,0.8357115353946577,0.014937479088371355,0.003258956780908985,0.005478857884511994,5
mlp,97,3427,0.8377347508879778,0.014722387510547559,0.0032987151014527414,0.005513585418428482,5
mlp,97,3535,0.8397265286682447,0.014483508448584358,0.003338860868725517,0.005549138216801033,5
mlp,97,3646,0.8416547782858592,0.014225479192790463,0.0033800204374744335,0.005586601183987767,5
mlp,97,3760,0.8435288496705635,0.013936650220365018,0.0034218122727886977,0.005622555894172499,5
mlp,97,3879,0.8453746590488442,0.013634923948637205,0.0034650651819786403,0.005657362481521276,5
mlp,97,4000,0.8471480473393408,0.013325599943556981,0.0035077877393054242,0.005689095689776313,5
mlp,97,4126,0.8488747390261933,0.013009507260530215,0.0035475529411884573,0.005722069499342251,5
mlp,97,4256,0.8505469595124231,0.012687298675188712,0.0035851624361540185,0.005756990630718957,5
mlp,97,4390,0.8521625026200136,0.012360324948701186,0.003619148454210106,0.005791519200549622,5
mlp,97,4528,0.8537155515549865,0.012037155143840877,0.0036495402577929417,0.005822619718200028,5
mlp,97,4670,0.8552038605555469,0.011735740509138124,0.003675326299817061,0.005850787002617387,5
mlp,97,4817,0.8566405776699219,0.011474519541918929,0.003697218550009009,0.005874467455874978,5
mlp,97,4968,0.8580121760947617,0.011252588865441298,0.0037123044327178204,0.005894959510730219,5
mlp,97,5124,0.8593355602211427,0.011070642780312336,0.003724293524870816,0.005909211793177882,5
mlp,97,5285,0.8606010206240742,0.010923964361953383,0.0037366972296786365,0.0059206771951066635,5
mlp,97,5452,0.8618063513398038,0.010814947528665067,0.0037474308924615686,0.005927329187295231,5
mlp,97,5623,0.8629496456068042,0.010727006598503423,0.0037570273809080686,0.005932192226968492,5
mlp,97,5800,0.8640416304691367,0.010646513007666078,0.003766128044987364,0.005940189856916527,5
mlp,97,5982,0.8650850562755223,0.010567885844282901,0.003775217253766601,0.005948765240973762,5
mlp,97,6170,0.8661000085759417,0.010472909871267106,0.0037864688623789992,0.005959344482650013,5
mlp,97,6364,0.8670781522648359,0.010347055064119634,0.0037975697699393638,0.0059707593490573,5
mlp,97,6564,0.8680278347772061,0.010179187484709947,0.0038080497812092253,0.005986124342371871,5
mlp,97,6770,0.8689539527489396,0.009967853617974594,0.0038195220411584505,0.006007707452268233,5
mlp,97,6983,0.8698629268569814,0.009725664736764918,0.0038300496268537667,0.006031532703447741,5
mlp,97,7203,0.870747788458494,0.009452840601204411,0.0038424654346348014,0.0060572206062382335,5
mlp,97,7429,0.8716084038691626,0.009170056577830401,0.0038578219015458215,0.00608674548374984,5
mlp,97,7662,0.872442055536945,0.008878973349103276,0.0038767547426398438,0.006121271101292678,5
mlp,97,7903,0.8732509806971784,0.008591817333724607,0.0038969140425994695,0.006157217799639616,5
mlp,97,8152,0.8740268909617553,0.008308157715311775,0.003919782316723525,0.006192768416018252,5
mlp,97,8408,0.8747905222086384,0.008033278903499018,0.003941729246933133,0.006228205544892155,5
mlp,97,8672,0.8755412580265908,0.007759204359925186,0.0039609127359153005,0.006261619608501053,5
mlp,97,8945,0.8762806788880904,0.007497566051364685,0.003977008004510381,0.006294404297159781,5
mlp,97,9226,0.8770248669189196,0.007266552177957585,0.003991604508704614,0.006329857764362768,5
mlp,97,9516,0.8777960328093313,0.007068982135664335,0.004006193094304467,0.006367364807397658,5
mlp,97,9815,0.8786193770057455,0.006914477744454758,0.004023874058471678,0.006411239141738941,5
mlp,97,10124,0.8795126428773811,0.006802690549478846,0.004049145150307737,0.006465127509153569,5
mlp,97,10442,0.8804792546914613,0.006742424554876877,0.0040755317529025895,0.006518180838839515,5
mlp,97,10770,0.8815140988833852,0.006733884079131109,0.004100565885558917,0.006571185236182754,5
mlp,97,11109,0.8825954803685312,0.006759250198748363,0.004121406693735985,0.0066244217716200674,5
mlp,97,11458,0.8837039134135496,0.006815697851268347,0.00413751180846421,0.006682383726279752,5
mlp,97,11818,0.8848667395574861,0.006900100835700721,0.004148770469222958,0.006743083164423164,5
mlp,97,12189,0.8861153090196279,0.007008411466829028,0.0041453921892525315,0.0068003059451285435,5
mlp,97,12572,0.8874860988522613,0.007147118558610041,0.00413172707576735,0.006857444952723523,5
mlp,97,12968,0.889003386907828,0.0073286083885314365,0.004113134021277152,0.0069162117606505515,5
mlp,97,13375,0.8906824262528715,0.007540136306164269,0.004091334131281836,0.006975651170575098,5
mlp,97,13796,0.89252791767312,0.007784649553117747,0.0040619492409692155,0.007040879287864325,5
mlp,97,14229,0.8945600893759179,0.008042455322495532,0.004029654680031853,0.007109311934365777,5
mlp,97,14677,0.8967628778852074,0.008309473106847263,0.003993754582858394,0.007180864863497835,5
mlp,97,15138,0.8991607973246756,0.008553845465410059,0.003957939510086877,0.007248304885885615,5
mlp,97,15614,0.9017733448767103,0.008778345792203048,0.003922113029858756,0.007314020379225505,5
mlp,97,16104,0.9045971074411303,0.008965342568661331,0.003878101433888858,0.007378967956591343,5
mlp,97,16611,0.9076453705287617,0.009122344155712095,0.0038344499773190293,0.007443295801903843,5
mlp,97,17133,0.9108641004565884,0.009253936148403946,0.003790389961435793,0.007513854189382863,5
mlp,97,17671,0.9141938362322588,0.009351686574265827,0.003735190018635394,0.007590138024730209,5
mlp,97,18227,0.9174866607635497,0.009416971001623198,0.0036740034739697405,0.007651062383672944,5
mlp,97,18800,0.9205162505789823,0.00943604896410665,0.0036013722213546887,0.007702616709814663,5
mlp,97,19391,0.9230157695806342,0.009343861112013541,0.0035331014313691846,0.0077421371132494945,5
mlp,97,20000,0.9245479166072468,0.009106676033440972,0.003460928967161162,0.00776868461106761,5
mlp,113,1,0.0762749738727206,0.005245482075681236,0.000288135236119028,0.001346460854061689,5
mlp,113,2,0.14554209857870676,0.005954944316334033,0.0004482958553360066,0.0012779961274109585,5
mlp,113,3,0.2074259137707835,0.006358177112995257,0.0006177090898251344,0.0012348960344224238,5
mlp,113,4,0.26194459735449654,0.0063756884739686465,0.0007853481571138594,0.0011805853387070798,5
mlp,113,5,0.3095137425949431,0.00611624518078023,0.000953942086599276,0.0011094524328302186,5
mlp,113,6,0.3508112789373753,0.00600042034217138,0.001142056189793499,0.0010271512319968473,5
mlp,113,7,0.38664072809182837,0.005906164676501662,0.0013007927607462835,0.0009580909902492488,5
mlp,113,8,0.4176713156364058,0.005710411308151974,0.0014056508356136972,0.0008625090715412331,5
mlp,113,9,0.44464822713979346,0.005442435427997736,0.0014807588548117186,0.0008060185647910526,5
mlp,113,10,0.46811880760085095,0.005128604256482514,0.001515166874526801,0.0007856795556707056,5
mlp,113,11,0.48860816708955995,0.004905854510344347,0.0015262245634594129,0.0008021927534672508,5
mlp,113,12,0.5067059285051438,0.00476284969305852,0.0015205150333166208,0.000842974117142474,5
mlp,113,13,0.522754428428839,0.004666697133909805,0.0015517150869351988,0.0009123933881527614,5
mlp,113,14,0.5370613470991857,0.004598456119023475,0.001559194498819781,0.0009827284422438572,5
mlp,113,15,0.5499134215571511,0.004466974614884421,0.0015579839023069034,0.0010607485531879447,5
mlp,113,16,0.5615879680159843,0.004328450699368109,0.001566964251207523,0.0011261107540309178,5
mlp,113,17,0.5721487016117093,0.004210706068708177,0.001571721472000287,0.001196522483543004,5
mlp,113,18,0.5817113105877922,0.004078919109152938,0.0015714745348098685,0.0012711242864152496,5
mlp,113,19,0.5904383847965888,0.003962345539657458,0.0015622910416163412,0.0013419479966631212,5
mlp,113,20,0.59848732944127,0.0038298668121937228,0.0015466334975801493,0.0013923729984865328,5
mlp,113,21,0.6059241726084387,0.0037011709783369923,0.0015299346448939544,0.0014396470152089871,5
mlp,113,22,0.6128256049882287,0.003600357354956743,0.0015121123131476796,0.0014793037754921873,5
mlp,113,23,0.6192322673223277,0.0034948365449166126,0.0014926143381228467,0.0015105051531158712,5
mlp,113,24,0.625198330845735,0.0033830112193060377,0.0014677453885779646,0.0015477811303639241,5
mlp,113,25,0.6307549308747755,0.003266201526376243,0.0014293961190317934,0.0015898783127175672,5
mlp,113,26,0.6359553299648342,0.0031511377736536243,0.0013906944830454637,0.0016291428470093586,5
mlp,113,27,0.6408369730776112,0.0030264752673995077,0.001362324143922097,0.001670885109285351,5
mlp,113,28,0.6454223903887495,0.0029073163361023418,0.00133558602647579,0.0017122821837103441,5
mlp,113,29,0.6497069329756167,0.002797440313799162,0.001307432821868509,0.001741563590882243,5
mlp,113,30,0.653697329983029,0.0026987256209737034,0.0012701959363512513,0.0017627498975771323,5
mlp,113,31,0.6574225093318811,0.0026168769092407107,0.0012289494948131024,0.0017801903367626708,5
mlp,113,32,0.660915560474607,0.0025644271633568053,0.0011941391061225017,0.0017982329069828767,5
mlp,113,33,0.6642038061669174,0.002524771234652742,0.0011660591325767752,0.001815517814424731,5
mlp,113,34,0.6672934409712592,0.002484933874936962,0.0011440275494380115,0.0018314282181552653,5
mlp,113,35,0.6702069761437646,0.0024598654905234724,0.0011280159406544562,0.001848683969457775,5
mlp,113,36,0.6729407227578302,0.002428876150818148,0.0011168437193710221,0.001867012595063982,5
mlp,113,37,0.6755040819607037,0.0023931247715543225,0.0011032211849649645,0.0018824109186163073,5
mlp,113,39,0.6801941892947114,0.0023493810856210742,0.0010784280646143802,0.0019157153811314568,5
mlp,113,40,0.6823329346603904,0.0023527532353709722,0.001064610501559233,0.0019284807802571714,5
mlp,113,41,0.684351559305902,0.002357651684207273,0.001048763712451994,0.0019386926889570625,5
mlp,113,42,0.6862632898046968,0.002378054914325511,0.0010328163582963693,0.00194998151601118,5
mlp,113,44,0.6897605887032865,0.002452069644070999,0.001000289053811981,0.00197273555037378,5
mlp,113,45,0.6913649264265922,0.002512576612457453,0.000985958540658075,0.001986978860052393,5
mlp,113,46,0.6928869098003068,0.0025848303028703596,0.0009690844424630439,0.002001721402403503,5
mlp,113,48,0.6956854909836991,0.0027744685597116,0.0009363364733220005,0.002027419631803323,5
mlp,113,49,0.6969856035548103,0.0028893005554715733,0.0009223466074375859,0.0020375711204595618,5
mlp,113,51,0.6994107934208462,0.003128713000138636,0.000903350552251758,0.002047015284244838,5
mlp,113,53,0.7015763550426622,0.0033526051465521014,0.0008834047935556864,0.0020444713370852312,5
mlp,113,54,0.7025781730540516,0.003471567610016501,0.0008726658136854873,0.002042844111692337,5
mlp,113,56,0.7044275943670345,0.003727439184332567,0.0008479214826812842,0.002041989613406149,5
mlp,113,58,0.7060944201014465,0.004009606026036508,0.0008199103843151902,0.0020463841577051684,5
mlp,113,59,0.7068632104216563,0.00416244238455368,0.0008067597330074962,0.0020537682932196583,5
mlp,113,61,0.7082805106796053,0.004445883486307204,0.0007845082545658924,0.002074321226880102,5
mlp,113,63,0.7095399636205142,0.004720593825332637,0.0007693776507198765,0.0020963281777590845,5
mlp,113,65,0.71063543563321,0.005027293344557274,0.0007580378276524603,0.002123836053346453,5
mlp,113,67,0.7115550119286035,0.00533681345034039,0.0007564657481400668,0.0021543695479064075,5
mlp,113,69,0.7123072456792274,0.005656320652183312,0.0007553595335135593,0.0021825270163887025,5
mlp,113,72,0.713158665577583,0.006167501027629684,0.0007513858504879279,0.0022033803349249324,5
mlp,113,74,0.7135407745915049,0.006532441518100502,0.000752692856301365,0.002214293317715663,5
mlp,113,76,0.7137721529407637,0.006894719353249994,0.0007604108463558678,0.002226825436540106,5
mlp,113,79,0.7138104114507241,0.007426990854031744,0.0007599515265922521,0.002236915483889645,5
mlp,113,81,0.7136130856758538,0.007772100669501401,0.0007596551457969639,0.002238950013776162,5
mlp,113,84,0.7129765324243846,0.00826139915865714,0.0007577018252106001,0.002249462076350677,5
mlp,113,86,0.7122997352687654,0.008604255171358773,0.0007513011215172606,0.0022593098618387064,5
mlp,113,89,0.710915044638145,0.009132567903181904,0.0007299839840944821,0.002263681735924,5
mlp,113,92,0.7090921008266314,0.009613613344328127,0.000714092985169542,0.0022561489761654054,5
mlp,113,95,0.7068327686734296,0.01009543974603056,0.0007119012228670189,0.0022389047746639535,5
mlp,113,98,0.7041653410691082,0.010558605762389565,0.0007198069537941973,0.002217418988249803,5
mlp,113,101,0.7011151370903178,0.010978572809341695,0.0007270672979035385,0.0021921998368474786,5
mlp,113,104,0.6977093535902044,0.011378782076375741,0.0007301505425862558,0.0021719130820102126,5
mlp,113,107,0.6940243539459334,0.011751689749152137,0.0007287871816925041,0.002160860816420456,5
mlp,113,110,0.6901407756090343,0.012096736229238353,0.0007232454148891943,0.0021579063558281927,5
mlp,113,114,0.6847073423412586,0.012561746012407954,0.000716325269651248,0.0021663373240208327,5
mlp,113,117,0.6804949218565896,0.012889695757032088,0.0007245069317927252,0.002182325274964139,5
mlp,113,121,0.6747738614473278,0.013277039027848573,0.0007366998566067311,0.002217251898313174,5
mlp,113,125,0.6691333150213576,0.01367664673179394,0.0007397575971469908,0.0022690277513444427,5
mlp,113,129,0.6637507016515759,0.01401835509399728,0.0007378114525514476,0.002332502810688337,5
mlp,113,133,0.6587371149601198,0.0142362276906136,0.0007340700179275354,0.0023955035620227046,5
mlp,113,137,0.6542575620266778,0.014360860433932744,0.0007247717099343481,0.0024708778543037794,5
mlp,113,141,0.6504445136296498,0.014450076792745554,0.0006953215828557602,0.002541933751030452,5
mlp,113,146,0.6467561984637581,0.01457652963291008,0.0006363950810597497,0.0026290761543840313,5
mlp,113,150,0.6447216810244842,0.014604437794129952,0.0005839468327231364,0.002686222263180277,5
mlp,113,155,0.6432831158681862,0.014538497125173171,0.0005188843316860032,0.0027338647470602547,5
mlp,113,160,0.6430247801486665,0.0143916461764533,0.00046414372937276,0.00276855740439437,5
mlp,113,165,0.6438628501613681,0.01416648510176142,0.00041708475958808456,0.0027895949084681413,5
mlp,113,170,0.6456590210844384,0.013924481742502267,0.0003661102269591947,0.0027847119006931633,5
mlp,113,176,0.648850590955038,0.01362234712936872,0.0003109339348059409,0.002761636527738233,5
mlp,113,181,0.6521362536968831,0.013395075535675816,0.0002595363707167715,0.0027268730207717735,5
mlp,113,187,0.6565857055658497,0.013161548957973968,0.00020214377126368107,0.002662574659985735,5
mlp,113,193,0.6613165355683679,0.012931560117712756,0.00014489621791453433,0.002600364696250729,5
mlp,113,199,0.6661664200035111,0.01270961746982987,7.632491678784869e-05,0.002543049480755266,5
mlp,113,205,0.670985888401536,0.0124730784644102,2.5508603126904797e-06,0.002497788685415508,5
mlp,113,211,0.6756289071416377,0.012200639171430641,-6.81250509567465e-05,0.002472168892635585,5
mlp,113,218,0.6807331832283052,0.011858286046118636,-0.00014484270404047805,0.0024570774316392237,5
mlp,113,225,0.6854138109716251,0.011533927114462845,-0.00021357049370533302,0.0024503809622145956,5
mlp,113,232,0.6896238302609963,0.011232213845938348,-0.00027285741787915494,0.002447538668064819,5
mlp,113,239,0.6933795998197454,0.010953188778516055,-0.0003215608424146134,0.00245194217937702,5
mlp,113,247,0.6971617226826494,0.010655789414737712,-0.00037290446304312903,0.0024625041291317915,5
mlp,113,255,0.70046117489321,0.010380933474389141,-0.0004197400619271101,0.0024796458271261184,5
mlp,113,263,0.7033459092370197,0.010128784682762963,-0.00046506234091240294,0.002502380177704476,5
mlp,113,271,0.705870426610198,0.009915133385026743,-0.0005069701318868453,0.002523278308036064,5
mlp,113,279,0.7080946595139797,0.009730226746924586,-0.0005441656993360286,0.0025403519132225477,5
mlp,113,288,0.7103004526018956,0.009547061702195655,-0.000581640798906223,0.0025575898874179107,5
mlp,113,297,0.712248452555009,0.009388004449100118,-0.00061481969329026,0.002573042680452285,5
mlp,113,307,0.714173758583603,0.009238510806726878,-0.0006470899378635982,0.0025892434573449976,5
mlp,113,316,0.7157367804393611,0.009124142012350955,-0.0006736470997954834,0.0026019166006653292,5
mlp,113,326,0.7173194735566238,0.009012918331373087,-0.0007013539206740778,0.0026146404691154484,5
mlp,113,336,0.718768223030866,0.008914766466935573,-0.0007275753095809807,0.0026266875109473035,5
mlp,113,347,0.7202388823720389,0.008819725965380644,-0.0007539694913443785,0.0026391983053113115,5
mlp,113,358,0.7216074055242174,0.008733786468942005,-0.0007786261839275437,0.0026505558335509546,5
mlp,113,369,0.7228924881399943,0.008655743957879197,-0.0008014303254000887,0.0026610768804741806,5
mlp,113,381,0.7242117425730237,0.008578433211427126,-0.0008248648399806699,0.002672607135330604,5
mlp,113,393,0.7254603435420499,0.00851031542112075,-0.0008467329097792021,0.0026840736562848398,5
mlp,113,405,0.7266488607749121,0.008449434796901396,-0.0008672249367039187,0.0026953046650727563,5
mlp,113,418,0.7278773080312612,0.008388090284617247,-0.0008884116944061356,0.0027070733180458223,5
mlp,113,431,0.7290530035512347,0.008331806951421515,-0.0009086942160729812,0.002718356388949256,5
mlp,113,444,0.7301861918095909,0.008280016139594398,-0.0009281937260608658,0.002729792768977639,5
mlp,113,458,0.731365607571131,0.008229622834904325,-0.0009480135096775445,0.002742687260616418,5
mlp,113,473,0.7325862706946001,0.008181099327217377,-0.0009683233061592265,0.002756274999575508,5
mlp,113,488,0.7337676664191027,0.00813776663104091,-0.0009878465950401432,0.002769703730361917,5
mlp,113,503,0.7349156315391058,0.008096422017667257,-0.001006531054095147,0.0027829009554832906,5
mlp,113,519,0.7361107167554654,0.008053015784522322,-0.0010254467750671881,0.002796725420699005,5
mlp,113,535,0.7372773912391827,0.008013529585454336,-0.0010433963267828582,0.002810391477838971,5
mlp,113,552,0.7384894733668931,0.007975428995495535,-0.0010616990785000913,0.0028246992704535714,5
mlp,113,569,0.7396754153179812,0.007939132169752653,-0.0010793468262376552,0.002839089851888141,5
mlp,113,587,0.740905775710673,0.007902535680669629,-0.0010973864912275568,0.0028535955720199713,5
mlp,113,606,0.7421789337966048,0.007865066084961566,-0.0011153412188367304,0.002867626643620902,5
mlp,113,625,0.7434292372052702,0.007828396169930488,-0.001132834426767117,0.0028804955059504576,5
mlp,113,644,0.744659373642403,0.007792101282806985,-0.001150032147212669,0.00289288381930561,5
mlp,113,665,0.7460003372701317,0.007754746915928291,-0.0011684359980373507,0.002905864301684065,5
mlp,113,685,0.7472589294177101,0.007720710583854427,-0.0011857606393803409,0.002917722472223222,5
mlp,113,707,0.7486233612847133,0.007686524389629974,-0.0012046674246232482,0.002930363127717334,5
mlp,113,729,0.7499695112106027,0.007656272483997615,-0.0012234857251209358,0.0029432245875972837,5
mlp,113,752,0.7513604739085233,0.0076262174756674805,-0.0012428930802896709,0.002956987084597073,5
mlp,113,776,0.752796407012974,0.007594317831362712,-0.0012632031161271577,0.0029710061632077854,5
mlp,113,800,0.7542191570534609,0.007562064079483346,-0.0012837185209545888,0.002984631880093023,5
mlp,113,825,0.7556894362233911,0.007531405206296417,-0.0013051737768806735,0.0029980256465170128,5
mlp,113,851,0.7572035344074266,0.007501112915987105,-0.0013268494102781816,0.0030113387473752547,5
mlp,113,878,0.7587596572210709,0.007471887287058529,-0.0013493783163496546,0.0030243876352999154,5
mlp,113,906,0.7603572674369559,0.007442163218910897,-0.0013735104653544716,0.0030378127764906877,5
mlp,113,934,0.7619389935892031,0.007416050353008541,-0.0013980358434334567,0.0030504802183296794,5
mlp,113,963,0.763563656003976,0.007391007760075396,-0.0014227467590887653,0.003062680331552069,5
mlp,113,994,0.7652875674552617,0.007362737736465102,-0.0014487505108336132,0.0030746441688122607,5
mlp,113,1025,0.7669951894782777,0.007332392579637105,-0.0014742634541570069,0.0030855189997170142,5
mlp,113,1057,0.7687417839238815,0.007300137155429206,-0.001500313378924363,0.003096530950097886,5
mlp,113,1090,0.7705263643406562,0.007268001356541764,-0.0015272160742145413,0.003107266983604615,5
mlp,113,1125,0.7724001160267087,0.007236472733829687,-0.001555485642094533,0.003118388894476635,5
mlp,113,1160,0.7742559641651426,0.007204304579393715,-0.0015825727977346285,0.003128035835800071,5
mlp,113,1197,0.7762033284577415,0.00717178151425053,-0.0016103427036377048,0.0031372306831990307,5
mlp,113,1234,0.7781327104647525,0.007143672419848472,-0.0016369622155192366,0.0031451248109227808,5
mlp,113,1273,0.7801454015589936,0.00711370113634049,-0.0016647223450249934,0.0031529296445130988,5
mlp,113,1313,0.782185638212998,0.007082198676245945,-0.001692701531902092,0.003161224260767113,5
mlp,113,1354,0.7842525312460944,0.007047729369129023,-0.0017214786500869509,0.0031699747588921686,5
mlp,113,1397,0.7863966839380903,0.007015240444137377,-0.0017515658511324673,0.003179072831089198,5
mlp,113,1441,0.7885630895597224,0.006984047713358207,-0.0017817739625884434,0.003189436701750367,5
mlp,113,1486,0.790747171429193,0.006952730922715687,-0.0018118939772920617,0.0031990069959552847,5
mlp,113,1533,0.7929967477452304,0.0069234323751922,-0.001842240913919914,0.0032082072246255155,5
mlp,113,1581,0.7952549651958419,0.006895915578188599,-0.0018725216216645315,0.003218529089386406,5
mlp,113,1631,0.7975660702452266,0.006874444406189492,-0.0019044783748275924,0.003229976933596329,5
mlp,113,1682,0.7998790155183759,0.0068575503735971936,-0.0019365173762357995,0.003241578680071116,5
mlp,113,1735,0.8022359540879922,0.006843438951246895,-0.00196894074650841,0.0032538081657609436,5
mlp,113,1789,0.8045908009096638,0.006833244850132851,-0.0020013858376769188,0.0032666216959349368,5
mlp,113,1845,0.806979486186535,0.0068314330252650865,-0.0020346696250320567,0.0032794085298265135,5
mlp,113,1903,0.8093888780426491,0.006837407594426588,-0.0020672055224285643,0.0032932480183557864,5
mlp,113,1963,0.8118186371619149,0.006853170565068279,-0.0020987901939212485,0.0033062635604924483,5
mlp,113,2025,0.8142561192592426,0.00687360140339996,-0.0021313473441106926,0.003318154504565266,5
mlp,113,2089,0.816695056869351,0.006902906281167265,-0.0021646431219559314,0.003327673802805817,5
mlp,113,2154,0.819098661607488,0.0069395224368714896,-0.0021973680917764084,0.0033363879280714367,5
mlp,113,2222,0.8215407076161145,0.006993401941257771,-0.0022298077063313527,0.0033459652492298427,5
mlp,113,2292,0.8239794556597826,0.007047450212271089,-0.002260522913360726,0.0033564648604132645,5
mlp,113,2364,0.8264033268874081,0.007108987843160027,-0.002288536376094775,0.0033660087352707334,5
mlp,113,2438,0.8288055735118556,0.007172974941033453,-0.002315930185391934,0.0033758493542982984,5
mlp,113,2515,0.831220137734743,0.0072335160994769915,-0.0023440392375974313,0.0033858776987715942,5
mlp,113,2594,0.8336137641420294,0.007291576687178905,-0.0023705601465754227,0.003395161775230079,5
mlp,113,2675,0.8359791391354296,0.007342929164803643,-0.0023966375722285055,0.0034051600040002463,5
mlp,113,2759,0.8383429599242836,0.007396360586088888,-0.0024255359086340572,0.0034175255715993952,5
mlp,113,2846,0.8406905346896458,0.007454135928610426,-0.0024571563889297906,0.0034284870616195172,5
mlp,113,2936,0.8430135309107989,0.007514120950511075,-0.002489533035039145,0.0034390408024052924,5
mlp,113,3028,0.845280860456725,0.0075677131600376275,-0.0025217527637415938,0.003447564277421946,5
mlp,113,3123,0.8475078536316367,0.00761731013858117,-0.0025550595552033643,0.0034562504426543907,5
mlp,113,3221,0.8496901718949224,0.007660474055281521,-0.002589426149975043,0.0034655232978793166,5
mlp,113,3323,0.8518409161728563,0.007703672088855281,-0.0026262221823450645,0.00347365388163632,5
mlp,113,3427,0.8539102501786285,0.0077350020171762625,-0.0026629482449076185,0.0034789411781287714,5
mlp,113,3535,0.8559264116070272,0.007761140732066546,-0.0026987993591511493,0.003483428435091163,5
mlp,113,3646,0.8578625251596025,0.007789520169925164,-0.0027319589665612738,0.0034858733069101405,5
mlp,113,3760,0.8597246911575993,0.00781939694816206,-0.0027642239599061985,0.0034852046414370146,5
mlp,113,3879,0.8615400686740161,0.007851624129566977,-0.0027945675822731455,0.0034815076511978183,5
mlp,113,4000,0.8632617147284825,0.007883854301683545,-0.002824304639993204,0.003475038852693353,5
mlp,113,4126,0.864928661893152,0.007917320814451793,-0.002854960386894771,0.0034655495813851584,5
mlp,113,4256,0.8665186234830535,0.007965754655220878,-0.0028840306682632105,0.003456390832216308,5
mlp,113,4390,0.8680240922162088,0.008022734872098859,-0.002910853953673446,0.003445214546191554,5
mlp,113,4528,0.8694556902671989,0.008083608543459346,-0.0029395217008671556,0.0034322543339130405,5
mlp,113,4670,0.8708108321089124,0.008148756194595938,-0.0029702769072278866,0.0034192254222644427,5
mlp,113,4817,0.8720986128000302,0.00823318915908394,-0.0030015321189539946,0.0034070049435487057,5
mlp,113,4968,0.8733249364551121,0.008322273684782158,-0.003035975773543103,0.003395841846637358,5
mlp,113,5124,0.8744949689784741,0.008412144216222342,-0.003073272977913229,0.003384182252141066,5
mlp,113,5285,0.8756198631488527,0.008498451651756535,-0.0031152565807309436,0.003374689998123681,5
mlp,113,5452,0.8767048900568121,0.008598341494293083,-0.003157751832629411,0.0033673525009520447,5
mlp,113,5623,0.8777414520280278,0.008689481910795875,-0.003201782043413366,0.0033632136388353825,5
mlp,113,5800,0.8787460206297972,0.008777965717550698,-0.0032463768109750753,0.003365624766166179,5
mlp,113,5982,0.8797182344131146,0.008843473546766666,-0.0032901526307895198,0.0033714698866536713,5
mlp,113,6170,0.8806611827598501,0.008897012977563476,-0.003333513393717208,0.0033790253727080267,5
mlp,113,6364,0.8815632389701678,0.008926909581223982,-0.0033735963619520746,0.0033868382544793687,5
mlp,113,6564,0.8824236532590717,0.008933057657830248,-0.0034095411807149533,0.0033894964958344326,5
mlp,113,6770,0.8832551055242618,0.008921349043791653,-0.0034431779453920315,0.003392903926123042,5
mlp,113,6983,0.8840545948560822,0.008892975798274671,-0.003474079244673048,0.003396110819105286,5
mlp,113,7203,0.8848273972779783,0.008835350701244287,-0.0034995519070729723,0.0033956635017884044,5
mlp,113,7429,0.8855579120193097,0.008731917287026839,-0.0035241849323525234,0.00338966506696126,5
mlp,113,7662,0.8862731480473057,0.008603464257783671,-0.003550299023467759,0.0033769199545745938,5
mlp,113,7903,0.8869867836124519,0.008440146796086638,-0.0035758687293003834,0.003359450772777912,5
mlp,113,8152,0.8877161603628266,0.0082299847517332,-0.0035990161421777848,0.0033423494845812307,5
mlp,113,8408,0.8884630149067044,0.00801087214626904,-0.0036204553130033666,0.003326066103255132,5
mlp,113,8672,0.8892377833752734,0.007794681643464734,-0.0036406394646056827,0.003311113242594832,5
mlp,113,8945,0.8900338101175167,0.007595983679390465,-0.0036527589189627855,0.0033008612586176494,5
mlp,113,9226,0.8908490924300849,0.007425242884567056,-0.003653340587589887,0.0032943368812451417,5
mlp,113,9516,0.8917000780656099,0.0073113734337374985,-0.003645438875176565,0.003294718595000383,5
mlp,113,9815,0.8925851485116614,0.007245654272894792,-0.003626987802891216,0.003303987461740873,5
mlp,113,10124,0.8935200636259386,0.007240497667853349,-0.0035982490191579556,0.0033202896776979925,5
mlp,113,10442,0.8945017869166779,0.007306066865302822,-0.003560413391311564,0.003342548091732166,5
mlp,113,10770,0.8955349420583307,0.007436792296060525,-0.0035167913624190835,0.003368342437309205,5
mlp,113,11109,0.8966273290984106,0.007626015875098239,-0.0034700961278763057,0.003395921810451949,5
mlp,113,11458,0.8977780683890924,0.007858258070998372,-0.0034180409188218895,0.003428180574182191,5
mlp,113,11818,0.8989809436690169,0.008116475343862388,-0.003365153306294814,0.0034617414736136565,5
mlp,113,12189,0.9002498785767262,0.00838021243446998,-0.0033130244305413573,0.003493822597958414,5
mlp,113,12572,0.9015899944439958,0.008645710527406288,-0.0032614021729336943,0.0035225451550590947,5
mlp,113,12968,0.9030267609805254,0.008905278178104136,-0.003216410087042573,0.0035512072186022594,5
mlp,113,13375,0.9045814940524443,0.009137785916427315,-0.0031768596927131626,0.003578057540502488,5
mlp,113,13796,0.9062852077893007,0.00933122404566469,-0.003148822897283159,0.003607477183759391,5
mlp,113,14229,0.9081610760519384,0.009482142543236656,-0.0031302088570407762,0.003634814741473995,5
mlp,113,14677,0.9102369224904863,0.009607629608336459,-0.0031240630753471147,0.0036621220959016025,5
mlp,113,15138,0.912518903464392,0.00971776030942908,-0.003121620609997386,0.003690890668345732,5
mlp,113,15614,0.9150225890315997,0.009811014250888872,-0.0031209937739270213,0.003711363099518662,5
mlp,113,16104,0.9177367493628991,0.009880189442469468,-0.0031175408099939966,0.0037309951921191517,5
mlp,113,16611,0.9205917966824877,0.009907708332770169,-0.0031155658937231075,0.003748614842101174,5
mlp,113,17133,0.9235254873614831,0.009940660680979338,-0.0031112438081892574,0.0037539386314290814,5
mlp,113,17671,0.9264362419083753,0.009954982889720507,-0.0031095993037362464,0.0037546160125581513,5
mlp,113,18227,0.9292167772257296,0.009971873732383165,-0.0031108995664486014,0.003743880457236642,5
mlp,113,18800,0.93166721834254,0.010055206759526503,-0.00311369556448207,0.003728686719818925,5
mlp,113,19391,0.9335214954945144,0.010330498329420724,-0.0031221830185231996,0.003709247185907678,5
mlp,113,20000,0.9344113036909363,0.011029474360198795,-0.00313514632993664,0.0036933304354097025,5
transformer,79,1,0.03391781351119677,0.00853304247814531,-0.0005016058610823962,0.001724454978268456,5
transformer,79,2,0.061197076272047145,0.008319697499264889,-2.9571089588075523e-05,0.0022590807588264658,5
transformer,79,3,0.08893843828686585,0.009412893563756906,0.000259022469439889,0.0024284515934200612,5
transformer,79,4,0.11501598094378873,0.008455216769984017,0.00011760099629493444,0.0022640499278872715,5
transformer,79,5,0.1405821231903015,0.00862883042830097,-0.000297124751679012,0.0020175438734053946,5
transformer,79,6,0.16531755109145374,0.009655053828665112,-0.0006702933072007868,0.0016056158811698332,5
transformer,79,7,0.189218249441288,0.010053973336364291,-0.0008254782343748511,0.0014611113665305394,5
transformer,79,8,0.213030259993903,0.009637659004863935,-0.0009272608119632356,0.0015538634456228571,5
transformer,79,9,0.2371038163842055,0.01049926249197249,-0.001049181115066789,0.0018959561221581452,5
transformer,79,10,0.2610262415735657,0.011758625556189459,-0.0009322332763251728,0.002076585120598359,5
transformer,79,11,0.283870608188679,0.012550511247310117,-0.0006606570337043449,0.0021382223847513783,5
transformer,79,12,0.3060096614662235,0.012950431995372666,-0.0005528519072040945,0.001972184462805368,5
transformer,79,13,0.32756034338641715,0.013001641451273173,-0.0006084050508492593,0.0019172754572085772,5
transformer,79,14,0.3477400900197892,0.01275720489518651,-0.0006755880557785114,0.00185183255382466,5
transformer,79,15,0.36690250826179965,0.012390298009887335,-0.000813840499920537,0.0018485898083192614,5
transformer,79,16,0.385829362057867,0.011873713326961568,-0.0008674720333970619,0.0016857719695997355,5
transformer,79,17,0.40394408271232596,0.011707166235364583,-0.0009401893376560754,0.0015408763984386935,5
transformer,79,18,0.4211295369436362,0.011964844504498468,-0.000981124785798585,0.0014941455225177002,5
transformer,79,19,0.43744120972033596,0.012247347387109276,-0.001034409806712909,0.001369778540427296,5
transformer,79,20,0.4530446791316418,0.012576992603280303,-0.0010275626761605298,0.0011657577692127691,5
transformer,79,21,0.4680183709313428,0.012697694704512614,-0.0010160956393337286,0.0010389156464782432,5
transformer,79,22,0.4825040236961818,0.012645350387008186,-0.0010117406507489592,0.0009913364048725313,5
transformer,79,23,0.49668845504232867,0.012620122265466778,-0.0009390479447233887,0.000913044303784942,5
transformer,79,24,0.5102180147915886,0.012724153723948094,-0.0008376744773505517,0.0007539892009055587,5
transformer,79,25,0.5231735280694966,0.012843163728430848,-0.0007046762315788511,0.0006275784099250991,5
transformer,79,26,0.5355168108999706,0.013038562757780463,-0.0005863201367413068,0.0005140778761398616,5
transformer,79,27,0.5473740009566999,0.013189374400579988,-0.0005250693819266052,0.00043375979276786224,5
transformer,79,28,0.5588109232788232,0.013359030550957008,-0.00045807801840070425,0.0004199030816590362,5
transformer,79,29,0.5697370085013406,0.013491166173402786,-0.00038985106196973997,0.00045009589817073794,5
transformer,79,30,0.580191217663046,0.013600452079409206,-0.0003382429127456962,0.0005236277352965177,5
transformer,79,31,0.5899522333858142,0.013798411325823932,-0.00030493223233695024,0.0006082552204033305,5
transformer,79,32,0.598942708371174,0.014078162356620667,-0.0002807452472633735,0.0006859540203823894,5
transformer,79,33,0.6071131881207945,0.014626558775419041,-0.000257524599749899,0.0007597539774033745,5
transformer,79,34,0.6144896827436565,0.015476879086194816,-0.00021525265656107336,0.0008302230711095869,5
transformer,79,35,0.6211603064847333,0.016726769036908177,-0.00015516827652307968,0.000928045302771435,5
transformer,79,36,0.626999764793616,0.01843055810887996,-9.628869544004736e-05,0.001027575130054009,5
transformer,79,37,0.6318800534740088,0.020663796566603103,-4.705604825464616e-05,0.001114571047214595,5
transformer,79,39,0.6385799320735036,0.027200686020557762,6.842143604989159e-05,0.001344604503530552,5
transformer,79,40,0.6404133746047813,0.03157740942050544,0.00014536231938077037,0.0014954837350843032,5
transformer,79,41,0.6411742625900372,0.03666579601174038,0.0002311099616517219,0.0016696989194606429,5
transformer,79,42,0.6407305425617589,0.042529124538918786,0.00033336710748662105,0.0018623512147473331,5
transformer,79,44,0.6368204143242325,0.056469438768731846,0.000547058254327305,0.00230831957344795,5
transformer,79,45,0.6334275509713642,0.06447666233343546,0.0006597959629021882,0.0025432481091232505,5
transformer,79,46,0.6291956371958726,0.07289654421873747,0.0007548957105254397,0.0027851652239546994,5
transformer,79,48,0.6183217929982909,0.08995822767578299,0.0009273207871137744,0.0033027823717860856,5
transformer,79,49,0.6119999357700894,0.09791756455223526,0.000997445521046705,0.003545089327921243,5
transformer,79,51,0.5981369387498813,0.11150773957446665,0.001082865917338837,0.004012160707450219,5
transformer,79,53,0.5834742081644759,0.12109698467814707,0.001098550065202248,0.004472178523711813,5
transformer,79,54,0.5762783011184744,0.12395778603247207,0.0010790294947374533,0.004703091528572878,5
transformer,79,56,0.562684621768188,0.12610554848690622,0.0010100233371155116,0.0051210377752922325,5
transformer,79,58,0.5509331133454584,0.12462434610154581,0.0009002208840907444,0.005462245911407345,5
transformer,79,59,0.5456577483981231,0.12328891429488847,0.0008358011773284066,0.005606876828442069,5
transformer,79,61,0.5374073249696681,0.12010448603642367,0.000712158945141311,0.005845887804250846,5
transformer,79,63,0.5310362616110559,0.11768384449699458,0.0006010657258822064,0.006081613802157785,5
transformer,79,65,0.5266296363473019,0.11633388691419436,0.0005069464406436679,0.006368893409718677,5
transformer,79,67,0.5236526248716297,0.11548603231341882,0.0004161664372116571,0.006677577903934217,5
transformer,79,69,0.5215725385298756,0.11483318170239694,0.0003554577402720789,0.007008660588093752,5
transformer,79,72,0.5194889241960461,0.11398556160562309,0.0002937464473476554,0.007565846778122798,5
transformer,79,74,0.5188038991459314,0.11326765748851401,0.0002691404935507402,0.007956922734311244,5
transformer,79,76,0.5186734429377359,0.11227790954869495,0.0002275278823206127,0.008334484081025747,5
transformer,79,79,0.5189225922921679,0.1104529375110777,0.00019891485759652403,0.00882124401805661,5
transformer,79,81,0.5195272953965225,0.10884685805601384,0.0001767501245201135,0.009092250847586691,5
transformer,79,84,0.5208568414295911,0.1060562647531984,0.00019731628733098036,0.009474725357276845,5
transformer,79,86,0.522042772530123,0.10403610362466684,0.00023713903182942704,0.009701481974457235,5
transformer,79,89,0.524080969170269,0.10097963102840869,0.00028993530627638225,0.010030983722182302,5
transformer,79,92,0.5263553602774789,0.0979947242443895,0.0003684859380471608,0.010310606091479046,5
transformer,79,95,0.528833032184292,0.09527618126545473,0.0004564243944346812,0.010552829114597144,5
transformer,79,98,0.5314372318134687,0.09293507605958753,0.0005432339342479695,0.010755767753377676,5
transformer,79,101,0.5341337798907432,0.09092757880581247,0.000619125783609751,0.010924535568462632,5
transformer,79,104,0.5367861965746054,0.08919459906368053,0.0006767319287240611,0.011066114873943935,5
transformer,79,107,0.5393077506634059,0.08766270084620109,0.0007198417558072851,0.011178953408864151,5
transformer,79,110,0.5416652905646491,0.08632468584417821,0.000747150535145959,0.011272794399696872,5
transformer,79,114,0.5444837070949172,0.08480377737183672,0.0007555819108474935,0.011364566006633492,5
transformer,79,117,0.5463582305170787,0.08382613965464392,0.0007602237346195112,0.01140611144714738,5
transformer,79,121,0.548509883934853,0.08274142532354516,0.0007494608252007061,0.011455754561200869,5
transformer,79,125,0.5502766856536938,0.08187966071673335,0.0007456174094762253,0.011489435900181633,5
transformer,79,129,0.5516967209100905,0.0812068996715139,0.0007344781725773183,0.011519385756637942,5
transformer,79,133,0.5528365442268994,0.08068332558511825,0.000725690190857373,0.011540320596295398,5
transformer,79,137,0.553764123579304,0.08026522229667273,0.0007159790689873901,0.011557016360417904,5
transformer,79,141,0.5545214525769122,0.07992750405174102,0.0007050954905957433,0.01157008264829906,5
transformer,79,146,0.5552974536579307,0.07958252004057262,0.00069191010246028,0.011582918106536961,5
transformer,79,150,0.5558231672213539,0.0793513051884086,0.0006824159816276335,0.011589322795226528,5
transformer,79,155,0.5563996932912236,0.07910047233476479,0.0006718184519131587,0.011595375791659495,5
transformer,79,160,0.5569100662631999,0.07887796802121105,0.0006611990807267896,0.0116000816200925,5
transformer,79,165,0.5573803448494526,0.07867106305058692,0.0006516535251166421,0.01160333069077404,5
transformer,79,170,0.557825348987814,0.07847367182958055,0.0006433203205666694,0.011605682710815336,5
transformer,79,176,0.5583328218459769,0.07824519039720741,0.0006338672928264202,0.01160795553238684,5
transformer,79,181,0.5587401810925684,0.07805761517233042,0.0006268178752685237,0.011609636217330558,5
transformer,79,187,0.5592192885230542,0.0778341964200827,0.0006186371728327068,0.011611031690831473,5
transformer,79,193,0.5596934949423932,0.07761144169745697,0.0006109761977164046,0.011612512997679693,5
transformer,79,199,0.560162851514218,0.07738830026698154,0.0006033783942043111,0.011614319197470371,5
transformer,79,205,0.5606268491229948,0.07716513794272446,0.0005960031390412374,0.011616008757999851,5
transformer,79,211,0.5610886539109851,0.07694193864363073,0.0005889322890444568,0.011618196758186476,5
transformer,79,218,0.5616271180227959,0.07667969946303335,0.000580997727302484,0.011620620118042182,5
transformer,79,225,0.5621639857787055,0.07641611697168926,0.0005733318669784392,0.01162277100575562,5
transformer,79,232,0.5626988261090542,0.07615171953038706,0.0005657515937882191,0.011624651448207917,5
transformer,79,239,0.5632324363857505,0.07588727341428286,0.0005583621861600951,0.011626612646599836,5
transformer,79,247,0.5638432569763895,0.0755832767394632,0.0005496134885786697,0.011627638922853087,5
transformer,79,255,0.5644518200588065,0.07527717460262821,0.0005408690370140724,0.011628056816252919,5
transformer,79,263,0.565058711074684,0.07497003473317747,0.0005321150256062483,0.011627688105041707,5
transformer,79,271,0.5656662765770017,0.07466126568080537,0.0005233832518883975,0.01162686695734143,5
transformer,79,279,0.566269606552997,0.07435106784060828,0.0005148344170976396,0.011625931543183029,5
transformer,79,288,0.5669487424803176,0.07400184707743719,0.0005046054295873264,0.011624027477129477,5
transformer,79,297,0.5676254800193073,0.07365510950615885,0.000494325794473547,0.011622201790527812,5
transformer,79,307,0.5683738999444419,0.07327106289143981,0.00048404917314322574,0.01162073819149193,5
transformer,79,316,0.5690480367504565,0.07292644950973012,0.0004749294982537497,0.011618872783514877,5
transformer,79,326,0.5697958008063899,0.07254013277790007,0.0004654899582156247,0.011617372211625924,5
transformer,79,336,0.5705347163008897,0.0721530993063113,0.00045671647201725137,0.011615855071398456,5
transformer,79,347,0.571345192811485,0.07172758495798745,0.00044682325355284853,0.011612792519148103,5
transformer,79,358,0.5721540104575847,0.07130661351144559,0.00043714687136871337,0.011609508812512763,5
transformer,79,369,0.5729635106421231,0.07088952347558654,0.0004275884421060368,0.011605418872729884,5
transformer,79,381,0.5738450393705838,0.07043704966828211,0.0004174368663999919,0.011600156819802086,5
transformer,79,393,0.5747298854366107,0.06998296891800256,0.0004074707970157489,0.011593447545184918,5
transformer,79,405,0.5756082495806745,0.06953111777191007,0.0003977534104990285,0.011586995872712174,5
transformer,79,418,0.5765558766724815,0.06904672630554612,0.00038812549256948755,0.011580556881930552,5
transformer,79,431,0.5775014001731629,0.06856416641650658,0.0003795538757137056,0.011573116991452465,5
transformer,79,444,0.578442477052639,0.0680852463150785,0.0003712868781013144,0.01156563804626999,5
transformer,79,458,0.5794574832818011,0.06757356088167596,0.0003630276019226084,0.011556905439648137,5
transformer,79,473,0.5805507970320989,0.06702860012746162,0.00035558544946458806,0.01154731442636586,5
transformer,79,488,0.5816481617613677,0.0664843247552486,0.0003488260016758983,0.011536686187378322,5
transformer,79,503,0.5827490771270762,0.06594141524376232,0.0003429137237040105,0.01152595494730861,5
transformer,79,519,0.5839287130076085,0.06536594759913901,0.0003376429929377478,0.011514104002396887,5
transformer,79,535,0.5851154012740934,0.06479508153119652,0.0003325533333090526,0.0115013071517329,5
transformer,79,552,0.5863836239697798,0.06419439925918943,0.0003275625861546616,0.011487995168797246,5
transformer,79,569,0.5876525640036039,0.06360148398733545,0.00032336593622514753,0.011475856199605864,5
transformer,79,587,0.5889992776352381,0.06297803615226684,0.00031955375423695575,0.01146155608861511,5
transformer,79,606,0.590423148634044,0.06232435815638366,0.000316965077592039,0.011445220834613287,5
transformer,79,625,0.5918543706686406,0.061673233543153114,0.00031693175138505677,0.01142932644434018,5
transformer,79,644,0.5932952894883334,0.06102288659685723,0.00031703470834498136,0.011413099726281278,5
transformer,79,665,0.594902626629791,0.060303915921339886,0.000318310964267347,0.011394969590139041,5
transformer,79,685,0.5964418451851939,0.0596296268131167,0.0003195272541070569,0.011377759077251113,5
transformer,79,707,0.5981467773915998,0.05889211749026316,0.00032246208544054605,0.011360449698376499,5
transformer,79,729,0.5998653026127752,0.05815337017471069,0.00032714574034168264,0.011345027428258431,5
transformer,79,752,0.6016775762370414,0.05738294280650577,0.0003332873519575837,0.011329185482917345,5
transformer,79,776,0.60359139164415,0.05658324552165664,0.0003408570788288164,0.0113131587601298,5
transformer,79,800,0.6055332734770451,0.05578150999999731,0.0003488658648772267,0.011298473216576664,5
transformer,79,825,0.6075830331741763,0.054946566260953116,0.00035746327076372625,0.011280171044776395,5
transformer,79,851,0.6097326574856459,0.0540798493969892,0.00036734049625679473,0.011262905724813251,5
transformer,79,878,0.6119797009006913,0.05317790523882643,0.00037921404467458516,0.011245638286737874,5
transformer,79,906,0.6143284767549606,0.052235281265874636,0.0003925850657661947,0.011230186109572866,5
transformer,79,934,0.61669306935562,0.05129209219874031,0.0004058083041176434,0.011214842182253756,5
transformer,79,963,0.619152151941398,0.05032028025618307,0.00042069814655913836,0.011202796263189206,5
transformer,79,994,0.6218082106540016,0.04928069004023569,0.0004345359431864721,0.011187472391025063,5
transformer,79,1025,0.624495429571328,0.048247935704101956,0.0004500368606285679,0.011171854568399553,5
transformer,79,1057,0.6272857446746037,0.04718213847449379,0.00046734231941460147,0.011152491329311578,5
transformer,79,1090,0.6301885646280707,0.0461004328284212,0.0004878363201460234,0.01113349036065013,5
transformer,79,1125,0.6333177514097125,0.0449758376736883,0.0005050479874027184,0.011110130236549914,5
transformer,79,1160,0.6364737778690082,0.043870664614921895,0.0005276731023848618,0.011094219924777866,5
transformer,79,1197,0.6398235505606659,0.04272910987182192,0.0005526016358866487,0.011080944752480252,5
transformer,79,1234,0.6432040061006778,0.041622746700026615,0.0005790218272246451,0.011065473329439812,5
transformer,79,1273,0.6467908229027686,0.040510899498100675,0.0006077457413856676,0.011048296344322337,5
transformer,79,1313,0.6504819896881806,0.03942742901669937,0.0006375606555488109,0.011034169665957896,5
transformer,79,1354,0.6542830156827371,0.03838549883981244,0.0006678906856484517,0.011015691817838489,5
transformer,79,1397,0.658278364404898,0.03735812328703148,0.0007007859734380138,0.010996817358744847,5
transformer,79,1441,0.6623891082002682,0.036380713951273826,0.0007371614353476,0.010978397667350221,5
transformer,79,1486,0.6665985851756385,0.03546928631893126,0.0007735529046413263,0.010957256004836368,5
transformer,79,1533,0.6709978358727811,0.03462128391074794,0.0008095651646070938,0.010934035139809988,5
transformer,79,1581,0.6754717627934682,0.033873356384705386,0.0008454995956201459,0.010911822386688242,5
transformer,79,1631,0.680099391564361,0.03322367920577153,0.0008781054143094265,0.010881918296278754,5
transformer,79,1682,0.6847766456634712,0.03269252250768566,0.000909369248384162,0.010850046791630714,5
transformer,79,1735,0.6895671197779405,0.032271083462602,0.0009383207291801335,0.01081703423245921,5
transformer,79,1789,0.6943594008661418,0.031967392714134554,0.0009641472388285877,0.010782103060399284,5
transformer,79,1845,0.6992308053184397,0.03178864693700157,0.000988861256508302,0.010747504601406593,5
transformer,79,1903,0.704168372878452,0.03173356187024183,0.0010098404240771054,0.010713461582747243,5
transformer,79,1963,0.7091359872538758,0.031805436526158415,0.0010289137533246108,0.010680664543674025,5
transformer,79,2025,0.7141308552573572,0.03199228305183129,0.001042108130501828,0.0106515689966757,5
transformer,79,2089,0.7191507145600935,0.03227384627493213,0.0010485814005664913,0.010624742740840395,5
transformer,79,2154,0.7240945257756171,0.03263887841873852,0.0010426712486340142,0.010601062207703307,5
transformer,79,2222,0.729104839453413,0.03307595856799979,0.0010320583105878668,0.010589768846461293,5
transformer,79,2292,0.7341265748420813,0.03358335108899306,0.0010191969335482027,0.010587962629747837,5
transformer,79,2364,0.7391607377048957,0.03413605404617473,0.0009991729339152982,0.010594279944546276,5
transformer,79,2438,0.7441825301841632,0.03472746259613204,0.0009775081503235721,0.010611662778181409,5
transformer,79,2515,0.7492848593515722,0.03536624129099136,0.0009565728166830625,0.010639133003397026,5
transformer,79,2594,0.754385772627908,0.03602899798856511,0.0009410700733769393,0.010674782656005322,5
transformer,79,2675,0.759458702936216,0.0367269497373634,0.0009348014140576854,0.01071968494052621,5
transformer,79,2759,0.7645898233747949,0.03745078059529509,0.0009312952430867799,0.01077239989904188,5
transformer,79,2846,0.7697345757419729,0.03819241250869373,0.0009327819933749274,0.010836493985275072,5
transformer,79,2936,0.7749172500641375,0.03894487513654552,0.0009400637033601042,0.010909952612526787,5
transformer,79,3028,0.7800339834623291,0.03969672895504899,0.000952155355808473,0.010985003241848144,5
transformer,79,3123,0.7851212687743929,0.04044999785380962,0.0009688005362659357,0.011064190343921785,5
transformer,79,3221,0.7901713181745154,0.041195698561101037,0.0009902874563893407,0.011144670376417223,5
transformer,79,3323,0.7952185941184431,0.04192822161839882,0.0010164018231679623,0.011230892758271237,5
transformer,79,3427,0.8001400641420855,0.042641158079149255,0.0010431238479787688,0.011314508252022923,5
transformer,79,3535,0.805013969511276,0.043325582807296474,0.0010756244413471952,0.011400597961117755,5
transformer,79,3646,0.8097806165243282,0.04396740518124135,0.001108513870254437,0.011485340194215307,5
transformer,79,3760,0.8144125585348189,0.04457005904387565,0.0011418140670421653,0.011566707836627922,5
transformer,79,3879,0.8189574237433235,0.04513110296593699,0.0011793804319282144,0.011652317613120739,5
transformer,79,4000,0.8232742552965643,0.04562797531133139,0.0012160129781633052,0.01173434487928965,5
transformer,79,4126,0.8274860479189574,0.04604676278312936,0.0012457127051916418,0.011815124534285728,5
transformer,79,4256,0.8314731062727423,0.04640517810558356,0.0012687003290298808,0.011891598210141614,5
transformer,79,4390,0.8352661730691681,0.04670726110323775,0.0012920273770751327,0.0119674663725951,5
transformer,79,4528,0.8388328509807959,0.04693706185360672,0.0013095617836651446,0.012040548549838766,5
transformer,79,4670,0.8421111555331379,0.04709066060876934,0.0013155543367264527,0.01209974016451848,5
transformer,79,4817,0.8452321640191292,0.0471712426348957,0.0013118103118883906,0.0121575194122036,5
transformer,79,4968,0.8480692056861765,0.04720700633324631,0.0013026745866689248,0.012218472158406029,5
transformer,79,5124,0.8506748396905323,0.04720190273675125,0.0012847906103187101,0.012278622694435751,5
transformer,79,5285,0.8530594492623287,0.047163534098728456,0.0012561810581105438,0.012335686048765232,5
transformer,79,5452,0.8551674919178305,0.04711919956399755,0.0012209837231283258,0.012384864225361211,5
transformer,79,5623,0.857018954490546,0.04706779199024546,0.0011855279229936288,0.0124334651362365,5
transformer,79,5800,0.858658325951845,0.047024803346191024,0.001146850313841511,0.01248312943619763,5
transformer,79,5982,0.8601010536716501,0.047004556115830085,0.0011075102977466098,0.012534958413200209,5
transformer,79,6170,0.8613262917877224,0.04702179562732411,0.0010589598906333858,0.012583889432181302,5
transformer,79,6364,0.8623168768008656,0.047077989772896636,0.0009964581852074075,0.012623302730259455,5
transformer,79,6564,0.863114991963273,0.04716798287253656,0.0009270793342122344,0.012655307504315894,5
transformer,79,6770,0.8636980717222531,0.047305056309939135,0.0008510920843617667,0.012677565673963045,5
transformer,79,6983,0.8640939452223828,0.047487296621619,0.0007752526402199859,0.012696614805246422,5
transformer,79,7203,0.8642682606296548,0.04770576590343933,0.0006985810659516044,0.01270646364326702,5
transformer,79,7429,0.8643119441448404,0.0479557752520059,0.0006234625204903047,0.01271230744537067,5
transformer,79,7662,0.8640750718905936,0.048242472831067015,0.0005459151420554833,0.012706764589141143,5
transformer,79,7903,0.8636319628546879,0.04852999921002872,0.00045672451619891243,0.012684986664110658,5
transformer,79,8152,0.8631774202783399,0.04883402032834703,0.0003744108231198789,0.01266718025585433,5
transformer,79,8408,0.8626884093493057,0.04912788068155945,0.0002946448000628859,0.012642832019088604,5
transformer,79,8672,0.8621766417291565,0.04940204942529136,0.00021993448521773033,0.012616187406711096,5
transformer,79,8945,0.8616468990549666,0.049655282036484685,0.00015505923295990493,0.012598908021267766,5
transformer,79,9226,0.8611313790497608,0.049901763258202524,9.14044212424029e-05,0.012592678351250013,5
transformer,79,9516,0.8606803132176492,0.05009905768319374,3.0247569534746015e-05,0.01258989949407949,5
transformer,79,9815,0.8602950916386203,0.0502888680338339,-1.988114510800207e-05,0.012594980025856305,5
transformer,79,10124,0.8599780348190322,0.05043127379756591,-6.850501107108289e-05,0.012613797136586877,5
transformer,79,10442,0.8597589113969265,0.05055066779621951,-0.0001066189037996549,0.012637436950229971,5
transformer,79,10770,0.8597030213634979,0.050665529313965105,-0.00015365780849335432,0.012667189591687745,5
transformer,79,11109,0.8597709799047625,0.05071440012935932,-0.00018949524466574906,0.012704852252592765,5
transformer,79,11458,0.8599902319663248,0.05078278670129211,-0.00021780466412760804,0.01274835525104344,5
transformer,79,11818,0.860352276463713,0.05081461054335278,-0.00024656460486757704,0.012789353575535616,5
transformer,79,12189,0.8608801588728685,0.05083505998564965,-0.0002653407281425435,0.012845896871780685,5
transformer,79,12572,0.8615747634274239,0.05082270275382125,-0.00026773880906166,0.012917112537154404,5
transformer,79,12968,0.8623417937435907,0.05081843617254846,-0.0002788054853484614,0.012960962950811472,5
transformer,79,13375,0.8632097634025861,0.05080056125199014,-0.0002706070876831647,0.01298020249203603,5
transformer,79,13796,0.8638745288660605,0.050840610917893936,-0.00024857960818498,0.012986877158022166,5
transformer,79,14229,0.8635300431020319,0.05082329348239352,-0.00019609670108764328,0.01300765438549611,5
transformer,79,14677,0.857795350927384,0.050616069269214255,-0.00012173204742518575,0.012917816147675199,5
transformer,79,15138,0.8184030420978946,0.06660165236179531,-0.0006890302882957555,0.012584670991564377,5
transformer,79,15614,0.8596511850782125,0.013538166262568771,0.0012013482279216575,0.013093155119864332,5
transformer,79,16104,0.8461069435452655,0.017853269743675244,0.0006164581236000252,0.013766910800172592,5
transformer,79,16611,0.8290006923575687,0.04257478484987154,-0.0003063098131924083,0.013503016766870986,5
transformer,79,17133,0.8217844977486699,0.0478709040275285,-0.0003724673456701244,0.013381854118438485,5
transformer,79,17671,0.8199852345009863,0.044916022483733165,-0.0006592873955519818,0.013142820230613445,5
transformer,79,18227,0.8218714487133946,0.04418354871308207,-0.0008729854802656079,0.013101048981529079,5
transformer,79,18800,0.8260341090039578,0.044017751331584754,-0.0010077817358786344,0.013109758007214117,5
transformer,79,19391,0.8301531169175569,0.04369008685458449,-0.001112747550634829,0.013108582506298386,5
transformer,79,20000,0.8326606342614195,0.04293817554030711,-0.001195747554993743,0.013073399874986732,5
transformer,97,1,0.030940228918811753,0.01554552958671373,-3.563124888523103e-05,0.0016995755939130774,5
transformer,97,2,0.05744861206000201,0.017599022357274636,0.0001745463599498101,0.001143288183540547,5
transformer,97,3,0.08441339426706831,0.019831942129452617,0.00018799917365958744,0.0007086509486390109,5
transformer,97,4,0.10864546355763853,0.022023238631701622,0.00013247718995930318,0.0007763416869298416,5
transformer,97,5,0.13403872475911385,0.022970518333510426,2.288494549242022e-05,0.0006079589266033307,5
transformer,97,6,0.15880929158297877,0.02525683242392059,-0.00018328135197338873,0.0009231364592882337,5
transformer,97,7,0.18272159409048747,0.027438133159971304,-0.00039289584719994186,0.0011639543252053807,5
transformer,97,8,0.20508108562009864,0.02870827163632634,-8.317145560965528e-05,0.001481278100897375,5
transformer,97,9,0.22631296235133944,0.029408824690859755,0.00013525917738831336,0.0017838182729756063,5
transformer,97,10,0.2475247033679055,0.029225527505480856,0.00038560691310363815,0.0018688506740565636,5
transformer,97,11,0.26806345918917074,0.028583156021328746,0.00042889112309707863,0.00198277683208589,5
transformer,97,12,0.28817754986537103,0.028889071580354617,0.00037891720500027776,0.0021808751497502444,5
transformer,97,13,0.30815925764764257,0.029596265499338317,0.00034021238803497763,0.0024428368091475245,5
transformer,97,14,0.3277923379358352,0.030148904345701395,0.00028152268769873344,0.002667862978954693,5
transformer,97,15,0.3467818979218753,0.030423537581736104,0.00020344112719707785,0.0029254021693258256,5
transformer,97,16,0.3646741740394379,0.030372003919143714,0.00019056408266589168,0.0030706308771626515,5
transformer,97,17,0.3812147780925452,0.03007135924193034,0.00021634551343944548,0.0031447067418014724,5
transformer,97,18,0.39711050621207244,0.02968527168549055,0.0002798032919463051,0.0032072280721945306,5
transformer,97,19,0.41262427386518763,0.02897580959696519,0.0003084389530215436,0.003323990605203038,5
transformer,97,20,0.427630286364988,0.028223053595954856,0.00032057194115466437,0.0035257904721862155,5
transformer,97,21,0.44229428561659495,0.027149966883621243,0.00040043195689648867,0.003715261002904224,5
transformer,97,22,0.4565669381200716,0.026000057987501667,0.0004778435359000332,0.0038165962299907675,5
transformer,97,23,0.4701559799057362,0.025000122318359682,0.0005707339305365826,0.003877240858815827,5
transformer,97,24,0.48322842936708604,0.024271028838323414,0.000649231920907125,0.003918888687501962,5
transformer,97,25,0.49593828855988964,0.023825590841417797,0.0006942301132946017,0.003947823368310001,5
transformer,97,26,0.5081419481105746,0.023562369502172578,0.0007281438666879341,0.0039611531257396325,5
transformer,97,27,0.5199946151058756,0.023245436105285865,0.0007689784128685957,0.00398737091595136,5
transformer,97,28,0.5315322149017964,0.022865409816196062,0.0008529257852364774,0.0040446593765920014,5
transformer,97,29,0.5426368682828482,0.02252919616795822,0.0009247605246508441,0.004095733653200373,5
transformer,97,30,0.553226576314098,0.022120075173048884,0.0009738872501367419,0.004134846109822011,5
transformer,97,31,0.5633073093037751,0.021561327313570324,0.0010141248412354272,0.0041093916428081734,5
transformer,97,32,0.5727540482606848,0.02096099001611258,0.0010779096206278683,0.004066306954479559,5
transformer,97,33,0.5816742464279911,0.020283678898907614,0.0011259409256304824,0.004040242347757706,5
transformer,97,34,0.5901158133707366,0.019549328872530154,0.0011446613981752202,0.0040212456738158596,5
transformer,97,35,0.597905384493968,0.018795272486977117,0.0011583194284937887,0.004005624081235815,5
transformer,97,36,0.6050932133499762,0.01807326918547483,0.0011653967765001363,0.00397212773686091,5
transformer,97,37,0.6117571884238417,0.017437500541281358,0.0011627650915406508,0.003931171289627242,5
transformer,97,39,0.6235958085645763,0.01660243074359671,0.0011163930055657551,0.0038707942444784057,5
transformer,97,40,0.6287177267462952,0.016492440813976977,0.001087926386222684,0.0038651166345622717,5
transformer,97,41,0.6333339592547235,0.01666242585954473,0.0010559065208783336,0.0038795278066253327,5
transformer,97,42,0.637506347578854,0.017096724226076117,0.001031249202016459,0.003928670121188799,5
transformer,97,44,0.6441546630942451,0.019004192634278227,0.0010247869390080549,0.0040827726362547955,5
transformer,97,45,0.646627583830848,0.020662315677997003,0.001028318204729892,0.004215008274484139,5
transformer,97,46,0.6484730757094945,0.022831634807689405,0.0010343380041207644,0.004363551497462631,5
transformer,97,48,0.6501858515223441,0.028606178722818804,0.001062361339032677,0.004634529047485681,5
transformer,97,49,0.6498944250186216,0.03218918574029804,0.001101096077952386,0.004768271537657232,5
transformer,97,51,0.6464410575393205,0.04060957400067612,0.0012304442746485544,0.005034935784164769,5
transformer,97,53,0.6391824899177039,0.05055201713554648,0.0014087817439649803,0.00520636326380797,5
transformer,97,54,0.6342718823156606,0.055720107437541896,0.0015174615543345417,0.005243808222859484,5
transformer,97,56,0.6224948163845292,0.06581523619993171,0.001766141969136601,0.005196169480156771,5
transformer,97,58,0.6093977557182649,0.073843891094739,0.002044241894492124,0.005014203767881103,5
transformer,97,59,0.6027120172389415,0.0766601399825273,0.0021933841348414566,0.0048705623340925975,5
transformer,97,61,0.5899313295748719,0.07903107963446404,0.0025051621218824807,0.004486118967575436,5
transformer,97,63,0.5780952283457331,0.07762031112267849,0.0028719900833215463,0.004029305877424701,5
transformer,97,65,0.5669135515582793,0.07415538264751617,0.003252767384410718,0.0036041992567726376,5
transformer,97,67,0.5561413359249574,0.07026882817162734,0.0036018870154867046,0.003301653039277747,5
transformer,97,69,0.545930939287304,0.06684647041729204,0.0039023937678145494,0.0031485267393167086,5
transformer,97,72,0.5330955157269291,0.06287912587481184,0.0043079833574766555,0.0031897305613094074,5
transformer,97,74,0.5264894269269748,0.06071903760630585,0.0045148981738972515,0.003327129549923473,5
transformer,97,76,0.5213408476279703,0.05882758581291827,0.0046622054197461805,0.003521255470236761,5
transformer,97,79,0.5159783954612361,0.056978605617384194,0.004846696831417606,0.003789306532809216,5
transformer,97,81,0.5135303274785217,0.05588175711348205,0.0049627262066804425,0.003954931245932313,5
transformer,97,84,0.5115519411543726,0.0540195249345643,0.005104712528193403,0.00417613322883529,5
transformer,97,86,0.5111297652824706,0.05238254257466515,0.00518194118743998,0.004319743236317246,5
transformer,97,89,0.5117191102515936,0.049123880582397084,0.005300165979785672,0.004498351173645838,5
transformer,97,92,0.5136548781617571,0.045448237939321484,0.005411080040400777,0.004644054681506104,5
transformer,97,95,0.516680164191962,0.04220227763983877,0.005467305743498327,0.0047831449471511705,5
transformer,97,98,0.520507791474753,0.03999404571067761,0.005486288382272368,0.004904462961258655,5
transformer,97,101,0.5248775982362871,0.039006029264851,0.005487441953279077,0.00499111994624608,5
transformer,97,104,0.5293430021692644,0.038851267370205805,0.00547646375191847,0.005038187812997409,5
transformer,97,107,0.5336189718640512,0.03919539605630544,0.005452009391314458,0.005068967555871244,5
transformer,97,110,0.537587899828206,0.03977139330772839,0.005433007021840092,0.005067503003388249,5
transformer,97,114,0.5422422610298574,0.040585317417959905,0.005412947431268395,0.005047109326059486,5
transformer,97,117,0.545162601457481,0.041092369360964456,0.005400888131178468,0.005025977073876587,5
transformer,97,121,0.5483179058519342,0.041573557867408156,0.005389863295280663,0.0050032461821588985,5
transformer,97,125,0.5507420412035234,0.04188092460672585,0.00538062172998652,0.004992753492880489,5
transformer,97,129,0.5526017343230805,0.042053493543330815,0.0053695595431075506,0.0049927394470192735,5
transformer,97,133,0.554024991610458,0.04215237951453899,0.005360395414987627,0.004993424956392438,5
transformer,97,137,0.5551361573266401,0.0421930227711508,0.005351850009779417,0.004994907424523771,5
transformer,97,141,0.5560113850308636,0.04220597762494941,0.0053438935896432515,0.004996197797052865,5
transformer,97,146,0.5568809750779111,0.04218990365725299,0.005333048284904584,0.004995271709890013,5
transformer,97,150,0.5574491113649708,0.04216383695154974,0.0053259610373908375,0.004994258139206197,5
transformer,97,155,0.5580548064068493,0.042117645118936425,0.0053182820080101,0.0049918665898714,5
transformer,97,160,0.5585773753227075,0.0420672380714958,0.005311462771369988,0.004989828466823113,5
transformer,97,165,0.5590441349623421,0.04201675925557106,0.005304650850374629,0.004988562141920822,5
transformer,97,170,0.5594759092253907,0.041966262679428046,0.005298004227918779,0.0049880249947843415,5
transformer,97,176,0.5599663477921835,0.04190712124973527,0.005290415871034281,0.004987539334427822,5
transformer,97,181,0.5603604250966925,0.0418602188956472,0.005283561598222473,0.004987245094280305,5
transformer,97,187,0.5608230897743709,0.04180746208944617,0.005275759813538184,0.0049870039850194005,5
transformer,97,193,0.5612811282678211,0.04175876247026237,0.005268386153433891,0.004986355773782873,5
transformer,97,199,0.5617374292239674,0.04171297883956478,0.005261191691469265,0.0049851428931147225,5
transformer,97,205,0.5621928675478354,0.04166999300320834,0.005253844575591556,0.0049843613360083736,5
transformer,97,211,0.562648822792799,0.0416302303460706,0.005246532766554748,0.004983611583964343,5
transformer,97,218,0.5631815273191028,0.04158801983962289,0.00523791534651895,0.004982685730895831,5
transformer,97,225,0.5637154452465702,0.04154985770969845,0.00522932172022393,0.004981876611134518,5
transformer,97,232,0.564252342716493,0.04151519821207036,0.005220544364168793,0.004981261656600095,5
transformer,97,239,0.5647911058711782,0.04148396684241767,0.005211784815422939,0.004980473494422345,5
transformer,97,247,0.5654109404164706,0.041452002647502796,0.005201766804719752,0.004979514868613999,5
transformer,97,255,0.5660366170235835,0.04142335896718112,0.005192172682723444,0.004978285838283309,5
transformer,97,263,0.5666664457769703,0.04139738617424047,0.005182946582022627,0.0049769032614850476,5
transformer,97,271,0.5672986323940694,0.041373071577464456,0.005173823981663476,0.00497560945449887,5
transformer,97,279,0.5679331161819616,0.0413505115393351,0.0051645023541610465,0.004974520180641136,5
transformer,97,288,0.5686514113199542,0.041327421663134835,0.005153852461742165,0.004973041330429927,5
transformer,97,297,0.5693726386586466,0.041306894823309404,0.005142986302011615,0.004972049442097188,5
transformer,97,307,0.5701746164830046,0.041288278940712526,0.005130928763561948,0.004971246970366863,5
transformer,97,316,0.5709004991272313,0.04127288285630649,0.005120284884031828,0.004969936533136143,5
transformer,97,326,0.571708931106262,0.041256771998734565,0.005108479269707487,0.004968529390547292,5
transformer,97,336,0.5725204306405998,0.041242017640830436,0.0050966563578064865,0.004966911176856258,5
transformer,97,347,0.5734142287374033,0.04122780314018064,0.0050834271649226785,0.004965270290267089,5
transformer,97,358,0.574309781231813,0.0412151116778627,0.0050700806982390285,0.00496406398190409,5
transformer,97,369,0.5752069897706328,0.041202692468203045,0.005056602826168011,0.004962477428835299,5
transformer,97,381,0.5761883399838104,0.041188544644086646,0.0050419442341973625,0.004961282061018147,5
transformer,97,393,0.5771750704423192,0.04117135487166816,0.005027387946345688,0.004960151386661029,5
transformer,97,405,0.5781682643800166,0.041150073554401916,0.005013036284111754,0.004959507130342107,5
transformer,97,418,0.579248990185304,0.041123476654684125,0.004997723795429381,0.004959042757878641,5
transformer,97,431,0.5803340486343229,0.04109390382099442,0.0049831772124222275,0.0049583521188941385,5
transformer,97,444,0.5814190795100866,0.041065439223082464,0.0049687011157103275,0.004957530019680003,5
transformer,97,458,0.5825920189238791,0.04103223042674254,0.004953376170665278,0.004956445364131201,5
transformer,97,473,0.583851919896105,0.04099437446290667,0.004937044466374628,0.004955433267705804,5
transformer,97,488,0.5851169838984676,0.04095387856142202,0.004920782710975191,0.004954451528797865,5
transformer,97,503,0.5863857346128869,0.04091226401531223,0.004904679478473737,0.004953701482576008,5
transformer,97,519,0.5877446798807203,0.040866577889093945,0.004887170537726319,0.004953232436891263,5
transformer,97,535,0.5891098386366278,0.04081959553883161,0.004869889036103886,0.004951800736862193,5
transformer,97,552,0.5905666460214574,0.04077144751345261,0.004852016315323021,0.0049498664163590105,5
transformer,97,569,0.592031073472274,0.04072387097676286,0.004834304044714852,0.004946989146899988,5
transformer,97,587,0.5935901149607247,0.04067390786711111,0.0048166388958913505,0.004942650792518674,5
transformer,97,606,0.5952507845473102,0.040616074789396474,0.00479758089877144,0.0049392528285173674,5
transformer,97,625,0.5969184881578005,0.04055790704896597,0.004778746981702701,0.004935068496799765,5
transformer,97,644,0.5985975997722884,0.04049998273130726,0.004759605049563012,0.004930491375459877,5
transformer,97,665,0.6004583889655061,0.040443154028797806,0.004739082465599101,0.004926274972301237,5
transformer,97,685,0.6022443509492378,0.04038641655671454,0.004719775216991007,0.00492164429701213,5
transformer,97,707,0.6042147922253314,0.04033059330947326,0.004699022387885984,0.004916656181300659,5
transformer,97,729,0.6061999994738209,0.0402748120622695,0.004678852968697971,0.004912138200784206,5
transformer,97,752,0.6082907761942237,0.04021915906088965,0.004658528344231958,0.004907139643210847,5
transformer,97,776,0.6104778750419394,0.04017658458775038,0.004638325613404735,0.004900291438678834,5
transformer,97,800,0.6126723725726347,0.04014402461760149,0.004619277665510725,0.004891890590867869,5
transformer,97,825,0.61496749039193,0.04011983177228961,0.004600107560411057,0.004882486366357884,5
transformer,97,851,0.6173567917259678,0.04011102615053933,0.004580851711571803,0.004872776859294367,5
transformer,97,878,0.6198492370540758,0.04010855773422507,0.004561520787084682,0.004864078740571527,5
transformer,97,906,0.6224508683831187,0.04010537600754809,0.004542195800267212,0.004855591772689132,5
transformer,97,934,0.625048685991675,0.04012320063723863,0.004522437045682901,0.004849728750848081,5
transformer,97,963,0.6277512950368644,0.040144725786800874,0.004503031222855678,0.00484594586244275,5
transformer,97,994,0.6306345426786564,0.040180043814754735,0.004483516684836241,0.004840635261553002,5
transformer,97,1025,0.6335167874388125,0.04023003125846197,0.004465159876367447,0.0048377064927409815,5
transformer,97,1057,0.6365042861674395,0.040281598566828565,0.00444809967574951,0.004834020378245753,5
transformer,97,1090,0.639588955618198,0.0403330543305747,0.004431717841627806,0.00483032592842709,5
transformer,97,1125,0.6428522559008194,0.04040108666783934,0.004415424324965588,0.004827431734653178,5
transformer,97,1160,0.6461196940494893,0.04046188528806872,0.004399620635963548,0.00482577894971357,5
transformer,97,1197,0.6495679116280888,0.04052485236220709,0.004384393838599808,0.004822723392201077,5
transformer,97,1234,0.6530079941720619,0.04059069641261125,0.004371604641370335,0.004819750812869465,5
transformer,97,1273,0.6566233206186004,0.04066447427153632,0.004360371235344005,0.004817164776714672,5
transformer,97,1313,0.6603245446741233,0.040737829291390124,0.0043519542873430555,0.004812799008166298,5
transformer,97,1354,0.6641127669204423,0.04079974283068778,0.004346558281811811,0.004806753917936357,5
transformer,97,1397,0.6680702564833523,0.04085756912575693,0.004343559660280031,0.00480152593911704,5
transformer,97,1441,0.6721155822909074,0.0408958372495639,0.0043434134652771805,0.004795972789804299,5
transformer,97,1486,0.6762382351667076,0.040921788745377524,0.004345650706433016,0.0047865745042961864,5
transformer,97,1533,0.6805125765332687,0.040947765835868594,0.004350473269510189,0.004775415939828927,5
transformer,97,1581,0.6848414566106171,0.04096855889904097,0.004356884273889603,0.004763807973645863,5
transformer,97,1631,0.6893016366205756,0.04099446415933117,0.004366609351104131,0.004748609028820619,5
transformer,97,1682,0.6937857531093167,0.04103689068981607,0.004378786892764079,0.0047346468490313594,5
transformer,97,1735,0.6983848308443945,0.04108843003183918,0.004392750769063647,0.004724455833544897,5
transformer,97,1789,0.7030004048113134,0.041153349238826076,0.0044093400056947505,0.004712700068743853,5
transformer,97,1845,0.7076982652304565,0.04124182233779887,0.004429959795094531,0.004700504048362454,5
transformer,97,1903,0.7124847488111049,0.04133782929533936,0.00445693369855027,0.004685398890890245,5
transformer,97,1963,0.717326681686987,0.04146980603508765,0.004489915765626006,0.004669161676271639,5
transformer,97,2025,0.72222511894562,0.04161915005693911,0.004531033062649164,0.004646355921076047,5
transformer,97,2089,0.7271686810542324,0.04179606440405482,0.00458138043897346,0.004615432346616423,5
transformer,97,2154,0.7320777899283006,0.04199262012488643,0.0046377821516265065,0.004582154585409895,5
transformer,97,2222,0.7371100796482191,0.04219718256316463,0.004705200184866304,0.004538325196489146,5
transformer,97,2292,0.7421777896680397,0.04240579638870879,0.0047813363475638065,0.004489475194090309,5
transformer,97,2364,0.7472828242963504,0.04260525517448341,0.0048641007377549315,0.004437988291895709,5
transformer,97,2438,0.752416757015929,0.0427932024744715,0.004958780006026346,0.004374776582739813,5
transformer,97,2515,0.7576294262018475,0.042973092685594974,0.0050644025510320125,0.004301572604085832,5
transformer,97,2594,0.7628167843456664,0.04315670843955071,0.00517874329015274,0.004220357675365292,5
transformer,97,2675,0.767992014037967,0.04331242393767079,0.005301354315227423,0.004132263934289859,5
transformer,97,2759,0.7732064011940118,0.04343107313413531,0.005438350610629018,0.00402502115372728,5
transformer,97,2846,0.7783848520189938,0.043561677376979684,0.005584122004051601,0.003908103801981245,5
transformer,97,2936,0.7835435225407046,0.0436752099316651,0.005738083733125621,0.0037800839912340905,5
transformer,97,3028,0.7885836895240281,0.043780462398213066,0.00589711042332319,0.0036453955777817014,5
transformer,97,3123,0.7935229220647078,0.043886488979979675,0.0060582005391126535,0.003509671119273376,5
transformer,97,3221,0.7983707384853075,0.043955952076724675,0.0062249400984856415,0.0033691864399395923,5
transformer,97,3323,0.8031454860451094,0.04399510657623965,0.006396505907770278,0.00322683699535184,5
transformer,97,3427,0.807735100703486,0.044006799869359264,0.006562914099554337,0.0030913024645049794,5
transformer,97,3535,0.8122542770988501,0.04393406381494683,0.006724526721714752,0.002965589243736682,5
transformer,97,3646,0.8166846459515746,0.04374466847628508,0.0068789880224381355,0.002850675727515753,5
transformer,97,3760,0.8209390287080381,0.04350793082483697,0.007023099450599904,0.002747765065852235,5
transformer,97,3879,0.8250468452096124,0.043241411908065554,0.007166477523063102,0.002650817151977102,5
transformer,97,4000,0.8290337645435828,0.04282010341398054,0.007301234881862992,0.002562584786123334,5
transformer,97,4126,0.8328694679960955,0.04235660564199903,0.007430005294046223,0.0024849524277408275,5
transformer,97,4256,0.8365577681363081,0.04180632805296646,0.007549196279902847,0.002417092514501729,5
transformer,97,4390,0.8400134247283818,0.04124844768343524,0.007664414837712916,0.002358027906660138,5
transformer,97,4528,0.8432774382434947,0.040633736619505284,0.007774112688354125,0.0023071770410305124,5
transformer,97,4670,0.8463661458601178,0.039963774952177275,0.007876765767235722,0.0022624082218141565,5
transformer,97,4817,0.8492504278205057,0.03926765151094112,0.007972547666765157,0.0022279429074624664,5
transformer,97,4968,0.8518705511398851,0.03857560948586109,0.008063489994824586,0.0021975289180950846,5
transformer,97,5124,0.8543019035503946,0.03783642857819204,0.008144925565192874,0.0021719459419260604,5
transformer,97,5285,0.8565262402993582,0.0370806948612568,0.008219850723966683,0.002153885808932644,5
transformer,97,5452,0.8585281936776804,0.0363259694193105,0.008290214181813213,0.0021428424601829723,5
transformer,97,5623,0.860315804873984,0.035568992143015364,0.008359624855115464,0.0021388711983303084,5
transformer,97,5800,0.861914777383582,0.034802706416245964,0.00842494051740457,0.002143103621204109,5
transformer,97,5982,0.8633207787194216,0.03406946551860834,0.008484265809532699,0.00215181722823062,5
transformer,97,6170,0.8645444495302806,0.03335595970754007,0.008537328140666794,0.0021649310675628023,5
transformer,97,6364,0.8656338244020796,0.0326372220607242,0.00858581553703922,0.0021809656408411583,5
transformer,97,6564,0.8665347710426363,0.03195253169150872,0.008627456235050315,0.00219643690691996,5
transformer,97,6770,0.8672737824682054,0.03130175519921599,0.008664978456405733,0.00221093633866126,5
transformer,97,6983,0.8678889892432222,0.03067944750736442,0.00870033300042294,0.0022284148862328867,5
transformer,97,7203,0.868355690860794,0.030111249428108014,0.008734491108831002,0.0022503107383119256,5
transformer,97,7429,0.8686733389181646,0.029611692971698085,0.008770054410519323,0.002274243742626489,5
transformer,97,7662,0.8688728511881274,0.029158108246981874,0.008808810132333393,0.0022996952262451247,5
transformer,97,7903,0.8689750601619084,0.02876561509478444,0.008843763747453385,0.0023277993869510387,5
transformer,97,8152,0.8689854142187793,0.028436831377314693,0.008883508188349456,0.0023568401471381274,5
transformer,97,8408,0.8689181534887828,0.028169498491318626,0.008925232309030796,0.002385827038117952,5
transformer,97,8672,0.868801934311209,0.027946220019224907,0.008967346343044575,0.002416911379795736,5
transformer,97,8945,0.8686510064307088,0.027765131057194838,0.0090096546376133,0.002446601841458541,5
transformer,97,9226,0.8684560133970045,0.027648833914830865,0.009051242103361236,0.002480031131515601,5
transformer,97,9516,0.868255893638685,0.02757200459271659,0.009093784257310063,0.002510418975740772,5
transformer,97,9815,0.8681088935336921,0.027528509266297903,0.009143795891923264,0.0025412882063333662,5
transformer,97,10124,0.8680089029615818,0.02753746994432636,0.009194600878470186,0.002574404927769743,5
transformer,97,10442,0.8679550509329962,0.02758008672825991,0.009242391996249218,0.0025972084214257282,5
transformer,97,10770,0.8679819783633231,0.02766321827471302,0.009291758759328916,0.0026233784926242907,5
transformer,97,11109,0.8681174348689196,0.027807633684923425,0.009335176406869577,0.0026457462479651276,5
transformer,97,11458,0.8684005370250437,0.027929740084835904,0.009384011964747611,0.002679850017671256,5
transformer,97,11818,0.8688299804489139,0.02807905633527228,0.00943024011951877,0.002714435802250207,5
transformer,97,12189,0.8693912760693701,0.028235154201760704,0.009468572038407789,0.00272810313217973,5
transformer,97,12572,0.8701253862113821,0.028300764044963567,0.009514788856315329,0.002750381886927166,5
transformer,97,12968,0.870955503635513,0.028378814173318532,0.009546866822213677,0.0027689197895733966,5
transformer,97,13375,0.8717474233854612,0.028424454456711174,0.009565405577747326,0.0027777536056768958,5
transformer,97,13796,0.8719776870862391,0.02826300932850039,0.009603409041891432,0.0027835078670732202,5
transformer,97,14229,0.8670095108947535,0.029873820207423848,0.009612066447543045,0.0027655479963000517,5
transformer,97,14677,0.8697441314722341,0.028768954004751,0.009359323837220426,0.0026012270520249592,5
transformer,97,15138,0.867321789609646,0.028596980389766186,0.009160806257964215,0.0025670971995406535,5
transformer,97,15614,0.8368743005299024,0.04274339837995056,0.008931476310854952,0.002629836385027988,5
transformer,97,16104,0.8535719491278311,0.024522612915116728,0.008366662674891095,0.0054147743331062,5
transformer,97,16611,0.8351125318427712,0.03745732945758859,0.0073063409749020754,0.005239087474359029,5
transformer,97,17133,0.8039713271842194,0.055941067537531135,0.005886768073897623,0.005579655852749303,5
transformer,97,17671,0.7952577760531702,0.05480831453611723,0.00557558640010024,0.005805804242088639,5
transformer,97,18227,0.7946470141412755,0.055558622600522495,0.005377181145269883,0.0059927166391750665,5
transformer,97,18800,0.7983917708778542,0.05502576184726707,0.005230378324417889,0.006233305812215263,5
transformer,97,19391,0.8038921958501273,0.05328572061954957,0.0050593383930315605,0.006584633961750108,5
transformer,97,20000,0.8090116862615655,0.05115932453079791,0.004824372914090898,0.007013551249887483,5
transformer,113,1,0.020250135270558276,0.010866199085432699,0.0004837249005491868,0.004339260110245824,5
transformer,113,2,0.044282112233342955,0.012942028943346841,0.0005857161719325353,0.0036968194905613013,5
transformer,113,3,0.06612627272159939,0.015553112453985569,0.0009388379107656958,0.002815465558170015,5
transformer,113,4,0.08614251006510723,0.016145148340558513,0.0009711518489342915,0.002709424058698909,5
transformer,113,5,0.10887797011761431,0.01615638355939378,0.0010162195420130823,0.002980504659563776,5
transformer,113,6,0.13055803499669166,0.015714402866257818,0.0008793721342230528,0.003201400503500672,5
transformer,113,7,0.15175478934255499,0.015634301073428055,0.000494467333067478,0.003480565938397252,5
transformer,113,8,0.17172471197022174,0.01588484382116918,0.0002605592587716594,0.0037378899410422037,5
transformer,113,9,0.1915002951055403,0.015757561534280238,0.00010863869741823736,0.0036229520076171955,5
transformer,113,10,0.21222450039530782,0.014873223266354743,-3.136188680560375e-05,0.0034806262398200008,5
transformer,113,11,0.23342459677920332,0.014195622474201641,-2.2715680946812367e-05,0.0031967508224569007,5
transformer,113,12,0.2541524602115875,0.013660801979691484,0.0001643797831312708,0.002790975094599873,5
transformer,113,13,0.2744546597809392,0.0132393117635841,0.0003760182492377051,0.00257307702933246,5
transformer,113,14,0.2936557068838782,0.013394243926854161,0.0005412046998873215,0.002339592631828624,5
transformer,113,15,0.3121573743931686,0.013694751275076654,0.0006624849640791678,0.002239252865736573,5
transformer,113,16,0.33021954842396745,0.013661604681376187,0.0007141132933707149,0.00226332831259631,5
transformer,113,17,0.34758059632828003,0.013685588924684992,0.0007225929079815696,0.002197398323075924,5
transformer,113,18,0.3642233766268618,0.013421598406225841,0.000726040414804064,0.002139890046238412,5
transformer,113,19,0.3801528354529677,0.013230378380948427,0.0007601572992027252,0.0021159767436846276,5
transformer,113,20,0.3954193038761621,0.012968421614681959,0.000775186340756325,0.002098258648564552,5
transformer,113,21,0.4100371216360452,0.012560414684065218,0.0007172072124672547,0.002089456755807886,5
transformer,113,22,0.4243121290406645,0.012067806728743366,0.0006443651257797007,0.0020693069635831325,5
transformer,113,23,0.43823705126838985,0.011475909365466197,0.0005519576304716497,0.00203833358391516,5
transformer,113,24,0.45182030281450364,0.011141138875574686,0.0004721159939611948,0.0020131384639918777,5
transformer,113,25,0.464876939865526,0.010680715573197257,0.00041598157736297454,0.0019764895178380993,5
transformer,113,26,0.4775139474296496,0.010062557367553794,0.0003701971714031726,0.0019043585487552564,5
transformer,113,27,0.4898490320513219,0.009555610743870416,0.0003493668406322796,0.001784109094533365,5
transformer,113,28,0.5017169362803753,0.009266996092291797,0.00032929207168154174,0.0016596622085990837,5
transformer,113,29,0.5131602949998058,0.009137158155372435,0.00027572515353718074,0.0015226407119278715,5
transformer,113,30,0.5242056896797953,0.009092490834261873,0.00020773928713863223,0.0013851993718883876,5
transformer,113,31,0.5348640757392709,0.00917508080374888,0.00014514166944424247,0.001244215997518233,5
transformer,113,32,0.5451649989147136,0.009407410519781454,9.398878959724899e-05,0.001127610723438435,5
transformer,113,33,0.5550366858551685,0.009665122071589472,9.646069598661426e-05,0.0010413046204164852,5
transformer,113,34,0.564400154481151,0.010001453249952089,0.00011988200715839368,0.000980564615629889,5
transformer,113,35,0.5732107999595151,0.010426216443703354,0.00013658310100599205,0.000927087653880928,5
transformer,113,36,0.5814115883498634,0.010961031086617213,0.00013795202543154716,0.0008872917890300055,5
transformer,113,37,0.5890278099353305,0.0116863803126811,0.00014301332682338283,0.0008853007940055626,5
transformer,113,39,0.602265447702413,0.013374444622356601,0.00016451431849305562,0.0009365388796857879,5
transformer,113,40,0.6078821125568791,0.014396825246738477,0.00015705905146071568,0.0009617541899266158,5
transformer,113,41,0.6129054943064434,0.01547755658938604,0.00013300872814578357,0.0009915108016001909,5
transformer,113,42,0.6174583209161594,0.016725244780764873,0.00010888051623332154,0.0010296255573474101,5
transformer,113,44,0.6252736188947546,0.020054974592477123,0.00010627379812631927,0.0011396242385347927,5
transformer,113,45,0.6284232123472238,0.022183180517124482,0.00012410430722210967,0.0012048283982528188,5
transformer,113,46,0.6310053340404462,0.0247225808342828,0.0001456313955553701,0.0012675507323020006,5
transformer,113,48,0.6342956394585662,0.03155730252536489,0.00018544847863395848,0.0013960605313786127,5
transformer,113,49,0.6347840579730741,0.03595332123284822,0.0002156445498187565,0.0014492161441235821,5
transformer,113,51,0.6331507961872518,0.046749646560862966,0.0002825252865277203,0.001535195121647041,5
transformer,113,53,0.627603189579912,0.059733268792252193,0.00034260628342625097,0.0016378683437916718,5
transformer,113,54,0.6235038105493221,0.06654294343368279,0.0003699963288466233,0.0016792009672483524,5
transformer,113,56,0.6130202526798344,0.07952909323646865,0.0004253180303596756,0.001766605013414658,5
transformer,113,58,0.6009764186938074,0.08950056742285054,0.0004671028546863182,0.0017779155504060347,5
transformer,113,59,0.5948573360964579,0.09258379118862535,0.0004967339137791364,0.0017728474707357428,5
transformer,113,61,0.5837723858202611,0.09447736033339674,0.0005240694180186225,0.0017265311459728745,5
transformer,113,63,0.5741560857588105,0.09172946724569009,0.0005058025249759897,0.0016675709286135313,5
transformer,113,65,0.5657020081713386,0.08694301295924166,0.0004769821554850756,0.0016395685500372652,5
transformer,113,67,0.5582034058830507,0.08152564367870406,0.00042427653746445365,0.001686217553404815,5
transformer,113,69,0.5515072988871055,0.07544470652306107,0.0003826698586317474,0.0018071201787691132,5
transformer,113,72,0.5428392877083141,0.06470184710262669,0.0002992302532375466,0.002092532900764783,5
transformer,113,74,0.5373035695181525,0.05730563096894621,0.0002929519545539282,0.0023292814449637346,5
transformer,113,76,0.5319553887693929,0.05081145363366138,0.0002764892033395495,0.0025848100460098824,5
transformer,113,79,0.5254388595940218,0.04306196446225969,0.0003024184515187002,0.002991735993610522,5
transformer,113,81,0.5216876238566825,0.03937044729426397,0.00036459137599970207,0.003257799503818905,5
transformer,113,84,0.5171777008802404,0.035544325196384605,0.00044643295655294224,0.0036981418981022326,5
transformer,113,86,0.5146179418325751,0.03375432062742068,0.0004791486473077512,0.004002594754112967,5
transformer,113,89,0.5118563633056293,0.03153493185326881,0.000545603849449137,0.004393550836435883,5
transformer,113,92,0.5108186357604935,0.029681996644694265,0.0005929127175500986,0.0047013283144994224,5
transformer,113,95,0.5116654599310657,0.028165682056764823,0.0006166936517040244,0.004910640142562597,5
transformer,113,98,0.5141277284303378,0.02731722479766453,0.0006584508444086105,0.005037646341709194,5
transformer,113,101,0.5176049909852141,0.02709816165424967,0.0007072425841926947,0.005106338687576984,5
transformer,113,104,0.5215021666415454,0.027052702438611725,0.0007491317317426399,0.005138499711750119,5
transformer,113,107,0.5252539933139863,0.026902680390640085,0.0007807088195626551,0.005161095786600574,5
transformer,113,110,0.5286405731814805,0.02657133617072988,0.000792451887980599,0.0051814408092363306,5
transformer,113,114,0.5323774269758799,0.026107420543646023,0.0007881721495490941,0.0052206946817158675,5
transformer,113,117,0.5346530835635781,0.025941259227463605,0.000765609497138331,0.0052490389744071775,5
transformer,113,121,0.5370880075193849,0.025988217885940256,0.0007297458004961579,0.005270263789490489,5
transformer,113,125,0.5389678765012227,0.026259653737905887,0.0007004157629692205,0.005277994627488769,5
transformer,113,129,0.540456184722701,0.02659719383524114,0.000680314018622363,0.005280686602985955,5
transformer,113,133,0.5416486889051813,0.026910504126883106,0.000665520781988795,0.005279058327067716,5
transformer,113,137,0.5426122323228592,0.027178872421930417,0.0006534731930041915,0.005275264435044139,5
transformer,113,141,0.5434020420811511,0.027394670037428986,0.0006458416465417946,0.005268785739647245,5
transformer,113,146,0.5441998077274894,0.02760482965685607,0.0006387592477507067,0.00525958817018151,5
transformer,113,150,0.5447233792428806,0.027739794500721525,0.0006312826095939153,0.005252768469238518,5
transformer,113,155,0.5452751422932263,0.02787923734735037,0.0006237451157381447,0.005244553317731893,5
transformer,113,160,0.5457466642456413,0.02799500797787767,0.0006176412175025348,0.005238539046728492,5
transformer,113,165,0.5461647706602479,0.02809742493882401,0.0006122249233398334,0.005233825547596741,5
transformer,113,170,0.5465459469836211,0.028196213227968257,0.0006091354277645386,0.005229827366335068,5
transformer,113,176,0.5469753402746089,0.028313994919141425,0.0006060600633310475,0.005225518390378129,5
transformer,113,181,0.5473195285741627,0.02841378660719326,0.0006045255385576584,0.005221656087163905,5
transformer,113,187,0.5477239681429615,0.028537140129098196,0.0006041966502770853,0.005216193726231631,5
transformer,113,193,0.5481271375214996,0.028662843028781297,0.0006045524169383348,0.0052101998961479766,5
transformer,113,199,0.5485318372984538,0.028791829941894803,0.0006050262189328101,0.005203826401272315,5
transformer,113,205,0.5489396686053098,0.028923918674963404,0.0006053127908331532,0.00519707164496056,5
transformer,113,211,0.5493519107787417,0.029058950462776095,0.0006056186377214009,0.0051900132798557985,5
transformer,113,218,0.5498384847643571,0.029221677166812222,0.0006060914124575099,0.005181420716562694,5
transformer,113,225,0.5503325997836774,0.02938960843655751,0.0006065572861769678,0.005172684926906564,5
transformer,113,232,0.5508357311769608,0.029560903622205925,0.0006072808293846096,0.005163661227657391,5
transformer,113,239,0.5513464988501852,0.029735417722495487,0.0006079490938748376,0.005154391102481863,5
transformer,113,247,0.5519382030034101,0.0299382769852091,0.000608950732729035,0.005143385139247863,5
transformer,113,255,0.5525392370303938,0.030142523088655365,0.0006101900006023003,0.005131842921837307,5
transformer,113,263,0.5531481546209835,0.03034874200908799,0.0006113743038387631,0.005119903602173891,5
transformer,113,271,0.5537644726420584,0.030555661414518303,0.0006127264297702698,0.005107624576744533,5
transformer,113,279,0.5543883586435867,0.030763372752245485,0.0006143509847333485,0.005094996977616482,5
transformer,113,288,0.5550996210696105,0.030997701015945216,0.0006167186507153084,0.005080123687864023,5
transformer,113,297,0.5558180565202753,0.03123324946736815,0.0006191638616142265,0.005064987012161352,5
transformer,113,307,0.5566243587883832,0.03149457632923543,0.0006223464190309573,0.005047976131954548,5
transformer,113,316,0.5573575724312001,0.03172925169330117,0.0006251429407721069,0.00503232660335566,5
transformer,113,326,0.5581808785742339,0.03198949011048252,0.0006283786382180708,0.005014467242725438,5
transformer,113,336,0.5590107979454002,0.032249365234967624,0.0006321320384208378,0.004996277930289319,5
transformer,113,347,0.55992993918702,0.03253276043711367,0.0006362557848040108,0.004975991918758885,5
transformer,113,358,0.5608538482882472,0.03281681750483756,0.0006402393039171943,0.004955475070168636,5
transformer,113,369,0.561781262986057,0.03310318142088238,0.0006442605462228221,0.004934686852054553,5
transformer,113,381,0.562797150840282,0.03341468459194625,0.0006485799944216895,0.004911707071636685,5
transformer,113,393,0.5638197537511326,0.03372464170242639,0.0006532639255676488,0.004888750553472258,5
transformer,113,405,0.5648489495841279,0.034032141330819055,0.000658528599416832,0.004865726512531632,5
transformer,113,418,0.5659714215025531,0.034359646650033104,0.0006642361562676538,0.00484117101864182,5
transformer,113,431,0.5671021186293417,0.03467934837146569,0.000670066028662115,0.004816889185511634,5
transformer,113,444,0.5682394150339534,0.03499362923426197,0.0006759840242684882,0.004792876444913459,5
transformer,113,458,0.5694679069037635,0.035328263693515875,0.000682504814662684,0.004767545033289864,5
transformer,113,473,0.5707909469132593,0.0356808078914185,0.0006893646315472215,0.004741139293000017,5
transformer,113,488,0.5721213653756321,0.03602813415791368,0.0006957380120911625,0.004715516138255174,5
transformer,113,503,0.573458345088406,0.03636889188171968,0.0007018905422786042,0.004690544554808856,5
transformer,113,519,0.5748888045691047,0.03672540825568846,0.000707992956669735,0.0046645026503810486,5
transformer,113,535,0.5763217765478881,0.03707422004408598,0.0007137883124250315,0.004639204537295685,5
transformer,113,552,0.5778456725260747,0.03743973899044968,0.0007200371418703778,0.004613561171029015,5
transformer,113,569,0.5793729975015481,0.037799339592161266,0.0007259526362248402,0.0045887588133603245,5
transformer,113,587,0.5809933213571696,0.0381743309018125,0.0007315579670918164,0.004562982634730194,5
transformer,113,606,0.5827103739485419,0.03856337906505438,0.0007369952566710916,0.004537032358946214,5
transformer,113,625,0.5844325871038022,0.038946673662441034,0.0007418748888913602,0.004512129780138141,5
transformer,113,644,0.5861643989243621,0.039322652674383056,0.0007460563412808473,0.004488090615745269,5
transformer,113,665,0.5880862893303375,0.039732056042604866,0.0007499719798881678,0.004462860952873762,5
transformer,113,685,0.5899214864829561,0.04011819664347624,0.000753207483830632,0.004439873093677585,5
transformer,113,707,0.5919428720118621,0.040538973778794646,0.0007564608053434073,0.004415936478307781,5
transformer,113,729,0.5939641542747167,0.0409509602724331,0.0007587880334043503,0.004393160772819768,5
transformer,113,752,0.5960772960112621,0.04137481749392188,0.0007610002980534136,0.0043706426278113586,5
transformer,113,776,0.5982824033186891,0.04181431796581391,0.000763490205700149,0.004348608780673514,5
transformer,113,800,0.6004934769175424,0.04224837608018677,0.0007659215400297959,0.0043277961254184994,5
transformer,113,825,0.6027964857343395,0.04269445931332143,0.0007674995004471907,0.004307749704360894,5
transformer,113,851,0.6051967749129921,0.04314895948339007,0.0007682745488796235,0.00428835617660899,5
transformer,113,878,0.6076905112805545,0.04361387106002652,0.0007678272664406623,0.0042698834946672155,5
transformer,113,906,0.6102748076210469,0.04409024498685015,0.0007670248226205637,0.004252590854628491,5
transformer,113,934,0.6128566737261246,0.04456381721358919,0.0007662205864129572,0.004237328504533904,5
transformer,113,963,0.6155246197062102,0.0450556155030942,0.0007652814074370354,0.0042231643390491,5
transformer,113,994,0.6183713315652831,0.04557472297578918,0.0007631887550484816,0.004210054870545206,5
transformer,113,1025,0.6212133010340153,0.0460842572415221,0.0007603832138129791,0.004198663585930346,5
transformer,113,1057,0.6241431754887203,0.046602678444165935,0.0007565431902782388,0.0041889511881315926,5
transformer,113,1090,0.6271623209548729,0.0471181843919026,0.0007517931614740589,0.00418048815027297,5
transformer,113,1125,0.6303590256282374,0.0476524773876963,0.0007463796511551597,0.004172685891066168,5
transformer,113,1160,0.6335531300704798,0.048167658006670694,0.0007402215330655792,0.0041667455731126245,5
transformer,113,1197,0.6369282028053682,0.04869575781590775,0.0007325392641255208,0.004162711832339293,5
transformer,113,1234,0.640293829342953,0.04921059230029174,0.0007240703975235034,0.00415983990795536,5
transformer,113,1273,0.6438300330323319,0.049737153303958156,0.0007144503453431938,0.0041577417415611835,5
transformer,113,1313,0.6474465719598497,0.050256238078606026,0.0007049205990069283,0.004157201850833026,5
transformer,113,1354,0.6511334677967111,0.05077666714454987,0.0006944513531256153,0.0041570524576947186,5
transformer,113,1397,0.6549841102753307,0.0512964601737763,0.0006826563833059027,0.004157804734880552,5
transformer,113,1441,0.6589052605611803,0.051798860994270515,0.000669714897579205,0.004158754703045885,5
transformer,113,1486,0.662892458627951,0.052273653413453906,0.0006548053102905574,0.004160102138541808,5
transformer,113,1533,0.667029505135197,0.05272989754508864,0.0006372850584785561,0.004161903391053674,5
transformer,113,1581,0.6712305784308132,0.05315661171645331,0.0006175611395133364,0.004163792650756121,5
transformer,113,1631,0.6755707505273183,0.05355402614665747,0.0005946859629752026,0.0041648663046899214,5
transformer,113,1682,0.6799654129958345,0.0538996388833237,0.0005682886632241903,0.004165366765838642,5
transformer,113,1735,0.684495050244754,0.054199185860929595,0.000539569726991751,0.004166995883465494,5
transformer,113,1789,0.689065164927982,0.05445339698041632,0.0005080759045629666,0.004169610292786613,5
transformer,113,1845,0.6937529976962074,0.05465076356667867,0.000473466392412363,0.004171104529566475,5
transformer,113,1903,0.6985500351148806,0.054777264776364715,0.00043641476794314645,0.00417187464345316,5
transformer,113,1963,0.7034426125875495,0.054827905070868904,0.00039845480826597825,0.004171426353197869,5
transformer,113,2025,0.7084163225173999,0.054814587480219015,0.00035844667725832234,0.004170547921910081,5
transformer,113,2089,0.7134574332148818,0.0547377195863836,0.00031665463221670654,0.004169311461568072,5
transformer,113,2154,0.7184728192853224,0.05459722123093473,0.0002741874997456007,0.004169092387778281,5
transformer,113,2222,0.7235953604609322,0.05440699851908628,0.00023069115341479608,0.004169970312968587,5
transformer,113,2292,0.7287450805772704,0.05417102326380005,0.00018617853100176253,0.004172230098403807,5
transformer,113,2364,0.7338944710998655,0.05390740360651318,0.00014024036305560874,0.004174056505251733,5
transformer,113,2438,0.7390301288432196,0.05363181490753795,9.317779415210529e-05,0.004175709214719445,5
transformer,113,2515,0.7441950243640052,0.05335260063723919,4.7993027773154734e-05,0.0041763522920874735,5
transformer,113,2594,0.7493077396693502,0.053087528444092785,3.4992571991727604e-06,0.004177744218247862,5
transformer,113,2675,0.7543473567304291,0.05284857258658018,-3.900546511172746e-05,0.004181656450516168,5
transformer,113,2759,0.7593614251131493,0.05263730510309731,-7.929993123547912e-05,0.00418437428379264,5
transformer,113,2846,0.7643395975651337,0.05245484583230522,-0.00011794456318997139,0.004190156214408675,5
transformer,113,2936,0.7692636466402956,0.05230445490588822,-0.0001529360823089594,0.004197834898057041,5
transformer,113,3028,0.7740657693243668,0.052203831923351623,-0.0001840506401093466,0.004207608645528044,5
transformer,113,3123,0.7787951774793951,0.05212792914412474,-0.00021136991992940982,0.004218546111334992,5
transformer,113,3221,0.7834397129929398,0.05209264266829433,-0.0002362787755602668,0.004229040292555297,5
transformer,113,3323,0.7880327394006239,0.0520900950717485,-0.0002611928954785371,0.004240985268681369,5
transformer,113,3427,0.7924798848599944,0.0521037123096632,-0.000283232475144703,0.004253584372962604,5
transformer,113,3535,0.7968503356430737,0.052127041367111805,-0.00030217706292583787,0.0042671169431373135,5
transformer,113,3646,0.8010975551692482,0.05216458708714089,-0.0003171984009422338,0.004278470063738352,5
transformer,113,3760,0.8052213091547454,0.052228676086779675,-0.0003318915760482601,0.0042886411023445635,5
transformer,113,3879,0.8092638721742788,0.052297338090887345,-0.0003453951326841742,0.0042975010260494296,5
transformer,113,4000,0.8131218846024785,0.0523655984203721,-0.00035868574256422254,0.004303856528602691,5
transformer,113,4126,0.8168791100681277,0.05242709766312603,-0.0003690306481600668,0.004305208342487824,5
transformer,113,4256,0.8205082089397839,0.05247435712177571,-0.0003777100095048851,0.004306026581553088,5
transformer,113,4390,0.8239701729687863,0.05252055917592766,-0.000386523071627645,0.004304961054784747,5
transformer,113,4528,0.8272712226171413,0.05253926474188974,-0.000396030112468576,0.004302192789441127,5
transformer,113,4670,0.8303958815877367,0.052535759870073945,-0.0004048330985851484,0.00429777323993358,5
transformer,113,4817,0.833347204040271,0.05251034253272901,-0.0004161513534972708,0.0042962066780756316,5
transformer,113,4968,0.8360954329106278,0.0524594505744583,-0.0004296089244036027,0.004297978043298507,5
transformer,113,5124,0.8386561645539643,0.052390965393996444,-0.00044141243104179624,0.00430006147357228,5
transformer,113,5285,0.841015491638329,0.052308960264323676,-0.0004532889933262077,0.0043027689898271155,5
transformer,113,5452,0.8431541169232037,0.05221382095250169,-0.0004662902365017282,0.004306092588126771,5
transformer,113,5623,0.8450380645917249,0.05210947755620402,-0.0004770818822936146,0.004309857584223021,5
transformer,113,5800,0.8466890268514062,0.051997993622901154,-0.0004889824668676693,0.00431685551861566,5
transformer,113,5982,0.8481072780412745,0.051874972272733716,-0.0005021934923622234,0.004325785901373896,5
transformer,113,6170,0.8492936634178552,0.051748690102010324,-0.0005158688246957128,0.004337352602123655,5
transformer,113,6364,0.8502551289542634,0.05161859352314588,-0.0005289049303019226,0.004353103545267578,5
transformer,113,6564,0.8510216799888506,0.051474022965949245,-0.0005429899060372512,0.004367819056965089,5
transformer,113,6770,0.8515948870738423,0.05131893579739085,-0.0005571267184303712,0.004383092414968564,5
transformer,113,6983,0.8519933935508286,0.05115655856074232,-0.0005761449834561361,0.0044002383010312215,5
transformer,113,7203,0.8522282434218654,0.05099971293671201,-0.0005944414265546899,0.0044206467721473125,5
transformer,113,7429,0.8523257431344582,0.05083873929360991,-0.000613356650091551,0.0044384380861722,5
transformer,113,7662,0.8523089062556028,0.05066902160156945,-0.0006342279472032552,0.00445537308414675,5
transformer,113,7903,0.8521836734925335,0.05050501066515752,-0.000657440092361841,0.0044708234985909355,5
transformer,113,8152,0.8519933672272492,0.05034672295819404,-0.0006816583515532519,0.00448385708046181,5
transformer,113,8408,0.8517488869888158,0.050184208811039036,-0.0007049241259118263,0.004495029707659036,5
transformer,113,8672,0.8514792447489589,0.05001111605633915,-0.0007296221192239599,0.004508135254920294,5
transformer,113,8945,0.8511958879152219,0.04984621219191804,-0.0007552963830111786,0.00452150866996689,5
transformer,113,9226,0.8509160309224834,0.04968827521533699,-0.0007755668700108719,0.00453316429219828,5
transformer,113,9516,0.8506542541109896,0.04953519991556746,-0.0007972304363968324,0.004543971765244444,5
transformer,113,9815,0.8504343477289027,0.049387497993284776,-0.0008197219787096114,0.004559603230321635,5
transformer,113,10124,0.8502546250020613,0.04923813413476263,-0.0008421386324041033,0.004571022065132965,5
transformer,113,10442,0.8501655334918107,0.04909625595754764,-0.0008686180629938084,0.004582370471180614,5
transformer,113,10770,0.8501603263749706,0.04894742773207607,-0.0008947038904194088,0.004590962594421708,5
transformer,113,11109,0.8502762640974902,0.04880110980205785,-0.0009217732485239969,0.004596510826266744,5
transformer,113,11458,0.8505435472348519,0.048649988155211335,-0.000947409238566558,0.0045980125300679985,5
transformer,113,11818,0.8510017293670348,0.04854367178270896,-0.0009723982532828607,0.004614135445736312,5
transformer,113,12189,0.85168144260824,0.04846809146586098,-0.001016065804060511,0.0046197018180965475,5
transformer,113,12572,0.8525155214809749,0.048470620235677594,-0.0010590777515233783,0.004623062994508322,5
transformer,113,12968,0.8535681724122843,0.04861122863326565,-0.001102765564036901,0.004636921107496664,5
transformer,113,13375,0.854753965592114,0.04893759593751122,-0.0011412857442056105,0.0046377350570628775,5
transformer,113,13796,0.8558716519339642,0.049658246016396346,-0.0012024715926474182,0.004629750590188035,5
transformer,113,14229,0.856459815162031,0.050943915342578444,-0.0012977061664610982,0.0046204699216035846,5
transformer,113,14677,0.8541966234452119,0.05422971137944943,-0.0014012785472478305,0.004589519392468814,5
transformer,113,15138,0.8283616031902021,0.07823811162862482,-0.0015668047650153308,0.004384127414321992,5
transformer,113,15614,0.8282266531619273,0.03941170507036505,-0.00035046903889247817,0.005288278654460453,5
transformer,113,16104,0.846488399679812,0.057850150155058934,-0.0023456647445251172,0.006288316805680146,5
transformer,113,16611,0.8254875665662906,0.08221895500261862,-0.0019506699899943484,0.005156799873302087,5
transformer,113,17133,0.7980703061994953,0.07355806856372206,-0.0018555599999245686,0.004761245850071634,5
transformer,113,17671,0.7967024036431128,0.06961622531163007,-0.0019121684912246587,0.0049386957049474,5
transformer,113,18227,0.8018685496021902,0.06381317344328688,-0.0018127970038629222,0.004940270549769409,5
transformer,113,18800,0.8083994553953138,0.0578638157865661,-0.0016979332498297424,0.004863542467221478,5
transformer,113,19391,0.8148750636835004,0.05271847311997393,-0.0016126979641986144,0.00476852894039818,5
transformer,113,20000,0.8194565984121054,0.04821977157655698,-0.001578250468505903,0.004709943328638981,5
lstm,79,1,0.018215470174630686,0.006587058744888977,-2.9258201114032607e-05,0.005319842265650898,5
lstm,79,2,0.03768847818290099,0.006497298783137061,-5.2789275432274e-05,0.005287978864481017,5
lstm,79,3,0.0565640670017767,0.006501711625170284,-7.87061177764151e-05,0.005248905838952675,5
lstm,79,4,0.07464398612447151,0.006536612574484882,-9.925533540470124e-05,0.0052042974807570185,5
lstm,79,5,0.09179241062203358,0.006590941726212358,-0.00011245398026004348,0.005153724923246486,5
lstm,79,6,0.10791567791374598,0.006636835772074149,-0.00011612657779291515,0.005094209655669984,5
lstm,79,7,0.12296688901876356,0.006670142216079835,-0.00011466101617050796,0.005023241939338594,5
lstm,79,8,0.13692864066833768,0.006697659169201092,-0.00010598673412199832,0.004940341041044354,5
lstm,79,9,0.14980930022756506,0.006722657464958018,-9.135176461083786e-05,0.004843241821767808,5
lstm,79,10,0.16162283291487547,0.0067471332915604336,-7.258059293220953e-05,0.004732373703914769,5
lstm,79,11,0.1723926056652902,0.006786563397584244,-4.770108049148105e-05,0.004604729613465331,5
lstm,79,12,0.18215050500820945,0.006830947654665994,-1.6530956020033597e-05,0.0044628518228895155,5
lstm,79,13,0.19091381193147233,0.006888124005068683,2.1881301336240275e-05,0.004305536808612322,5
lstm,79,14,0.19869872768332564,0.006972214890507256,6.845699704524869e-05,0.004131027959382943,5
lstm,79,15,0.20551530146925168,0.007082901694713669,0.0001250346019611812,0.003940394803358237,5
lstm,79,16,0.21137078260329284,0.007240976546256577,0.0001892505515173754,0.0037346814554807322,5
lstm,79,17,0.2162571961858771,0.007462543590154695,0.0002633958484497269,0.0035135865257362097,5
lstm,79,18,0.22017566329450236,0.00778775301696424,0.0003447628420644606,0.0032800405690234053,5
lstm,79,19,0.22313537392135258,0.008236065103719397,0.0004306884452950928,0.0030355666432342263,5
lstm,79,20,0.22514196835146727,0.008841413881087374,0.000518270996738969,0.002781393530127817,5
lstm,79,21,0.226219018151192,0.009629100523193941,0.0006061706605038199,0.0025207967069732482,5
lstm,79,22,0.22639682018058926,0.010618505794148678,0.0006902447050164252,0.002257452011605987,5
lstm,79,23,0.22572782584765805,0.011809464161023171,0.0007683003255577637,0.0019932890949019466,5
lstm,79,24,0.2242776676743563,0.013185691676816304,0.0008363587549059463,0.0017322590659615512,5
lstm,79,25,0.22213870769681857,0.014720553503430062,0.0008931402818829358,0.001482351927389432,5
lstm,79,26,0.21941228139053565,0.016366679892938992,0.000938770774431388,0.0012532691871530914,5
lstm,79,27,0.21622317310657432,0.018076980227841804,0.0009693345436630497,0.0010635331321776791,5
lstm,79,28,0.21271510676243205,0.01979969630159424,0.0009899818242823754,0.0009371072038644728,5
lstm,79,29,0.2090119867557602,0.021482161165306612,0.0009975818247657975,0.0009024344047023612,5
lstm,79,30,0.2052353115607854,0.0230944502738327,0.0009954104967223542,0.0009655797512048227,5
lstm,79,31,0.20150808346860197,0.024605531243545548,0.0009855229511781037,0.001105278570097702,5
lstm,79,32,0.1979232420902634,0.02598646878208615,0.0009697721122808537,0.0012887776732619471,5
lstm,79,33,0.19457013909543747,0.027228512574500548,0.0009473895955785554,0.0014965089527486338,5
lstm,79,34,0.19151328897865513,0.02832415065402404,0.000920049913292377,0.00171083691965387,5
lstm,79,35,0.1888087673729621,0.02927281760804271,0.0008875593827362492,0.0019246141618144968,5
lstm,79,36,0.18649964350524958,0.030083605674583583,0.0008504343322681983,0.002130602507684512,5
lstm,79,37,0.18461834514759012,0.030755668365969123,0.0008083772246008098,0.002324870023598472,5
lstm,79,39,0.18225504758447192,0.031735189502903,0.0007124969535706169,0.0026636362134880485,5
lstm,79,40,0.1818245974156726,0.03206402935396637,0.0006598852826978805,0.0028007447628324755,5
lstm,79,41,0.18191286456768066,0.032300883590872714,0.000605037862479372,0.002911268137849825,5
lstm,79,42,0.18255583041770956,0.03244772065739499,0.0005473937805506292,0.002992622583719027,5
lstm,79,44,0.1855475473824038,0.03255430796805089,0.0004337550029057829,0.003058114751995193,5
lstm,79,45,0.18793602775621993,0.03253398685585273,0.0003773625690877111,0.003037410134147116,5
lstm,79,46,0.19093000609893565,0.03246800208404439,0.0003255984716476801,0.0029849445451708,5
lstm,79,48,0.19869094432464984,0.032226595347350534,0.00023961777921426702,0.002798543647794503,5
lstm,79,49,0.20340076722745892,0.032041424896286176,0.00020694688186657654,0.0026834358097201578,5
lstm,79,51,0.2141942120104698,0.03154105842953694,0.00016003503408593324,0.0024717002710656815,5
lstm,79,53,0.2263824182776562,0.030820742411677936,0.0001245410054398502,0.0023493666336790015,5
lstm,79,54,0.2328249324275305,0.0303669368255984,0.00010996872549822179,0.0023258775995367627,5
lstm,79,56,0.24617879277609017,0.0292655185484017,9.384360439940688e-05,0.002298115951355664,5
lstm,79,58,0.2599456194547229,0.02796360460274096,0.00012122606187840558,0.0022204441745057833,5
lstm,79,59,0.26694650785585083,0.027258664918875936,0.00015815081030778837,0.002150140312263595,5
lstm,79,61,0.28114995263700365,0.025823774152529188,0.00028357470400015036,0.0019569750527400707,5
lstm,79,63,0.29562710663675634,0.024461903592639566,0.00046261656025832585,0.0017304064020714405,5
lstm,79,65,0.3103909299233491,0.023347984056584302,0.0006650281520669845,0.001522032808847785,5
lstm,79,67,0.32548602238341956,0.022615322259378852,0.0008636531272171273,0.0013875151961165644,5
lstm,79,69,0.3409107711488109,0.02226797806926692,0.0010451761855316756,0.0013610037818797718,5
lstm,79,72,0.3644755674354784,0.022271259847328237,0.001285367346257018,0.0014963343355664225,5
lstm,79,74,0.38022288057879877,0.02245616329039457,0.0014296263174441788,0.0016521290262172693,5
lstm,79,76,0.39581015592826974,0.02270886205011818,0.0015666066146001367,0.0018273454615579878,5
lstm,79,79,0.4187023630159259,0.023126575922294886,0.0017621474679903617,0.0020961082153546466,5
lstm,79,81,0.4335829024471976,0.023378926095582547,0.0018780653900080716,0.002258285430314059,5
lstm,79,84,0.4553150450862821,0.02361468659528329,0.0020205761112091904,0.0024326169382077457,5
lstm,79,86,0.4694101070090261,0.023631583011005326,0.0021068312263190594,0.002485501864055748,5
lstm,79,89,0.4898845747634427,0.023465172519928693,0.0022343107365887125,0.0024721336371912647,5
lstm,79,92,0.5093148155978942,0.023234569176412624,0.00236102812084449,0.0023716846777737423,5
lstm,79,95,0.5274682527106737,0.02308405927187615,0.0024973077117919533,0.0022183723674380584,5
lstm,79,98,0.5443424461156952,0.02305399306888449,0.002663742686101353,0.0020404576958370753,5
lstm,79,101,0.5600073766097315,0.023192109055455476,0.0028569133625679396,0.0018457349631216067,5
lstm,79,104,0.5745540977814919,0.023570633359847985,0.003053372408548906,0.0016328016233924042,5
lstm,79,107,0.5881014707613132,0.024302321657848947,0.003233652346882619,0.001408899087798368,5
lstm,79,110,0.6008015337592543,0.025508457811109837,0.003390983745279749,0.0012005750153843,5
lstm,79,114,0.6167488992267505,0.02787910298920724,0.0035788195707097637,0.0010224214255009322,5
lstm,79,117,0.6280943884158632,0.030198282902797288,0.0037111945230077934,0.0010228971593643583,5
lstm,79,121,0.6423078593846587,0.03394588315072336,0.003876923480196027,0.0011813219196135966,5
lstm,79,125,0.6551746783774147,0.038289044563795456,0.004028504604590906,0.00141504804346996,5
lstm,79,129,0.6664318222423226,0.04292339837841833,0.004170319782951779,0.001641699680622938,5
lstm,79,133,0.6760568950093435,0.0474120494803752,0.0042863805681203114,0.001826576690299607,5
lstm,79,137,0.6842125535388158,0.05130437122352209,0.004367477200115317,0.001975574887765984,5
lstm,79,141,0.691084343981933,0.05441633789793564,0.004416230181476995,0.0021154030571645887,5
lstm,79,146,0.6983396012309047,0.05715267422701342,0.004429540299894936,0.00230021799139094,5
lstm,79,150,0.7035845866777001,0.05834246693605377,0.004409080925690556,0.0024600276902567095,5
lstm,79,155,0.7099717825761866,0.05847550741148354,0.004369880807041775,0.002667350097167546,5
lstm,79,160,0.7164002692453415,0.057104603893697356,0.0043442665813994644,0.0028852097871084744,5
lstm,79,165,0.7227605205001254,0.05455348765863178,0.004332044683674753,0.0031101465044777606,5
lstm,79,170,0.7288704735831374,0.051380104743442866,0.004316098875728537,0.0033141437710188203,5
lstm,79,176,0.7358212494361634,0.04737790111415298,0.004261920269178937,0.00349346659411077,5
lstm,79,181,0.7413304119239797,0.04407898101113604,0.004185443131768779,0.0035841529837387395,5
lstm,79,187,0.747576612199641,0.04026489786143272,0.004093396555831149,0.0036530030501307725,5
lstm,79,193,0.7534457046284644,0.03677798466391531,0.004026666450002303,0.0037053707965449397,5
lstm,79,199,0.7589387774707295,0.03373130288540752,0.0039947771156011785,0.0037570974438864333,5
lstm,79,205,0.7640653503977444,0.03113860476244517,0.003994218708698014,0.0038259246442441325,5
lstm,79,211,0.7688118683242617,0.028965996538065808,0.0040145485649638515,0.003919580716325196,5
lstm,79,218,0.7738906604708096,0.026898811430022103,0.004049289720293037,0.0040597542775476685,5
lstm,79,225,0.7785435656451185,0.02528812545256446,0.00409338559889902,0.004215939801789606,5
lstm,79,232,0.7827741664931647,0.02402358185559898,0.004140936605333505,0.004383192836973167,5
lstm,79,239,0.786544215311427,0.02300189553337771,0.004176938434808665,0.004551036293641472,5
lstm,79,247,0.790378628637548,0.022128087817533507,0.0042058544640260894,0.004709258903118597,5
lstm,79,255,0.7937821244181922,0.021531421876052816,0.0042153462269393874,0.004836500880023326,5
lstm,79,263,0.7967689218225009,0.0210759321374564,0.004215191869252123,0.004936228368976189,5
lstm,79,271,0.7993752748765932,0.02065629588482796,0.0042084186215669145,0.0050188907481679,5
lstm,79,279,0.8016572485198182,0.02024755343042871,0.00420050245740893,0.005091626459119637,5
lstm,79,288,0.8038893480622396,0.01982221398820323,0.00419467750919812,0.005162486477566477,5
lstm,79,297,0.805838512306791,0.019421773137840877,0.004190442464573621,0.005222165391574745,5
lstm,79,307,0.8077304234815988,0.019012310731052463,0.0041853216618118715,0.005276440784778828,5
lstm,79,316,0.8092353275321365,0.018674136652662526,0.004181081782082198,0.005317073454057145,5
lstm,79,326,0.8107342652829324,0.018321783533398896,0.0041763199996213834,0.005355354563976152,5
lstm,79,336,0.8120838841690887,0.01798880693039126,0.0041713929257466515,0.0053884667458859205,5
lstm,79,347,0.8134284371078273,0.017644101080402378,0.004167326909276911,0.005420313348451127,5
lstm,79,358,0.8146537092030485,0.017321454018941997,0.004163625544679659,0.005448793388285909,5
lstm,79,369,0.8157803053288474,0.01701692289541528,0.004160831868330975,0.005475805754937291,5
lstm,79,381,0.8169168066042385,0.016707657012375872,0.004157756879536985,0.005503157725087249,5
lstm,79,393,0.8179742845137502,0.016420807289201308,0.004155606245218616,0.005529029180701175,5
lstm,79,405,0.8189629967980849,0.016156770583000045,0.004153559742870054,0.00555390781342132,5
lstm,79,418,0.8199670249782333,0.01589117536030347,0.004152018300632168,0.005579648858106683,5
lstm,79,431,0.8209142947435334,0.01564625083160333,0.004150041109986549,0.005604686126032436,5
lstm,79,444,0.821810554435783,0.015419648897517131,0.004147418658264244,0.005629122069038189,5
lstm,79,458,0.8227261445471189,0.015196257654932205,0.004144489482718524,0.005653948493717547,5
lstm,79,473,0.8236595451460751,0.014976667477367644,0.004140762118026903,0.005679935247109865,5
lstm,79,488,0.824548688453522,0.014774122445255554,0.004136347099105713,0.005704740485732807,5
lstm,79,503,0.8253998176343359,0.014587376972699687,0.004131807670579764,0.005728043387437629,5
lstm,79,519,0.8262703285472981,0.014404043943032484,0.004125943026684863,0.005751909508869117,5
lstm,79,535,0.8271075615492098,0.01423511703979126,0.004120384710534733,0.0057745486755760725,5
lstm,79,552,0.827965052297748,0.014069314052363963,0.004113892548393259,0.005797950648464799,5
lstm,79,569,0.8287935886332537,0.013916326943746934,0.004107854600673101,0.005820364607951739,5
lstm,79,587,0.8296436702529533,0.01376614090555922,0.004100357974584141,0.005843235565475063,5
lstm,79,606,0.8305153983442535,0.013623079463871247,0.004093476982786668,0.005866478106148668,5
lstm,79,625,0.8313646470597884,0.01349108399191246,0.004085631545433642,0.005889333763623229,5
lstm,79,644,0.8321920995960264,0.013367774915835141,0.004078497639075745,0.005910901791402046,5
lstm,79,665,0.8330891958981279,0.013245498751621348,0.004069894272483519,0.0059339118298299695,5
lstm,79,685,0.833927539202584,0.01313770964712403,0.004062222462209304,0.005955101491189227,5
lstm,79,707,0.8348336517366739,0.013029602775434367,0.004052843427681701,0.005977427844205021,5
lstm,79,729,0.8357250399256453,0.012929716340919615,0.00404369427288186,0.0059978512219036875,5
lstm,79,752,0.8366432840986961,0.012835064474962746,0.004033863338961805,0.006018217868999907,5
lstm,79,776,0.8375896559577193,0.012744004982747257,0.004023668171828706,0.006037709426394168,5
lstm,79,800,0.8385227274308873,0.012660091718226378,0.004013027468392475,0.006055834478280906,5
lstm,79,825,0.8394839370089084,0.012580551357378159,0.004001810726929271,0.006072785788540229,5
lstm,79,851,0.8404731366165281,0.01250437817075084,0.0039899837994758994,0.0060886527121454745,5
lstm,79,878,0.8414883002039607,0.012431917428867834,0.003977357410480075,0.006103583423692362,5
lstm,79,906,0.8425318340441793,0.012363552044075597,0.003964561482338483,0.006117101368500815,5
lstm,79,934,0.843564876420837,0.012300906754715537,0.003951756262942677,0.006128771050694147,5
lstm,79,963,0.844626223200293,0.012240861640392129,0.0039392586183771535,0.006139040127776466,5
lstm,79,994,0.8457509409410786,0.012183223307776036,0.003926200796886577,0.006148782666049587,5
lstm,79,1025,0.8468672849651739,0.012129734404173897,0.003913514426993156,0.0061573616551922165,5
lstm,79,1057,0.8480108983772295,0.012080922890754207,0.0039015729179684147,0.006164814068787527,5
lstm,79,1090,0.8491812931340798,0.012035707630447146,0.003890224826787118,0.006171361051833081,5
lstm,79,1125,0.8504142036815405,0.011995263162405567,0.0038789301149808595,0.006176933278026611,5
lstm,79,1160,0.8516374616950048,0.011959218209743317,0.0038685778790529756,0.006180899355849855,5
lstm,79,1197,0.8529198909209892,0.011925835657903748,0.0038582622872643585,0.006184214980912134,5
lstm,79,1234,0.8541896082696688,0.011896696788719687,0.003848994596464457,0.006186234347203012,5
lstm,79,1273,0.8555134092950109,0.011868406383511478,0.00384022404111435,0.006187182233757249,5
lstm,79,1313,0.8568543684676749,0.011842541020420953,0.0038311865258246667,0.006186753569262907,5
lstm,79,1354,0.8582099130546631,0.011817193840325951,0.003823090598112385,0.006185321339981951,5
lstm,79,1397,0.8596094532861842,0.011792691155521123,0.003815471667018293,0.006182157000769641,5
lstm,79,1441,0.8610151951521787,0.011768590404937825,0.0038088966111866863,0.006176946637496383,5
lstm,79,1486,0.862422859357385,0.011745667479617842,0.003803178211379052,0.00616989058923719,5
lstm,79,1533,0.8638596681883601,0.011721956507388689,0.003798221272148389,0.006159890007009538,5
lstm,79,1581,0.8652873325267771,0.011699621417192836,0.0037947625351588575,0.0061474519659994245,5
lstm,79,1631,0.8667300097444551,0.011676130413778643,0.003792972747060226,0.006132811759735107,5
lstm,79,1682,0.8681507596926096,0.01165106059850323,0.0037924699646247548,0.006115994728372554,5
lstm,79,1735,0.8695715393165159,0.011622456529314318,0.003794086327128033,0.006097058504901003,5
lstm,79,1789,0.87095605085378,0.011591163730768385,0.00379755704645342,0.006076846186800603,5
lstm,79,1845,0.8723230757982547,0.011557193354088013,0.003802428642533878,0.006054554806831794,5
lstm,79,1903,0.8736623008057807,0.011520541721889507,0.003809861499841474,0.00603020173420231,5
lstm,79,1963,0.8749638252996588,0.011484994183023643,0.003820958958897519,0.00600303688606959,5
lstm,79,2025,0.8762177565465932,0.011449775429494949,0.0038360456719596357,0.005973312079688661,5
lstm,79,2089,0.8774162648498922,0.011411425265438662,0.0038555048678858886,0.005939507682912371,5
lstm,79,2154,0.8785330133420752,0.01136910956919642,0.003877934597066114,0.005902829044308073,5
lstm,79,2222,0.879593265955943,0.011320624166891296,0.003904282472620298,0.005861761073175182,5
lstm,79,2292,0.8805672666204052,0.011268327188212532,0.003933776359819599,0.005816267381679585,5
lstm,79,2364,0.8814437746293168,0.011215255833228239,0.003965361662233188,0.005766451554068307,5
lstm,79,2438,0.8822170695257784,0.01116169900386286,0.003998144316817312,0.0057125047437543664,5
lstm,79,2515,0.8828884553146434,0.01110912108996741,0.004032407792756423,0.005652876767061749,5
lstm,79,2594,0.8834374149401703,0.011057869650143035,0.0040680260656788345,0.005589287926731572,5
lstm,79,2675,0.8838570630778128,0.011010685706596112,0.004102846434701575,0.005523145911344807,5
lstm,79,2759,0.8841434225385465,0.010968764171390116,0.00413815907852767,0.005454367727374959,5
lstm,79,2846,0.8842848733302485,0.01093118042227647,0.004173242595488092,0.005383805798178374,5
lstm,79,2936,0.8842741711493749,0.010894293590279392,0.004208224039976433,0.005311268846570311,5
lstm,79,3028,0.8841103851552022,0.010854594413198065,0.004241617635104777,0.005238131997031028,5
lstm,79,3123,0.8837876875697871,0.010809393944758388,0.00427480318137312,0.005163512847651525,5
lstm,79,3221,0.8833015727921127,0.010757505879227863,0.004306559950407736,0.005087648277236714,5
lstm,79,3323,0.8826429202547497,0.010701338352601866,0.004337438789909086,0.005010779055779136,5
lstm,79,3427,0.881826036519578,0.010646104866538613,0.004367658614573274,0.004933163193484974,5
lstm,79,3535,0.8808423873874517,0.010597064145642187,0.00439748434567965,0.004853993969495344,5
lstm,79,3646,0.8797155596848583,0.01055721640858173,0.004427386467170486,0.004773956766707002,5
lstm,79,3760,0.8784604684772314,0.010528222448623007,0.00445610527137837,0.004693814348486435,5
lstm,79,3879,0.8770689533744459,0.010508847298596765,0.004482783596443813,0.004613705651013685,5
lstm,79,4000,0.8755934022848415,0.010500136965869381,0.004505915894337529,0.0045352225160086935,5
lstm,79,4126,0.8740149211290087,0.010502067907049368,0.004525489829526386,0.004456917261418827,5
lstm,79,4256,0.8723537552360108,0.01051988364181759,0.004541415802019633,0.00437905808814959,5
lstm,79,4390,0.8706189227359905,0.010557539234194,0.004552986787996335,0.0043002951937197095,5
lstm,79,4528,0.8688204072771523,0.010615751818386381,0.004559814362740601,0.004221692502609444,5
lstm,79,4670,0.8669697193637497,0.010692215440907841,0.004560609067514768,0.004142583792800467,5
lstm,79,4817,0.8650633296245023,0.010786224083353802,0.004555966941931633,0.004063378066887666,5
lstm,79,4968,0.8631213093894603,0.010886448531657905,0.0045471175261262535,0.003984706336721248,5
lstm,79,5124,0.8611508316278705,0.010994542997356558,0.0045340508523844395,0.003906691493494765,5
lstm,79,5285,0.859186271337075,0.011118735380699503,0.004518968457882424,0.0038305536294787807,5
lstm,79,5452,0.857229579001584,0.011240355707663479,0.004502201169358509,0.003755749561922056,5
lstm,79,5623,0.8553023658493666,0.01135657517037694,0.004485376756894855,0.00368481083703351,5
lstm,79,5800,0.8534034735173754,0.011483268839777737,0.004466194043701511,0.0036156456915472463,5
lstm,79,5982,0.851569487231456,0.011631959896603823,0.00444459895500905,0.0035482748902924016,5
lstm,79,6170,0.8498007419019202,0.011797166278092883,0.0044232039274316156,0.003482428881276731,5
lstm,79,6364,0.8481040295298742,0.011974862238562737,0.004401924292858026,0.003418263724261728,5
lstm,79,6564,0.8464885725700502,0.012157919682208286,0.00438026558337593,0.0033570355124996937,5
lstm,79,6770,0.8449762312206721,0.012338249362091982,0.004357601370115563,0.003299642049000834,5
lstm,79,6983,0.843561117260549,0.012514699019849428,0.004334307769862422,0.0032459308907743624,5
lstm,79,7203,0.8422418462355186,0.012682363842963763,0.004312109671762228,0.0031979197307052732,5
lstm,79,7429,0.8410223209766666,0.01283839966164019,0.0042922131727146165,0.003155253236449172,5
lstm,79,7662,0.8399010397638185,0.012979731626916381,0.0042730384428898635,0.003115657374515614,5
lstm,79,7903,0.8388779735852934,0.013099587641230977,0.00425563984148602,0.0030779877764316016,5
lstm,79,8152,0.8379899295809364,0.013215381874751674,0.004240976753240476,0.0030427827239345095,5
lstm,79,8408,0.8372471208535899,0.013342868913235826,0.004227176751936173,0.0030084226019275935,5
lstm,79,8672,0.8366353002537863,0.013470237187481188,0.004210315212976735,0.0029753439249347456,5
lstm,79,8945,0.8361864883651828,0.01358191151998192,0.004190323716769542,0.002944526252288501,5
lstm,79,9226,0.8359227078311717,0.013721720189318077,0.004169487660807511,0.002913455755054577,5
lstm,79,9516,0.8358135561562354,0.0138677787682185,0.004145796059494334,0.0028806427406091106,5
lstm,79,9815,0.8358405164571184,0.01400412222231948,0.004118416236180404,0.002846320884964559,5
lstm,79,10124,0.8359912257201149,0.014117180552857827,0.004088788265992513,0.0028122327570731165,5
lstm,79,10442,0.8362736934429199,0.01424848170690681,0.004056472424422434,0.002775093501375063,5
lstm,79,10770,0.8367061789951078,0.01439028969447954,0.004023067626034188,0.002738979571658205,5
lstm,79,11109,0.8373175074656786,0.014536383126444613,0.0039915764757293345,0.002707004849497061,5
lstm,79,11458,0.8380802166481425,0.01467259984693673,0.003959605438994656,0.0026788409858036653,5
lstm,79,11818,0.8389881469759903,0.014800839324041668,0.0039279109044067576,0.002653416191619202,5
lstm,79,12189,0.8400987579158198,0.014935063040301122,0.0038990353437178852,0.0026309014484625273,5
lstm,79,12572,0.8413996262078381,0.015081025520521893,0.003873469117060966,0.0026125722028939777,5
lstm,79,12968,0.8428949422996744,0.015242116820223518,0.0038516651710971696,0.0025992594129005506,5
lstm,79,13375,0.8445923961903896,0.015421206368782355,0.0038360634532927903,0.002591041818019332,5
lstm,79,13796,0.8465467865845386,0.015641273897990214,0.0038263445501639584,0.0025875173921126753,5
lstm,79,14229,0.84878592839867,0.015912100220489434,0.0038210435802066003,0.0025882302388806878,5
lstm,79,14677,0.8513877253895851,0.016235218441502525,0.003819431930134597,0.002594234121226464,5
lstm,79,15138,0.8544071596522151,0.016561362394895886,0.003820863569094261,0.002599050675941068,5
lstm,79,15614,0.8578725973960065,0.01688671003076222,0.0038266671250804093,0.002603445683044875,5
lstm,79,16104,0.8618279709096427,0.017269457145986922,0.0038365895848068085,0.0026087632564449656,5
lstm,79,16611,0.8663697373701449,0.01774459618617972,0.0038498998766638226,0.0026159457863346473,5
lstm,79,17133,0.8715588496285491,0.018311898677022695,0.003867972674761999,0.0026265275051291248,5
lstm,79,17671,0.8774775887174003,0.018787737678466702,0.0038918814479589406,0.0026427380588239092,5
lstm,79,18227,0.8841113024221693,0.019111647953619536,0.003914804810388797,0.0026715234403144215,5
lstm,79,18800,0.891379159183525,0.01928658446399267,0.003943254815305045,0.0027061557694605717,5
lstm,79,19391,0.8991086939370652,0.019413858499539735,0.003971900672362578,0.0027405968423630436,5
lstm,79,20000,0.9070852318837677,0.019633297202841883,0.004006398408568519,0.0027799634944465318,5
lstm,97,1,0.018235709875925047,0.011139508824279082,0.002817572662821655,0.002014217739952313,5
lstm,97,2,0.03577878118581269,0.011237870195095244,0.0029334012919579096,0.0020131678821029148,5
lstm,97,3,0.052810980029171076,0.011280768323199457,0.0030382325122412603,0.002017208755650165,5
lstm,97,4,0.06916052949635008,0.011253347111425149,0.0031288987510722207,0.0020247997639577407,5
lstm,97,5,0.0846910421921959,0.011161279699746583,0.003209486650005524,0.0020305000379739267,5
lstm,97,6,0.09931645036708181,0.011003193078221542,0.0032754905974772134,0.002033257576152075,5
lstm,97,7,0.11300601214468556,0.010785865873804023,0.0033303152372641392,0.0020331198611060856,5
lstm,97,8,0.12573183790465778,0.010501735040786452,0.003372352521171304,0.0020314411716077924,5
lstm,97,9,0.13750740867220346,0.010152791958846608,0.0034019761204313664,0.002024133298397973,5
lstm,97,10,0.14834975274737167,0.00972044524451153,0.0034216873901041756,0.002015359182975116,5
lstm,97,11,0.15828239956490608,0.009217389570586581,0.0034327108403083215,0.0020043198013610466,5
lstm,97,12,0.16732449574779434,0.008646301586630519,0.003435055703034072,0.0019890662380285342,5
lstm,97,13,0.17549834960328653,0.008017401370043128,0.003429514394369274,0.0019715397219665686,5
lstm,97,14,0.18282348603377482,0.0073342175895722535,0.0034187761564444864,0.001945253890014754,5
lstm,97,15,0.1893219485954015,0.006613465092056401,0.0034019005421725796,0.001914380476404823,5
lstm,97,16,0.19499446594960385,0.005887200381522708,0.0033776324154597285,0.0018734311211798583,5
lstm,97,17,0.1998619599610188,0.005209580068928728,0.0033467021438466486,0.0018255034957464428,5
lstm,97,18,0.20392599614875925,0.0046979307213899195,0.003306966245821035,0.0017678575738448966,5
lstm,97,19,0.20718123548181486,0.00452516438338706,0.003258256499555754,0.001702159621186826,5
lstm,97,20,0.20964260153732703,0.00484020133463799,0.00319971068696808,0.0016276082645325202,5
lstm,97,21,0.21130672170875195,0.005672247145091373,0.0031330879725435155,0.0015451523747456281,5
lstm,97,22,0.21217687018242848,0.006912888010822499,0.0030621848718979704,0.0014600810870913038,5
lstm,97,23,0.21226784726505166,0.008417670834585436,0.002988317145628075,0.0013738931499467717,5
lstm,97,24,0.21161140829914613,0.01007925530670854,0.0029150143185366416,0.001291277034178497,5
lstm,97,25,0.21025537375674444,0.011819646906236289,0.002846351135044076,0.0012111635376488182,5
lstm,97,26,0.20827002483879048,0.013567956510666954,0.002783249449615559,0.001134435935210795,5
lstm,97,27,0.2057424226722989,0.015266092943929352,0.002728044329496062,0.0010602896131479856,5
lstm,97,28,0.202772230510844,0.016861841202001376,0.002680663924468501,0.0009878710305452367,5
lstm,97,29,0.19946263600006037,0.018330751923345958,0.002639530781115702,0.0009181775921291351,5
lstm,97,30,0.19592592651659507,0.01964876001378231,0.0026039263968231073,0.0008508252875798492,5
lstm,97,31,0.19226790201039945,0.02080877488991303,0.0025725661221200407,0.000788711910650858,5
lstm,97,32,0.18857842682892736,0.02180284252363166,0.0025431978151857137,0.000739082615814374,5
lstm,97,33,0.18495791455178462,0.02264830978873126,0.0025150038075939284,0.0007082221051012417,5
lstm,97,34,0.18147438943212651,0.023353933638086084,0.0024859070297525787,0.0007018357472098089,5
lstm,97,35,0.17819691853025837,0.02393137191485285,0.002455593293178904,0.0007231051273741727,5
lstm,97,36,0.1751875971709744,0.024398332672444456,0.0024248083787987225,0.0007724894871060889,5
lstm,97,37,0.17248768404221315,0.024768529268451606,0.0023921470563510413,0.0008429741476280024,5
lstm,97,39,0.16817061973299446,0.025266665245736643,0.0023277065105034465,0.001028015728999078,5
lstm,97,40,0.1666251729818759,0.0254049150583087,0.0022986443420021903,0.0011333520958978376,5
lstm,97,41,0.16552476098768185,0.025496139987003556,0.0022738755281660993,0.0012430719283144341,5
lstm,97,42,0.16490817277590736,0.02553184808920179,0.002253515681427977,0.0013573471225278458,5
lstm,97,44,0.16521901415642035,0.025474439265062338,0.002237493968350652,0.0015953710841384169,5
lstm,97,45,0.16620526486513015,0.025380808925601836,0.0022430339252883604,0.0017193889233783803,5
lstm,97,46,0.16777143522160573,0.025257013885527094,0.0022576658213930173,0.0018465421544528033,5
lstm,97,48,0.17275670799717627,0.02492159538290331,0.0023109614236920687,0.0021175193309136576,5
lstm,97,49,0.1761996684921337,0.024724476599294016,0.00234535456017645,0.002260552816372107,5
lstm,97,51,0.18493661447972415,0.024313862068873305,0.0024199598175157324,0.0025681892991723967,5
lstm,97,53,0.1959665975226479,0.02397197548855932,0.002489699828140517,0.0029033833016916316,5
lstm,97,54,0.20222033564106975,0.023866311175615638,0.0025213937452947645,0.0030760336262638612,5
lstm,97,56,0.21590640431083208,0.023897255608666245,0.002573310037312479,0.0034015240240932803,5
lstm,97,58,0.23076851857727093,0.024334793818861188,0.002613378763035179,0.0036478173518096394,5
lstm,97,59,0.2384919506815813,0.024717768533085858,0.0026295502921029282,0.0037216210849850234,5
lstm,97,61,0.25422591795340693,0.025716902980058937,0.002657409542935496,0.00374750805174753,5
lstm,97,63,0.27002629607398204,0.02678676495735512,0.0026744833768788602,0.003606974096727161,5
lstm,97,65,0.2856306891114349,0.027604515495003232,0.0026783189482744293,0.0033166818255945707,5
lstm,97,67,0.3009301910957934,0.027972407860738856,0.0026704201256832322,0.00291059189983773,5
lstm,97,69,0.31588662765724795,0.027883310124115466,0.002657259585328129,0.0024303940807304638,5
lstm,97,72,0.33765798867834335,0.02714545306670954,0.0026501527686766057,0.001665840728788227,5
lstm,97,74,0.3517179224717119,0.026384666268164752,0.0026660511647731513,0.0012078083650247696,5
lstm,97,76,0.3654814225302074,0.025421579587727214,0.002698636769060159,0.0008822538329540168,5
lstm,97,79,0.3857817009668169,0.023564352453019462,0.0027634202664018896,0.0007617373489051948,5
lstm,97,81,0.39919142980603034,0.02212492860352115,0.0028044728256028614,0.0008350256793616327,5
lstm,97,84,0.4191557408603905,0.019983540373393997,0.0028517771326922884,0.000970324975140374,5
lstm,97,86,0.4322995953957576,0.018738668353591087,0.0028662311171009152,0.0010559972675136667,5
lstm,97,89,0.45158347285569755,0.017253047478533432,0.0028507527997290536,0.0011975440728162283,5
lstm,97,92,0.4701231655173329,0.016179953405870393,0.0027949242295789802,0.0013812302646893392,5
lstm,97,95,0.48772964059324825,0.015515161794505633,0.0026918767929287064,0.0016161962944286797,5
lstm,97,98,0.5042626409810553,0.015415703185880118,0.0025359725700517437,0.0018910564358023383,5
lstm,97,101,0.5195278560350649,0.016198877548246858,0.002338506614616854,0.0021906253243702263,5
lstm,97,104,0.5333252567060893,0.01822208536498134,0.00211666508145844,0.0025068154363694557,5
lstm,97,107,0.5455719086724506,0.02167921388617374,0.0018840774574544975,0.002841058251390471,5
lstm,97,110,0.5562867275716739,0.026634043191169725,0.0016535636491430146,0.00318654425271234,5
lstm,97,114,0.5684618248221195,0.03537869163888086,0.0013614931099249264,0.0036620059816384627,5
lstm,97,117,0.5763385876752402,0.043180350916327104,0.0011628543236615612,0.004041158389410957,5
lstm,97,121,0.5855800964576026,0.05422692955896516,0.000946939766106329,0.004580283845175735,5
lstm,97,125,0.5937011712568919,0.06442243772284094,0.0008017789606783952,0.0051458487472480245,5
lstm,97,129,0.6010597060380288,0.07213143847553342,0.0007114619794046531,0.005717125175341694,5
lstm,97,133,0.6080990695488689,0.076479358322709,0.0006439335258962469,0.006259236249336299,5
lstm,97,137,0.61521546696621,0.07765801690315877,0.0005721955366874401,0.0067341941662929705,5
lstm,97,141,0.6225315381734772,0.07645836336866227,0.0004989000109223633,0.0071346671688579675,5
lstm,97,146,0.6317903667508556,0.0727261070273283,0.0004230252012555419,0.007550135693492846,5
lstm,97,150,0.6391090842130854,0.0685584404703951,0.0003774556316711845,0.007830939828948889,5
lstm,97,155,0.648026547294368,0.06246521425009666,0.0003474172499960385,0.008149968837418645,5
lstm,97,160,0.6567272986310396,0.05597876363250002,0.000363548684666977,0.00846447036319633,5
lstm,97,165,0.6653087181163766,0.04956443538066805,0.0004408395889993309,0.00878171722723344,5
lstm,97,170,0.6737434385964309,0.04347103663625802,0.0005622274148468849,0.009092888761981069,5
lstm,97,176,0.6836133627199857,0.03681603448493276,0.0007050383333978141,0.00945295698964778,5
lstm,97,181,0.6916366370838285,0.0319119546874296,0.0007963728835634615,0.009754386259720367,5
lstm,97,187,0.7010952923717018,0.026885870826793435,0.0008983341829842584,0.010111612820654278,5
lstm,97,193,0.7103260781929562,0.022901666245303622,0.0010357256268197581,0.010441036922162673,5
lstm,97,199,0.7192540711137722,0.020054212247896056,0.0011908160281329755,0.010726000607882574,5
lstm,97,205,0.7278333223848666,0.01844055335128173,0.0013431889291688453,0.01097117495844863,5
lstm,97,211,0.7360487917347179,0.017956133006428714,0.0014957459634474149,0.011178547824166047,5
lstm,97,218,0.7451248793455088,0.018334282812189795,0.0016721530262114187,0.011363958473657685,5
lstm,97,225,0.7536010846123302,0.019153980182645445,0.0018552741588011696,0.01148261709231663,5
lstm,97,232,0.7614155330062264,0.019989073294464255,0.0020283457873840633,0.011543657209763962,5
lstm,97,239,0.768493305039242,0.020621294198916187,0.002196313224625474,0.011555311911693941,5
lstm,97,247,0.7756603917985047,0.02101589781807757,0.00239238660488465,0.011538097239103295,5
lstm,97,255,0.781878213357208,0.021049899320016066,0.0025839438205836596,0.011504731627177769,5
lstm,97,263,0.787214456924382,0.020807785110533904,0.002760019866238671,0.011466228385585463,5
lstm,97,271,0.7917750877420785,0.020408328039212352,0.0029166417458616066,0.011428622072921026,5
lstm,97,279,0.7956639365271172,0.019971189160540977,0.0030477991169720526,0.01139252973533407,5
lstm,97,288,0.799353759789235,0.01952384578913974,0.003170237970702223,0.01135528222499258,5
lstm,97,297,0.8024539998978634,0.01914247019974868,0.003270344902307591,0.011320014393474843,5
lstm,97,307,0.8053727526080887,0.018792481663353868,0.0033635018388826652,0.011283667192107187,5
lstm,97,316,0.8076356788770298,0.018538547619284952,0.003433293312046108,0.011254139817464693,5
lstm,97,326,0.8098420614223413,0.01830919123879598,0.0035003256478927888,0.011224890419667136,5
lstm,97,336,0.8117861208624797,0.01813593087862284,0.003558399764187873,0.011197581254580046,5
lstm,97,347,0.8136910961952015,0.017996788798803374,0.0036151641150459677,0.011171444892696792,5
lstm,97,358,0.8153983275967113,0.017900880750708024,0.003664622793544144,0.011147562631587778,5
lstm,97,369,0.8169467537800562,0.017836730950206155,0.003708167909543663,0.011125553347247581,5
lstm,97,381,0.8184893230724668,0.01779479523459817,0.003750416001446988,0.011104390518360562,5
lstm,97,393,0.8199077469907345,0.017774991046620895,0.0037872832004472758,0.0110854085514093,5
lstm,97,405,0.82122215726802,0.017771710711634102,0.0038213781764252558,0.011068893740975739,5
lstm,97,418,0.8225498440768424,0.017783746759087903,0.0038542267492296723,0.011052405258274318,5
lstm,97,431,0.8237930556770321,0.017806953836582817,0.003883379700126325,0.011038747578470145,5
lstm,97,444,0.8249663944196296,0.017839867598193504,0.0039100183145976295,0.011027019770675005,5
lstm,97,458,0.8261599854656916,0.017880966191583584,0.003935647286895157,0.01101565593535443,5
lstm,97,473,0.8273714356849261,0.017933189945272696,0.003960283949712691,0.011006216268688722,5
lstm,97,488,0.8285200228401323,0.017989387088832604,0.003981869276288288,0.01099841489662039,5
lstm,97,503,0.8296150176759938,0.0180497772469235,0.004001685982837561,0.010991925574629661,5
lstm,97,519,0.8307307509032406,0.018117943542286154,0.004020359495435933,0.010986882710319869,5
lstm,97,535,0.8317976101127721,0.018186795598377423,0.004037113855918985,0.010981898927560933,5
lstm,97,552,0.8328843397418393,0.01826229469185695,0.004052781727437496,0.010978454118753892,5
lstm,97,569,0.8339276405439128,0.018340060132635252,0.0040668987792453525,0.010975455140863141,5
lstm,97,587,0.8349899099737916,0.018422121827422352,0.004080041931897151,0.010972996260080978,5
lstm,97,606,0.8360683493548201,0.018510297638833335,0.004091703844697402,0.010970606456574848,5
lstm,97,625,0.8371080941826483,0.01859931402551586,0.004101801891678646,0.010968559315379711,5
lstm,97,644,0.8381131463105393,0.018689959278177896,0.004110433887020643,0.0109672542096055,5
lstm,97,665,0.8391867986446062,0.018790580571889294,0.0041184572268963635,0.01096514992439229,5
lstm,97,685,0.8401764801158554,0.018888182275301004,0.004125106912392076,0.010964033760060422,5
lstm,97,707,0.841232922593305,0.01899639758025196,0.004131785910983382,0.010962413792365976,5
lstm,97,729,0.8422574869444155,0.01910691390058618,0.004137025999418433,0.010961115620611792,5
lstm,97,752,0.8432990412096177,0.019224325963157003,0.004142268131263589,0.010959046405199088,5
lstm,97,776,0.8443555955934057,0.019348720085359237,0.004147125243861538,0.010957365416429207,5
lstm,97,800,0.845382576897333,0.019474688939748144,0.004151468251908512,0.01095552110141302,5
lstm,97,825,0.8464257327828119,0.019606062943888263,0.004156488654573664,0.010953096735594109,5
lstm,97,851,0.8474829580541231,0.019744812066331774,0.004160965959038033,0.010950124080550076,5
lstm,97,878,0.8485519431072757,0.019889804799275518,0.004165491685622439,0.010946164167967013,5
lstm,97,906,0.8496320923433451,0.020040271156583633,0.0041706806299156894,0.010942028628532278,5
lstm,97,934,0.8506838393592633,0.0201929277396409,0.0041756984685473045,0.010936959568723831,5
lstm,97,963,0.851746346069264,0.020350979006225633,0.00418034416199449,0.010931282827744235,5
lstm,97,994,0.8528517266535603,0.020520885902836506,0.004186102664153079,0.010924206878623478,5
lstm,97,1025,0.8539270313658832,0.020691086732385507,0.004191120786702039,0.010916445985516651,5
lstm,97,1057,0.8550067262282326,0.02086767356425297,0.004195988021081087,0.010907794431720115,5
lstm,97,1090,0.8560870455035102,0.021049198500221793,0.004200664396482727,0.010898620640051097,5
lstm,97,1125,0.8571981474725849,0.0212434836030046,0.004204973268281566,0.010888452509776748,5
lstm,97,1160,0.8582735835074222,0.021438031077971025,0.004208382846725322,0.010877980946000029,5
lstm,97,1197,0.8593738013619963,0.021645355380660602,0.004211013789622558,0.010866362396720113,5
lstm,97,1234,0.8604368216384088,0.021854524306024102,0.004213188101757694,0.010854396051158698,5
lstm,97,1273,0.8615174682779211,0.0220781889923503,0.004214315459118097,0.010841010307183901,5
lstm,97,1313,0.8625831240597354,0.02231015479325832,0.004214666277124824,0.010825801287329254,5
lstm,97,1354,0.8636289107068593,0.02254937082011603,0.0042141056598514635,0.010809446511079773,5
lstm,97,1397,0.864673318180803,0.02280091644516618,0.004212933450956948,0.010791005246857438,5
lstm,97,1441,0.8656854282486209,0.023058188696268106,0.004210940212467738,0.010770413932544111,5
lstm,97,1486,0.8666629252317654,0.02331946992326882,0.0042084226665261805,0.010748088654758197,5
lstm,97,1533,0.8676233884205384,0.023592755932836912,0.004205628804800094,0.010722593889054216,5
lstm,97,1581,0.8685408188765678,0.023870060119248686,0.004202092466549514,0.010694047491167197,5
lstm,97,1631,0.8694310762262617,0.024156665056067488,0.004198333474356572,0.010661305117920544,5
lstm,97,1682,0.8702716034077479,0.02444354598227193,0.004193963716724884,0.010624123325019377,5
lstm,97,1735,0.8710735852928687,0.024738359425141444,0.004188780848913827,0.010581972662544334,5
lstm,97,1789,0.8718171327964249,0.025036772012781747,0.004182570814650195,0.010535682963838207,5
lstm,97,1845,0.8725147121365054,0.025343821009414694,0.0041749375585212,0.010484661622295785,5
lstm,97,1903,0.8731559698168534,0.025661561532825373,0.0041645417379761705,0.010427224384170163,5
lstm,97,1963,0.8737235923424702,0.025994579195338097,0.00415178354266167,0.010365092742417583,5
lstm,97,2025,0.8742100584785083,0.026340753117263013,0.0041382240269142185,0.010298589112006333,5
lstm,97,2089,0.8746075447978466,0.026697899812853868,0.00412317376364041,0.01022796095948164,5
lstm,97,2154,0.8749028052583421,0.027060541231383132,0.004106831210659576,0.01015340793048709,5
lstm,97,2222,0.8750962300071317,0.02743601932825863,0.00408909473459561,0.010073762083792518,5
lstm,97,2292,0.8751748261363185,0.027813573709404432,0.0040705224953224576,0.009990032606463127,5
lstm,97,2364,0.875136490185642,0.028184134145404445,0.004050515748602901,0.009902415743494092,5
lstm,97,2438,0.8749762731511002,0.02854119109490714,0.004029740915977367,0.009812103382142673,5
lstm,97,2515,0.8746862714156116,0.028888562320742505,0.004007873212250201,0.009718284568899683,5
lstm,97,2594,0.8742652268323358,0.029217167638510573,0.003986017722313209,0.009622554982861848,5
lstm,97,2675,0.873709908933639,0.02952355732893197,0.003964359491783383,0.00952641588174929,5
lstm,97,2759,0.8730080114902309,0.029807851437999733,0.003943141007500319,0.00942885500135189,5
lstm,97,2846,0.872154955263554,0.030068679316490685,0.00392175533639726,0.0093297021581947,5
lstm,97,2936,0.8711512971676036,0.030300252259853274,0.003900227551406761,0.009229179314731188,5
lstm,97,3028,0.8700152810484265,0.030494573725631836,0.0038780089028705917,0.009127616985154177,5
lstm,97,3123,0.868738980679424,0.03066086188475757,0.0038544564843517202,0.009023672911504988,5
lstm,97,3221,0.8673293989085572,0.03079482633596714,0.003830071428055414,0.00891758736408633,5
lstm,97,3323,0.8657819646602365,0.030887115845562828,0.003804727987431974,0.008807826259361367,5
lstm,97,3427,0.8641313664981249,0.03093059543301904,0.0037794595237363093,0.008696404565157079,5
lstm,97,3535,0.8623726637798269,0.030925882247358497,0.0037536092980604285,0.008584235078298448,5
lstm,97,3646,0.8605287898940915,0.03087055695434999,0.003726582552475686,0.008472610233897187,5
lstm,97,3760,0.8585999950705523,0.030769493143032886,0.0037000799489365363,0.008361488769720522,5
lstm,97,3879,0.8565582468517678,0.03063050403580315,0.003673319863714561,0.008248895529862299,5
lstm,97,4000,0.8544666011136132,0.030462512861981345,0.0036469732189799388,0.008138434158094744,5
lstm,97,4126,0.8522892821084884,0.030260639694502066,0.0036212945405910343,0.00802842830408854,5
lstm,97,4256,0.8500579461107509,0.030025147413894386,0.0035964194501572596,0.00791987165727906,5
lstm,97,4390,0.8477873942989115,0.02975524429172184,0.003571374705244748,0.007812948801546253,5
lstm,97,4528,0.84549778732842,0.02945574680450409,0.0035477085911731305,0.007708172520413492,5
lstm,97,4670,0.8432044858514324,0.02913273221596929,0.0035255573600663634,0.0076066813181294764,5
lstm,97,4817,0.8408980603645426,0.02878531579874796,0.0035045692161984887,0.007506744314062592,5
lstm,97,4968,0.8386037361879042,0.028416501118457376,0.0034848044869599955,0.007408920538795079,5
lstm,97,5124,0.8363183758349539,0.028024954941073543,0.003464908629525727,0.007310870846892924,5
lstm,97,5285,0.8340555623163134,0.0276140089230891,0.00344528563785799,0.007213079505566696,5
lstm,97,5452,0.8318149992502626,0.02718151342635767,0.00342614429056566,0.007114157607267681,5
lstm,97,5623,0.8296352488499238,0.026727161484470737,0.003406979027361022,0.007015101620011251,5
lstm,97,5800,0.8275007763163869,0.02623277239371123,0.0033880907850258645,0.0069152789770081345,5
lstm,97,5982,0.8254568196135461,0.025718154923139648,0.003370072291725622,0.006816648303030773,5
lstm,97,6170,0.823505641602552,0.025192066175344804,0.003354509633986651,0.006719291478508841,5
lstm,97,6364,0.8216529119039983,0.02465490675721509,0.003339978488879643,0.006623693736606883,5
lstm,97,6564,0.8199124715713568,0.024106257020632828,0.0033267628239999764,0.006530503070610031,5
lstm,97,6770,0.8182944333059077,0.023549133261809616,0.003315038974872645,0.006440307923074076,5
lstm,97,6983,0.816791532318257,0.022986409852359075,0.0033045363126480826,0.0063537340984211686,5
lstm,97,7203,0.8154103875635004,0.022430291845796462,0.0032956737544289475,0.006272168622542638,5
lstm,97,7429,0.8141615936795519,0.021896296093754777,0.0032896826442035446,0.00619524627683535,5
lstm,97,7662,0.8130430588303316,0.021384421437434506,0.0032859954909884776,0.006123575213823992,5
lstm,97,7903,0.8120579129491,0.020885423612557522,0.0032855281518763754,0.006057896080604732,5
lstm,97,8152,0.8112166404219072,0.02039318673301997,0.0032884897835037856,0.005997831866537367,5
lstm,97,8408,0.8105272678856789,0.019910724298080426,0.0032947563020384167,0.005943800160047478,5
lstm,97,8672,0.809986184667042,0.019439785305257966,0.0033033968323163453,0.005894586524197093,5
lstm,97,8945,0.8095921216959937,0.018981716675972444,0.003313875802601083,0.005849707537996454,5
lstm,97,9226,0.8093425606284308,0.01853963402032696,0.0033245697012818645,0.005809002641543564,5
lstm,97,9516,0.8092348726644175,0.018113705484811123,0.0033346298859091017,0.005770781793139731,5
lstm,97,9815,0.8092687558902991,0.017705603499659765,0.0033430140339680294,0.005734496439881552,5
lstm,97,10124,0.8094422561147242,0.017316684890675577,0.0033506957799098675,0.005699007415856715,5
lstm,97,10442,0.809734375165481,0.01698771818406482,0.0033576392098581117,0.005664372851884172,5
lstm,97,10770,0.8102042914024565,0.016606273268323576,0.0033653652574068826,0.005631579709551917,5
lstm,97,11109,0.8108042814783027,0.01621512570168611,0.003377194396862973,0.005601477988184864,5
lstm,97,11458,0.8115833914426764,0.0158822234292333,0.0033857326662802057,0.005572497202295033,5
lstm,97,11818,0.8125198504723621,0.015599514679570109,0.003391031185293604,0.005544910199514857,5
lstm,97,12189,0.8136100106007416,0.015365525336018615,0.003394452462937728,0.005520148403677037,5
lstm,97,12572,0.8148589742387401,0.015186024210036425,0.0033972054686637375,0.005499181179831203,5
lstm,97,12968,0.8162768695798783,0.015072588733594258,0.0034012283855231356,0.005482127240570584,5
lstm,97,13375,0.8179116079027802,0.015012508143980625,0.0034046167157779075,0.005469445380664551,5
lstm,97,13796,0.8197997502360141,0.01500364753133988,0.003408509216634219,0.0054624219140189285,5
lstm,97,14229,0.8219552348849186,0.01505957799184409,0.00341214349149521,0.005461763285318827,5
lstm,97,14677,0.8244404169627332,0.015203451445930473,0.0034160626031455527,0.005469161023538253,5
lstm,97,15138,0.8273168308563961,0.015456133615350118,0.0034245302984699812,0.0054869348476268755,5
lstm,97,15614,0.8306706696842397,0.01578593457297747,0.0034380366287452514,0.005517409345333119,5
lstm,97,16104,0.8345184564443103,0.016157771607257756,0.0034543666350732465,0.00555747100290894,5
lstm,97,16611,0.8388883849343143,0.01659659859745532,0.003469787913753665,0.00560824990023418,5
lstm,97,17133,0.8438003198867176,0.017188672162331563,0.003485959777958044,0.005669900147379931,5
lstm,97,17671,0.8493906286570485,0.017901673041647668,0.0034966554489857782,0.005741065567173073,5
lstm,97,18227,0.8557777307224127,0.01856017541447614,0.003500839224917938,0.005826026146654894,5
lstm,97,18800,0.8629325915239432,0.018971501597107938,0.003499352386630919,0.005922188524973378,5
lstm,97,19391,0.8706057986562836,0.019163331086962186,0.003492525830356214,0.006036077006543539,5
lstm,97,20000,0.8784107787560552,0.019264356635012154,0.0034805176216088003,0.006165284088581736,5
lstm,113,1,0.019006480319733045,0.010818375896377103,0.0012362334849879571,0.0019696885267160608,5
lstm,113,2,0.034945558690539724,0.010960320672476268,0.0012946676582191838,0.0018882138364148633,5
lstm,113,3,0.05047328975691164,0.011083325250782936,0.0013500905980958948,0.001812799251827325,5
lstm,113,4,0.0654362814737576,0.01120335951887255,0.0013976939235481826,0.0017438175329940087,5
lstm,113,5,0.07971773290440239,0.011328413862149963,0.001438138918841631,0.0016826120063810443,5
lstm,113,6,0.09322815916900133,0.011454898053242709,0.0014768166576882642,0.0016316749528474475,5
lstm,113,7,0.10592860804815626,0.011592750282532595,0.0015126224823128957,0.001591048820262115,5
lstm,113,8,0.11779440650130195,0.011738596601577977,0.0015486894554935797,0.0015617137778059472,5
lstm,113,9,0.12882382927314323,0.011909954524558451,0.0015860128820960697,0.0015457240777329829,5
lstm,113,10,0.13902470237050096,0.012103925193964492,0.0016249618151975176,0.001542071966892201,5
lstm,113,11,0.1484285672178524,0.012314018382741472,0.0016650318401289933,0.0015499388572960124,5
lstm,113,12,0.15705400730857635,0.012553181147159071,0.001705524998642853,0.0015684461462909785,5
lstm,113,13,0.1649326196181574,0.01280053373927949,0.0017443447004039769,0.001597695411227868,5
lstm,113,14,0.1720879853115361,0.013051479757370478,0.001782566065222179,0.0016367349631131066,5
lstm,113,15,0.17854987122657162,0.013304595612484375,0.001814480843427626,0.0016836546048806375,5
lstm,113,16,0.18433394044497187,0.01355310138294512,0.0018417269617611448,0.001739331413521337,5
lstm,113,17,0.18945906449051797,0.013779380120504092,0.0018637629067979604,0.0017997219804203467,5
lstm,113,18,0.1939367607443463,0.013984078711956002,0.0018778907297239522,0.0018640246594623787,5
lstm,113,19,0.197776672588556,0.014162307486735016,0.0018826438273349295,0.0019303454854131428,5
lstm,113,20,0.20096617302861253,0.01430270118009867,0.0018775313681262736,0.001997239424483791,5
lstm,113,21,0.2034890636838612,0.014416127982931135,0.0018622603230994427,0.0020636873486812204,5
lstm,113,22,0.20532584475701104,0.01450573164007689,0.0018358118877672748,0.0021252580953047997,5
lstm,113,23,0.20647380623198433,0.014573094562498204,0.001799479117709249,0.0021841591783676394,5
lstm,113,24,0.20693147583928914,0.014625518380257274,0.001752921121612393,0.002237185398513864,5
lstm,113,25,0.20672026535182594,0.014679643431002358,0.0016974823063644526,0.0022832192786744615,5
lstm,113,26,0.2058847523353624,0.014737016492881007,0.0016318329907826716,0.002322392678473801,5
lstm,113,27,0.20448385509788633,0.014809564148086407,0.001558566973659472,0.0023535006388722976,5
lstm,113,28,0.20261249374328294,0.014890724566013093,0.0014785438954771572,0.0023771016263507646,5
lstm,113,29,0.20035726195289022,0.014994968634158234,0.001391912409453699,0.0023950796403222558,5
lstm,113,30,0.1978144478857325,0.01510972593505061,0.0012996274533058627,0.002407370202354875,5
lstm,113,31,0.1950828056124036,0.015234154250849766,0.0012016761666601482,0.0024152489266175818,5
lstm,113,32,0.19225026096824113,0.015353052128486729,0.0011002897419281673,0.002419155410395985,5
lstm,113,33,0.18941263132371539,0.015459584341176731,0.0009963628148538565,0.00242018867245885,5
lstm,113,34,0.18664137821787052,0.01554411639715757,0.0008891643726777299,0.0024204486820764903,5
lstm,113,35,0.1840143640861184,0.015597533048118707,0.0007806162341685462,0.002419224284378291,5
lstm,113,36,0.18158035699051273,0.015615067646424011,0.0006718211291690723,0.0024177594784856853,5
lstm,113,37,0.17940552141714566,0.015592961686349254,0.0005633071219777704,0.0024173573208227223,5
lstm,113,39,0.17599998314550563,0.01545992382927334,0.0003505086771471527,0.002421011301314322,5
lstm,113,40,0.17484835776081292,0.015356179834235147,0.0002471027295592925,0.0024267771761811627,5
lstm,113,41,0.17410949636242704,0.015258335780855609,0.00014731639663558815,0.0024351899738480126,5
lstm,113,42,0.17380566943801448,0.015175869243884773,5.160611843045525e-05,0.0024487757425532396,5
lstm,113,44,0.17460927677229313,0.015156638084829968,-0.00011904479484862131,0.002491203497001787,5
lstm,113,45,0.17574758128620607,0.015251356182912327,-0.00019040306803155176,0.0025229292302753246,5
lstm,113,46,0.17739086655342567,0.01543155296292016,-0.0002496733053331569,0.0025641265851315295,5
lstm,113,48,0.1822079721508194,0.016002262019539807,-0.00032656781655469576,0.0026819265731820997,5
lstm,113,49,0.18537000251658503,0.016350832698517642,-0.00034114117845851185,0.0027611355187343255,5
lstm,113,51,0.1931012299245416,0.01699244039230284,-0.0003226800384230594,0.0029634801649052744,5
lstm,113,53,0.20251459546472583,0.01728550038413556,-0.00025017902793952955,0.0032085000870638635,5
lstm,113,54,0.2077638709494089,0.017228590403474138,-0.00020260573541475472,0.0033328201128905257,5
lstm,113,56,0.21913784629025046,0.016651315562683053,-0.00010746138915222656,0.003548910398484602,5
lstm,113,58,0.23139620482872952,0.015535507534580134,-3.533520013216263e-05,0.0036813991079143343,5
lstm,113,59,0.23774706118667543,0.014856492856194342,-9.374043060238115e-06,0.003710473109162291,5
lstm,113,61,0.25068930150939195,0.01348704738928807,2.6797960461062524e-05,0.0037056609763727144,5
lstm,113,63,0.26376933739735803,0.012405230425290861,6.129068701194377e-05,0.003648750598999008,5
lstm,113,65,0.2768510836018736,0.011809936640792204,0.00011468764248547558,0.0035713872913103353,5
lstm,113,67,0.2899029110833895,0.011638037823314391,0.00019441428467989355,0.0034865947113155373,5
lstm,113,69,0.3029446835907553,0.01171936918632598,0.00029676766769993833,0.0033879914084476493,5
lstm,113,72,0.3224954894240708,0.012084137829873583,0.00045632443870922203,0.00321408519097858,5
lstm,113,74,0.33546592038719514,0.012452315257295087,0.0005387590398105771,0.0030957839933867257,5
lstm,113,76,0.3483218008678728,0.012954550547804505,0.0005865003644064117,0.002995249375542429,5
lstm,113,79,0.36725983773887966,0.013965297264462908,0.0005836956747195138,0.0029063728652642647,5
lstm,113,81,0.37958396283501705,0.014757473244974733,0.0005363810744230502,0.0028887250097841093,5
lstm,113,84,0.3975800180516388,0.015964950902207467,0.00041639001054627,0.002911509621025113,5
lstm,113,86,0.40929620752813023,0.01673097176170469,0.0003124916542298011,0.002953577935188874,5
lstm,113,89,0.4265488475427527,0.017786837957574853,0.00012962544362819044,0.003036560092517966,5
lstm,113,92,0.44345782212582885,0.01868700289569678,-6.860941611932462e-05,0.003093836821319794,5
lstm,113,95,0.4599690622650467,0.01941622448476015,-0.0002474351953318921,0.0030716167219991043,5
lstm,113,98,0.47587228124829933,0.020020539816989036,-0.00038333239847776186,0.0029451533303830224,5
lstm,113,101,0.4908383393487827,0.02054186657946198,-0.00047846352414579636,0.002732010870325322,5
lstm,113,104,0.5045278685605279,0.02098916370645727,-0.0005365773750542178,0.0024742961348644954,5
lstm,113,107,0.5167003100057834,0.021362464902277653,-0.0005513436179883639,0.002214908072613849,5
lstm,113,110,0.5272583185657623,0.021731920407242766,-0.0005173628002070937,0.0019808896034719872,5
lstm,113,114,0.5389646127317859,0.022486824797515462,-0.00041014197876121426,0.0017343107108092769,5
lstm,113,117,0.5462627075236638,0.02354772729016083,-0.00030982633933034634,0.0016227543515066598,5
lstm,113,121,0.5543905609683631,0.026037141616833365,-0.00017488481360811064,0.0016134785154475056,5
lstm,113,125,0.560675072406767,0.029623585082933033,-4.942191819410401e-05,0.0018127083188651748,5
lstm,113,129,0.5648099194758703,0.03359344062227961,6.780533457119569e-05,0.0022105336620956355,5
lstm,113,133,0.5670545407599776,0.037036428533090596,0.00016362570511005496,0.0027232385305062242,5
lstm,113,137,0.568402095239863,0.03910916833567664,0.00023688821450512757,0.0032783757511502787,5
lstm,113,141,0.5698017120079888,0.03922608496901438,0.00030115678574426047,0.0038239478953653334,5
lstm,113,146,0.5722429128117975,0.03662117751696802,0.0003795023047731296,0.004456853526407463,5
lstm,113,150,0.5748532021469069,0.0331028197922741,0.0004395853480088594,0.004902404685259611,5
lstm,113,155,0.5788249750040817,0.028351867593289812,0.0005073812051636203,0.005356287272229862,5
lstm,113,160,0.5833728574778735,0.02427367173099836,0.0005580095866898301,0.0057019397469597185,5
lstm,113,165,0.5887366107426839,0.021299093023422366,0.000578300295412452,0.0059743756894045635,5
lstm,113,170,0.5954507929494938,0.01933581886638765,0.0005580754095526165,0.0061929578360434435,5
lstm,113,176,0.6058382141205786,0.017898455353460668,0.0004781721734624303,0.006379255948470386,5
lstm,113,181,0.6163963885565923,0.016996114816240433,0.00036821704671277276,0.006476229098970167,5
lstm,113,187,0.6305370051465384,0.016041305067777845,0.0001942069148164277,0.006543881167913588,5
lstm,113,193,0.6452575971192445,0.015518817563956861,-6.179079356685713e-06,0.006582648899548437,5
lstm,113,199,0.6597383001058231,0.01576489546942718,-0.00019081961752656537,0.0066001829225532434,5
lstm,113,205,0.6735214495760007,0.01663347036608575,-0.00034706982100790525,0.006607258700603694,5
lstm,113,211,0.686362930711959,0.017727783429316097,-0.0004692580389166987,0.006620126669169511,5
lstm,113,218,0.7000453334801162,0.018973867186594107,-0.0005835059330615677,0.006616564145599325,5
lstm,113,225,0.7123547166165528,0.020087192463278166,-0.0006660436936309306,0.006609418437892267,5
lstm,113,232,0.7234043696988033,0.02106989737812291,-0.000712049766704265,0.006591653799899203,5
lstm,113,239,0.7333392737185892,0.02193418690888986,-0.0007281400789125277,0.006552018278453276,5
lstm,113,247,0.7435350735886401,0.022671706152810504,-0.00073175110675084,0.0064883199413352435,5
lstm,113,255,0.7526249411627768,0.023038073840356495,-0.0007323286769003992,0.006418942306983702,5
lstm,113,263,0.760670517664291,0.023046300556194815,-0.0007331658393857118,0.006359788045755169,5
lstm,113,271,0.7677366187536603,0.022769859932311863,-0.0007363523165278059,0.006307478786970608,5
lstm,113,279,0.7738913421581584,0.022306815690542985,-0.0007440652677878632,0.006257903965708194,5
lstm,113,288,0.779846109005717,0.021664114130745198,-0.0007598791169645869,0.006208854404674322,5
lstm,113,297,0.7849162769253144,0.020981940661157977,-0.0007751388524944216,0.006165860031651406,5
lstm,113,307,0.7896947000265844,0.02025158400441854,-0.0007857581560938862,0.006122556796183779,5
lstm,113,316,0.7933648939387912,0.019662663003039673,-0.0007877554993165852,0.006091376977735559,5
lstm,113,326,0.7968720517653247,0.019100818484387397,-0.000781503123671823,0.0060627136267679994,5
lstm,113,336,0.7998945785841434,0.01863089970565765,-0.0007682190412285879,0.006035400870520615,5
lstm,113,347,0.8027668166255267,0.018209853917992472,-0.0007505218444999887,0.006004997907627462,5
lstm,113,358,0.8052642389953171,0.017862193310702573,-0.0007315395992255645,0.005975612834881242,5
lstm,113,369,0.8074655984430985,0.017571763687293938,-0.0007131288402198541,0.005947355339396327,5
lstm,113,381,0.8095975853963804,0.017307464686639653,-0.0006927792459856677,0.005918493768230599,5
lstm,113,393,0.8115061304367206,0.01708347485752381,-0.0006716432838167179,0.005891248659085813,5
lstm,113,405,0.8132328204011199,0.01689140000547781,-0.0006502152484794069,0.0058651151095645195,5
lstm,113,418,0.8149352649206186,0.016712919090983294,-0.0006272244294815551,0.005838224934460091,5
lstm,113,431,0.816493852130111,0.01655831770152372,-0.0006034351708962764,0.005811923727550214,5
lstm,113,444,0.8179328584555774,0.016421719698956283,-0.000580450009742699,0.005786539184190494,5
lstm,113,458,0.8193706716535439,0.016290572937453476,-0.0005557184837866578,0.005759992491857432,5
lstm,113,473,0.8208024872314199,0.01616568305065786,-0.0005289957192117379,0.005732210628267784,5
lstm,113,488,0.8221383277086158,0.0160516145018475,-0.0005029810387529557,0.005705104369546261,5
lstm,113,503,0.823391193982466,0.015947927807754145,-0.00047644283168819964,0.005678305107958144,5
lstm,113,519,0.8246483839432974,0.015845484428983068,-0.0004489308391077116,0.005650928053457372,5
lstm,113,535,0.8258356030710173,0.015751939790931497,-0.00042131799836683066,0.005623439277865359,5
lstm,113,552,0.8270281542841001,0.015658246318586398,-0.0003923787397070811,0.005595142005199402,5
lstm,113,569,0.8281598622239761,0.015571167917830826,-0.0003630011361812653,0.005567289394373502,5
lstm,113,587,0.8292970814004141,0.015486381702552007,-0.00033288080841983495,0.0055393667002044435,5
lstm,113,606,0.8304403168928489,0.015401005179702337,-0.0003005597042725609,0.005509676451941976,5
lstm,113,625,0.8315288957227915,0.015319891089296806,-0.0002690364363508983,0.005481217457607893,5
lstm,113,644,0.8325689100127345,0.015244195513061744,-0.00023743629608083866,0.005453610249388043,5
lstm,113,665,0.8336680988660886,0.015163488654433364,-0.000203308195559301,0.005423565443401119,5
lstm,113,685,0.8346704485788082,0.015090265452107154,-0.00017094914410269133,0.005396068248069219,5
lstm,113,707,0.8357270670061618,0.015012797399924168,-0.0001362441951783755,0.005365878838514324,5
lstm,113,729,0.8367406234500105,0.014938003659987415,-0.00010175776699704406,0.005336776631976915,5
lstm,113,752,0.8377585439399653,0.014860999265134739,-6.703117444985216e-05,0.005306839989728219,5
lstm,113,776,0.8387786235331802,0.014781726341928016,-3.170989409351874e-05,0.00527531250416374,5
lstm,113,800,0.8397596584891523,0.014704101945433002,3.2511968054017846e-06,0.005244770567404104,5
lstm,113,825,0.8407430411280593,0.014623007781385018,3.8286201831389674e-05,0.005212470229860486,5
lstm,113,851,0.8417276088284138,0.014536755293955237,7.472700152844868e-05,0.00517924116878132,5
lstm,113,878,0.8427122364248458,0.014446101292989155,0.00011078366237413902,0.005145285985096949,5
lstm,113,906,0.8436962491751725,0.014352158907502193,0.00014740868257667687,0.005110469056349394,5
lstm,113,934,0.8446442729888446,0.014256106906810893,0.00018319722671894192,0.005076069913089453,5
lstm,113,963,0.8455912979600836,0.014156496264360911,0.00021994732741774137,0.005040417571485717,5
lstm,113,994,0.8465655390962425,0.01405088044006543,0.00025734333516598453,0.0050030847474113165,5
lstm,113,1025,0.8475037282053224,0.013945986864908767,0.00029410006630251615,0.0049661449641143635,5
lstm,113,1057,0.848436391903569,0.0138391023119106,0.0003308951527322213,0.004928204696347952,5
lstm,113,1090,0.8493628932518075,0.013730663785458952,0.0003676974120430908,0.004889801190485162,5
lstm,113,1125,0.8503082424866009,0.013618401633576069,0.00040566829030842853,0.004849583445567092,5
lstm,113,1160,0.8512155374560185,0.01351026323153143,0.0004424344813510131,0.004809261871385411,5
lstm,113,1197,0.8521351044374293,0.013400628862664986,0.00048001478657682376,0.004767157787320071,5
lstm,113,1234,0.8530155805662156,0.013298213591546629,0.0005164698541969001,0.004724437206871786,5
lstm,113,1273,0.8539014554942581,0.013198880692338322,0.0005526055895711553,0.0046794896832461335,5
lstm,113,1313,0.8547674945504697,0.013109501172548325,0.0005884143345518903,0.00463330893180109,5
lstm,113,1354,0.8556101870314657,0.013032053724875066,0.000623356776137409,0.004586192087088287,5
lstm,113,1397,0.8564469582914089,0.012967692031110332,0.0006582169938833951,0.004536868312981856,5
lstm,113,1441,0.8572556210330399,0.012920161488036425,0.0006925841606044412,0.004486770939893303,5
lstm,113,1486,0.8580312497436576,0.012893864752524213,0.0007260772672008014,0.004436450567477479,5
lstm,113,1533,0.8587868695742719,0.01289069658602977,0.0007588542899800309,0.004384299446247159,5
lstm,113,1581,0.8595000357784179,0.012916182418754304,0.0007908343011402624,0.004331493150238666,5
lstm,113,1631,0.8601815661746585,0.012972716777043038,0.0008221746903266855,0.004277465926740077,5
lstm,113,1682,0.860812369112911,0.01306417602558667,0.0008519926291776742,0.0042225568703438895,5
lstm,113,1735,0.8614009881728588,0.013196884750963811,0.000881095707071072,0.004166452759814599,5
lstm,113,1789,0.861932263109544,0.013371395145515334,0.0009085323924737737,0.004109422420871208,5
lstm,113,1845,0.8624125317298981,0.013594697542105467,0.0009343239542300485,0.004051068351899166,5
lstm,113,1903,0.8628351085617085,0.013871037092769113,0.0009591577207356918,0.003991724022744815,5
lstm,113,1963,0.8631910438856183,0.014207155882975477,0.0009832632729022603,0.00393060683902159,5
lstm,113,2025,0.8634734576786279,0.014605433881638324,0.0010048977807159969,0.0038692235978267744,5
lstm,113,2089,0.8636737993985942,0.015066889849585178,0.001024790082655527,0.00380709164658782,5
lstm,113,2154,0.8637864357406814,0.015580082692856833,0.0010425306252951267,0.0037455032088691323,5
lstm,113,2222,0.8638117321364834,0.016156263343103324,0.0010585062124187608,0.003683494333908849,5
lstm,113,2292,0.8637402753098137,0.01678487054501468,0.0010715782586419652,0.0036221577170574074,5
lstm,113,2364,0.8635666243150384,0.017461707876249344,0.0010832962131773194,0.0035609822678285153,5
lstm,113,2438,0.8632897817291634,0.01818320221011167,0.0010937758056615127,0.0035001916315598293,5
lstm,113,2515,0.8629026092719012,0.018953466155167447,0.001103810544011223,0.003439020490812908,5
lstm,113,2594,0.8624098152023061,0.01975951866409527,0.0011122550897084515,0.0033788963818632573,5
lstm,113,2675,0.8618109932265741,0.0205930904367536,0.0011191608722779134,0.0033205229016619884,5
lstm,113,2759,0.8610968005643533,0.0214539184124503,0.0011247796001956215,0.003262397353676403,5
lstm,113,2846,0.8602662611943466,0.022331198429537635,0.0011296364112181397,0.003204633131192542,5
lstm,113,2936,0.8593185906478193,0.02322014851726437,0.0011338874382347693,0.003147071410779041,5
lstm,113,3028,0.8582639703589006,0.02410437942598986,0.0011383215920216603,0.0030899779869329527,5
lstm,113,3123,0.8570929347871497,0.024986672014627814,0.0011424415406241777,0.0030336575730271066,5
lstm,113,3221,0.8558092808347271,0.025860188386634887,0.0011459347450827732,0.002978732232351852,5
lstm,113,3323,0.8544025787542638,0.026726643113618193,0.0011482535922967823,0.0029254498436330173,5
lstm,113,3427,0.8529090552969916,0.027560341364176538,0.0011482372962087549,0.0028746637384031107,5
lstm,113,3535,0.8513070054396014,0.028371011851951202,0.0011459080595722809,0.002825840242774765,5
lstm,113,3646,0.8496162769543145,0.029139152298013365,0.0011414767996023477,0.0027795694033995746,5
lstm,113,3760,0.8478400244799869,0.029863552299320646,0.0011353788967554026,0.002735572717532299,5
lstm,113,3879,0.8459610708803309,0.03055852018623992,0.001128866346082931,0.0026960034352595916,5
lstm,113,4000,0.8440372640823165,0.031204032914463577,0.0011210298263789914,0.002661630767007467,5
lstm,113,4126,0.8420390431521678,0.031816702589224706,0.0011111990967062506,0.002630539388733454,5
lstm,113,4256,0.839997726522477,0.03238947535370816,0.0011001121330180869,0.0026021076092787435,5
lstm,113,4390,0.8379271008070919,0.0329189546645859,0.0010883832751045308,0.002576852520168693,5
lstm,113,4528,0.8358371351404073,0.03340021900748765,0.0010766992678441201,0.0025538660480277087,5
lstm,113,4670,0.8337402655869159,0.03383160307346035,0.001065719609680492,0.002533897822721313,5
lstm,113,4817,0.8316358301539989,0.034216275846608045,0.0010557730541954646,0.002515661266202646,5
lstm,113,4968,0.8295541053935505,0.0345566558966301,0.0010470969489137993,0.00249899725948994,5
lstm,113,5124,0.8274820728871678,0.03487271354459442,0.0010393021043333145,0.0024830821682526576,5
lstm,113,5285,0.825462338131693,0.035107317751403425,0.0010334359136139047,0.0024693795276738138,5
lstm,113,5452,0.8234730274563733,0.035283544691543135,0.0010280854771395538,0.002456527555894248,5
lstm,113,5623,0.8215365222779235,0.035403437425393834,0.0010233616877707407,0.0024452194911001573,5
lstm,113,5800,0.8196269185085688,0.035456505664571945,0.0010191579872351393,0.0024356426677547283,5
lstm,113,5982,0.8177571744578336,0.03544857503338655,0.0010149698958803303,0.002428392308664369,5
lstm,113,6170,0.8159666124296793,0.03542646919206372,0.001011822858303031,0.0024231930245553614,5
lstm,113,6364,0.8142881572762899,0.035377187560892524,0.001012047702987386,0.002419921830292482,5
lstm,113,6564,0.8127460763798808,0.035282095282585066,0.0010169054430412096,0.002418409837949014,5
lstm,113,6770,0.8113278223347736,0.03514057010497975,0.0010208360092331854,0.002414328308824704,5
lstm,113,6983,0.8100248499317761,0.03503185863304655,0.0010278266471272675,0.002405959047468659,5
lstm,113,7203,0.8088601145439609,0.03491220658138687,0.001036516382510222,0.002396745713385016,5
lstm,113,7429,0.8078379371074359,0.03475283922230806,0.0010446499639211152,0.0023888563008629318,5
lstm,113,7662,0.8069365204475784,0.03457129708956405,0.0010532911124516554,0.0023796026057670634,5
lstm,113,7903,0.8061525693637475,0.03437581430818785,0.0010622565075382555,0.002368700099201901,5
lstm,113,8152,0.8054863373607268,0.03417439919999111,0.0010724997103894495,0.0023566244889580857,5
lstm,113,8408,0.8049700017217646,0.03398930979329901,0.001083904916735965,0.002342518378940102,5
lstm,113,8672,0.8045580008394282,0.03380460881343103,0.0010959814122535392,0.002327719469139471,5
lstm,113,8945,0.8042506790411588,0.03359346102469424,0.0011088063587674905,0.0023095275950030013,5
lstm,113,9226,0.8040869761032079,0.033384165336686936,0.0011162568721493978,0.0022979821298584353,5
lstm,113,9516,0.8040300959247606,0.03319036250566372,0.0011244701296866417,0.0022906872673901686,5
lstm,113,9815,0.8041229204534636,0.03295554088124081,0.0011320415019453003,0.0022858446226306805,5
lstm,113,10124,0.8043625007496887,0.032732636244043885,0.0011431770941163412,0.0022824131071015365,5
lstm,113,10442,0.804729630985751,0.03252590899214059,0.0011572959915827226,0.0022805251391695815,5
lstm,113,10770,0.8052239501383444,0.0323140638527282,0.0011719252936292757,0.0022789776552488037,5
lstm,113,11109,0.8058431705530383,0.032095229451860725,0.001186952502826542,0.0022769463269933744,5
lstm,113,11458,0.8066409432643578,0.03192342947630086,0.0012034543908530388,0.0022762092790399265,5
lstm,113,11818,0.8076376298272152,0.03182271779774556,0.0012220750333145416,0.0022761327472330005,5
lstm,113,12189,0.8088120596426999,0.031714033013928146,0.0012396530012212012,0.0022756609825013087,5
lstm,113,12572,0.8101495480866184,0.03164135101753621,0.001256941091738384,0.0022737940961322155,5
lstm,113,12968,0.8116614237558327,0.03161325295758077,0.00127461159624682,0.0022754454404664433,5
lstm,113,13375,0.8133560162269478,0.0316159076233243,0.0012922535910405608,0.00228106668464151,5
lstm,113,13796,0.8152557743793842,0.031673630688262275,0.0013122182661697923,0.00229035874397138,5
lstm,113,14229,0.8173881749341989,0.03177087403937074,0.0013356000793714883,0.0023001160317881785,5
lstm,113,14677,0.8198004242910646,0.031905928809190846,0.0013634058504688649,0.002306014624621418,5
lstm,113,15138,0.8225308307607155,0.032101680647565446,0.001394322356165266,0.002306820238836998,5
lstm,113,15614,0.8256904289309637,0.03233899320067052,0.001427895875667463,0.0023075200409660573,5
lstm,113,16104,0.8293626889059494,0.032595102294973824,0.0014621486409247258,0.0023161887793519053,5
lstm,113,16611,0.833688248276208,0.032696689022888095,0.0014934967209243456,0.0023260215593058184,5
lstm,113,17133,0.8384928399002576,0.03285149985848952,0.001521002265112678,0.002334972985637,5
lstm,113,17671,0.8438168669734969,0.03315397379085771,0.0015444852157838161,0.0023421222455455824,5
lstm,113,18227,0.8498290909352113,0.033487578276172644,0.001563386957593222,0.002354707233579676,5
lstm,113,18800,0.8565827596069282,0.033679940120724144,0.0015844366393159871,0.0023777630777500618,5
lstm,113,19391,0.8638857486087961,0.033663398610235803,0.0016067057972523168,0.0024028022654353906,5
lstm,113,20000,0.8713630349285694,0.03344936711734894,0.0016312068147240084,0.002421258048670021,5
rnn,79,1,0.0520438506637767,0.00831827238979374,0.0011540505948938067,0.0018361400968786266,5
rnn,79,2,0.09097345831267249,0.01111065825263446,0.0010046059261728563,0.0020665653665623983,5
rnn,79,3,0.1258828633676449,0.01193312389495892,0.0012248488901932316,0.0021922873533877147,5
rnn,79,4,0.1569628539929568,0.012605875923317512,0.00142365127154043,0.0022652721897975588,5
rnn,79,5,0.18543398326512833,0.01198763959607361,0.0017568490394456588,0.002289156480071345,5
rnn,79,6,0.20906180080321662,0.011327802526773562,0.001994996449092793,0.002184726114765728,5
rnn,79,7,0.23069273357214942,0.009708958233212488,0.0019947144057241902,0.002312408463960923,5
rnn,79,8,0.250648659959526,0.008524628538369208,0.001758757062187526,0.0024793534083963134,5
rnn,79,9,0.26814504707223163,0.007472114862551571,0.001717066702376903,0.002441589154186935,5
rnn,79,10,0.28380264989975273,0.007123073244641085,0.001794292810396213,0.0024910197890532604,5
rnn,79,11,0.29928145137441153,0.0072190776726110285,0.001893785200760297,0.0023946938753591756,5
rnn,79,12,0.31361588494672593,0.007865735428739487,0.0018541736310617347,0.0023298117273922764,5
rnn,79,13,0.3268628572885378,0.007892409437022236,0.0018223972634461773,0.0023441592191599096,5
rnn,79,14,0.33904595566416773,0.007117206683477515,0.0018930134688009657,0.0023495801782440935,5
rnn,79,15,0.3504435697571773,0.006139108931325064,0.0019117470454243942,0.0024236941316456186,5
rnn,79,16,0.361821584651904,0.005772766981294374,0.0018750567699783154,0.0024626691898540333,5
rnn,79,17,0.37255839194328955,0.0059741612097165,0.0017846578589534473,0.002552986565405408,5
rnn,79,18,0.38320370267824666,0.006353922549612897,0.001628109292086767,0.0025966884753126696,5
rnn,79,19,0.3934258843955973,0.006569798295145414,0.0014568592125243525,0.0025658448398823935,5
rnn,79,20,0.40315154056859404,0.006468556577635064,0.001338868595650781,0.0024897884732871982,5
rnn,79,21,0.41266559186579277,0.006403635784908221,0.0012038129819962958,0.002383970159112568,5
rnn,79,22,0.421776427975992,0.006287333717913299,0.0010640755246872958,0.0024773031297532833,5
rnn,79,23,0.43066976012166897,0.006028230500615546,0.0010308704977100526,0.002489504946754325,5
rnn,79,24,0.43906937865418144,0.005987588740565369,0.0009816949628418288,0.0025018419832264537,5
rnn,79,25,0.44699216170509726,0.005766901824571741,0.0009199334887044772,0.0024564970631146266,5
rnn,79,26,0.45431951819436855,0.005385886978511193,0.0008959377864957499,0.0023646548566404594,5
rnn,79,27,0.4613695042662652,0.005127562922877364,0.0009246639294068444,0.002313505853480843,5
rnn,79,28,0.4684028795686115,0.0047290410920802495,0.0008696952998017672,0.002251030167356603,5
rnn,79,29,0.4755944539635456,0.00457561634954412,0.0008460186298506784,0.002214886356438346,5
rnn,79,30,0.4825244316865936,0.004746184782809121,0.000817159900896363,0.0022070410726949268,5
rnn,79,31,0.4892099689457427,0.0049685214914941865,0.0008026049988252735,0.0021543958949145417,5
rnn,79,32,0.4954472526931366,0.00563928978520466,0.0007790179473929294,0.0021200767590915074,5
rnn,79,33,0.5014552571289649,0.00626746235992491,0.0007229978803123564,0.002135898794968121,5
rnn,79,34,0.5072397085048612,0.006604844380318631,0.0006655120792252753,0.0021829461546320752,5
rnn,79,35,0.5130019583523715,0.006856589772487766,0.000650589999926505,0.0022031060982668016,5
rnn,79,36,0.518839671134369,0.006975287033460571,0.0006613916013526152,0.002188190825922102,5
rnn,79,37,0.5245731796229662,0.006891228408427283,0.000685289725081997,0.0021810714538090586,5
rnn,79,39,0.5354372960814446,0.006135695365114436,0.0006424971003502503,0.0021536502730747967,5
rnn,79,40,0.5406082004747115,0.005880875298837394,0.0005926576226045881,0.002157192163141961,5
rnn,79,41,0.5456056275543228,0.005749586071754139,0.000538488895375211,0.002180874623109744,5
rnn,79,42,0.5504908657828402,0.005619591135282921,0.0004982981335818103,0.0022124773878004155,5
rnn,79,44,0.5603841747506618,0.005439048062711669,0.0004641604586112562,0.0023767841147422403,5
rnn,79,45,0.5652775124598817,0.005443072504443039,0.00044366496800109115,0.0024828324254819495,5
rnn,79,46,0.5701792138124657,0.0054710286862252044,0.00041686993019047336,0.002591155659015347,5
rnn,79,48,0.5799389418770232,0.005468684111632036,0.00038907133373017284,0.002831647036197243,5
rnn,79,49,0.5848562242557591,0.005567234047095998,0.00038184507180049964,0.0029558225461301917,5
rnn,79,51,0.5948218815403841,0.005753821255070409,0.0003747089349433716,0.003188354290430121,5
rnn,79,53,0.6050673051010385,0.005973879596438535,0.00040568551526479825,0.0033613658179798447,5
rnn,79,54,0.6102217892167232,0.00610561063413008,0.0004168684626860049,0.0034378763407836867,5
rnn,79,56,0.6203468699608883,0.006406262017739319,0.00042242250399016356,0.003607201437970809,5
rnn,79,58,0.6301980836205177,0.00663051357626873,0.0003961894485741922,0.0037435535601315034,5
rnn,79,59,0.6350048015951701,0.0067334737183072845,0.0003650896032045796,0.0037817900781276295,5
rnn,79,61,0.6442044988681825,0.006871360096058892,0.0003170655174544297,0.00381560299306589,5
rnn,79,63,0.6527870243166213,0.006878024054695788,0.00023813140941066727,0.0037843265601447303,5
rnn,79,65,0.6608385658244502,0.006833756394908434,0.0001416291654511452,0.003703038836001851,5
rnn,79,67,0.6683082867861219,0.006678525218404814,4.7286404646853725e-05,0.003626569838743667,5
rnn,79,69,0.6752222690634988,0.00651292154330631,-3.2132318870294484e-05,0.0035738178174274217,5
rnn,79,72,0.6846926526189903,0.006258468344224235,-0.00013183754467504085,0.0034981042154448093,5
rnn,79,74,0.6904162748862757,0.006224971150716359,-0.00017105611641536657,0.0034300495526316736,5
rnn,79,76,0.6957686505778051,0.006223872255839715,-0.00019304815098074657,0.0033660915715687293,5
rnn,79,79,0.7030018479786925,0.0062140197436101295,-0.00021114575384051268,0.003260443150146848,5
rnn,79,81,0.7072078145131272,0.006228800017866049,-0.00024589533817541523,0.003220345563503332,5
rnn,79,84,0.7125012589595862,0.006274857270479125,-0.0002773181737234393,0.00317489015994545,5
rnn,79,86,0.7154689572931267,0.00630972165278135,-0.000298124348361044,0.0031255459293184134,5
rnn,79,89,0.7190903835815443,0.006525124830685747,-0.00029245461120926315,0.0029926652411604556,5
rnn,79,92,0.7217833128511191,0.00690941985751232,-0.0002789741110530156,0.0028401195738493616,5
rnn,79,95,0.7235393627737658,0.007691680698914875,-0.0003175438969346404,0.002699868148683222,5
rnn,79,98,0.724160972018262,0.008829215534276949,-0.00041111321758639693,0.002640473825521934,5
rnn,79,101,0.7235922566986555,0.010330720754804443,-0.00048811170786877776,0.0025741191319188996,5
rnn,79,104,0.7220140049358768,0.011970143667444401,-0.0005983356709469053,0.0024944790668870336,5
rnn,79,107,0.7196066736920421,0.01376810896977213,-0.00074060036415158,0.0024067009054008106,5
rnn,79,110,0.7162037233111656,0.015778038648757976,-0.0009102721772689365,0.0023109118472495306,5
rnn,79,114,0.7102264111569526,0.018497616258167975,-0.0011195943874843758,0.0021737458480180012,5
rnn,79,117,0.7049953209884162,0.020517074848925187,-0.0012532539590928624,0.002098965330497066,5
rnn,79,121,0.6975104864256864,0.023583027803279095,-0.0014392126862335594,0.001995918839477091,5
rnn,79,125,0.6900751687385017,0.026775830189982187,-0.0016643678447591363,0.0018990008411483483,5
rnn,79,129,0.6829870180169104,0.03006188524206549,-0.0018467194347776563,0.001815279681766313,5
rnn,79,133,0.6763853560746493,0.03314503761149726,-0.0019836246212773198,0.0017379887735016783,5
rnn,79,137,0.6704448717913232,0.036130152167134104,-0.0021501840347309354,0.0016670867067660855,5
rnn,79,141,0.6650101060361647,0.03886860559627667,-0.0023613535680943607,0.0016451668947553135,5
rnn,79,146,0.6594172220794176,0.04105341862961764,-0.002627790838742019,0.0016394915007592202,5
rnn,79,150,0.656064576666876,0.04201620973598029,-0.002804067454659992,0.0016870346189477436,5
rnn,79,155,0.6528235781022635,0.0424593619102188,-0.0030246786162817004,0.0018318800139461276,5
rnn,79,160,0.6508818419577773,0.042302497626632435,-0.003202727960428872,0.002037285629233259,5
rnn,79,165,0.6499945673314346,0.041524292183992006,-0.003343026149230259,0.0022346228078841037,5
rnn,79,170,0.6500013657789128,0.04041744246881971,-0.0034559947786302974,0.0024116282771157937,5
rnn,79,176,0.6507869212415565,0.038873767264657536,-0.0035829377057901303,0.002625718005910082,5
rnn,79,181,0.6518719355372182,0.03731438399879736,-0.003673934827114687,0.002779146802058327,5
rnn,79,187,0.6535260688914368,0.035663684721776334,-0.003742811655009803,0.002911650574806696,5
rnn,79,193,0.6552637661276408,0.03434567734534706,-0.0037910047717268068,0.003012980431789368,5
rnn,79,199,0.6570204827149966,0.0333699753219738,-0.0038336415612089205,0.0030959819205614897,5
rnn,79,205,0.6587494480973172,0.032623782860105775,-0.0038580466858278506,0.003172815433326634,5
rnn,79,211,0.6603746277316547,0.03207263533965834,-0.0038630166578909734,0.0032174667644016726,5
rnn,79,218,0.6620717966185322,0.031708977818698386,-0.003873018493396738,0.003263495997772196,5
rnn,79,225,0.6636034240727596,0.03148068049715946,-0.0038682249238804088,0.0032942411007159103,5
rnn,79,232,0.6648934546721877,0.03140322400505204,-0.0038601928643638346,0.0033060922310700056,5
rnn,79,239,0.666070082526719,0.031334210032950525,-0.003858212973991591,0.003320961235798986,5
rnn,79,247,0.6672346338565444,0.03129952247791219,-0.003852132691440192,0.0033453222116749995,5
rnn,79,255,0.6682038828329646,0.031295196338103244,-0.0038381722175832717,0.0033624302638784334,5
rnn,79,263,0.6690322955127177,0.03130999541335015,-0.0038297157836120776,0.0033748466955360336,5
rnn,79,271,0.669745265157592,0.0312843455483327,-0.0038227885825530246,0.003375921351745868,5
rnn,79,279,0.6703586594022299,0.03127163395143377,-0.003821410278191585,0.0033721305448190554,5
rnn,79,288,0.6709853821811596,0.03125044594654989,-0.003820245707704748,0.003363959698677035,5
rnn,79,297,0.6715433202669912,0.031198785853927494,-0.0038150526623577214,0.003358125190091994,5
rnn,79,307,0.6720935550464201,0.031165494118550498,-0.003812377522791193,0.0033545127631606857,5
rnn,79,316,0.672545075855563,0.03113917496340618,-0.003809751970062031,0.003352443577283617,5
rnn,79,326,0.6730028976104148,0.031108826066421923,-0.003806474034745751,0.0033478542981156306,5
rnn,79,336,0.6734424340348889,0.03107632088108946,-0.003804788922487757,0.0033452654813358,5
rnn,79,347,0.6738908088862352,0.031045348613052512,-0.0038031285378039605,0.0033440944805814,5
rnn,79,358,0.674313050075468,0.031018626369065355,-0.00379944084181428,0.0033439384210708248,5
rnn,79,369,0.6747160704776121,0.031000932090375032,-0.0037967706969698465,0.003343487915441194,5
rnn,79,381,0.6751413068592458,0.030979026792318523,-0.0037957249028829063,0.0033413203389950543,5
rnn,79,393,0.6755411034188368,0.030953158590717154,-0.0037947824242567643,0.003339538438936589,5
rnn,79,405,0.6759303362180846,0.030935178037269116,-0.0037947475022023615,0.00333646628199289,5
rnn,79,418,0.676343777534908,0.030908482646640565,-0.003794577367614823,0.003335233411418007,5
rnn,79,431,0.6767473996918658,0.030891111321696692,-0.0037944228682908776,0.0033328084699911884,5
rnn,79,444,0.6771438237896021,0.030874396212070544,-0.0037937940824778723,0.0033289484683725647,5
rnn,79,458,0.6775594645624313,0.03086106073838161,-0.003793944778940467,0.0033234883671118816,5
rnn,79,473,0.6780047853433142,0.030856171694737033,-0.0037920001062953417,0.003317519083389293,5
rnn,79,488,0.6784394725795435,0.030854825164838586,-0.00379079936516718,0.0033118233433343147,5
rnn,79,503,0.6788655063374109,0.03085668836480691,-0.003789590091708481,0.0033078734274118024,5
rnn,79,519,0.6793219648259919,0.030858359577803616,-0.0037870180842259223,0.00330399138020674,5
rnn,79,535,0.6797726807586797,0.030864476596831183,-0.003786110917089078,0.0033004658259466165,5
rnn,79,552,0.6802499629868504,0.03087659722466925,-0.003784394480781985,0.003297362481624092,5
rnn,79,569,0.6807300350216815,0.030888190663534168,-0.0037818357205398534,0.0032955627400383307,5
rnn,79,587,0.681243891712138,0.03089417292112914,-0.0037796537369010155,0.003293337418373909,5
rnn,79,606,0.6817907854185616,0.030897416159635063,-0.0037790801388603917,0.003291079155679959,5
rnn,79,625,0.6823285495594037,0.030904131315495596,-0.0037778244784225853,0.003289535292277198,5
rnn,79,644,0.6828694667480436,0.0309148879001893,-0.00377573217240395,0.003289221994995322,5
rnn,79,665,0.6834747830967555,0.030938806920139835,-0.003773512189291671,0.0032875934548670578,5
rnn,79,685,0.6840614251717094,0.03095880611922386,-0.0037709122247262957,0.0032861033739569304,5
rnn,79,707,0.6847074317559003,0.03098899517851423,-0.0037666184927294317,0.0032879255596660927,5
rnn,79,729,0.6853521378213997,0.031031341781190526,-0.0037634274972687745,0.003292183829822496,5
rnn,79,752,0.6860321499880433,0.031085432351350924,-0.003760473141352979,0.003297095694809305,5
rnn,79,776,0.686761363510625,0.031137527657561143,-0.0037566143448524566,0.0033015152382200683,5
rnn,79,800,0.6874914329490229,0.031193364157852697,-0.00375244704809546,0.0033090511400752495,5
rnn,79,825,0.6882569387269186,0.03126298170024734,-0.00374877566431677,0.0033178022953942736,5
rnn,79,851,0.6890633578068115,0.0313579751183167,-0.0037448278019299114,0.0033272349607706754,5
rnn,79,878,0.6899094242399841,0.03146732247978889,-0.00374033885796153,0.003338581261115882,5
rnn,79,906,0.6907897559908885,0.031574075462398446,-0.003734734878390216,0.0033524247845296688,5
rnn,79,934,0.6916762048631986,0.031689438509623455,-0.0037279140950671474,0.0033655758248531645,5
rnn,79,963,0.6925913865784834,0.03181610486796861,-0.003719020174100209,0.003381209776423239,5
rnn,79,994,0.6935704131273008,0.03195891169090991,-0.003708954849508779,0.0033990650264757584,5
rnn,79,1025,0.6945573717643894,0.03211483377641851,-0.0036998142796162052,0.003419264860642104,5
rnn,79,1057,0.6955806177462087,0.03227970522992523,-0.0036896371740296413,0.0034386379338218758,5
rnn,79,1090,0.6966520466154116,0.0324743015545322,-0.003679310760448662,0.003457912466714472,5
rnn,79,1125,0.6977973332793784,0.03268234835784574,-0.0036650383466317908,0.003478180729911181,5
rnn,79,1160,0.6989680271886874,0.03289158158370568,-0.003649798446877644,0.0034977428268787793,5
rnn,79,1197,0.7002024857245142,0.03311529702937835,-0.0036330921462136858,0.0035159354885550198,5
rnn,79,1234,0.7014485109866223,0.03335452750475413,-0.0036160073819278852,0.0035355801638657326,5
rnn,79,1273,0.7027847799757951,0.033613768031257825,-0.0035955756160011517,0.0035542195483129436,5
rnn,79,1313,0.7041639962232702,0.03388573553069636,-0.0035771085644616908,0.0035734314759617823,5
rnn,79,1354,0.7055973420028286,0.03415217613352666,-0.0035607731569382546,0.003591743445410466,5
rnn,79,1397,0.7071117373266084,0.03444360279003039,-0.0035436186830344824,0.0036116661517275155,5
rnn,79,1441,0.7086778090118412,0.034758140368314705,-0.003527998546590776,0.0036325214358275846,5
rnn,79,1486,0.7102887700436564,0.03510381865584566,-0.003514759270253333,0.003653963602169416,5
rnn,79,1533,0.7119825161882588,0.03547570707169655,-0.003502908240167623,0.0036764880912901394,5
rnn,79,1581,0.713716437639518,0.03586616341949887,-0.003490070757683883,0.003705349546962394,5
rnn,79,1631,0.7155439025468802,0.036296172851307915,-0.003481002471783119,0.003734752477524121,5
rnn,79,1682,0.717438431431068,0.036749810067674485,-0.0034785103490413425,0.0037655843787662044,5
rnn,79,1735,0.719444951380171,0.03724484521040498,-0.0034726725450055693,0.003796693494651322,5
rnn,79,1789,0.7214882007294672,0.037752228987941866,-0.0034687643357000407,0.0038283496620552726,5
rnn,79,1845,0.7236218272307277,0.03829696362030465,-0.003466902889033572,0.0038620839685910464,5
rnn,79,1903,0.7258428926499336,0.03884826777652482,-0.00346704861611159,0.0038994330275882384,5
rnn,79,1963,0.7281186551976815,0.0394332625932146,-0.0034680432085900464,0.003932186627479627,5
rnn,79,2025,0.7304816855755404,0.04002687992513571,-0.0034720646653014125,0.0039653089519078605,5
rnn,79,2089,0.732932298064113,0.040634788521304976,-0.003477878181918152,0.003998108099945481,5
rnn,79,2154,0.7354493926056229,0.04126157153700848,-0.0034851362163677976,0.004029521309432486,5
rnn,79,2222,0.7380717756358551,0.041916629091189136,-0.0034942219365860596,0.004061861837122935,5
rnn,79,2292,0.7407582490841179,0.04256837594565068,-0.0035041293153456887,0.0040904746825424915,5
rnn,79,2364,0.7435353839411368,0.04321339481074696,-0.0035165993032635775,0.004122751260709005,5
rnn,79,2438,0.7464032956873117,0.04384421028849957,-0.0035368596404177707,0.004159025973545601,5
rnn,79,2515,0.7494140296759605,0.04447340790867261,-0.0035657607861335886,0.0042018584164407865,5
rnn,79,2594,0.752498083029762,0.04510901715681896,-0.003601863852222781,0.004243666336263721,5
rnn,79,2675,0.7556601984978285,0.04574010705389658,-0.0036399092864718764,0.004280140230054089,5
rnn,79,2759,0.7589334902965994,0.04635812776513094,-0.0036718082117606064,0.0043253182891849805,5
rnn,79,2846,0.7623283951504864,0.046929491426889784,-0.0037007003369983935,0.004373607591553573,5
rnn,79,2936,0.7658372068632291,0.04747900268288902,-0.0037348803139129715,0.004428488857529654,5
rnn,79,3028,0.7693966262594703,0.04798324436938748,-0.0037719796126236883,0.004481984345031179,5
rnn,79,3123,0.773066919289833,0.048419665732846395,-0.003805705755127069,0.004537397709775437,5
rnn,79,3221,0.7768264898021469,0.04880435006466435,-0.003836554112713883,0.004593257533455887,5
rnn,79,3323,0.7807317259168117,0.049104861667549966,-0.003865395281078149,0.004648428138369061,5
rnn,79,3427,0.784623818021094,0.04929920961099572,-0.0038912198724933137,0.004704656160245954,5
rnn,79,3535,0.7886171686678421,0.04934913213536491,-0.003918153779995912,0.004759167489414469,5
rnn,79,3646,0.792701181998739,0.04924680706766215,-0.003950968617388165,0.004816722299669592,5
rnn,79,3760,0.7968382496866039,0.04899051973251214,-0.003980935368613643,0.004874235827810434,5
rnn,79,3879,0.8010387045193041,0.04856361502451714,-0.004000382744297817,0.004927087649063457,5
rnn,79,4000,0.8052286678093104,0.04788031783664313,-0.004017815930349727,0.004973161385245546,5
rnn,79,4126,0.8095108907355437,0.04694514116314243,-0.0040428631184158985,0.005017625361178977,5
rnn,79,4256,0.8138159283489779,0.04579604308108897,-0.004066618600990954,0.005054625077752154,5
rnn,79,4390,0.8181780596134685,0.04439716083391225,-0.004082931048277267,0.00508976208345667,5
rnn,79,4528,0.8225383744578256,0.04276475656603394,-0.004091310371774406,0.00512356342630148,5
rnn,79,4670,0.8268789183915567,0.040930150053658354,-0.004093091446110602,0.005155066246617372,5
rnn,79,4817,0.8311897596102549,0.03891918075099549,-0.0040978067744926894,0.005179098989309164,5
rnn,79,4968,0.835384479056807,0.036823324278660675,-0.004105566730137533,0.005204628434020673,5
rnn,79,5124,0.8394781815742179,0.03466502489079588,-0.0041119834355366255,0.0052265455015725465,5
rnn,79,5285,0.8434144432901365,0.032546702083292446,-0.004114141052273536,0.00525112984061962,5
rnn,79,5452,0.8471866494788595,0.03049694692167607,-0.004119788123063624,0.005274714666523231,5
rnn,79,5623,0.8507242890909715,0.0285974547790714,-0.004128768029048177,0.005297697193101408,5
rnn,79,5800,0.8540410400318044,0.026888637603982392,-0.004137066551460547,0.005323302800403902,5
rnn,79,5982,0.8570837344975777,0.02542552425689895,-0.004138328591296753,0.005347698532861988,5
rnn,79,6170,0.8598557520478058,0.024227627922353646,-0.0041308757777211704,0.005377154237321312,5
rnn,79,6364,0.8623584118807855,0.023350496632218852,-0.004118930208661778,0.00541014182187454,5
rnn,79,6564,0.8645958871378274,0.022779290625874173,-0.004094467942218169,0.005445905520553729,5
rnn,79,6770,0.8665815459515407,0.022496062293616517,-0.004060314462718758,0.005478346955416906,5
rnn,79,6983,0.8683304157017819,0.02248711642022013,-0.004015265324533511,0.0055196908033630756,5
rnn,79,7203,0.8698460348392321,0.02274371136696584,-0.0039590410377848065,0.005567382302727,5
rnn,79,7429,0.8711304298624102,0.023203420382911188,-0.0038946455319662197,0.00562019490037686,5
rnn,79,7662,0.8722358144225145,0.0238254881685369,-0.0038249475733127198,0.005676526676645849,5
rnn,79,7903,0.8731803226679034,0.024575514626120246,-0.00375686126794915,0.0057404904835742536,5
rnn,79,8152,0.8739747471638895,0.025391495212188298,-0.0036904543862720874,0.005814589879285248,5
rnn,79,8408,0.8746498802923485,0.02623569918945712,-0.00362331595245296,0.00589647816229887,5
rnn,79,8672,0.8752139257931987,0.02710698747389207,-0.003559944597568585,0.005978699980483462,5
rnn,79,8945,0.8757104551515201,0.027971447955953077,-0.0035020925406381207,0.006061691105052525,5
rnn,79,9226,0.8761571521869062,0.02878407249143092,-0.0034537944707656197,0.006145486904798404,5
rnn,79,9516,0.8765249029311546,0.0295289013393226,-0.003415081920213561,0.006225790631958383,5
rnn,79,9815,0.876881065409368,0.030204259364952916,-0.003384266043653908,0.006305466260723741,5
rnn,79,10124,0.8772469572898427,0.03083710930724076,-0.003359493710546643,0.006385612434156698,5
rnn,79,10442,0.8776415733143649,0.03141396874539336,-0.0033385557474488793,0.006470106382348029,5
rnn,79,10770,0.8780782949178059,0.03193980689005858,-0.00331717934270276,0.006563585444630215,5
rnn,79,11109,0.878593904687721,0.032428544142162674,-0.003298196705736149,0.00665840797631671,5
rnn,79,11458,0.8791714886200224,0.03291580384445218,-0.003281517276027291,0.006755333187579434,5
rnn,79,11818,0.8798481579916213,0.03339599108410541,-0.003265879853599652,0.006853293257109211,5
rnn,79,12189,0.8806241212128686,0.03386262833402959,-0.003243165564208894,0.006950519695647215,5
rnn,79,12572,0.8815031285439348,0.03431693814304681,-0.003225018098429756,0.007046332001399913,5
rnn,79,12968,0.8824755513281344,0.034716830839127785,-0.0032113024848739206,0.007135995314162581,5
rnn,79,13375,0.8835603929199014,0.03507498394616888,-0.003199453126976876,0.007219360510177171,5
rnn,79,13796,0.8847659881700173,0.035425548296240464,-0.003197196588117449,0.00729601495170467,5
rnn,79,14229,0.8860386407455106,0.03575925180248775,-0.0031906662080731624,0.007354834232927624,5
rnn,79,14677,0.8873291925400444,0.03612954194078243,-0.0031807694110151338,0.007395450086862631,5
rnn,79,15138,0.8885700251590659,0.0365511572214261,-0.003167332612694923,0.00741549281635315,5
rnn,79,15614,0.8890684579298259,0.03723319619402333,-0.0031415901392564684,0.0073976115367642955,5
rnn,79,16104,0.8874958955740176,0.03929251600466358,-0.0028501778720120613,0.007239216686298321,5
rnn,79,16611,0.8923708419159067,0.023028402036548302,-0.002992733170039637,0.00692321452853113,5
rnn,79,17133,0.8841813267887847,0.014977754403492898,-0.002459396937876247,0.00700532531972267,5
rnn,79,17671,0.8788066843215449,0.027369798880869968,-0.0021349792319406277,0.0072167858851249255,5
rnn,79,18227,0.8546687518868495,0.04504137677755174,-0.002108645465173508,0.006894760972394365,5
rnn,79,18800,0.8094618248740284,0.05343318226588053,-0.0016911473665892122,0.006568523427118295,5
rnn,79,19391,0.7544042522657172,0.0504979293001738,-0.0009840847989711417,0.006398482073722808,5
rnn,79,20000,0.7278759032102249,0.04898721363526075,0.00032743497791868265,0.0074710431327006995,5
rnn,97,1,0.04663880163348422,0.005881220104088755,0.0020651991825620295,0.0024363429515869917,5
rnn,97,2,0.08298343637799058,0.00509075749538055,0.0016473197890934893,0.0020753118925395464,5
rnn,97,3,0.11723859112636852,0.0044849124174369225,0.0009378876446078828,0.0019748540411398583,5
rnn,97,4,0.1464707894632466,0.005399095192049567,0.0008218111508983749,0.00165268871187628,5
rnn,97,5,0.17255352215888436,0.005747716602106206,0.0009003872421627067,0.0014288670342025999,5
rnn,97,6,0.19528769897157755,0.005073926149652984,0.0008815101114667236,0.0011776452449303472,5
rnn,97,7,0.2154940105892035,0.004737924922853869,0.0009916639109219109,0.0009948248214866717,5
rnn,97,8,0.23348131819295187,0.006132963322474896,0.0008931531692993849,0.0009075588271318434,5
rnn,97,9,0.2503787404080844,0.007870851811063916,0.0009832186018370365,0.0009318712140103136,5
rnn,97,10,0.2646373243360961,0.008929311677511115,0.0009478361496061896,0.001127979934973434,5
rnn,97,11,0.2784847508931877,0.009277450397642027,0.0009474432244172641,0.0011198429427543971,5
rnn,97,12,0.29125652582961237,0.009307757273919559,0.0009537335215635673,0.0011604298180728165,5
rnn,97,13,0.3039556896792737,0.009643327767514281,0.0010284988160379287,0.0011711781186164608,5
rnn,97,14,0.3164767656174021,0.010280165643603944,0.0011676450899822284,0.0011543968656610572,5
rnn,97,15,0.3281150788746616,0.01048763853181477,0.0012650776042754989,0.0011554983022308153,5
rnn,97,16,0.3396293194380804,0.010125973777526207,0.0013368492056907728,0.0010780179430724163,5
rnn,97,17,0.3507181951254953,0.009613489890162245,0.0014244632086682202,0.0010632017909155424,5
rnn,97,18,0.3614768970589889,0.008864858247075266,0.001547501842793795,0.0010333830425330022,5
rnn,97,19,0.37183239076865726,0.007839145890567362,0.0016128306065373924,0.0010613080417870068,5
rnn,97,20,0.38127437069906867,0.007410444745923886,0.0015793562943953517,0.0010878728038081977,5
rnn,97,21,0.39048095385684717,0.007103207007657701,0.0015035267315605685,0.0009987669740889797,5
rnn,97,22,0.3992110938930655,0.0063117053504799115,0.001478869128683629,0.000965613019450917,5
rnn,97,23,0.4080630657213085,0.005409937777479837,0.001469466881907263,0.0009586971573864031,5
rnn,97,24,0.4165317713429547,0.00461983873117687,0.0015148498453802408,0.0009970583032955919,5
rnn,97,25,0.4243731877262259,0.0037300241275321617,0.0016122444892105315,0.0009814073752729105,5
rnn,97,26,0.43171670638535387,0.003158698789621115,0.0016936387092292824,0.0009792878080811084,5
rnn,97,27,0.4388788181576732,0.002742035261254772,0.001747536520216501,0.0010492740097718506,5
rnn,97,28,0.4455027344972667,0.002581225599034536,0.0017786074778034365,0.001161306202161983,5
rnn,97,29,0.45171178909205156,0.002473191556436083,0.0017888447709056093,0.0012883175163581207,5
rnn,97,30,0.4575693479327912,0.0025933414711150856,0.0018040459274530078,0.0013614485373485779,5
rnn,97,31,0.4632899300492116,0.002669526640947294,0.001862435149986074,0.0014385445155692626,5
rnn,97,32,0.46894071620887623,0.0028394099419420484,0.001912648360494434,0.0015164007140822627,5
rnn,97,33,0.4745065338527879,0.003003853358379906,0.0019704299610873817,0.0016116543049222746,5
rnn,97,34,0.48006777484312047,0.0033032787600788408,0.0020254456740944954,0.0017318055185640419,5
rnn,97,35,0.48577737846136193,0.0035205384646315153,0.0021044212536872457,0.0018419183517927496,5
rnn,97,36,0.4913821988332046,0.0035171670033215686,0.002157090616156757,0.0019345940189713254,5
rnn,97,37,0.4968208125256581,0.0032528779758259317,0.002180606132566369,0.0020311650596519203,5
rnn,97,39,0.5071652957252978,0.003024719354226671,0.002281012759292435,0.0022541797310478492,5
rnn,97,40,0.5121833930189499,0.0032276736852454124,0.002353372003894673,0.0023293086660077797,5
rnn,97,41,0.5171149508551955,0.003545528935233819,0.0024234571465792023,0.002421387959257838,5
rnn,97,42,0.5221678084275052,0.0038412202671943324,0.002478731738586904,0.00250420471743377,5
rnn,97,44,0.5325012875006484,0.0041543996143165625,0.0025450209992166103,0.002590768746858236,5
rnn,97,45,0.5375125903193541,0.004386132733313182,0.0025863126491451225,0.002612947654036352,5
rnn,97,46,0.5425268638538404,0.0046942912712398715,0.0026099904873487702,0.002644447560249329,5
rnn,97,48,0.5527351286547012,0.005298639433409761,0.002640519874121553,0.002741986128858984,5
rnn,97,49,0.5579902991742858,0.005487779615107175,0.0026599579134686125,0.0027540349165740565,5
rnn,97,51,0.5689116948145714,0.005883619032688263,0.0027161136464959345,0.0026902575818904023,5
rnn,97,53,0.5801259390711914,0.006294444470806494,0.0027876742423010963,0.0025810456522732607,5
rnn,97,54,0.5857110491373628,0.006463120814207439,0.002807310819074696,0.0025312231884016784,5
rnn,97,56,0.5967296653735171,0.006681229020756309,0.0028367485967487225,0.0024614563272620715,5
rnn,97,58,0.6073685779425259,0.0067166838700286335,0.002874548024494032,0.002380659834795379,5
rnn,97,59,0.6125711355601677,0.006751781870423628,0.002890392688251466,0.002328429963385646,5
rnn,97,61,0.6226637704606588,0.006860662248530836,0.002931041924197392,0.0022055907724183857,5
rnn,97,63,0.6322372218428368,0.0070112299888320725,0.0029953939162280243,0.0020881186442063427,5
rnn,97,65,0.6410466404794527,0.007189271749199633,0.00302180783762633,0.0019785894218029873,5
rnn,97,67,0.6492327681520609,0.007498088001316602,0.0030621145153894207,0.0018841619148250105,5
rnn,97,69,0.656843611213884,0.007792042456570598,0.0031208330416277134,0.0017960197492871536,5
rnn,97,72,0.6672726628926451,0.008106814224747886,0.003246075997151988,0.0017567902240024295,5
rnn,97,74,0.6737512451727952,0.008266455382526473,0.003327433624762124,0.0017871139968842873,5
rnn,97,76,0.6797472250815073,0.008483191237472543,0.0033796683154306596,0.0018453001721716827,5
rnn,97,79,0.6877392463475146,0.008940204058436338,0.003422308735364089,0.0019715723048502874,5
rnn,97,81,0.6925450039429697,0.00903003213938879,0.0034249843157693484,0.0020534330298753374,5
rnn,97,84,0.6989675400678511,0.009176644054853906,0.0034032912199030707,0.0021150633849993292,5
rnn,97,86,0.7027319545137323,0.009337194334796574,0.0033709082614547547,0.0021254283973742645,5
rnn,97,89,0.707688775418552,0.009746204941287114,0.003353359943947771,0.002127756766061099,5
rnn,97,92,0.7115919139401298,0.010206552225053993,0.003291449330104155,0.0021719721245933967,5
rnn,97,95,0.7143928651669483,0.010852808868226838,0.0032020865328714933,0.0021885677468966823,5
rnn,97,98,0.7161567282212731,0.011929208334948685,0.0031258739189922733,0.002184743685115237,5
rnn,97,101,0.7169086865811918,0.013198401489921232,0.0030640639912580636,0.0021866394394865494,5
rnn,97,104,0.7168101063352361,0.01477327046723997,0.0030323995655595097,0.0021978762679540154,5
rnn,97,107,0.715849412911094,0.0166678331857211,0.003016680386963094,0.0022425919506683014,5
rnn,97,110,0.7139065959803159,0.0189136934309405,0.0029923577148949668,0.0023249884705637586,5
rnn,97,114,0.7096068533228573,0.022537381826402265,0.002928626688350952,0.0024877224801798047,5
rnn,97,117,0.7049855330106368,0.025670357991854003,0.002851956219765673,0.002621745612661742,5
rnn,97,121,0.6970732697266534,0.030125610566381075,0.002746379610830408,0.0028577618711751154,5
rnn,97,125,0.6875973059590971,0.03490356106145576,0.002659008155691012,0.0031485745537923556,5
rnn,97,129,0.6772701478932446,0.03992346032388506,0.002504229555889846,0.0034395397036543697,5
rnn,97,133,0.6664344804414565,0.04506082163359674,0.002320385256884628,0.00373566840536697,5
rnn,97,137,0.6558058573666725,0.049479522276718084,0.002114837007231521,0.004030422668540712,5
rnn,97,141,0.6458526994077266,0.052692554701232644,0.0019406751515496558,0.004357309328005496,5
rnn,97,146,0.6347347520561216,0.054580079007500976,0.00168729647458394,0.0047892581077883505,5
rnn,97,150,0.6275982112922373,0.054586193785394116,0.0014795956570654086,0.005168876206069916,5
rnn,97,155,0.6213099009827084,0.05293345484932346,0.0012330576416060832,0.005711813104833278,5
rnn,97,160,0.6175450255885443,0.04991196853271541,0.0009892147526145245,0.006280888264302189,5
rnn,97,165,0.6161978652663596,0.04634591433809895,0.0007295831317754245,0.006813357711386704,5
rnn,97,170,0.6168382086884657,0.042542571227495496,0.0004984877165168829,0.007274643258453678,5
rnn,97,176,0.619412436735477,0.038349700580642174,0.00025158551335165526,0.007748424752167647,5
rnn,97,181,0.6223631367351296,0.0353468889263665,5.090958928129219e-05,0.008091556869899399,5
rnn,97,187,0.6265982185903021,0.0323523151017989,-0.00016248036678258028,0.008409818352328324,5
rnn,97,193,0.6308576021691771,0.030109650019855803,-0.0003533111148614275,0.00862227875866019,5
rnn,97,199,0.6350566020386007,0.028509496844885095,-0.0005091055664671721,0.008759653895344487,5
rnn,97,205,0.6390040661645882,0.027530104492400464,-0.0006677998446800259,0.008857506188988392,5
rnn,97,211,0.6427029680433366,0.027057694642794793,-0.0008004329250130727,0.008921002907865088,5
rnn,97,218,0.6467069942562881,0.02689373273069611,-0.0009446327259765447,0.008955103853653923,5
rnn,97,225,0.6503846353940137,0.02720000164216437,-0.0010614926440567483,0.008964872358576053,5
rnn,97,232,0.653707807397226,0.027677823809028796,-0.0011627936631612378,0.008946541292231524,5
rnn,97,239,0.6566915699251349,0.028201086668836448,-0.0012292723270963563,0.0089193794869027,5
rnn,97,247,0.6597375755531616,0.02890939370500702,-0.001277930719840342,0.008878817785014403,5
rnn,97,255,0.6623597420220217,0.02960330589801716,-0.0013153845374331288,0.008834745253764683,5
rnn,97,263,0.6646169020383832,0.0302717872508418,-0.0013451236880033665,0.008793713013741492,5
rnn,97,271,0.6664755571761395,0.030893237846640286,-0.0013715247428140152,0.008758225715627998,5
rnn,97,279,0.6680813884320586,0.03144003865333587,-0.001393928646784384,0.008727176085509568,5
rnn,97,288,0.6696393868686158,0.03198442843562449,-0.001416281287566735,0.008695479715745783,5
rnn,97,297,0.6709737010259277,0.03247130063714259,-0.0014400777354715952,0.008667670818208585,5
rnn,97,307,0.6722542588021454,0.032980288684868714,-0.0014648464793421134,0.00863827283400808,5
rnn,97,316,0.6732643756861737,0.033416392767292954,-0.001483370772686122,0.008615231202807636,5
rnn,97,326,0.6742713368228218,0.033880425506379735,-0.001502602892288005,0.008590862329187897,5
rnn,97,336,0.6751839240885777,0.03430159024483123,-0.0015197903802062836,0.008566693314170086,5
rnn,97,347,0.676098204553863,0.034737725465000154,-0.0015381936700022965,0.008539956693911147,5
rnn,97,358,0.676945471672741,0.03514220262530432,-0.0015558664407545552,0.008512781070406213,5
rnn,97,369,0.67773996209203,0.0355245148927408,-0.0015727041194505812,0.008487103164806543,5
rnn,97,381,0.6785525280952442,0.035922578522463264,-0.0015909600449488335,0.008460275167960291,5
rnn,97,393,0.6793188427306809,0.03630131794076964,-0.0016066494238361332,0.008434735005394862,5
rnn,97,405,0.6800420107050325,0.03666524533494707,-0.0016205552601326104,0.00840988318393873,5
rnn,97,418,0.6807967808896203,0.03704131437090324,-0.0016359986851461332,0.008383408828865223,5
rnn,97,431,0.6815183424224515,0.03740208206198461,-0.0016504089020685023,0.008356829947655462,5
rnn,97,444,0.6822094048068214,0.0377595702844953,-0.0016637686237993734,0.00833256381998735,5
rnn,97,458,0.6829284090067291,0.038134397720066895,-0.0016782280190104839,0.008306148021990315,5
rnn,97,473,0.6836815203864066,0.0385179093831779,-0.0016946945767906505,0.008277590806721868,5
rnn,97,488,0.6844173142741599,0.038894842317247096,-0.0017111102883920833,0.00825150413401981,5
rnn,97,503,0.6851405882869737,0.039271061275521775,-0.001726405881194444,0.008227177699082086,5
rnn,97,519,0.6858924422243033,0.03966930280325356,-0.0017439087948449877,0.008202306238687715,5
rnn,97,535,0.6866329125999402,0.040066054370894874,-0.0017628031501337078,0.008177719298690276,5
rnn,97,552,0.6874036188517044,0.040484896826118284,-0.0017829974776457382,0.008152094833120868,5
rnn,97,569,0.6881659416222803,0.04089948358623911,-0.0018032450012147796,0.00812700160189513,5
rnn,97,587,0.6889612617923463,0.041332536709499344,-0.0018233884839717503,0.008100779010745823,5
rnn,97,606,0.6897966739768027,0.04178149387013817,-0.0018442523494528432,0.008074114475901081,5
rnn,97,625,0.6906319352464367,0.042216891548899564,-0.0018641505244950847,0.008048111129469676,5
rnn,97,644,0.6914669173984874,0.04264585663832464,-0.0018843761237740716,0.008020952092933206,5
rnn,97,665,0.6923880269656533,0.04311215287796091,-0.0019051937958566366,0.007992652942117578,5
rnn,97,685,0.6932654130922072,0.04355488099676718,-0.0019237293891493298,0.00796651364983605,5
rnn,97,707,0.6942293261337164,0.044038685966840324,-0.001942703957967672,0.007938436332630427,5
rnn,97,729,0.695194523673407,0.044500614332672384,-0.0019614556574586214,0.007910437792027939,5
rnn,97,752,0.6962122665013717,0.04497017599032304,-0.0019815697192759577,0.007879986182882963,5
rnn,97,776,0.6972750733557834,0.04545361743526192,-0.0020033936148590318,0.007848309492254417,5
rnn,97,800,0.6983383734237127,0.04592956095779749,-0.002024916908908764,0.007817949125675653,5
rnn,97,825,0.6994449352286254,0.04642970082704897,-0.002048055074322959,0.007787607475510717,5
rnn,97,851,0.7006118412548876,0.046936665033765576,-0.002070278222208746,0.007754118304834253,5
rnn,97,878,0.7018297220929306,0.04744690853890451,-0.002091684674865779,0.007718228113920084,5
rnn,97,906,0.7030955843446105,0.04796331868368884,-0.0021120393936001555,0.007680587438747554,5
rnn,97,934,0.7043675153076692,0.04846191622979926,-0.0021295604771905557,0.007644004511577245,5
rnn,97,963,0.7056896243403118,0.048956140571540456,-0.0021470423636676126,0.0076064169265155435,5
rnn,97,994,0.7071088462745474,0.04946144731374785,-0.002165684314309443,0.00756677493555603,5
rnn,97,1025,0.7085408666910941,0.049955482134764924,-0.002182040605811307,0.007528052397672159,5
rnn,97,1057,0.7100279680213516,0.05044875483756583,-0.0021988932388537124,0.00748572412968749,5
rnn,97,1090,0.7115778417449453,0.05092688554334729,-0.0022166531340091756,0.007439000330608173,5
rnn,97,1125,0.713214104373264,0.051425441907630286,-0.0022354850820642544,0.007390550142510106,5
rnn,97,1160,0.7148647291242038,0.05190669482524343,-0.0022555743452194687,0.00734338903083963,5
rnn,97,1197,0.7166246682493825,0.05236555890844783,-0.0022753200434594578,0.007292651364403545,5
rnn,97,1234,0.7183964577895,0.05278795995527936,-0.002295545278054861,0.007240463128972781,5
rnn,97,1273,0.7202798426774238,0.05321214581799474,-0.0023119442077073806,0.007186129302317265,5
rnn,97,1313,0.7222392611151576,0.053616487207010476,-0.0023257494347160065,0.007126201515562462,5
rnn,97,1354,0.7242716729872785,0.05400387921651201,-0.0023378788271984662,0.007062126592036353,5
rnn,97,1397,0.7264067983825824,0.054390721989237986,-0.0023507295584459438,0.006999228973763346,5
rnn,97,1441,0.728612829860764,0.05478362529436796,-0.002361788803851896,0.006936116426893584,5
rnn,97,1486,0.7308851991554836,0.055167034099817956,-0.00237067189924213,0.006873058669502266,5
rnn,97,1533,0.7332894643643935,0.0555393697661839,-0.00237810189945111,0.006805256586524012,5
rnn,97,1581,0.73577297996496,0.055882861510136654,-0.0023854923594809735,0.006737926587090748,5
rnn,97,1631,0.7383921530325149,0.056197596296899625,-0.002394972372109539,0.0066713583157014065,5
rnn,97,1682,0.7410689455736036,0.056483957345463055,-0.0024045996397068026,0.006608873239615711,5
rnn,97,1735,0.7438832877206497,0.05676361379658526,-0.002412073534107057,0.006546352469162042,5
rnn,97,1789,0.7467947682635815,0.05701308438040534,-0.0024196425230465645,0.006490970735339931,5
rnn,97,1845,0.7498464085095198,0.05724608231923483,-0.002422347275582448,0.006436792608099651,5
rnn,97,1903,0.753022393015728,0.05746930270007198,-0.002421080545448094,0.0063835224088486815,5
rnn,97,1963,0.7563156172417095,0.05767836227734492,-0.002415467559475112,0.006331753723662768,5
rnn,97,2025,0.7597181848070055,0.05782457430545944,-0.0024037981002999653,0.006282537716005304,5
rnn,97,2089,0.7632278199534722,0.05794059233647852,-0.002384716333787025,0.006238775066429711,5
rnn,97,2154,0.7667743013434207,0.05802808615214925,-0.002364253289631696,0.006195569258196707,5
rnn,97,2222,0.7705104224698219,0.05805151525862628,-0.0023407048935472612,0.006157609539946405,5
rnn,97,2292,0.7743586189646174,0.058028281478412456,-0.0023157390671113753,0.006120977566805506,5
rnn,97,2364,0.7783274425041726,0.05791207249267115,-0.0022871639037013503,0.006075847708655681,5
rnn,97,2438,0.7824101465855028,0.05767138237152748,-0.002251768126194824,0.006036555609982055,5
rnn,97,2515,0.786632302219153,0.057342815841668886,-0.0022066829435248665,0.006001723667445746,5
rnn,97,2594,0.7909457404556864,0.05687456713029013,-0.0021553966931485862,0.005972178245381785,5
rnn,97,2675,0.7953310224646071,0.05628083910239637,-0.00209920904478098,0.005945118956443467,5
rnn,97,2759,0.7998152596825251,0.05554851980230339,-0.002035213903301242,0.005924058134982045,5
rnn,97,2846,0.804379057109386,0.054664722072211326,-0.001958751806026751,0.005912384206745916,5
rnn,97,2936,0.8090231533842347,0.05364281811658598,-0.0018730229398734148,0.0059034627197038685,5
rnn,97,3028,0.8136884813256617,0.052491225924331676,-0.0017810592301486477,0.005899761031919054,5
rnn,97,3123,0.8183988604388102,0.051208423909806434,-0.001683016003257006,0.005896949666903445,5
rnn,97,3221,0.8231107785077573,0.04981095561484782,-0.0015811736123771225,0.005905205572340757,5
rnn,97,3323,0.8278652618433968,0.04827953559001023,-0.0014746624742582458,0.00592079849864272,5
rnn,97,3427,0.8325240622222827,0.0466650553752805,-0.0013678088683576495,0.005948055819011755,5
rnn,97,3535,0.8371909893673793,0.04488975505868507,-0.0012582215991274442,0.005980905319393545,5
rnn,97,3646,0.8417829507010512,0.04306875185404914,-0.0011502950527153303,0.006008845602965798,5
rnn,97,3760,0.846264587858742,0.041202255114142966,-0.0010404281014307387,0.006038135667534705,5
rnn,97,3879,0.850688488474051,0.039272613302127064,-0.0009290195012523619,0.006068367534660917,5
rnn,97,4000,0.8549140276056807,0.037355072964098755,-0.0008258553657972054,0.006092428498479212,5
rnn,97,4126,0.8590319297267127,0.035410016369698594,-0.0007298447598622991,0.006111234903448475,5
rnn,97,4256,0.8630174395356018,0.03345341443115068,-0.0006386994378197553,0.00613503440692806,5
rnn,97,4390,0.8668404450343143,0.03149554071070304,-0.0005543729322631745,0.006156528108624671,5
rnn,97,4528,0.8704719009280822,0.029584720351274626,-0.0004739762026046739,0.006179059965483953,5
rnn,97,4670,0.8738986379276985,0.027728093746476768,-0.0003968869784762417,0.006206178574755733,5
rnn,97,4817,0.8771701347901912,0.02592267598588616,-0.0003223520929249004,0.006236848781515782,5
rnn,97,4968,0.8802345246628182,0.024222094254161643,-0.00025586007549399865,0.006267837692116841,5
rnn,97,5124,0.883108461542147,0.02262492699349882,-0.00019395564819303483,0.006306654712884255,5
rnn,97,5285,0.8857879569026567,0.02118099925462023,-0.00013438131050775917,0.006348373823528173,5
rnn,97,5452,0.8882894368690311,0.01988332752027634,-7.614487826350962e-05,0.006396659758114288,5
rnn,97,5623,0.8905969228622986,0.018746923620750512,-2.4245012060631657e-05,0.00644648840772117,5
rnn,97,5800,0.8927374811322123,0.01778201643252417,2.000545457497664e-05,0.006496722607063605,5
rnn,97,5982,0.8947198397882234,0.017000690311075557,5.742799237813696e-05,0.006547799416709835,5
rnn,97,6170,0.8965519662499345,0.016382875287619832,8.97324717821224e-05,0.006600865050947621,5
rnn,97,6364,0.8982399335122334,0.015917713615652012,0.0001169980512266515,0.006656724362299769,5
rnn,97,6564,0.8997839789904811,0.015616649855375812,0.00013983980922621184,0.006714517986854583,5
rnn,97,6770,0.9011933571885379,0.015460672581177306,0.00015844775610673306,0.00677155686842404,5
rnn,97,6983,0.902489444270147,0.015412825375016181,0.0001740193492062463,0.006826432599447381,5
rnn,97,7203,0.9036810003459796,0.01545184618697994,0.00018942680360267797,0.006885219781068898,5
rnn,97,7429,0.9047502115845173,0.015578414162931063,0.0002060044077570338,0.006947365815642316,5
rnn,97,7662,0.9057164588469881,0.015763372061673237,0.00022071416017770373,0.007010736507115046,5
rnn,97,7903,0.9065978491201365,0.015983102750627344,0.000234113582990823,0.00707858546813681,5
rnn,97,8152,0.9073896232319323,0.016239729666314224,0.0002485893027352677,0.007145734099008779,5
rnn,97,8408,0.9080741610262975,0.016502646750275,0.000263104184071279,0.007211606220878903,5
rnn,97,8672,0.9086708580754557,0.016766567454935526,0.00027879482327354093,0.007278566174649311,5
rnn,97,8945,0.9091912201049673,0.017034122436624725,0.00029546577786690226,0.007345013743942622,5
rnn,97,9226,0.9096325303637078,0.01729201485823692,0.0003133402382653902,0.007410326254254294,5
rnn,97,9516,0.9100163488694986,0.01753732801243468,0.00033107078775325357,0.007475371451821148,5
rnn,97,9815,0.9103430775821009,0.017780132497352344,0.00035057479907010943,0.007540760450643437,5
rnn,97,10124,0.9106392623235401,0.01801732122715234,0.0003717110766184818,0.007607978825156764,5
rnn,97,10442,0.9109128133482278,0.01825749837038908,0.0003961555975235606,0.007677684728909949,5
rnn,97,10770,0.9111459622879373,0.0185214590428207,0.0004239207422233309,0.007744891610687388,5
rnn,97,11109,0.9113682280111737,0.018813494747535034,0.0004550138909434513,0.007817999654112942,5
rnn,97,11458,0.9115878372640663,0.019123382165161747,0.0004843581667474067,0.007888661074208601,5
rnn,97,11818,0.9118181679896795,0.01943177077974402,0.0005165395703119006,0.007959958320096192,5
rnn,97,12189,0.912096547330686,0.019721086268566404,0.0005497709199482716,0.008032075268061168,5
rnn,97,12572,0.9124409183436922,0.019968383934752924,0.0005884480520041149,0.008105643048178353,5
rnn,97,12968,0.9128607728183313,0.020193719320229012,0.0006241193369393407,0.00818944237836195,5
rnn,97,13375,0.9133512336786314,0.020397772247144966,0.0006602499416301217,0.008274526087117444,5
rnn,97,13796,0.9139312897817501,0.0205653298127061,0.0006932352987725661,0.008364841673986068,5
rnn,97,14229,0.9146045103160179,0.020714253993977576,0.0007180800748018705,0.008459718169206884,5
rnn,97,14677,0.9153490043367473,0.020856076143006493,0.000747397247082788,0.00854153458760492,5
rnn,97,15138,0.9161153164864764,0.02099313295005912,0.0007731884868614017,0.008624409187170662,5
rnn,97,15614,0.9166260650246754,0.021042752690687744,0.0008144991543849284,0.008707386603281651,5
rnn,97,16104,0.9139202185273758,0.021237639424026438,0.000848636697993963,0.008752231850790488,5
rnn,97,16611,0.9012340136680612,0.017162715444266737,2.444755715262821e-06,0.008308234672656343,5
rnn,97,17133,0.8941036602428806,0.010043726442201223,7.388751052514862e-05,0.008357630201414654,5
rnn,97,17671,0.8583308506513317,0.039762062012552474,0.0008950166344545452,0.00786040192155517,5
rnn,97,18227,0.8306358957612666,0.04225373719422434,0.0014883333177420411,0.00722433595641052,5
rnn,97,18800,0.8153894575565657,0.028617961069946074,-0.000725143711362435,0.011735461477500993,5
rnn,97,19391,0.8039311567611366,0.03293026400100663,-0.002286209352568893,0.014888008370310507,5
rnn,97,20000,0.7908855378647848,0.037671379774369435,-0.0029165955003045184,0.01633302203955925,5
rnn,113,1,0.038773689481706126,0.006426637343394173,-0.00017154150099212083,0.0012388687191650968,5
rnn,113,2,0.07260058550669551,0.00489223807742335,-0.00014061316442215112,0.0016800679627168307,5
rnn,113,3,0.10015568305699259,0.005575009780482063,-9.194846672559286e-06,0.0016626699793970852,5
rnn,113,4,0.1274788381022059,0.007927639324554174,-3.805325839347038e-06,0.0016869988599469137,5
rnn,113,5,0.15233600788308446,0.009182114330822258,-4.708249620017386e-05,0.0013531319042470583,5
rnn,113,6,0.1750161922507558,0.009929479986831479,7.714052128533823e-05,0.0013462318584466998,5
rnn,113,7,0.19605812332221734,0.010056267782519248,0.00013054480026722785,0.001432105353555416,5
rnn,113,8,0.21468793141688405,0.009659271581383685,4.89265429133029e-05,0.0014488970671091166,5
rnn,113,9,0.23086439615039728,0.010223654997354469,-7.790380017136988e-05,0.0015384707217040224,5
rnn,113,10,0.2454916559495013,0.0103431508252325,-0.00016758317456036682,0.0015380429035881003,5
rnn,113,11,0.259394740102049,0.010319247046989563,-0.00021784951475858455,0.0013572141106575058,5
rnn,113,12,0.27228130612563023,0.010417221674573311,-0.0002404187272796949,0.001081422359498957,5
rnn,113,13,0.2846893283212545,0.010629806016267505,-0.00025106762676743537,0.0008097164882681326,5
rnn,113,14,0.29682471511648184,0.01049206862904425,-0.00032329121104442886,0.0007105293841673498,5
rnn,113,15,0.3088078994934937,0.01043743136790964,-0.0004368415052849178,0.0005689977811526051,5
rnn,113,16,0.3202180769747815,0.010347655384726593,-0.00048287410129044586,0.0004616146866948849,5
rnn,113,17,0.33108255864056024,0.009759006498108397,-0.0005009721868305095,0.0004663399823855024,5
rnn,113,18,0.34115962319486737,0.009238944688092937,-0.0004691041663129599,0.0005255749502933592,5
rnn,113,19,0.35038104918783536,0.008825029018786455,-0.00048147973476987335,0.0005079297178636285,5
rnn,113,20,0.3590588498313079,0.008472615189609348,-0.0005263973806360733,0.00043894134958995934,5
rnn,113,21,0.36744760469577875,0.00794672996658983,-0.0005752784497734834,0.00042662231660575744,5
rnn,113,22,0.3754890017491279,0.007683571099186654,-0.0006617417978174547,0.0003887987821826094,5
rnn,113,23,0.3834726394212896,0.007350263225177556,-0.0007003672532592069,0.0002762022555702841,5
rnn,113,24,0.3913123822811026,0.006997948623139335,-0.0007353691816887149,0.0001993347449129267,5
rnn,113,25,0.39868327594824937,0.006730763803238226,-0.0007103828172682939,0.0002209431103423118,5
rnn,113,26,0.40585661032976317,0.006118274264738312,-0.000713385719430547,0.00026961145436987934,5
rnn,113,27,0.41312193273749004,0.005838159083971579,-0.0007901574358679631,0.00017797149010719796,5
rnn,113,28,0.42028484348316864,0.005740634879835744,-0.0008132897152991529,0.00024334822006362667,5
rnn,113,29,0.42738636319419065,0.005786582749907822,-0.0007823588854123451,0.0003208879291630924,5
rnn,113,30,0.43436831275525833,0.0060420379002090975,-0.000806449746221216,0.0004249608027661019,5
rnn,113,31,0.4410218729810883,0.00623789441973965,-0.0007959685140700821,0.0004988626326685478,5
rnn,113,32,0.44723989190613456,0.00656964256597043,-0.0008144938258476701,0.0005816539696104941,5
rnn,113,33,0.45312528340655556,0.006938595831124537,-0.0008120007295698917,0.0007121196661682317,5
rnn,113,34,0.4589564511967472,0.007090793135168835,-0.0008226566381991142,0.0008504510543678391,5
rnn,113,35,0.4648278758593989,0.006991082579893347,-0.0008425334773973277,0.0009764180284542125,5
rnn,113,36,0.47056030901728685,0.006753693862173453,-0.0008632770023544271,0.0011092086928454197,5
rnn,113,37,0.4761963591194641,0.006662113893432343,-0.0009053478751061475,0.0011939168510274514,5
rnn,113,39,0.4871266199364396,0.0062634598582321805,-0.0009906660718107924,0.0012994923941863773,5
rnn,113,40,0.4924577852817489,0.0059534451551322524,-0.0009890143029659686,0.001357497106516063,5
rnn,113,41,0.4976223467714749,0.005528354382243732,-0.0009673212151685969,0.0014041216914884723,5
rnn,113,42,0.502712771041987,0.005158853359991936,-0.0009306708520683295,0.001463600443964721,5
rnn,113,44,0.5133035024526097,0.004329431998986455,-0.0008630420941043822,0.0016407019618387467,5
rnn,113,45,0.5187265800730891,0.004085733706506621,-0.0008334199071528655,0.0017689401932123123,5
rnn,113,46,0.5243213459026501,0.003867347208867885,-0.0008145586062568708,0.0019191936773587989,5
rnn,113,48,0.5358891775077714,0.003607125312392923,-0.0007640444367063081,0.0022627916593379507,5
rnn,113,49,0.5417434073870787,0.0036272953328351024,-0.0007105848115591263,0.0024266662086669115,5
rnn,113,51,0.5534989959723333,0.0037943914868835706,-0.0006246859559436175,0.002698200198260098,5
rnn,113,53,0.5651875722642545,0.0040046904332481864,-0.0005292357778164819,0.0029308508076040427,5
rnn,113,54,0.5709260256974328,0.0041287320780206225,-0.0005137258716930666,0.0030508303182456955,5
rnn,113,56,0.582195782532912,0.004336986992973763,-0.0005435202284888879,0.0032624032151974108,5
rnn,113,58,0.5930578303932851,0.004534956009437821,-0.0005840179165923188,0.003415029494821909,5
rnn,113,59,0.5982407488191125,0.0046731038058666395,-0.0006055041540248922,0.003478255752144982,5
rnn,113,61,0.608084503876492,0.004938267269428757,-0.0006307057124426068,0.0036177475761539728,5
rnn,113,63,0.6173541769357916,0.0049992869938240755,-0.0006540512150471796,0.003758634242488991,5
rnn,113,65,0.6262159845354417,0.005033988294939051,-0.0007047886221232616,0.003865015616168607,5
rnn,113,67,0.6346250268238517,0.005071878408519317,-0.0008068460451364367,0.0039403036323134005,5
rnn,113,69,0.6424961718048305,0.005073733454889059,-0.0009165190559017909,0.004017067333051709,5
rnn,113,72,0.6532247632579845,0.005135687707722521,-0.0011083748324515433,0.004156050255331102,5
rnn,113,74,0.6597386367680265,0.005194470972368549,-0.0012510847661349068,0.004228708899794498,5
rnn,113,76,0.6658008867196334,0.0052585401424565335,-0.0013730383405440782,0.004294349024712726,5
rnn,113,79,0.6741635919607876,0.005578033341424805,-0.0015434523351560733,0.004402398265887997,5
rnn,113,81,0.6791658815574522,0.0059903337153961594,-0.001627297191789973,0.004473451185662011,5
rnn,113,84,0.6857961971724051,0.006862129337878175,-0.0017077394209487908,0.0045368310193118965,5
rnn,113,86,0.6895930901576752,0.00753771741758874,-0.0017491366616685013,0.004568791706798934,5
rnn,113,89,0.6939921194085236,0.008888910598133593,-0.0018289585854478984,0.004629326416450603,5
rnn,113,92,0.6969233277845864,0.010702306441143858,-0.0018938085884032212,0.004668884576045997,5
rnn,113,95,0.6984968614568549,0.013479563872283398,-0.0019350096478347866,0.0046550435731661085,5
rnn,113,98,0.698719029834842,0.017456756310282102,-0.001972237213531644,0.004612839768007416,5
rnn,113,101,0.6974463946699282,0.02277311666115732,-0.0019990149457448226,0.00456251436980358,5
rnn,113,104,0.6945785915956767,0.029395147304559204,-0.0019835127852111003,0.0045293679847153365,5
rnn,113,107,0.6899679733241288,0.037314728944614156,-0.001922322111034097,0.004524236247003555,5
rnn,113,110,0.6835495257636399,0.04661226299631812,-0.0018636047206225619,0.004514824047408598,5
rnn,113,114,0.6727725003453793,0.05995321803885365,-0.001753410793023716,0.004485667834564058,5
rnn,113,117,0.6636960224686852,0.06935761486051069,-0.0016411059488460062,0.004491012785507945,5
rnn,113,121,0.6509719298057008,0.07970824270446324,-0.0014911772975308337,0.00455602292543492,5
rnn,113,125,0.6387453032718933,0.08650252054075758,-0.0014395210309246205,0.004625662376303663,5
rnn,113,129,0.6281165269472697,0.08988167557665144,-0.0014273544638584074,0.004690224569416695,5
rnn,113,133,0.6195580810936587,0.09024009847378062,-0.0014101268803260127,0.004710903303571881,5
rnn,113,137,0.6130163780303042,0.08800769301887845,-0.001426569732013392,0.004767511389052302,5
rnn,113,141,0.6083947195501628,0.08360402757933363,-0.0014405978840230788,0.0048385363674260055,5
rnn,113,146,0.6052314266447869,0.07565924844970828,-0.0014791544253830648,0.004957886036362632,5
rnn,113,150,0.604428676639779,0.0681719988581118,-0.0015335315458876568,0.005057634912807902,5
rnn,113,155,0.6046171367404691,0.05819273614336289,-0.0015942639598842657,0.005128611016652263,5
rnn,113,160,0.6057446292431555,0.04868047248315853,-0.0016707498751975514,0.005186743277053775,5
rnn,113,165,0.6076041356744889,0.040874318135122926,-0.0017287171599093816,0.00524957204176022,5
rnn,113,170,0.6105048245735978,0.035151481066856685,-0.0017645859015285154,0.005315253108616851,5
rnn,113,176,0.6152695332301077,0.030907772652993167,-0.0017763598053549556,0.005392406462763759,5
rnn,113,181,0.6201589144272174,0.028934589375332984,-0.0017784653646651025,0.005427831473968757,5
rnn,113,187,0.6267228280513917,0.027492598307236688,-0.0017847275241337547,0.005449602485987517,5
rnn,113,193,0.6337581211140847,0.02685591119836342,-0.001801075949797081,0.005459043907395955,5
rnn,113,199,0.641075808452629,0.0269670461898564,-0.0018247406911347872,0.005481140739703993,5
rnn,113,205,0.6484369285182368,0.027563555294260526,-0.0018494692050000597,0.005531589852939956,5
rnn,113,211,0.6554231707437657,0.028519232136991004,-0.0018589417601611515,0.005570741421959283,5
rnn,113,218,0.6630746005616435,0.029538756395410426,-0.0018663185178688399,0.005606627665826576,5
rnn,113,225,0.6700875563191672,0.030025962264838037,-0.0018823935537181174,0.005656654454348768,5
rnn,113,232,0.6763456088542569,0.030094759102567425,-0.0018790801052386626,0.005680766638959114,5
rnn,113,239,0.6818353990840568,0.02978520435995872,-0.00185764963677729,0.005680087831507406,5
rnn,113,247,0.6873678263133787,0.028967070999136837,-0.0018398315501360954,0.005676620578988173,5
rnn,113,255,0.6920638833053336,0.028049458521779834,-0.0018220821834343398,0.005655668949064542,5
rnn,113,263,0.6960715510676011,0.027124488416834267,-0.001816727605610268,0.005649164411256243,5
rnn,113,271,0.6995841651552228,0.026213464762700617,-0.0018104014113245425,0.0056442309154284605,5
rnn,113,279,0.7026261904713158,0.025426382540584068,-0.001809146912242396,0.005650414591988864,5
rnn,113,288,0.7055461215688164,0.02473000019141452,-0.0018045280674789245,0.005654946454576579,5
rnn,113,297,0.7080583983349008,0.024189351157474843,-0.0017997061463412597,0.0056603050739001196,5
rnn,113,307,0.7104577218833263,0.02374650033532017,-0.0017961446722215453,0.005666855679411466,5
rnn,113,316,0.7123520103805517,0.023462981415979887,-0.0017912155578516432,0.0056710995081979635,5
rnn,113,326,0.714222870328105,0.023253182136692266,-0.0017862188943572853,0.005678768160242761,5
rnn,113,336,0.715899599053179,0.023121152453763585,-0.001780641364744749,0.005685443607924112,5
rnn,113,347,0.7175650881567268,0.023033049647328965,-0.001774551762158065,0.005692619940967856,5
rnn,113,358,0.7190965790352193,0.022972311955332825,-0.0017692700825530851,0.005698402880600759,5
rnn,113,369,0.7205144957447513,0.02293583080756063,-0.001765245825499319,0.005702956463145903,5
rnn,113,381,0.7219627131277633,0.02291241430631165,-0.0017616739352148136,0.0057060407695455175,5
rnn,113,393,0.7233266831583917,0.022904819774196207,-0.0017588365354543503,0.005709713437394025,5
rnn,113,405,0.7246158602563939,0.02291469258617594,-0.0017567098641377056,0.005715088399554947,5
rnn,113,418,0.7259347850123683,0.022943282707314227,-0.0017546273885695753,0.005721637824648386,5
rnn,113,431,0.7271933644605976,0.02298368601959672,-0.00175176918911534,0.0057275731624294775,5
rnn,113,444,0.7284030339527309,0.023025330190919534,-0.00174930676639833,0.005733361130250493,5
rnn,113,458,0.7296633589252444,0.0230701017357677,-0.0017476707918068636,0.005739652530296379,5
rnn,113,473,0.7309627633673674,0.023126573015042756,-0.0017462325632025492,0.005746195325733783,5
rnn,113,488,0.7322200761619799,0.023181668071419602,-0.0017435205057605295,0.005752116683954202,5
rnn,113,503,0.7334467335505396,0.02323861555557918,-0.0017412255956217079,0.005758042021653773,5
rnn,113,519,0.7347265399199827,0.023298679650467093,-0.001738593530981455,0.005764010911915217,5
rnn,113,535,0.7359761986661763,0.023361315285251098,-0.0017366778217834862,0.005769437977449263,5
rnn,113,552,0.7372820453151417,0.023425634906142447,-0.0017346863579237187,0.005775240531993757,5
rnn,113,569,0.7385655325605589,0.02348887832787688,-0.0017324394292433174,0.005780617052550555,5
rnn,113,587,0.7399019227816969,0.023553983310857455,-0.001729984347838107,0.005786360374706383,5
rnn,113,606,0.7412901209903138,0.023613719525456024,-0.0017276251399219393,0.005792909556681934,5
rnn,113,625,0.7426561462746768,0.02367063577762795,-0.0017259781991977954,0.005799916279170285,5
rnn,113,644,0.7440018572435732,0.02372616971435955,-0.0017239570627150108,0.005807927229902449,5
rnn,113,665,0.7454712051561264,0.02379067240367298,-0.001723093574682769,0.005817048593095743,5
rnn,113,685,0.7468550842366242,0.02384551883280539,-0.001722350343568856,0.005825510226615647,5
rnn,113,707,0.7483633125626202,0.023905289158362493,-0.0017196962426275345,0.005832781482937628,5
rnn,113,729,0.7498557092140368,0.023966091518502035,-0.0017185130237724268,0.005841786801205492,5
rnn,113,752,0.7514002687965764,0.024021964562318567,-0.0017171513009106045,0.005851351804368422,5
rnn,113,776,0.7530028484873542,0.02407306039056626,-0.0017150471197338042,0.005861835158981619,5
rnn,113,800,0.7545943023084615,0.02413067594779316,-0.0017123145191754456,0.005871399617983065,5
rnn,113,825,0.7562355454558726,0.02419054295810807,-0.0017091804812457488,0.0058819076459660806,5
rnn,113,851,0.7579254358838428,0.024253804567158598,-0.0017056910070312532,0.005891403918530712,5
rnn,113,878,0.7596674985283312,0.024316669806078176,-0.0017019886782789415,0.005902350804413187,5
rnn,113,906,0.761461357067299,0.02437685093185887,-0.00169770266572786,0.005914746845210407,5
rnn,113,934,0.763245390986157,0.024434529746367284,-0.0016936629672773713,0.005928987814849855,5
rnn,113,963,0.7650704268660452,0.024506822919118595,-0.001689678890532561,0.005943641042986672,5
rnn,113,994,0.7670012192344112,0.024607367398361786,-0.0016860497088996098,0.005961479310694472,5
rnn,113,1025,0.7689171450284288,0.024709005958763578,-0.001682860789405474,0.005979517904618705,5
rnn,113,1057,0.7708753510080844,0.02482161829379348,-0.001678497567260933,0.005998482482632733,5
rnn,113,1090,0.7728829107930364,0.024936662678554027,-0.0016741242915030805,0.006018347586704718,5
rnn,113,1125,0.7749967885988305,0.02505069974440531,-0.0016671734325813328,0.006041029887860655,5
rnn,113,1160,0.7770891219345655,0.025158216625224935,-0.0016599324195607612,0.006064339689384562,5
rnn,113,1197,0.779276845659892,0.025270511566098167,-0.0016500671037186997,0.006088645939818574,5
rnn,113,1234,0.7814416324816411,0.025368801807793336,-0.0016395381197330291,0.006112785605693893,5
rnn,113,1273,0.7837014591519347,0.025478895325157278,-0.0016278095875461181,0.006139467887806459,5
rnn,113,1313,0.7859866089225659,0.025602198353886798,-0.0016141589132927085,0.006166815237604497,5
rnn,113,1354,0.7882933187010417,0.02573247723166144,-0.0015988801358366189,0.006195652571358472,5
rnn,113,1397,0.7906760810492556,0.02587922769074736,-0.001582315783763715,0.006229521915771581,5
rnn,113,1441,0.7930888622141304,0.026019123175946336,-0.0015649931599764418,0.0062651870135547036,5
rnn,113,1486,0.7955153450357708,0.026157973477661845,-0.0015469881058403456,0.006302729652618565,5
rnn,113,1533,0.7980143664170913,0.026288635595914482,-0.0015275916749374163,0.006345284578733957,5
rnn,113,1581,0.8005346856938367,0.026409143377535645,-0.0015077788656941364,0.006391401708075486,5
rnn,113,1631,0.8031201097637297,0.026522196748872993,-0.0014850395155228489,0.006441560576727177,5
rnn,113,1682,0.8057120564544331,0.026645431638777365,-0.0014606794823207683,0.006494842833373617,5
rnn,113,1735,0.8083503973008554,0.02677418306843677,-0.001433473526861467,0.00655516701016234,5
rnn,113,1789,0.8109836571893198,0.026892286677382207,-0.0014046226860144372,0.006620729125198219,5
rnn,113,1845,0.8136610896848877,0.026989490234074917,-0.0013733151675196648,0.006695285392621359,5
rnn,113,1903,0.8163810824717086,0.027061526529501598,-0.0013404441159353866,0.0067777710014369046,5
rnn,113,1963,0.8191318202091271,0.02711860633847418,-0.001304147306198649,0.006870356332352775,5
rnn,113,2025,0.8219066617415344,0.027172431144666668,-0.0012647786600923606,0.006971802722270506,5
rnn,113,2089,0.8246970058797978,0.027213320248166636,-0.0012228202341108226,0.007086385681131454,5
rnn,113,2154,0.8274574560371075,0.027232399265183897,-0.0011794979213540428,0.007208021085460163,5
rnn,113,2222,0.8302663901590199,0.02722860472583321,-0.001133359088668425,0.007343355559107214,5
rnn,113,2292,0.8330674900163366,0.027198028080249154,-0.0010828102746732213,0.00748618445734402,5
rnn,113,2364,0.8358637876100211,0.02715792250051999,-0.00102799302827734,0.007639246613189384,5
rnn,113,2438,0.8386489290532136,0.02709610713070231,-0.0009709810022323764,0.007802299617484676,5
rnn,113,2515,0.8414320685488896,0.027027161895878032,-0.0009142130246673474,0.007979121343526569,5
rnn,113,2594,0.8441752700881106,0.026952318906397158,-0.0008550948950329575,0.008163151904776894,5
rnn,113,2675,0.8468640890334415,0.026857175167532846,-0.0007981650470204677,0.008351320886015777,5
rnn,113,2759,0.8495223065152077,0.02675147367902063,-0.000743268401389128,0.008544925011516666,5
rnn,113,2846,0.8521320314995895,0.026648306621664702,-0.0006896252323674486,0.008736061136378155,5
rnn,113,2936,0.8546688882014749,0.02656336631154434,-0.0006442535547939606,0.008922465039220267,5
rnn,113,3028,0.8571062475812592,0.026482235815989387,-0.0006083038858182774,0.009098715341975799,5
rnn,113,3123,0.859449386239584,0.02641831304566307,-0.0005831745715297171,0.009261478831164684,5
rnn,113,3221,0.8616946590055881,0.026369233917835626,-0.0005674785158633025,0.00941013410743524,5
rnn,113,3323,0.8638355191761684,0.026356644326176397,-0.000562371328127639,0.009545755936406712,5
rnn,113,3427,0.8658359766705525,0.026359187947414594,-0.0005685684623607405,0.009665238355016733,5
rnn,113,3535,0.867735132639687,0.026385554080551477,-0.0005862437854826676,0.00977405589579721,5
rnn,113,3646,0.8694987322492308,0.026439232070001612,-0.0006144753367465294,0.00986760634159769,5
rnn,113,3760,0.8711096501142574,0.02654198849763924,-0.0006510327490012429,0.009952068966219519,5
rnn,113,3879,0.8726107114407528,0.026692548014606736,-0.0006988294390417656,0.010028724901666045,5
rnn,113,4000,0.8739517830578286,0.02689971016870722,-0.0007539212083068726,0.010096715571555389,5
rnn,113,4126,0.8751773095639791,0.02716358361647391,-0.0008148123870404831,0.01015967379148544,5
rnn,113,4256,0.8762792051324728,0.027484563658390575,-0.0008769467556936344,0.010219734437786664,5
rnn,113,4390,0.877254375683268,0.02786701751531043,-0.0009413934203641543,0.010279426479523327,5
rnn,113,4528,0.8780925562483972,0.02831742395070735,-0.0010086984556715397,0.010335932100093852,5
rnn,113,4670,0.8788046681656215,0.028834200973242182,-0.0010819721828648776,0.01038934893755511,5
rnn,113,4817,0.879416813802137,0.029403163185646293,-0.0011669623416863894,0.010437398693672927,5
rnn,113,4968,0.8799239041793377,0.030019734167022704,-0.0012596961349072545,0.010482401095751175,5
rnn,113,5124,0.8803716896165698,0.03062955763070642,-0.0013556620282818537,0.010524594812424456,5
rnn,113,5285,0.8807821377913951,0.031200377934299448,-0.0014563004930494027,0.010567339940164164,5
rnn,113,5452,0.8811563143581648,0.03173617827501428,-0.0015616834848547988,0.010613046094769343,5
rnn,113,5623,0.8814676101336026,0.0322856187540351,-0.0016642885339201326,0.010660313024893061,5
rnn,113,5800,0.8817013532833562,0.03288729826143901,-0.0017632217111518164,0.010712795023234368,5
rnn,113,5982,0.8818462387807076,0.03355840341269465,-0.001856573212665229,0.01076821796783565,5
rnn,113,6170,0.8819160585599619,0.034298665024632885,-0.0019464360282970105,0.010826395164967,5
rnn,113,6364,0.8819186760701628,0.03511859675228037,-0.002032798227508078,0.010887477413126853,5
rnn,113,6564,0.881872523949534,0.036010734021440664,-0.0021192914512731913,0.010949959999282485,5
rnn,113,6770,0.8817911210758362,0.0369557966229643,-0.0022046365660524743,0.011011003305375834,5
rnn,113,6983,0.8816979001254094,0.03794149448499819,-0.0022938859355258177,0.011071719257844463,5
rnn,113,7203,0.88161190489032,0.038939819908487903,-0.002384941068831714,0.011130368813602184,5
rnn,113,7429,0.881547762243726,0.039926104691333966,-0.0024784087184988902,0.011184819919758126,5
rnn,113,7662,0.8815338674933295,0.04088984311837551,-0.002574397177885128,0.01123834490466166,5
rnn,113,7903,0.8815807937420619,0.04180897333182041,-0.002670210176694015,0.011289432777319646,5
rnn,113,8152,0.8817124841557546,0.04264277791171421,-0.00276325275191059,0.01134030694612523,5
rnn,113,8408,0.8819550180575817,0.04336756164448393,-0.0028525677679057974,0.011391358428982989,5
rnn,113,8672,0.8822965270657994,0.043977771526735154,-0.0029399754401115653,0.011446087062961218,5
rnn,113,8945,0.8827353715101784,0.0444530352575864,-0.003024586095175142,0.011501302119222545,5
rnn,113,9226,0.8832594900234547,0.04480936414791493,-0.003106063761336069,0.011557307929395806,5
rnn,113,9516,0.883838045007009,0.04504667628521431,-0.003184113955686292,0.011608681096596211,5
rnn,113,9815,0.8844710881775718,0.0451726688784672,-0.003258274500813549,0.011656792988646211,5
rnn,113,10124,0.8851216778467681,0.04520956503189707,-0.0033291655690359883,0.011703841904618236,5
rnn,113,10442,0.8857847758569439,0.04514770747905218,-0.003392384860798417,0.01174035135759256,5
rnn,113,10770,0.8864325063601655,0.04499199270076801,-0.003447684822960545,0.011763448845568134,5
rnn,113,11109,0.8870760980079812,0.04476150427130413,-0.003498426428796651,0.011775695200386616,5
rnn,113,11458,0.8877124472539544,0.04445504453996922,-0.0035461430915615087,0.011778518066268973,5
rnn,113,11818,0.8883396392905267,0.044085345757571906,-0.0035936835523988145,0.011777236069219117,5
rnn,113,12189,0.8889622668198314,0.04370008189858963,-0.003635229299250238,0.011775177423560344,5
rnn,113,12572,0.8895843858303444,0.0432864770001465,-0.003670630329982364,0.011769996276254979,5
rnn,113,12968,0.8902488826345426,0.04283774594079445,-0.0036945221261304425,0.011759765499610622,5
rnn,113,13375,0.8909777382495807,0.042385252300771406,-0.0037039668607316604,0.011745671664965965,5
rnn,113,13796,0.8917517318053643,0.04190057825953939,-0.0037065740968914873,0.011731757965996799,5
rnn,113,14229,0.8925335724623438,0.04140305541941442,-0.0037093288845496965,0.01170648278717835,5
rnn,113,14677,0.8933076577323874,0.040851415694255704,-0.0037063846601967433,0.011679321514796137,5
rnn,113,15138,0.8940342008460338,0.04010287006004753,-0.0037011852262803747,0.011646993268998304,5
rnn,113,15614,0.894131172748416,0.0388469062265445,-0.003688506856602829,0.011595270251021191,5
rnn,113,16104,0.8966094758147125,0.03827935280647954,-0.004004002841805996,0.010894045011471986,5
rnn,113,16611,0.8967684604900861,0.03539117804309511,-0.003945943855769854,0.010983353040693089,5
rnn,113,17133,0.8895815285348292,0.025840676084385884,-0.003198478045483671,0.010392193303329217,5
rnn,113,17671,0.8870871697128642,0.02562948077036649,-0.0037205603873672354,0.010044398284327669,5
rnn,113,18227,0.8722155646749513,0.03198204627208194,-0.003802823230088969,0.009263348235616845,5
rnn,113,18800,0.8372960364739793,0.048026151294327454,-0.0034093437143237924,0.008881470282162436,5
rnn,113,19391,0.8051705855323756,0.04963513306342811,-0.0006494815386085491,0.008735776964207702,5
rnn,113,20000,0.7952709717143934,0.039224768453478935,0.001271708433371582,0.00825592648527362,5
