architecture,K,epoch,matched_mean,matched_std,shuffled_mean,shuffled_std,n_seeds
mlp,79,1,-0.003632313934815287,0.01539811820605379,-0.000913297172506768,0.0032255697144341717,5
mlp,79,2,-0.003958274673629874,0.015185841922348555,-0.0008755356576963911,0.003379298112358227,5
mlp,79,3,-0.00419752548094536,0.014968718634747025,-0.000825808607897574,0.003529042224849538,5
mlp,79,4,-0.0044172320940964235,0.014777454816754196,-0.0007746047924246252,0.0036657649265775826,5
mlp,79,5,-0.004630333445905001,0.014547440414813238,-0.0007293850239354568,0.0037904190373918506,5
mlp,79,6,-0.004849187079691458,0.014304199060875268,-0.0006777339734222468,0.003911777222874962,5
mlp,79,7,-0.005063034801696722,0.014077323387354193,-0.0006216267282290223,0.004029057679676859,5
mlp,79,8,-0.005276608824577904,0.013825017204818059,-0.0005573321823417989,0.004138722507992766,5
mlp,79,9,-0.005482307899482496,0.013548579927457642,-0.00048674789571239005,0.0042412850213671294,5
mlp,79,10,-0.005678448277356145,0.013266654050544448,-0.00041497265626399773,0.0043446513529809905,5
mlp,79,11,-0.0058555827491383996,0.012986455272281943,-0.0003422882353092361,0.004445586358627363,5
mlp,79,12,-0.005994051234532393,0.012734458640348374,-0.0002669263303808499,0.0045485088955862256,5
mlp,79,13,-0.00611041934026131,0.012519388719689174,-0.00019080910457421746,0.004653438789312521,5
mlp,79,14,-0.006188491963560039,0.012341091771551392,-0.00011565516752723662,0.0047611267103921,5
mlp,79,15,-0.006234212297947815,0.012204287646280607,-4.9102704235930854e-05,0.0048638696415339855,5
mlp,79,16,-0.00625430066800386,0.012102984081214317,6.780855169279121e-06,0.004956793853967727,5
mlp,79,17,-0.006247511750119617,0.01202687957050467,5.192030145204363e-05,0.005041013329060969,5
mlp,79,18,-0.006222351874656689,0.011993682439055733,8.511453066912741e-05,0.005115599313330014,5
mlp,79,19,-0.006178034522855315,0.012010980274690124,0.00010482637762847472,0.005179813513859033,5
mlp,79,20,-0.006124928753990369,0.012069194980168535,0.00011288827518496358,0.005237994195045575,5
mlp,79,21,-0.006054570245945065,0.01216012744651145,0.00011338374553582324,0.005291302435389514,5
mlp,79,22,-0.00597186530310829,0.012284388934578706,0.00010743746611205189,0.0053401160730360666,5
mlp,79,23,-0.005870480217966563,0.012451822865526173,9.495727388707034e-05,0.005382964418077262,5
mlp,79,24,-0.005751231154560844,0.012657935558340671,7.717231918210887e-05,0.0054189527614295074,5
mlp,79,25,-0.0056142035701391615,0.012901927514344892,5.526101609492663e-05,0.005449502974609283,5
mlp,79,26,-0.005468474913452602,0.013193972639220222,3.000421538451731e-05,0.0054751958624124205,5
mlp,79,27,-0.0053061097376160115,0.013519812868427877,4.09118956285464e-06,0.005496118639375005,5
mlp,79,28,-0.005133051470739161,0.013871354935263664,-2.0437298249124936e-05,0.005511967265274735,5
mlp,79,29,-0.004954612293773384,0.014234891275633226,-4.173712479272757e-05,0.005522960453329335,5
mlp,79,30,-0.004776733571683192,0.01459286813937337,-6.045210739076961e-05,0.005531578016643307,5
mlp,79,31,-0.004614905903977069,0.014944554589162773,-7.599204421584426e-05,0.005536519791350935,5
mlp,79,32,-0.004467952559270712,0.015301521637990067,-8.667241870073759e-05,0.005539426017044617,5
mlp,79,33,-0.004328973349068866,0.015636753409297453,-9.30932053703315e-05,0.005542073946764255,5
mlp,79,34,-0.004182230346958728,0.015966234997103895,-9.722534028006636e-05,0.005544360293282959,5
mlp,79,35,-0.0040241400999324415,0.01627812737775552,-0.00010332672272738794,0.005544304007675066,5
mlp,79,36,-0.0038530152548627065,0.016574514236196648,-0.00011176573061998183,0.005543657143372931,5
mlp,79,37,-0.0036682159796920396,0.01684572787839587,-0.00012253593650583607,0.0055432163813493255,5
mlp,79,39,-0.0032686073663332855,0.01733046677962507,-0.00015897095757643685,0.005531385233943218,5
mlp,79,40,-0.0030582787056662513,0.017582479846742917,-0.00018634328052468204,0.005519862918336162,5
mlp,79,41,-0.002844299446739528,0.01784601787370535,-0.0002181416568280142,0.005504989304333672,5
mlp,79,42,-0.0026212223795352534,0.018114352728656143,-0.0002511121758214746,0.005485680548427797,5
mlp,79,44,-0.002195903543382797,0.018665657162658368,-0.0003090479262391315,0.005436523958637072,5
mlp,79,45,-0.001992312653793387,0.01895357659232058,-0.0003358069406255059,0.005411725966668212,5
mlp,79,46,-0.0017886461376599271,0.01924507530722837,-0.0003622386837431652,0.005387672302238033,5
mlp,79,48,-0.0013712889935201243,0.019830657932499607,-0.00041587314380981397,0.0053496687219339815,5
mlp,79,49,-0.0011554416481618242,0.020124448776477358,-0.00044120717533849014,0.005331807410027607,5
mlp,79,51,-0.0006770687471339777,0.02070198509253275,-0.00048084048451457924,0.00529594321023316,5
mlp,79,53,-0.00015577981720370503,0.02127049468511779,-0.0005142252470143532,0.005263856634298476,5
mlp,79,54,0.00011910986367950002,0.021533780864432164,-0.0005309319981433274,0.005249454081052485,5
mlp,79,56,0.0006852292517225383,0.022051553479027156,-0.0005587956158472034,0.005223012131093343,5
mlp,79,58,0.0012616590041009915,0.02254656354951966,-0.000583170829757276,0.0051947818713931485,5
mlp,79,59,0.0015591002322998648,0.022786127778298415,-0.0005938664181351271,0.005179603175635706,5
mlp,79,61,0.0021999149833710164,0.023223407619825363,-0.0006098972472690199,0.0051432460711434945,5
mlp,79,63,0.0028894651051697058,0.023607478092636358,-0.0006211810647463092,0.00509708310297778,5
mlp,79,65,0.003598337342747274,0.023928194943670773,-0.0006288303025356431,0.005054189274078892,5
mlp,79,67,0.004309755048060984,0.02418005492997515,-0.0006246227662901269,0.005013089454974906,5
mlp,79,69,0.005069857792017608,0.02440574261104402,-0.000612185743951496,0.00497300090247604,5
mlp,79,72,0.006341735416561013,0.024704675644223954,-0.0005936952117071159,0.0049227438104904285,5
mlp,79,74,0.0073234664260285725,0.024899949168540048,-0.0005857250011433984,0.00488592074335252,5
mlp,79,76,0.008381352287684204,0.025058275561916678,-0.0005916320193621691,0.004853712703920087,5
mlp,79,79,0.010111512161456055,0.025152894990592038,-0.0006220245324709944,0.004818897493809255,5
mlp,79,81,0.011383473756389585,0.025157622302589232,-0.0006426324343587831,0.004800457174888259,5
mlp,79,84,0.013509837578460276,0.02517630816373649,-0.0006857204680087034,0.0047831078791588195,5
mlp,79,86,0.015085064990962668,0.025218686865908665,-0.0007259374988285557,0.004774568845386945,5
mlp,79,89,0.017642683383316822,0.025240241287456482,-0.0008101932736997482,0.004753870007271392,5
mlp,79,92,0.020409643409556078,0.02523280712780628,-0.0009063322032336266,0.004752417830699811,5
mlp,79,95,0.023439257695604294,0.025310465124627982,-0.0010008829897048487,0.0047592051606428175,5
mlp,79,98,0.0267015274191001,0.025419775524773744,-0.0010915628113526035,0.004752765847851716,5
mlp,79,101,0.030321258239333994,0.02558324296131173,-0.0011863085302807187,0.004731940950082948,5
mlp,79,104,0.03439533369428292,0.025771323316226852,-0.0013029091374994043,0.004726246464301517,5
mlp,79,107,0.038842996077085044,0.02584148021887038,-0.0014617220192922821,0.00473802094572824,5
mlp,79,110,0.04358202838132961,0.0259086079613236,-0.0016302345644689925,0.004765138147483914,5
mlp,79,114,0.05038457766289063,0.026178644278392213,-0.001860573963455289,0.0047918471701716096,5
mlp,79,117,0.05584238673818108,0.026513008122939007,-0.002012681042214599,0.004793139408920489,5
mlp,79,121,0.06360800676134926,0.02699462878321065,-0.0021838262354276403,0.004736457702204048,5
mlp,79,125,0.07203368037446371,0.027616854498590807,-0.0023278852777813782,0.004618166521527494,5
mlp,79,129,0.08117738118236592,0.028478208783559528,-0.002473777768550774,0.004447030850295326,5
mlp,79,133,0.09097120485699262,0.029637917056746885,-0.002614028216911173,0.004276476568049332,5
mlp,79,137,0.10142613838839121,0.031069955370898236,-0.002739298048167655,0.0041527023646645515,5
mlp,79,141,0.11246632315525121,0.032680033431037855,-0.0028511737632552444,0.0040161810078741325,5
mlp,79,146,0.12699881557002857,0.03486190033019615,-0.0030322217355762886,0.0038473493082973125,5
mlp,79,150,0.13904592769159874,0.036597388643019424,-0.003192048713419433,0.0037379793487859795,5
mlp,79,155,0.15423968316856101,0.038630521632465095,-0.0033549555943244045,0.0036598296640240786,5
mlp,79,160,0.16936070818891769,0.040723312770009096,-0.0034785518719529737,0.003644630273060112,5
mlp,79,165,0.18425656577216615,0.04297563624883381,-0.0035618709933180693,0.0036344173923447756,5
mlp,79,170,0.19876460918098782,0.045242249024468974,-0.0036022550079061453,0.003641447123955135,5
mlp,79,176,0.21535505627853113,0.0477961268775838,-0.0036404850898042003,0.003669951393181648,5
mlp,79,181,0.22837910926631508,0.049799712567740025,-0.0036635853010206234,0.0036804303141623924,5
mlp,79,187,0.24305903407830817,0.052176575463948396,-0.0037043115691878597,0.003659032103246615,5
mlp,79,193,0.25661392305541186,0.05448995360558615,-0.003756667357997847,0.003659536262576228,5
mlp,79,199,0.26903422248693887,0.05662718354218857,-0.0037998016616454374,0.0036423936126306965,5
mlp,79,205,0.28019030272919726,0.05855939009201571,-0.003835416678548708,0.0036296633329949003,5
mlp,79,211,0.29018854411102124,0.06033709055820535,-0.003845900415687889,0.0036190686767083357,5
mlp,79,218,0.3005001962833861,0.06220717760104406,-0.0038383783397042256,0.0036260371123835173,5
mlp,79,225,0.3094200733803016,0.06386182239181624,-0.0038246131235581187,0.003646962233599142,5
mlp,79,232,0.3171030267999121,0.06527448589905933,-0.0038038442923877896,0.00368316381631656,5
mlp,79,239,0.32372612063888284,0.06642500383224716,-0.0037864658779380605,0.003726751128059418,5
mlp,79,247,0.33023119776846893,0.06754088446686614,-0.0037641367288572076,0.003779734796200658,5
mlp,79,255,0.33582388264763197,0.068492428597837,-0.0037448924970790395,0.0038252848262381985,5
mlp,79,263,0.3406935936508911,0.06932324366232161,-0.0037272679226627364,0.003856867213311122,5
mlp,79,271,0.3450070635409622,0.07004556822237086,-0.0037089622035635012,0.0038764376089067795,5
mlp,79,279,0.34888216532638056,0.07068547257855483,-0.003689714137956392,0.0038902086478828667,5
mlp,79,288,0.352826565566297,0.07132409507049413,-0.0036673775121594553,0.003906341858692906,5
mlp,79,297,0.3564106211101946,0.07191383141885087,-0.0036443389160320293,0.003922255584432728,5
mlp,79,307,0.3600636253470161,0.07250477329975559,-0.003624934264883173,0.003942599362642653,5
mlp,79,316,0.3631130390032284,0.07299555622728443,-0.0036086102282312646,0.003957817440625461,5
mlp,79,326,0.3662664864961568,0.07351123289042519,-0.003591194177610462,0.003973597598217104,5
mlp,79,336,0.36922982980042274,0.07400333311410981,-0.0035747933003610344,0.003990787368496581,5
mlp,79,347,0.37230095507560956,0.07453744110496835,-0.0035578374570440787,0.0040074287200577196,5
mlp,79,358,0.3751955595883533,0.0750548179322635,-0.003538899132151316,0.004020613669666095,5
mlp,79,369,0.37792803814611386,0.07555066888924879,-0.0035214743718937984,0.00403119567659122,5
mlp,79,381,0.3807648605524244,0.0760548676589889,-0.00350404291769435,0.00403945282479067,5
mlp,79,393,0.38348075504674217,0.0765247524046931,-0.0034870318449950594,0.0040473569453182015,5
mlp,79,405,0.3860878168019998,0.07696315264754167,-0.003471222504493326,0.004054550093680314,5
mlp,79,418,0.38880498217879955,0.07741645486753909,-0.0034563694428337626,0.004061222629230777,5
mlp,79,431,0.3914237918494572,0.07785198197283971,-0.0034418459946900177,0.0040684671910598,5
mlp,79,444,0.3939439124158947,0.07827285300211527,-0.0034277691441022768,0.0040758558624959616,5
mlp,79,458,0.3965685089792509,0.07871253098153036,-0.003412798972204998,0.00408245008904743,5
mlp,79,473,0.39928937593635994,0.07916085402592292,-0.0033973203642093546,0.004087331881230547,5
mlp,79,488,0.40192072126354067,0.07959813157276338,-0.0033818755258838025,0.004092176640925157,5
mlp,79,503,0.40447340730168263,0.08002766446540904,-0.0033660220902335565,0.004097386019753001,5
mlp,79,519,0.40711682326082954,0.08047464638826221,-0.00335088225882406,0.0041014954706175295,5
mlp,79,535,0.40968610536647543,0.08089813058381387,-0.0033366235834051197,0.004104178379374891,5
mlp,79,552,0.41234851174320114,0.08133901113491884,-0.0033231006764384125,0.004104980026804753,5
mlp,79,569,0.41495268238415395,0.08179266758911073,-0.003312145239867827,0.004104399892144581,5
mlp,79,587,0.41764241249516443,0.08227551029563195,-0.0033026603224912804,0.004103655702335942,5
mlp,79,606,0.4204189050131131,0.0827749571455429,-0.003292858468915207,0.004104710742545005,5
mlp,79,625,0.4231490713592193,0.08326890338773517,-0.0032828784603157746,0.004108441439873674,5
mlp,79,644,0.4258362354106125,0.08375132750217508,-0.0032717845966433413,0.004114181653594085,5
mlp,79,665,0.42876004878903623,0.08427393606454517,-0.0032593603671431217,0.004121298476786581,5
mlp,79,685,0.43149842122779763,0.08476878468383676,-0.003247999296919736,0.004128573015584902,5
mlp,79,707,0.43446246786717546,0.08531494981868523,-0.0032366587055264366,0.004137074026370295,5
mlp,79,729,0.43737732121317163,0.0858660415741371,-0.003226379940473456,0.004143332096282008,5
mlp,79,752,0.44038526951461954,0.08643221409119739,-0.00321590868038663,0.004148871211501088,5
mlp,79,776,0.44348480241092963,0.08701439619476677,-0.003203991628896593,0.0041529214378151205,5
mlp,79,800,0.44653605372989064,0.08758869208429255,-0.003191943417741798,0.004153269264489896,5
mlp,79,825,0.44966577040301664,0.08817600210740834,-0.0031786718575246486,0.0041504470516329816,5
mlp,79,851,0.45287734241809624,0.08878320817022546,-0.003162364413026705,0.00414877674052514,5
mlp,79,878,0.45616572622096496,0.08941393102025295,-0.003143643623736108,0.0041490334196856585,5
mlp,79,906,0.4595213660350124,0.09007601035356648,-0.0031254700696750027,0.004147215953050981,5
mlp,79,934,0.4628278950502723,0.09073824624539972,-0.0031087967700713657,0.0041411402359832665,5
mlp,79,963,0.4662231491352739,0.09142068051570472,-0.003094038944992765,0.004135758995367868,5
mlp,79,994,0.4698133999243511,0.09214114484928033,-0.0030793018591528127,0.004127252578704019,5
mlp,79,1025,0.47336131643110624,0.09284924403662892,-0.0030661704226230607,0.004114161357740416,5
mlp,79,1057,0.47697597902114364,0.09355646951239649,-0.003055167392158835,0.004093916158644688,5
mlp,79,1090,0.480642479941838,0.09426124724200649,-0.0030421764168309974,0.00406524802966872,5
mlp,79,1125,0.48448239452286923,0.09497883939589984,-0.0030276910399112916,0.00403018569642483,5
mlp,79,1160,0.48829587640615985,0.09565740618563548,-0.003015733629554608,0.003995983512115076,5
mlp,79,1197,0.4922829838701043,0.09634791262484306,-0.0030084505824086653,0.003956662318643396,5
mlp,79,1234,0.4962371876140056,0.09702125841799773,-0.003000802593805674,0.003912866354546035,5
mlp,79,1273,0.5003658122109689,0.09770091661448317,-0.002990983751089935,0.0038625117054497996,5
mlp,79,1313,0.5045456444445415,0.09836075645634201,-0.0029798861151567454,0.0038073761594771814,5
mlp,79,1354,0.5087641296707471,0.09900105743622513,-0.0029647336000390282,0.0037467501013994904,5
mlp,79,1397,0.5131292961766548,0.09965028376684258,-0.002949158705851026,0.003682573793398634,5
mlp,79,1441,0.5175302000608761,0.10028483427750656,-0.0029358639047579365,0.003617010945520029,5
mlp,79,1486,0.5219510072622392,0.10090133751025865,-0.002923598850758988,0.0035473898102447196,5
mlp,79,1533,0.526477422514278,0.10151979700397283,-0.002913972339907544,0.0034761910243598267,5
mlp,79,1581,0.5310100231538857,0.10213193625918554,-0.002909034371319185,0.0034034374718438258,5
mlp,79,1631,0.5356239381065312,0.10274682620214766,-0.0029049889115220482,0.0033267215639707754,5
mlp,79,1682,0.5402345041729196,0.10334148793678158,-0.0029010365708087927,0.0032441119840282474,5
mlp,79,1735,0.5449412701130972,0.10391996630174198,-0.002901093985957915,0.0031577668613629608,5
mlp,79,1789,0.5496267264732524,0.10447287914919616,-0.002904292482275832,0.003070386280723625,5
mlp,79,1845,0.5543543080382044,0.10500787990017683,-0.002906487392152276,0.002982774366760499,5
mlp,79,1903,0.5591343402080107,0.10551253597674662,-0.0029111833534363066,0.0028948554894998725,5
mlp,79,1963,0.5639644014901186,0.10598068582552078,-0.0029163120095895556,0.002809556163691399,5
mlp,79,2025,0.5688205450663003,0.10641048303173926,-0.0029165657457991025,0.002730994975668284,5
mlp,79,2089,0.5736911861528411,0.10679164877717442,-0.002919259279473661,0.002660808525974022,5
mlp,79,2154,0.578498979111536,0.1071080370067124,-0.002927138298081807,0.0025914087265138017,5
mlp,79,2222,0.583381808425147,0.10737483951588582,-0.002936892188923265,0.002523583968377277,5
mlp,79,2292,0.5882554863014151,0.10759872506358577,-0.002943920025170653,0.002455360022945851,5
mlp,79,2364,0.5931019243926278,0.1077456105066678,-0.0029529063623791934,0.002389141833525154,5
mlp,79,2438,0.5979181161500579,0.10782334475382999,-0.0029611451711218802,0.002327160696941546,5
mlp,79,2515,0.6027338657885102,0.10785834602638597,-0.0029693858852004435,0.0022784320340695063,5
mlp,79,2594,0.6074974261452223,0.1078319779312938,-0.002978082123706143,0.002244050605861847,5
mlp,79,2675,0.6122035770136954,0.10773281294023333,-0.0029919303570609306,0.002217060466920573,5
mlp,79,2759,0.6168841250995113,0.10758056276635787,-0.0030056870643388385,0.002203423043034472,5
mlp,79,2846,0.621521260877754,0.10740650329678689,-0.0030175442284497084,0.0022058459971697037,5
mlp,79,2936,0.6261042490660602,0.1071927118535537,-0.003032611366059569,0.002215877241245312,5
mlp,79,3028,0.6305718326678517,0.1069606674951574,-0.0030446275387277866,0.002236109084736842,5
mlp,79,3123,0.634951969216209,0.10671174698742629,-0.003055579110611284,0.002269463800097809,5
mlp,79,3221,0.6392519847951033,0.10642889208151946,-0.0030662887484375436,0.0023127631428757458,5
mlp,79,3323,0.6435242794155762,0.10610155246979672,-0.003076296292802952,0.0023624926631202973,5
mlp,79,3427,0.6476588534341607,0.10574654548586954,-0.003084449063235626,0.0024166314920741434,5
mlp,79,3535,0.6517579794320367,0.10536096038729426,-0.003089591127629229,0.0024763729500183788,5
mlp,79,3646,0.6558007090824349,0.10497127073346366,-0.0030896080665899243,0.002543123220910471,5
mlp,79,3760,0.6597869777970377,0.10458644285893876,-0.0030858534615339217,0.002617817925094393,5
mlp,79,3879,0.6637839450204293,0.10418112971378608,-0.0030815501136277615,0.002699092236154316,5
mlp,79,4000,0.6676707714747214,0.10376228046076397,-0.003073157760797162,0.0027784444625619867,5
mlp,79,4126,0.6715789644322168,0.10328753220142664,-0.0030597159232496765,0.0028591135275010914,5
mlp,79,4256,0.6754893328684087,0.10274124195055978,-0.0030393179504259803,0.002943359961109348,5
mlp,79,4390,0.6794027441542785,0.10213790081272772,-0.0030144882989827024,0.003022736910511757,5
mlp,79,4528,0.6832987091501866,0.10150584498346966,-0.002987055653606544,0.0030958043919344556,5
mlp,79,4670,0.6871813234844592,0.10080804814525832,-0.002959902393678703,0.0031703097497022647,5
mlp,79,4817,0.6910807425727518,0.10002862754403188,-0.002932608563729957,0.0032434571724705694,5
mlp,79,4968,0.6949944202743487,0.09914462409510637,-0.0029038510175734508,0.003312842419850176,5
mlp,79,5124,0.6989467539876847,0.09819017270568571,-0.0028713806093258396,0.0033813573395201266,5
mlp,79,5285,0.702939114636834,0.0971198784599783,-0.002833641863782282,0.003449647071449368,5
mlp,79,5452,0.7070065057989768,0.09587374433947496,-0.002799163239254507,0.003512718274255897,5
mlp,79,5623,0.7111115064700464,0.09446983676270887,-0.0027679406052395577,0.0035695456383189926,5
mlp,79,5800,0.715312851974043,0.0929026019987997,-0.0027342197471353627,0.003614205077643018,5
mlp,79,5982,0.719552548597859,0.09122153415880276,-0.002696638979436964,0.0036482520752043807,5
mlp,79,6170,0.723799138755615,0.08949052181381298,-0.0026561664320393624,0.0036725161985736218,5
mlp,79,6364,0.7280295888301327,0.08779011971856564,-0.002607103254514471,0.0036876699639785885,5
mlp,79,6564,0.7322162943486724,0.08612822348079768,-0.0025555517175580066,0.0036991641309056305,5
mlp,79,6770,0.7363675679808062,0.08451739446007045,-0.002500816769654922,0.0036991108861798407,5
mlp,79,6983,0.7405218340484352,0.08297723383333122,-0.0024427041007536155,0.0036942054266716376,5
mlp,79,7203,0.7446733197837052,0.08150850581068558,-0.002383186695625066,0.0036814745327293833,5
mlp,79,7429,0.7488111784858328,0.08008235624315395,-0.0023202223322408033,0.0036642916833955676,5
mlp,79,7662,0.7529725061675994,0.07866791357887555,-0.00225999977245396,0.0036402654999635456,5
mlp,79,7903,0.7571616923475664,0.07725440395952289,-0.0022018582166551796,0.003613053681841445,5
mlp,79,8152,0.7613451262231303,0.07583668095599055,-0.0021447700048840093,0.003587420209460047,5
mlp,79,8408,0.7655107210194063,0.07438976642725405,-0.00208523975139423,0.0035644103713358775,5
mlp,79,8672,0.7696508387869688,0.07287883915016384,-0.0020272134976219783,0.0035438653689892725,5
mlp,79,8945,0.7737601126096851,0.07130924837077719,-0.001975468259426999,0.0035272966237223156,5
mlp,79,9226,0.7778253946286962,0.0697087202866716,-0.001930072083727931,0.0035160575769516257,5
mlp,79,9516,0.7818631489639387,0.06809379286331188,-0.001879563624281112,0.0035059559192843585,5
mlp,79,9815,0.785890150595928,0.06646315427251609,-0.0018229261911067256,0.003498492510639717,5
mlp,79,10124,0.7899272857255807,0.06482403380062123,-0.0017599779399324448,0.0034991810592272313,5
mlp,79,10442,0.793961436288735,0.06322012070004263,-0.0016947200228568647,0.0035067430004165523,5
mlp,79,10770,0.7980072785168526,0.06167795186114387,-0.0016276798774645614,0.0035168631579620547,5
mlp,79,11109,0.8020711151068053,0.060220357369703,-0.0015608336930092177,0.0035418171972068585,5
mlp,79,11458,0.8061528717997557,0.05884982025727951,-0.0014937039292951964,0.0035773361544597223,5
mlp,79,11818,0.8102664766536908,0.05756187537618115,-0.001427248197057399,0.0036235094541557686,5
mlp,79,12189,0.8144396798855306,0.0563456179628459,-0.0013573591666761133,0.0036766967529021973,5
mlp,79,12572,0.8187335785339517,0.055194549081438685,-0.001288393695446907,0.003730219093578,5
mlp,79,12968,0.8231687536148252,0.054076959687464864,-0.0012244085157210513,0.0037934158355458765,5
mlp,79,13375,0.8277320839831679,0.05303304270457032,-0.0011619407960566672,0.0038662628602304143,5
mlp,79,13796,0.8324967646631171,0.051999484160707446,-0.001099824300252445,0.003942506024172341,5
mlp,79,14229,0.8374532892812772,0.05092349896922665,-0.0010322849402450772,0.004021255057373603,5
mlp,79,14677,0.8426339407611507,0.049821391451895534,-0.0009708918684549108,0.004101831109013141,5
mlp,79,15138,0.8480948869482857,0.04866283375761851,-0.0009205568598367719,0.0041730544245679535,5
mlp,79,15614,0.8537820344388883,0.047436993429152204,-0.0008726029390818621,0.004235859140744895,5
mlp,79,16104,0.8596506783251682,0.04617796760151136,-0.0008308204760666979,0.004289257144076647,5
mlp,79,16611,0.8657772513692313,0.044800882260453964,-0.0008113649788812378,0.004341474739464253,5
mlp,79,17133,0.8720330766275544,0.04332783548290587,-0.0007938033621939257,0.004381136186676508,5
mlp,79,17671,0.8783871537826657,0.04167597537249152,-0.0007867414489628608,0.00441896258782154,5
mlp,79,18227,0.8847440526739707,0.03991700185939279,-0.0007975131276449666,0.00443551629821915,5
mlp,79,18800,0.8908876660269607,0.03813425116057657,-0.0008213556451690997,0.004442892945634456,5
mlp,79,19391,0.896753368431864,0.03638116554602569,-0.000849020476416913,0.00442588221926967,5
mlp,79,20000,0.9021924182082539,0.03476462903369426,-0.0008949348981300229,0.004418801526310566,5
mlp,97,1,0.00047725749132250945,0.018727475317211667,-0.0007233820248642139,0.004043998371376907,5
mlp,97,2,0.0005025209408128061,0.01879528210190046,-0.000726184942697835,0.004001776873089363,5
mlp,97,3,0.0004789627664075695,0.01877789137204931,-0.0007196272104414951,0.003978144139044608,5
mlp,97,4,0.00041706333342136985,0.018704803785546387,-0.0007182171248601544,0.00396570974608892,5
mlp,97,5,0.00033001492952637325,0.01860630145591621,-0.0007199528807966783,0.003959985910354418,5
mlp,97,6,0.00021728964438179343,0.018489240198827393,-0.0007210277865987259,0.003953701506684992,5
mlp,97,7,6.534814963157429e-05,0.018364626802066627,-0.0007209936101308227,0.003945606033727997,5
mlp,97,8,-0.0001094197657556438,0.018232826183741207,-0.0007159296390315763,0.0039403887144537275,5
mlp,97,9,-0.0002750283956242328,0.018085624860129424,-0.0007077878644835757,0.003937337459975541,5
mlp,97,10,-0.0004282065987496524,0.01792571946840042,-0.0006952079878324941,0.003934629033987114,5
mlp,97,11,-0.0005726731974879731,0.017749554880951656,-0.0006763218308666898,0.003934782469651428,5
mlp,97,12,-0.0007066050796539859,0.01754908894371006,-0.0006523107785492786,0.003940781066278552,5
mlp,97,13,-0.0008174196380271697,0.017348319910958972,-0.0006240734149853191,0.003950385762620844,5
mlp,97,14,-0.0009026920445677252,0.017147942240518875,-0.0005939896766682287,0.003960202751164308,5
mlp,97,15,-0.0009627892129139843,0.01693946991572855,-0.0005604726764882222,0.003966351580142106,5
mlp,97,16,-0.0009996281320186755,0.01673248517405624,-0.0005281718958520072,0.003970841093525307,5
mlp,97,17,-0.0010117851653204605,0.016526227663079145,-0.0004973033081566458,0.003975112525222394,5
mlp,97,18,-0.0010024575470168086,0.01632570671338059,-0.0004652908205280512,0.0039780929229085125,5
mlp,97,19,-0.0009798231107369,0.016137034144665673,-0.00043193080923023314,0.0039811283073143255,5
mlp,97,20,-0.0009494551860819101,0.015947870366772615,-0.00039706750818320843,0.003986926387502663,5
mlp,97,21,-0.0009111922112552496,0.015751347581726322,-0.0003619206682005284,0.003993440102824338,5
mlp,97,22,-0.0008719185234042061,0.015545427867528609,-0.0003277597708767845,0.004000521827946798,5
mlp,97,23,-0.0008265971995349321,0.015344283990031807,-0.0002916850946893179,0.004005296610809869,5
mlp,97,24,-0.0007823719835620621,0.01514198542591644,-0.0002566295209077217,0.0040071197897295525,5
mlp,97,25,-0.0007398042275245813,0.01494331542030721,-0.00022343462189485918,0.00400687730811797,5
mlp,97,26,-0.0007021724258952193,0.014745391102260395,-0.00019196882971320926,0.004006455811925039,5
mlp,97,27,-0.0006654818341919423,0.014564116505317568,-0.0001633883092258301,0.004007866018008244,5
mlp,97,28,-0.0006267777360390192,0.014395028235444399,-0.0001385912373874823,0.004008732970114292,5
mlp,97,29,-0.0005795076510157475,0.014235926818209711,-0.00011936144475454009,0.004010055316933237,5
mlp,97,30,-0.0005093203720219708,0.014087684495476325,-0.00010418284464798738,0.004015404406172755,5
mlp,97,31,-0.0004245961243642453,0.013953173664765065,-9.259923600944564e-05,0.004025082847080266,5
mlp,97,32,-0.0003366595858262468,0.013843401100690796,-8.340483627822526e-05,0.004037142515033056,5
mlp,97,33,-0.00024791659533772437,0.013755501579141221,-7.738196102682928e-05,0.004052785123669047,5
mlp,97,34,-0.00016074906349776568,0.013692907824513842,-7.77121802671029e-05,0.004072132321787082,5
mlp,97,35,-6.942447002452682e-05,0.013656180688769576,-8.266316216755786e-05,0.0040930811402912015,5
mlp,97,36,3.526414350296797e-05,0.013639477272306395,-9.17084630583093e-05,0.0041129256621761515,5
mlp,97,37,0.00016168696648214548,0.013642205276668614,-0.00010408899142500712,0.004129623175638784,5
mlp,97,39,0.00046394041396842083,0.013673394257950399,-0.00014499816887796215,0.004155078609077766,5
mlp,97,40,0.0006472965834548733,0.0136974258998753,-0.00017175248551070077,0.004163956016351716,5
mlp,97,41,0.0008526873237977683,0.013728519185214002,-0.00020049457644996226,0.004170305082553518,5
mlp,97,42,0.0010766989559253012,0.013764497972666295,-0.00023175050375133337,0.004172591025191661,5
mlp,97,44,0.001579270024967791,0.01384955899533952,-0.00029502376467330953,0.004166041843610242,5
mlp,97,45,0.0018558688914771047,0.013900338719334717,-0.00032409065598178725,0.0041577343738921305,5
mlp,97,46,0.0021458066255586076,0.013954224847706708,-0.00035244296309688334,0.0041464463342085955,5
mlp,97,48,0.002783966334450998,0.014070055848948075,-0.00040179985012742965,0.004122423658871614,5
mlp,97,49,0.003120173973900111,0.014119154145143272,-0.00042282572161642584,0.004111369392859475,5
mlp,97,51,0.0038410627130420214,0.014181468386606423,-0.00046466440037020275,0.0040899952420436056,5
mlp,97,53,0.004592395280961949,0.014217089886520535,-0.0005117305464834989,0.0040731456086569515,5
mlp,97,54,0.004965505558051126,0.014239785444814485,-0.0005353968021342937,0.004064561161099479,5
mlp,97,56,0.005691495700692394,0.01426069463690915,-0.0005783629431097735,0.0040403054238156745,5
mlp,97,58,0.00639232844379666,0.014217784395027584,-0.0006142033817344089,0.004004742441601539,5
mlp,97,59,0.006725067738687386,0.014179346365129205,-0.000631479648653876,0.003983567355174925,5
mlp,97,61,0.00737637923720817,0.014064922745188323,-0.0006732177057903443,0.003941335897892834,5
mlp,97,63,0.008016870008351717,0.013931209945989741,-0.0007269362491547123,0.003910057215117903,5
mlp,97,65,0.00865004017319062,0.013770529794751907,-0.0007838606951984173,0.0038841309681256226,5
mlp,97,67,0.009320770749832074,0.01358140099228593,-0.0008342901023743593,0.003870164940031333,5
mlp,97,69,0.010056351975472616,0.013398518902331793,-0.000885947595950231,0.003858757996468583,5
mlp,97,72,0.0113222925557635,0.0131593862877965,-0.0009648242640731434,0.0038263569629151703,5
mlp,97,74,0.01225268920946011,0.013013591780087833,-0.0010205294255841457,0.003801744888318528,5
mlp,97,76,0.013226334639672382,0.012890776670346812,-0.001080202612105468,0.0037759936939646952,5
mlp,97,79,0.01481273061506937,0.012779577546929058,-0.001166470433487084,0.0037540628326831805,5
mlp,97,81,0.015949787486441207,0.012690309176224808,-0.001209882954639187,0.0037521681116809906,5
mlp,97,84,0.01776783090098203,0.012502627917229229,-0.0012522352676034847,0.0037592440547765233,5
mlp,97,86,0.019050407255866174,0.01237788607578763,-0.0012713264030288903,0.003761247095288053,5
mlp,97,89,0.02114967286920826,0.01221949617180343,-0.0012886360913379436,0.0037756602870292646,5
mlp,97,92,0.023520564494381353,0.012047549613576259,-0.001304021628911855,0.003800123761145811,5
mlp,97,95,0.02618536756248176,0.011840549973154499,-0.0013136652224591025,0.003829988585215757,5
mlp,97,98,0.029138647343148593,0.011493391513531652,-0.0013124985331264105,0.003860371069545955,5
mlp,97,101,0.03231498737674459,0.011034220914526752,-0.0013186013160036184,0.003896133343147892,5
mlp,97,104,0.035797694238084835,0.010448107049674556,-0.0013329724521871662,0.003930886848878896,5
mlp,97,107,0.03960863303609302,0.00971810854566102,-0.0013641932072472284,0.003951713871832841,5
mlp,97,110,0.043733139935799616,0.00891841158030618,-0.0014134810561265477,0.003945199920136645,5
mlp,97,114,0.049768422502829014,0.00780261287769389,-0.0014683029003631901,0.003892746597615163,5
mlp,97,117,0.054702603954070096,0.007044777742047401,-0.0014985833195408245,0.0038249732527176816,5
mlp,97,121,0.061701325006081775,0.006535855820455688,-0.001514637903733698,0.003721322319301418,5
mlp,97,125,0.0692540686634607,0.00702245186996846,-0.0015452783510106238,0.0035967809096251837,5
mlp,97,129,0.07757110401067624,0.008470487837204907,-0.0015840519279638886,0.0034468619969155634,5
mlp,97,133,0.0867210976739005,0.010640722136302157,-0.0016233445265244673,0.0032933477801577607,5
mlp,97,137,0.0965542945414046,0.013425184370710646,-0.0016642424047458592,0.0031252048750502032,5
mlp,97,141,0.10688511369324213,0.016657462937413034,-0.0017166002734696987,0.00296019291411264,5
mlp,97,146,0.12043343898536403,0.021093985730901713,-0.0017920935781809443,0.002780656878781372,5
mlp,97,150,0.13181056401157862,0.024965361363135034,-0.0018255123161802656,0.0026501906026021142,5
mlp,97,155,0.1465530706533559,0.029979465425591413,-0.001843341492498165,0.0024904481613058273,5
mlp,97,160,0.16158015351634897,0.035155841034399525,-0.0018426837819016384,0.002320957886708673,5
mlp,97,165,0.17653600757480764,0.040167231466376824,-0.0018268145359152006,0.0021670661742756027,5
mlp,97,170,0.19135678205144344,0.04499669596409638,-0.001822999553832415,0.002038739410813028,5
mlp,97,176,0.2087976300261563,0.05038514360805681,-0.0018148534564764896,0.001858562325165543,5
mlp,97,181,0.2229482395283468,0.05440697300066592,-0.0018119231112777214,0.0017327226640184107,5
mlp,97,187,0.2393218774123318,0.05871462596778249,-0.0018340603394626273,0.001598223494424862,5
mlp,97,193,0.25489184736625314,0.062364539895655005,-0.0018442001694097504,0.0014716420036411419,5
mlp,97,199,0.26959979493723896,0.06534423401843457,-0.0018252304776517215,0.0013213699726907723,5
mlp,97,205,0.2833524130233039,0.06761603957308612,-0.0017684008289027679,0.0011900627494583812,5
mlp,97,211,0.29595193592415725,0.0692981244873934,-0.001691039164346135,0.0011032272662425502,5
mlp,97,218,0.30935751579075416,0.07082630676653352,-0.0015908921329683087,0.0010725187885771753,5
mlp,97,225,0.32132547158890135,0.07187158404082032,-0.0014990793343070243,0.0011125864862983894,5
mlp,97,232,0.331862643222343,0.07252482091897484,-0.0014231068779020813,0.0011890993070347634,5
mlp,97,239,0.3410698033576119,0.0729197659696944,-0.0013510890518919876,0.0012774463596539683,5
mlp,97,247,0.35016010050761553,0.07315182384930846,-0.0012985269774772688,0.0013670963784774177,5
mlp,97,255,0.35793744364053065,0.07322281252325002,-0.001264717445231421,0.001440686218631316,5
mlp,97,263,0.3646480765051946,0.07322145659326466,-0.0012387234382158893,0.0014981097485291847,5
mlp,97,271,0.37047113962201805,0.0731807323417254,-0.0012213910260340736,0.0015432154178446683,5
mlp,97,279,0.37559355350079243,0.07310991189850419,-0.0012105794547744902,0.0015804802873696465,5
mlp,97,288,0.38070520272392405,0.07299989593697667,-0.0012015711388549128,0.001618270618105235,5
mlp,97,297,0.3852677412052068,0.0728952714553435,-0.0011928851597890287,0.0016537704247664774,5
mlp,97,307,0.38983331243009467,0.07279339138840309,-0.0011858008158554766,0.001690960550033657,5
mlp,97,316,0.3935842349829531,0.07271434081174544,-0.0011825140737219543,0.0017195865540386756,5
mlp,97,326,0.39740929067572617,0.07264826536884181,-0.0011776534925231495,0.0017505946008606807,5
mlp,97,336,0.4009511445120668,0.07258701040730176,-0.0011737283564301887,0.0017805255178042865,5
mlp,97,347,0.40459163665738124,0.07251575572729631,-0.0011724730557028276,0.0018087985726600662,5
mlp,97,358,0.40799694439715906,0.07243549215910082,-0.001171585027181708,0.0018330221389656297,5
mlp,97,369,0.4112088404690237,0.07234274950362792,-0.0011695365872118097,0.0018509312361965123,5
mlp,97,381,0.414527852485175,0.07223752323904542,-0.0011658761052752236,0.0018680357201242075,5
mlp,97,393,0.4176848567325059,0.07213246845003304,-0.00116058931112334,0.001882884468183728,5
mlp,97,405,0.4206923973733804,0.07202351856999799,-0.0011541771069519247,0.0018940083557655646,5
mlp,97,418,0.42380028168959694,0.0718974578157649,-0.0011481675921937492,0.0019016536151608642,5
mlp,97,431,0.4267804642023326,0.07177140756079478,-0.0011434550819153426,0.0019073871529438188,5
mlp,97,444,0.42965246920069483,0.07163569163659403,-0.0011381514399362131,0.0019152030443171711,5
mlp,97,458,0.43264100353398155,0.07148451779912113,-0.0011318418552896704,0.001927281689978389,5
mlp,97,473,0.4357402533022037,0.07131791145987544,-0.001126815907821144,0.0019419828053000036,5
mlp,97,488,0.43874777217407734,0.07114396482388095,-0.0011237287255138535,0.0019560301055096593,5
mlp,97,503,0.44167541365068574,0.07097385663779152,-0.0011214125738323816,0.001969350274933713,5
mlp,97,519,0.44471614382405883,0.07077973133152403,-0.0011186436043891398,0.0019836182251610802,5
mlp,97,535,0.44767822159471626,0.07058082757594786,-0.0011162231189877937,0.0019985169512829076,5
mlp,97,552,0.45074790116711816,0.0703692596438076,-0.0011136234633494842,0.002013845783232265,5
mlp,97,569,0.45374179658247993,0.07015674839038369,-0.001111962970856893,0.0020265643293058935,5
mlp,97,587,0.4568366543456162,0.06994077704846076,-0.0011112499239793994,0.002037332205477879,5
mlp,97,606,0.4600270700182931,0.06971605326904458,-0.001111161657761736,0.0020483395811618245,5
mlp,97,625,0.46315240333319413,0.06949126923543283,-0.00111109297386344,0.0020544850531579303,5
mlp,97,644,0.46621985270860355,0.06926261064461582,-0.0011105027127953728,0.0020588433604671226,5
mlp,97,665,0.46955176278882726,0.06901425852730632,-0.0011094368502321743,0.00206217647475866,5
mlp,97,685,0.47268181681231336,0.06878622612215211,-0.0011082207019863025,0.0020637272293570043,5
mlp,97,707,0.4760749641212797,0.06853835540843553,-0.001107156483137367,0.002063882102710392,5
mlp,97,729,0.479413708012039,0.06829848102197769,-0.0011056062117981884,0.0020635778714376135,5
mlp,97,752,0.4828612880988522,0.06805611676092778,-0.0011019493879129978,0.0020619286575157946,5
mlp,97,776,0.4864051207325903,0.06780472397393114,-0.0010956168902630362,0.002058824046066918,5
mlp,97,800,0.4899050320560686,0.0675518725406505,-0.0010910467261480306,0.002057265926607496,5
mlp,97,825,0.4935040790098606,0.0672823808328066,-0.0010898539059597636,0.0020579704538531453,5
mlp,97,851,0.49720575670710065,0.06699840547971099,-0.0010914248776311114,0.0020616191873547847,5
mlp,97,878,0.5010014569538812,0.06669604085293539,-0.0010950391364510832,0.002064385307950869,5
mlp,97,906,0.5048935910236061,0.06638071026537921,-0.0010977697575874016,0.0020646766631370215,5
mlp,97,934,0.5087454508961206,0.06607010236173304,-0.0011009426212055925,0.002060719244376195,5
mlp,97,963,0.5126908667001904,0.06575661898275936,-0.0011037682809350992,0.002054864988569388,5
mlp,97,994,0.5168619888524298,0.06542769531842497,-0.0011064273666954864,0.002049169712613857,5
mlp,97,1025,0.5209922988091249,0.065107189381032,-0.001110489123041454,0.00204207278200181,5
mlp,97,1057,0.5252087151083987,0.0647870675197449,-0.001117339621741889,0.0020349628020485417,5
mlp,97,1090,0.5295060420261034,0.0644610420592183,-0.001125667881020576,0.002028142365165007,5
mlp,97,1125,0.5340107514043604,0.06411586344615991,-0.0011336157128407653,0.0020207344837727616,5
mlp,97,1160,0.5384508517908625,0.0637711635172169,-0.0011415936019281518,0.002013177560904697,5
mlp,97,1197,0.5430799624301689,0.06341253193409555,-0.0011491737210715292,0.002006062958026836,5
mlp,97,1234,0.5476425584730331,0.06305979154707426,-0.0011583971087692564,0.0020010181125251127,5
mlp,97,1273,0.5523746778030585,0.06270019053061401,-0.0011709631323906099,0.0019962899579695588,5
mlp,97,1313,0.5571493964788036,0.06234870424888289,-0.0011835789806009626,0.0019922964733063053,5
mlp,97,1354,0.5619749669827534,0.06201033045309923,-0.0011975405630155395,0.0019892245060374705,5
mlp,97,1397,0.5669657297791362,0.0616767666546668,-0.0012149416056754872,0.001990627648308968,5
mlp,97,1441,0.5719888993603314,0.06135538054275003,-0.0012341149542572575,0.0019955196533893663,5
mlp,97,1486,0.5770285803506591,0.06104693775030008,-0.0012545743626738784,0.0020043292443966206,5
mlp,97,1533,0.5821826488562236,0.060759358608529546,-0.0012777509223016886,0.002017225003795474,5
mlp,97,1581,0.5873242508078435,0.060498586370435495,-0.0013047048423208804,0.0020344535056100606,5
mlp,97,1631,0.5925543530774551,0.06026399846049281,-0.001337813688342597,0.00206078926366596,5
mlp,97,1682,0.5977702606478833,0.060055061051810944,-0.0013726636387928906,0.002091507432485542,5
mlp,97,1735,0.603067412269169,0.05986391730136005,-0.0014125705621336412,0.0021232283918713162,5
mlp,97,1789,0.6083287851031145,0.05968549473540521,-0.00145394350022976,0.0021578219722849126,5
mlp,97,1845,0.6136353214413126,0.05951342431605877,-0.0014962336341848952,0.002198408550146769,5
mlp,97,1903,0.6189767506541524,0.059375729698809596,-0.0015450587414331941,0.0022430752676628135,5
mlp,97,1963,0.6243343179870126,0.059269489414896036,-0.0015976580633824684,0.002292745894675474,5
mlp,97,2025,0.6296976101118439,0.0591909934705647,-0.0016584276759657388,0.0023439393620367536,5
mlp,97,2089,0.6350513620243354,0.05913462811518725,-0.0017282728029260643,0.002395663072749231,5
mlp,97,2154,0.6403002825121277,0.05911361168298897,-0.0018059367835737594,0.0024489003345679076,5
mlp,97,2222,0.6455989551621708,0.05911456327136484,-0.0018897787798423465,0.002505668196012669,5
mlp,97,2292,0.6508449118961697,0.05913180240401463,-0.001978270937248156,0.002560198360157831,5
mlp,97,2364,0.6560371435801695,0.05915436801155114,-0.00207397297296705,0.0026145178046249437,5
mlp,97,2438,0.6611610578215641,0.05918660083435379,-0.0021728333527211157,0.002668657151163704,5
mlp,97,2515,0.6662800685606565,0.05923011556197842,-0.00227691227765621,0.0027225930225974154,5
mlp,97,2594,0.6713113266866412,0.05927843839379384,-0.002382169430515951,0.002774764026824576,5
mlp,97,2675,0.6762320106549111,0.059331991404318794,-0.0024886178930592327,0.0028257405038858148,5
mlp,97,2759,0.6811069737099158,0.05937590205753095,-0.0025950533654946167,0.0028702407929691604,5
mlp,97,2846,0.6859344335220957,0.05939992869723913,-0.0027008272292251894,0.002913109746503473,5
mlp,97,2936,0.6906869019031571,0.05941482584652772,-0.0028089196200128874,0.002957938155463331,5
mlp,97,3028,0.695293649180849,0.05940283353388661,-0.0029133141058510807,0.003001607368302748,5
mlp,97,3123,0.6997988255173772,0.05936904709724141,-0.0030171838772848425,0.0030412472617515687,5
mlp,97,3221,0.7042067167524064,0.05928612242938401,-0.0031222502351874394,0.0030785358359714746,5
mlp,97,3323,0.7085545590022353,0.059154360610911096,-0.003228960361814706,0.0031114446501715478,5
mlp,97,3427,0.7127594507587801,0.05897818299242655,-0.003332554014310548,0.0031428688085366205,5
mlp,97,3535,0.7169045187270783,0.05873016390993404,-0.003433039920544909,0.003172308992891406,5
mlp,97,3646,0.7209497073355496,0.058419777784894635,-0.0035306108895544175,0.00319801021502169,5
mlp,97,3760,0.7248844897206785,0.05804838208329596,-0.0036245192800088027,0.003217799009574487,5
mlp,97,3879,0.7287616809882358,0.05761795814331329,-0.0037157304997469144,0.0032332882729984146,5
mlp,97,4000,0.7325096493755205,0.057142481989728135,-0.0038003166924247254,0.0032473030119507537,5
mlp,97,4126,0.7362439899337199,0.0566076044329383,-0.0038775570257366617,0.0032602984962918856,5
mlp,97,4256,0.7399386442188636,0.0560165299630792,-0.0039500650793434415,0.003272420844378797,5
mlp,97,4390,0.7435855425174994,0.055352967765409614,-0.004021157398159605,0.0032837701497402,5
mlp,97,4528,0.7472129540678314,0.0546113186027238,-0.004089886953978562,0.003295806233272855,5
mlp,97,4670,0.7508031001125199,0.05382345451704088,-0.0041513711807937125,0.0033073354973848345,5
mlp,97,4817,0.754397175507423,0.0529910388421527,-0.004205168022859872,0.003320443610475417,5
mlp,97,4968,0.7579629790391469,0.05212307536031619,-0.004247458770081705,0.0033427479194281942,5
mlp,97,5124,0.7615058380406546,0.051225254705383465,-0.0042784769839024584,0.003372357291847274,5
mlp,97,5285,0.7650116811803199,0.05032898407788377,-0.004299624838741543,0.003405294071206733,5
mlp,97,5452,0.768508460652243,0.049431568320284225,-0.004316104371063121,0.0034403415417297188,5
mlp,97,5623,0.7719732078204679,0.04855316412694629,-0.0043282595121225025,0.0034740509635272756,5
mlp,97,5800,0.7754538553462351,0.04769164132823234,-0.004333745692194562,0.0035081154164486716,5
mlp,97,5982,0.7789249080741583,0.04685731833079578,-0.004331287063946814,0.003541797278275648,5
mlp,97,6170,0.7824049289826681,0.04603239567089972,-0.0043256009484978096,0.0035748806286282986,5
mlp,97,6364,0.7858922260225204,0.04521143971186049,-0.004316696444656211,0.003608554751425034,5
mlp,97,6564,0.7893801348848489,0.044393743975023665,-0.004305041059732939,0.003643153861074308,5
mlp,97,6770,0.7928521437124301,0.04357902115560064,-0.004289878927021852,0.003675128209686433,5
mlp,97,6983,0.7963064408315665,0.042745207251667826,-0.0042710446053636515,0.0037087630873019525,5
mlp,97,7203,0.7997032951356696,0.04188901670233643,-0.004251573187237937,0.0037441818377038556,5
mlp,97,7429,0.8030027424396234,0.041006295873778374,-0.004232355366024495,0.0037745212323003767,5
mlp,97,7662,0.8062118962519458,0.0401141647245569,-0.0042136492372300775,0.003800782599572521,5
mlp,97,7903,0.8093427644476655,0.039203410230124344,-0.004194462914523329,0.0038229924087974,5
mlp,97,8152,0.8123908232375989,0.03833103937993266,-0.004177870597003898,0.0038447130356064484,5
mlp,97,8408,0.8153701323855309,0.03750997752725147,-0.004160752711612378,0.0038632171320176563,5
mlp,97,8672,0.8183184682850125,0.036747954467034556,-0.004147262756409533,0.003878574894946777,5
mlp,97,8945,0.8212481077906307,0.03603501275321682,-0.004134373384991795,0.0038912556999737944,5
mlp,97,9226,0.8241631872658332,0.03538227769218133,-0.004120635162790433,0.003907191622310979,5
mlp,97,9516,0.8270788693505569,0.03477083818646857,-0.00410590319568971,0.00392364421522955,5
mlp,97,9815,0.8300120513757637,0.034191264459241234,-0.004093628244719764,0.003936833470933406,5
mlp,97,10124,0.8329655781444518,0.03363503080261957,-0.004085618005457895,0.003949979277432765,5
mlp,97,10442,0.8359477389065899,0.0330880980372544,-0.004080024159388637,0.0039681865166605055,5
mlp,97,10770,0.8389809536069046,0.03253308505801478,-0.004070060888078311,0.003990768062129826,5
mlp,97,11109,0.8420759794849554,0.03192155386869347,-0.004049773281478632,0.004019470802311636,5
mlp,97,11458,0.845210630755893,0.031235579330108263,-0.004024455136511377,0.004048425923077415,5
mlp,97,11818,0.8484074825576297,0.030468916593102642,-0.0039950249521074534,0.00407792067015229,5
mlp,97,12189,0.8516722650969955,0.02961684249338971,-0.003963940201293538,0.004103834905571173,5
mlp,97,12572,0.8549934827994932,0.02867367134766352,-0.003933138381863979,0.004124860439545676,5
mlp,97,12968,0.8583696482315991,0.027641524164371732,-0.0039028347799468536,0.004143254448219199,5
mlp,97,13375,0.8617813331788134,0.026552576523010716,-0.003872243507063656,0.0041535161423623315,5
mlp,97,13796,0.8652361080959163,0.025400531401665757,-0.003833737644521152,0.004157321135193793,5
mlp,97,14229,0.8687352002933068,0.02424544298656602,-0.003787945202071344,0.004160690291813167,5
mlp,97,14677,0.8722990605073017,0.023103302942468172,-0.003738665492613398,0.004162941648110219,5
mlp,97,15138,0.8759363589967413,0.021975899841769314,-0.003685560179048744,0.004176378141500147,5
mlp,97,15614,0.879688489885692,0.02088986166597092,-0.003623835170485733,0.0041968850977736494,5
mlp,97,16104,0.8835739963464023,0.019889425721523295,-0.0035596048238325856,0.00421542791070211,5
mlp,97,16611,0.8876273109769819,0.01895833868038824,-0.003491345290152736,0.004237534000194398,5
mlp,97,17133,0.8917978539274335,0.01807069365274829,-0.003415295838869742,0.004258909443427102,5
mlp,97,17671,0.8960900688114732,0.017219735217657173,-0.0033326482298328733,0.004277919865259429,5
mlp,97,18227,0.9003785305045954,0.016400957994313837,-0.0032473874158837125,0.0042734955371501165,5
mlp,97,18800,0.90453126395103,0.015715469007515578,-0.0031377201042174633,0.004261743524620642,5
mlp,97,19391,0.9083772568008521,0.015122079297266208,-0.0030015701935885986,0.004245933213419232,5
mlp,97,20000,0.9116798078661421,0.014648867451975441,-0.0028488390137649602,0.004233072530274675,5
mlp,113,1,0.008531693868898656,0.012931428745186989,0.0009062470262977964,0.0012064848905875081,5
mlp,113,2,0.008537962516231883,0.013201310297052208,0.0009424611197639026,0.0012395478890009932,5
mlp,113,3,0.008578146539698869,0.013457026886803695,0.0009784143046354555,0.0012777595109687546,5
mlp,113,4,0.00861703969668869,0.013649025635130815,0.0010168189791809664,0.001321793411927662,5
mlp,113,5,0.008673062086152695,0.013804986835237515,0.0010556179544468404,0.0013734261572178417,5
mlp,113,6,0.008730344142248247,0.013919185211052195,0.0010863741298340935,0.0014315132642919166,5
mlp,113,7,0.008800226262302525,0.01398533236909113,0.001110878084426058,0.0014937471756357418,5
mlp,113,8,0.008896367669803276,0.014018769789791547,0.0011286352188600514,0.0015624285450515176,5
mlp,113,9,0.0090140212153936,0.01402965721713832,0.0011411753576280464,0.0016331075568728726,5
mlp,113,10,0.009152159881994769,0.01401084667949908,0.0011474337773970168,0.0017028860055200016,5
mlp,113,11,0.009304775989484353,0.013961523260332528,0.0011466654246479289,0.0017698577102623133,5
mlp,113,12,0.00948180153907818,0.013875386944183722,0.0011396609416610439,0.0018343821217558472,5
mlp,113,13,0.009673292266212335,0.013764882202186024,0.001126407572531715,0.0018959109220054152,5
mlp,113,14,0.009877929862241086,0.013625747315615338,0.0011085293016871087,0.0019539780699191225,5
mlp,113,15,0.010095745336917584,0.013470286912548207,0.0010870207744435737,0.0020104926341018804,5
mlp,113,16,0.010320723371936923,0.013297478009413633,0.0010628171699035838,0.0020640861229354606,5
mlp,113,17,0.010554493400526655,0.013122161364919475,0.0010379963729544618,0.0021150947445423467,5
mlp,113,18,0.010798303539421237,0.012952674837954512,0.001010820073759046,0.0021604158943014156,5
mlp,113,19,0.011051540963101566,0.012793005334762145,0.0009818587279876814,0.00220096208121685,5
mlp,113,20,0.011308585482212948,0.01264350456578812,0.0009521669752484075,0.002235697675958014,5
mlp,113,21,0.011570410358143952,0.012507061026223667,0.0009214789049354205,0.0022661329508209785,5
mlp,113,22,0.011828962219246944,0.01237708400065308,0.0008890191328024483,0.0022902641016022524,5
mlp,113,23,0.012080528634463404,0.012257821961281737,0.0008538193620908563,0.0023121146330317196,5
mlp,113,24,0.01232405522783658,0.012148454644534812,0.0008152203499936318,0.0023319167096618196,5
mlp,113,25,0.012565767343579434,0.012053314133243447,0.0007717688446483845,0.0023491548446213186,5
mlp,113,26,0.012806565933571245,0.01196969271626857,0.0007245431163673836,0.0023643205081006363,5
mlp,113,27,0.013051317324410333,0.011891334402916398,0.0006743148628099927,0.0023792410569297754,5
mlp,113,28,0.013298133123089615,0.011825338721826596,0.0006211786729194683,0.0023925445456909177,5
mlp,113,29,0.013544961279460093,0.011770481296138141,0.0005662671331848866,0.002404216456750947,5
mlp,113,30,0.013790527325475244,0.011726743613477253,0.0005091879359656012,0.0024133576788980134,5
mlp,113,31,0.01403076149326144,0.011689546479643516,0.00045067884358772727,0.0024213451529391935,5
mlp,113,32,0.014260580500314136,0.011659725332402697,0.0003899464469527028,0.0024306868357870147,5
mlp,113,33,0.014477681147414134,0.011633759636289823,0.0003268652866798796,0.0024399390004898715,5
mlp,113,34,0.014686833219548829,0.011613475576406651,0.0002626045955447714,0.002447024986263454,5
mlp,113,35,0.014887739394587507,0.011592324168900468,0.00019876611737542366,0.0024492988429198354,5
mlp,113,36,0.015082362635684701,0.011576285817198308,0.0001354751843109699,0.00244697615714026,5
mlp,113,37,0.015270233913405224,0.011565771002042933,7.302857533360054e-05,0.002440937970298915,5
mlp,113,39,0.015623602186127164,0.011573745936497761,-4.5047837433201835e-05,0.0024160789300053174,5
mlp,113,40,0.015788056073726374,0.01158983277045525,-0.0001020172640684068,0.002398395172001349,5
mlp,113,41,0.01593940195850955,0.011609223509003534,-0.00015642107853950754,0.0023765284155975713,5
mlp,113,42,0.016080088532867142,0.011627767212741499,-0.00020762505383593838,0.0023510059155912063,5
mlp,113,44,0.016332122125429966,0.01164148167709068,-0.0003048877950378133,0.0022922999998963834,5
mlp,113,45,0.016461648674094727,0.011649722539975139,-0.00035141240980292033,0.0022612628093666106,5
mlp,113,46,0.016600568181820197,0.011668656548558842,-0.0003946321651904907,0.0022288661988019588,5
mlp,113,48,0.016893744006342325,0.011736090670477648,-0.00047169980149614984,0.0021588281509502512,5
mlp,113,49,0.017051854388605445,0.011779353871484611,-0.0005071849577194731,0.0021237519069839308,5
mlp,113,51,0.017403147609397873,0.011877165383112665,-0.0005777097470005845,0.0020564389567314383,5
mlp,113,53,0.017796024835315997,0.01195081154361092,-0.0006438483842600344,0.0019948022977318678,5
mlp,113,54,0.018005497724104445,0.011967807761943026,-0.0006724522434859287,0.00196458164638769,5
mlp,113,56,0.018438952990020525,0.011977274388883435,-0.0007202576994067219,0.0019046497351302809,5
mlp,113,58,0.018872690097079165,0.011952466725842395,-0.0007586009556294199,0.0018455530985844095,5
mlp,113,59,0.01908451050091985,0.011925862802301746,-0.0007751220680912062,0.0018150569010548844,5
mlp,113,61,0.019512526095639166,0.011859524117703414,-0.0008005935023531408,0.0017529937363745147,5
mlp,113,63,0.019958225654940927,0.011776417000950884,-0.0008180305979770535,0.0016916749503354653,5
mlp,113,65,0.02041872902407082,0.011694925196986564,-0.0008256527747691177,0.0016262871379157122,5
mlp,113,67,0.020893235492321423,0.011614917433384202,-0.0008203297487487983,0.0015618661671487634,5
mlp,113,69,0.021405277148808834,0.01153959691997407,-0.0008023900561386864,0.0015065624740522863,5
mlp,113,72,0.02219501669890734,0.011440172280722997,-0.0007573303346126905,0.0014452817170598153,5
mlp,113,74,0.022739423992671037,0.011376579794777755,-0.0007260407736616607,0.0014191607107060969,5
mlp,113,76,0.023292570968474487,0.011336235177207367,-0.0006915048941538253,0.001400987897641837,5
mlp,113,79,0.02415931131663539,0.011256777577729858,-0.0006435936955805008,0.0013862506563208127,5
mlp,113,81,0.024777396594541277,0.011213949173155479,-0.0006179897474991691,0.0013954475157275754,5
mlp,113,84,0.025774362817674555,0.011186885077116475,-0.0005828167501222741,0.001443125595305723,5
mlp,113,86,0.0265082069180341,0.01120699475379189,-0.0005587823063280009,0.0014852125365711717,5
mlp,113,89,0.027728914405694537,0.01129404957453409,-0.0005259829633645779,0.001548007482137087,5
mlp,113,92,0.029071001992160173,0.01144882252293148,-0.0004998549473162269,0.00160401979073214,5
mlp,113,95,0.03051116046182919,0.011664216248961265,-0.0004751373878125029,0.0016568111903097391,5
mlp,113,98,0.032148553496124374,0.011890897907191217,-0.0004385473019697606,0.0017066669339437489,5
mlp,113,101,0.034013999136904186,0.012127742818176919,-0.0003977427795228399,0.0017541496322705176,5
mlp,113,104,0.03609488333475595,0.012408370578734172,-0.0003569417318458028,0.0018025065716287625,5
mlp,113,107,0.0383748772618913,0.012693947082686233,-0.0003070654158909927,0.001862427822043337,5
mlp,113,110,0.04089186919962496,0.012999095782584786,-0.00025541043429862866,0.001939286270880618,5
mlp,113,114,0.04462016548258458,0.01338677571778827,-0.00019136820741569104,0.0020331612609373858,5
mlp,113,117,0.04770085001800657,0.013720330950656815,-0.00013946991335198346,0.0021085090735227497,5
mlp,113,121,0.05222536486782805,0.014272566681388916,-6.55906935382547e-05,0.002208418279222739,5
mlp,113,125,0.057277148273634025,0.01511717845233697,1.5511207635854038e-05,0.00229663516283665,5
mlp,113,129,0.0629708668641481,0.01621807469956952,9.13191119899226e-05,0.0023820138004827522,5
mlp,113,133,0.0692987043650802,0.017455094476194203,0.00014777591253725702,0.0024454783356618716,5
mlp,113,137,0.07621426250657364,0.018811201395682695,0.0001875736305375031,0.0024882790475398877,5
mlp,113,141,0.08376517313148371,0.020188941773054577,0.00022519144295023353,0.002528809963356842,5
mlp,113,146,0.09403669034741849,0.02195247398521695,0.0002837175375367053,0.0025656792151354905,5
mlp,113,150,0.10293660673426999,0.02334849505486912,0.0003369128180568271,0.0025710488163436344,5
mlp,113,155,0.11491033024340387,0.02484472285172973,0.00044086228667716154,0.002583183767222111,5
mlp,113,160,0.1277112856236157,0.025935586955525593,0.0005535897125942271,0.0026112492111700467,5
mlp,113,165,0.14105232390016473,0.026810017354990442,0.0006589820474860614,0.002643483300965625,5
mlp,113,170,0.15469764577503192,0.027706931356349395,0.0007611614053216959,0.0027145853458825564,5
mlp,113,176,0.171143171341506,0.028621726924341485,0.0008819068842312357,0.002842906138062304,5
mlp,113,181,0.18483433091499316,0.02930624361327006,0.0009711077797843901,0.0029744567236408954,5
mlp,113,187,0.20107357260413172,0.03009397557715304,0.0010673996920839482,0.003156690699832942,5
mlp,113,193,0.2168478523784983,0.03104709814749511,0.0011692128641612371,0.003339641386033112,5
mlp,113,199,0.232003209265263,0.032240878729449376,0.0012942877415772244,0.003500893317546296,5
mlp,113,205,0.2462812218232575,0.033638020723514676,0.0014280986705942434,0.0036412447477110845,5
mlp,113,211,0.2595226892848819,0.035120104060816115,0.0015515602705799797,0.003784009692905084,5
mlp,113,218,0.27362627097514447,0.036782109989967435,0.0016384255662996977,0.003945560014204962,5
mlp,113,225,0.28632625379722254,0.03840905248075441,0.001693421275452003,0.0040889315379600095,5
mlp,113,232,0.2975991513547996,0.04003489777273685,0.0017358736879121296,0.004222167682766773,5
mlp,113,239,0.30754000014192495,0.04169134243013126,0.0017734168456917652,0.004359485849660403,5
mlp,113,247,0.31736239284364864,0.04349275988901792,0.001799506512843795,0.004497229077903287,5
mlp,113,255,0.3257289991533746,0.045160591292751844,0.0018099774597358106,0.004606471019759771,5
mlp,113,263,0.332853065880499,0.04662413577736944,0.0017931343919804859,0.004680450658823913,5
mlp,113,271,0.3389808608026908,0.04789167004731401,0.0017561678638444412,0.004726553141572671,5
mlp,113,279,0.34429266644414613,0.04896936644613592,0.0017217336319220577,0.00476300753576307,5
mlp,113,288,0.3494776287980475,0.05000705989982526,0.0016924268134081162,0.004796808456089479,5
mlp,113,297,0.35400343862979383,0.05090464877505289,0.0016719245032214536,0.0048261015116473445,5
mlp,113,307,0.3584602796309979,0.05178962517159083,0.001656713721321705,0.0048519790291934595,5
mlp,113,316,0.362077099390026,0.052497530220921754,0.0016458050631689175,0.004870696090634664,5
mlp,113,326,0.36573142576286916,0.05321028713824901,0.0016371759128984559,0.004888256258439116,5
mlp,113,336,0.3690877921207877,0.053857041533344294,0.001629905467913693,0.0049050908896977816,5
mlp,113,347,0.37249425292067767,0.05451774342811414,0.0016240560913023602,0.004921355614061464,5
mlp,113,358,0.37565020212194733,0.05512503317517459,0.0016175525043633776,0.004936116933974913,5
mlp,113,369,0.37860267776005874,0.05569125145523482,0.0016126800080069198,0.004947694818908206,5
mlp,113,381,0.38164413439151834,0.0562666835043848,0.0016088658671837743,0.004957568942691646,5
mlp,113,393,0.3845211867018665,0.056802087962981467,0.001607030879785714,0.004964315301203595,5
mlp,113,405,0.38725666412235416,0.05730894428095826,0.0016060570529229374,0.00496839246030372,5
mlp,113,418,0.3900900237433121,0.05782970348265482,0.0016056823321114928,0.004970591463327739,5
mlp,113,431,0.39280456581204143,0.05832426938757651,0.0016061263601857638,0.004971630123774899,5
mlp,113,444,0.3954173638863461,0.05878643151224527,0.0016058694949280014,0.0049701518185783404,5
mlp,113,458,0.3981316886285865,0.05925485698549346,0.0016057442815700224,0.0049667061430282555,5
mlp,113,473,0.40094460823616995,0.059736980029111895,0.0016070431678024736,0.004963598357887072,5
mlp,113,488,0.4036712559030867,0.060199909303360055,0.0016105381150011123,0.004960326039516822,5
mlp,113,503,0.40631701326751324,0.06064754319497566,0.0016145478609319321,0.0049585420286860134,5
mlp,113,519,0.4090561137705163,0.06110853254990999,0.0016196151864754556,0.004957816323798867,5
mlp,113,535,0.41172099520141325,0.06156484257511214,0.0016251249071034361,0.004956226690201929,5
mlp,113,552,0.4144858567454238,0.062039573447224786,0.00163278758921516,0.004955897169638515,5
mlp,113,569,0.4171833744994098,0.0625019967563504,0.0016405948769254264,0.004955135429320701,5
mlp,113,587,0.41998035483649865,0.06297464411861843,0.0016485668674733381,0.004954542048404909,5
mlp,113,606,0.42287707990380347,0.06345247714042229,0.001656274027267182,0.004952385670716282,5
mlp,113,625,0.4257253411352163,0.0639158674827316,0.0016643899243954587,0.004947418846353739,5
mlp,113,644,0.4285310205271783,0.06436907856956256,0.001671517718780415,0.004943141918025748,5
mlp,113,665,0.43158359337948615,0.06486323129545087,0.0016786574919223647,0.0049378190276909975,5
mlp,113,685,0.43444707624654033,0.06533070932672527,0.0016856878116092364,0.004930890110794116,5
mlp,113,707,0.4375550807305137,0.06584128140521116,0.0016930870573831597,0.004922588654058504,5
mlp,113,729,0.440623252049501,0.06634074432589045,0.0017002361344269103,0.004912921750660975,5
mlp,113,752,0.4437842337372235,0.06685722920667458,0.0017080725666966938,0.004902441745572901,5
mlp,113,776,0.447047652702215,0.06738616467496167,0.001716741271241179,0.004891830260349224,5
mlp,113,800,0.4502842445476631,0.06790269331054832,0.0017242352006169189,0.004881373592835029,5
mlp,113,825,0.45363283430217666,0.06844084549285073,0.0017319009281492285,0.004868705947116878,5
mlp,113,851,0.4570809358594296,0.06900003221520806,0.0017388753708331695,0.004855301010158867,5
mlp,113,878,0.4606222354335355,0.06958001412646264,0.0017446324931662115,0.004840400081332773,5
mlp,113,906,0.4642583881604203,0.07017277992364261,0.001750116199093305,0.004823878600798078,5
mlp,113,934,0.46785337176807273,0.07075083470086548,0.0017539904857686948,0.004805937544891893,5
mlp,113,963,0.47154331205521505,0.07134040458256703,0.0017572404600910002,0.004786322779637545,5
mlp,113,994,0.4754516895631964,0.07196420068036012,0.0017597179751224139,0.004766546584090024,5
mlp,113,1025,0.4793152580100381,0.07257854209883093,0.0017605149700281326,0.00474543687245135,5
mlp,113,1057,0.48327148456410657,0.07320735663134915,0.0017618010924419162,0.0047207850369343505,5
mlp,113,1090,0.48731537860362995,0.07384725405813178,0.0017631580866890387,0.004690491105423013,5
mlp,113,1125,0.49155734531377215,0.07451724758889712,0.0017628110992358812,0.004655185614308327,5
mlp,113,1160,0.4957453647211748,0.07518695540624322,0.0017607318787544832,0.004618628391561454,5
mlp,113,1197,0.5001191360942826,0.07588030602429871,0.0017567254658477117,0.004578101453659516,5
mlp,113,1234,0.5044372865709512,0.0765479486570812,0.0017520739611979169,0.0045368788006995685,5
mlp,113,1273,0.5089375805065923,0.07722014120998519,0.0017463558301795718,0.004493291412106024,5
mlp,113,1313,0.5134937940131272,0.07788470810744257,0.0017390437341223814,0.004447879693083336,5
mlp,113,1354,0.5181030270251119,0.07854230141612648,0.0017301656904044633,0.004400090064191012,5
mlp,113,1397,0.5228738546153806,0.07919623298284442,0.0017195204518952703,0.004348069118164883,5
mlp,113,1441,0.5276873708680931,0.07983462340744527,0.001707072050310314,0.004290268398802067,5
mlp,113,1486,0.5325350136290353,0.08045249400841495,0.0016924068797508247,0.004228762738285461,5
mlp,113,1533,0.537511542744453,0.08106674950492272,0.001676101980984075,0.004163789292622253,5
mlp,113,1581,0.5425026392176114,0.08165249934742196,0.0016594410991457528,0.004097416068900475,5
mlp,113,1631,0.5475970450828304,0.08222099162522856,0.0016384062224678788,0.004029211125132437,5
mlp,113,1682,0.552672470946097,0.0827662671042098,0.001615976688748617,0.0039624308689445945,5
mlp,113,1735,0.5578310449963985,0.08330020245422183,0.00159374486517318,0.0038943009633556204,5
mlp,113,1789,0.562959414180501,0.08380417888946409,0.0015715274606549728,0.003823504860427448,5
mlp,113,1845,0.5681417470294539,0.08428384856587134,0.001550427843898191,0.0037481643499272734,5
mlp,113,1903,0.5733691365282763,0.08472043984103764,0.001531342345267,0.003668985802371147,5
mlp,113,1963,0.5786358398805858,0.08510518846242687,0.001511746681695313,0.003588698498234424,5
mlp,113,2025,0.5839308558964509,0.08544927633696589,0.0014908588464394804,0.0035087945446864617,5
mlp,113,2089,0.5892516684825083,0.08574497140930615,0.0014672574902204617,0.0034271247643010063,5
mlp,113,2154,0.594488729221063,0.08598111530646517,0.00144153409202969,0.0033430032801375436,5
mlp,113,2222,0.5997864732442337,0.08614921164535054,0.0014145024297284813,0.003255190783867627,5
mlp,113,2292,0.605065143853609,0.08626844920502262,0.0013874812880138282,0.00316546657170984,5
mlp,113,2364,0.6103018848524163,0.08634276153537768,0.0013587370230097894,0.0030756912872967365,5
mlp,113,2438,0.6154744678260478,0.08638200347857619,0.0013278578346420885,0.0029840371068016245,5
mlp,113,2515,0.6206559463664776,0.08637012327608445,0.0012935547313112834,0.0028907342296299824,5
mlp,113,2594,0.6257693213616882,0.0862978748545782,0.0012573218380073034,0.0027978440131743473,5
mlp,113,2675,0.6308118023246434,0.08618261777819584,0.001221366083887673,0.002705348789060132,5
mlp,113,2759,0.6358427309868717,0.08601783702065154,0.0011831270196315767,0.0026130626559020334,5
mlp,113,2846,0.6408517144102953,0.0858111031974961,0.0011443092968559158,0.0025212337750823645,5
mlp,113,2936,0.6458335854413397,0.08557234394697213,0.0011043215354432825,0.0024264669148597873,5
mlp,113,3028,0.650719148731489,0.08531957247855984,0.0010631349926650384,0.002329666969276799,5
mlp,113,3123,0.655545433862995,0.08504312998900648,0.0010149299454955238,0.0022344498901293672,5
mlp,113,3221,0.6603236541909939,0.08474909946244627,0.0009629791540489276,0.0021427613976321646,5
mlp,113,3323,0.6651074337325715,0.08444963970228814,0.000908757841022529,0.002055890763475433,5
mlp,113,3427,0.6697946934574217,0.08414545400382753,0.0008529122365977051,0.0019750404230917734,5
mlp,113,3535,0.6744556681210738,0.08382099525476662,0.0007938286944473222,0.0018978156700199815,5
mlp,113,3646,0.6790432839327044,0.08348806760408682,0.0007336978394074821,0.0018200612909658122,5
mlp,113,3760,0.6835500924789103,0.08315606847565034,0.0006721513938945353,0.0017400151498359964,5
mlp,113,3879,0.6880640054342553,0.08281464716366568,0.0006089814089106112,0.0016602126266702035,5
mlp,113,4000,0.6924735828347593,0.08246686945722355,0.0005449906944753492,0.0015821941117735794,5
mlp,113,4126,0.696878037843529,0.08209643879012402,0.0004760171815299391,0.0015094424422530043,5
mlp,113,4256,0.7012550471224553,0.08169830744015795,0.0004058909888269051,0.0014406087423053863,5
mlp,113,4390,0.7055923872087865,0.08128657293120405,0.00033487305818145647,0.0013782868785096162,5
mlp,113,4528,0.7098832369399644,0.0808662328604377,0.00026354690740438544,0.001325541310082384,5
mlp,113,4670,0.7141363347053614,0.08044234516240399,0.00019407867659157382,0.0012831093336289484,5
mlp,113,4817,0.7183739416630948,0.08002085807646316,0.00013004436880032264,0.0012489127290567887,5
mlp,113,4968,0.7225685999333062,0.07960585560422803,7.047233947171201e-05,0.0012261055173597222,5
mlp,113,5124,0.7267459498572687,0.07919472093791785,1.4145995306511904e-05,0.0012108867608747922,5
mlp,113,5285,0.7309284894135282,0.07876859658400713,-4.439573542179593e-05,0.0012091051733278517,5
mlp,113,5452,0.7351243423285644,0.07832319211783824,-0.00010478518386531403,0.0012206238230667037,5
mlp,113,5623,0.739295604847424,0.07786853999549513,-0.00016475066111918887,0.0012427749705375987,5
mlp,113,5800,0.7434917220191256,0.0774080022282106,-0.00022211616760349026,0.0012719214899540533,5
mlp,113,5982,0.7476719772044836,0.07695683362427949,-0.00027916341290235805,0.0013135640538302056,5
mlp,113,6170,0.7518497411989643,0.07649998247521966,-0.00033105841990583516,0.001361513005170301,5
mlp,113,6364,0.7560236757713088,0.07603918130285235,-0.0003770626338647531,0.0014151367554936355,5
mlp,113,6564,0.760197507371341,0.07556220579648988,-0.00041667038310413685,0.001474919384581072,5
mlp,113,6770,0.7643745743244825,0.07507856138549975,-0.0004499110701840653,0.0015387630928319809,5
mlp,113,6983,0.7685443765213268,0.07458354426388471,-0.0004725885983382595,0.0016023626494780204,5
mlp,113,7203,0.7727054237109513,0.07406251314261772,-0.00048742358902319075,0.0016645799235152168,5
mlp,113,7429,0.7768428735475658,0.07352151966138752,-0.0004937291952834758,0.001723363013056815,5
mlp,113,7662,0.7809785109292198,0.07295286223283108,-0.0004935215675682669,0.001782172981828418,5
mlp,113,7903,0.7851497052331556,0.0723205161654561,-0.0004895929873397897,0.0018402986237501574,5
mlp,113,8152,0.7893515090753935,0.07160043924593729,-0.0004811299060554732,0.0018908830380808042,5
mlp,113,8408,0.7935562593523102,0.07077259071107295,-0.0004685666238614587,0.0019360883549264778,5
mlp,113,8672,0.7977845711410467,0.0697862771397086,-0.0004531500557813195,0.0019772493156708032,5
mlp,113,8945,0.8020416951927316,0.06861799869512891,-0.0004332983939241256,0.002010077642011571,5
mlp,113,9226,0.8063212710386877,0.0672570270133113,-0.00041039756899724944,0.00203082110043855,5
mlp,113,9516,0.8106461075711975,0.06568273051916242,-0.0003854310710613192,0.002049744426844826,5
mlp,113,9815,0.815001534335621,0.06390477523720653,-0.0003579534673553067,0.0020684122791965647,5
mlp,113,10124,0.8194008473834028,0.061915168566204715,-0.0003278963439607166,0.0020767379415743237,5
mlp,113,10442,0.8238017481020318,0.05974791727630657,-0.00030014427186249233,0.002076799246906411,5
mlp,113,10770,0.8281935594558842,0.05744845671746584,-0.00027713934615526713,0.0020718292860255412,5
mlp,113,11109,0.8325586049585608,0.05506669500250498,-0.00026081755562490475,0.0020705219739206777,5
mlp,113,11458,0.8368528849833773,0.052684380203683295,-0.00024913655912302344,0.0020730872111546735,5
mlp,113,11818,0.8410904127393725,0.05031675277790672,-0.00023968029268623688,0.0020765851414694665,5
mlp,113,12189,0.845259525757499,0.04799746861916117,-0.0002317793442799117,0.002081664929311553,5
mlp,113,12572,0.8493782276856507,0.04572566041656243,-0.00022424736638529413,0.002084329293299321,5
mlp,113,12968,0.8534704268816122,0.04352853625977998,-0.00021725114055947577,0.0020872602401023057,5
mlp,113,13375,0.8575325466978126,0.041410338266294165,-0.0002079003657250454,0.0020887257603076108,5
mlp,113,13796,0.861625461968905,0.039339218845874845,-0.0001967705334272321,0.0020913454429960544,5
mlp,113,14229,0.8657792616743842,0.03728540061213465,-0.00018076871780317843,0.0020926271414650624,5
mlp,113,14677,0.8700706339074346,0.03518499848359258,-0.00016228529521646067,0.0020913182985512627,5
mlp,113,15138,0.8745101079354486,0.032995545857634825,-0.00013857088593192783,0.002079413331661569,5
mlp,113,15614,0.87913930597877,0.030706015040576,-0.00011287356860542659,0.0020572670430845596,5
mlp,113,16104,0.8838912871131746,0.02835034917586177,-7.981806089519235e-05,0.0020264302095900012,5
mlp,113,16611,0.8886993436418147,0.026056956848669093,-4.837032100157299e-05,0.0019967220590614214,5
mlp,113,17133,0.8934500031390209,0.02388850040370391,-1.253486854832283e-05,0.0019653338687392313,5
mlp,113,17671,0.8980629416465933,0.021879075759744255,1.789823318284027e-05,0.0019402945792318265,5
mlp,113,18227,0.9024994878275429,0.020021698083250973,4.218904714927453e-05,0.0019308503853686279,5
mlp,113,18800,0.906624257053549,0.018279822706658427,5.5586312641475296e-05,0.0019298950085555188,5
mlp,113,19391,0.9102941839685036,0.016598356787599303,6.48530497674135e-05,0.0019442931555532002,5
mlp,113,20000,0.913366170614754,0.014921689084369067,6.681765744751466e-05,0.0019675473777865664,5
transformer,79,1,-0.00392840970868624,0.022914811930810096,0.0014299978276989724,0.005069809770626341,5
transformer,79,2,-0.0036596127766717556,0.023195594522285992,0.001434980499458984,0.005146899200617702,5
transformer,79,3,-0.003390931177634073,0.023373310098471156,0.0014286520503385828,0.005232863658329103,5
transformer,79,4,-0.0031141844986750126,0.02346018365302364,0.0014252893152700199,0.005318975774986004,5
transformer,79,5,-0.0028076128885872213,0.023468058797520727,0.0014259755475685624,0.005404020544687528,5
transformer,79,6,-0.002486827888492734,0.023444882600751966,0.0014284712425440991,0.005481437511644449,5
transformer,79,7,-0.0021739595303701224,0.023410512666548398,0.0014280976215713154,0.005553109857861555,5
transformer,79,8,-0.0018644100518576665,0.02336612826175864,0.0014336923958041552,0.005618907788343904,5
transformer,79,9,-0.0015763207845679223,0.023323624078938177,0.0014443518909102843,0.005680019057397644,5
transformer,79,10,-0.0013022197158771554,0.023293469584901288,0.0014562324934804134,0.005738734952131848,5
transformer,79,11,-0.001046073559940001,0.02326923454244714,0.0014681699741856894,0.005795442385352038,5
transformer,79,12,-0.0008103404704967777,0.023247919866025132,0.0014810186254169727,0.005853624778032393,5
transformer,79,13,-0.0005889140645935785,0.02321185753652361,0.0014926023960439385,0.005912845180991923,5
transformer,79,14,-0.00037770158034504674,0.023154018213805198,0.001500316250294658,0.005972402471337252,5
transformer,79,15,-0.00017613501608903376,0.023079025465517822,0.0015045352350304385,0.006033827734904206,5
transformer,79,16,2.328063677985992e-05,0.022985414424617635,0.0015037833499917572,0.0060989572264649435,5
transformer,79,17,0.00021900015754014907,0.022876089695437446,0.0014962482249551334,0.006169277250051929,5
transformer,79,18,0.00040845799440396605,0.02275197490446738,0.0014811292949635164,0.006242547524507806,5
transformer,79,19,0.000597571860833952,0.022617886531230567,0.0014594187773356356,0.006316592119367155,5
transformer,79,20,0.0007861714610551983,0.0224759669277904,0.0014327354390504849,0.006390238806921621,5
transformer,79,21,0.000972730437648682,0.022333052192249916,0.0014010981824759986,0.006463190775618953,5
transformer,79,22,0.001156714362052766,0.022197271661903037,0.001364926928302602,0.006534489346099697,5
transformer,79,23,0.0013447678356042964,0.02206905229875916,0.0013246242111565043,0.006601898016553985,5
transformer,79,24,0.0015342086596034296,0.021946344985066518,0.001280805660985698,0.006665448748906499,5
transformer,79,25,0.0017194188915730477,0.0218336328353855,0.0012356187637423042,0.006724410988972145,5
transformer,79,26,0.001904506905198642,0.02173506495796314,0.0011884722713084636,0.006777016656874324,5
transformer,79,27,0.0020916982131324396,0.021648693754913177,0.001138078008667174,0.00682257417197549,5
transformer,79,28,0.0022829285596668502,0.021577674387813578,0.0010843317732877004,0.006862862961500473,5
transformer,79,29,0.0024781333520181048,0.02152118238422805,0.0010251542868038063,0.006899122807388903,5
transformer,79,30,0.0026729239977011008,0.021488593539487837,0.0009607893606904765,0.006931070025788016,5
transformer,79,31,0.0028738677693489686,0.02147789032585493,0.0008906967408184193,0.00695995215974168,5
transformer,79,32,0.003082261936442983,0.021481725569002012,0.0008134954396890045,0.006986620612289281,5
transformer,79,33,0.003302221611918179,0.02150252072060587,0.000729730146564184,0.007012507651253325,5
transformer,79,34,0.0035384853703769982,0.021539694316549188,0.0006393188819050627,0.007039262320963589,5
transformer,79,35,0.0037973699648441986,0.021590779432725925,0.0005421052565859119,0.007067097729835902,5
transformer,79,36,0.004082113244456354,0.02165904461587407,0.00043953306128315594,0.007094689589129813,5
transformer,79,37,0.0044004282905283085,0.021737461143464656,0.00033320837972403356,0.007121825366337223,5
transformer,79,39,0.005180720717223764,0.02192930398161047,0.0001186735239836291,0.007169897752130442,5
transformer,79,40,0.005683848953051816,0.02203971004394339,1.3694667379040779e-05,0.007186990060126318,5
transformer,79,41,0.006290930656633921,0.022158990104327755,-8.965415589045275e-05,0.007196657865529806,5
transformer,79,42,0.0070212265087544355,0.02229962391008044,-0.0001895095370618157,0.0071981305776119015,5
transformer,79,44,0.008962323417579082,0.022667270860941897,-0.000362609640290899,0.007173328141473019,5
transformer,79,45,0.010236879503537992,0.02293568195523029,-0.0004328975343467781,0.007148016178301227,5
transformer,79,46,0.01175642801535133,0.023286417311908853,-0.000492085715945709,0.007114116605318947,5
transformer,79,48,0.015701463134945304,0.02436467129386773,-0.0005783991087290983,0.0070183370344793555,5
transformer,79,49,0.01820358952725194,0.02516726652545638,-0.0006044100560440313,0.006953350752314198,5
transformer,79,51,0.02449294774404882,0.027537681386295046,-0.000627537352704,0.006786325455933916,5
transformer,79,53,0.03285246047601705,0.03130458903195487,-0.0006236064282362844,0.006568432524762058,5
transformer,79,54,0.0379028194058627,0.033834293087007,-0.0006189520429326061,0.006438647573821085,5
transformer,79,56,0.04982632603470373,0.04030742293440552,-0.0006110207099409553,0.00614454483770017,5
transformer,79,58,0.06423717927136621,0.04860887377106782,-0.0006211133196113286,0.0058224248027210915,5
transformer,79,59,0.07241365625123858,0.05342783887129358,-0.0006338451215901743,0.005657093100192465,5
transformer,79,61,0.09070869887307968,0.06419505015121281,-0.0006743613016200132,0.005323817364762633,5
transformer,79,63,0.11148626986651342,0.07606342048770585,-0.0007234168055627111,0.004996776993255197,5
transformer,79,65,0.13435375606225455,0.0880694721590925,-0.0007756777189892918,0.004703549046918524,5
transformer,79,67,0.15887596929909292,0.09929886491046223,-0.0008217765724016689,0.004493639904684031,5
transformer,79,69,0.1848444951993206,0.1093189945906951,-0.000839170752670724,0.004374119890447846,5
transformer,79,72,0.2261988276976455,0.12228007619704132,-0.0007961852627715309,0.004399873078850533,5
transformer,79,74,0.2548190144715118,0.12942964644409535,-0.0007551605643434208,0.004542254069732654,5
transformer,79,76,0.2835866887072348,0.13511694113944203,-0.000709109138458264,0.004743829635928885,5
transformer,79,79,0.32481296965576734,0.13937913875316157,-0.0006062897486949074,0.005062550383926572,5
transformer,79,81,0.35022823428518474,0.13949384216667404,-0.0005070385513462459,0.005237513261501983,5
transformer,79,84,0.3852130476516858,0.13697727168907237,-0.000390184487915255,0.005479989236706634,5
transformer,79,86,0.4063820074377572,0.1341855346100262,-0.00033105262602206587,0.005632297363765393,5
transformer,79,89,0.43478036257581315,0.12881345029268218,-0.00026335884672010884,0.0058299726364975935,5
transformer,79,92,0.4593317600256836,0.12296781781723783,-0.00024515052998671377,0.005970906754033339,5
transformer,79,95,0.4802853148129089,0.11751651606632736,-0.00026197879809492544,0.006058238176566909,5
transformer,79,98,0.4978501124804776,0.11295459729657333,-0.00028821849072596347,0.006115315588846482,5
transformer,79,101,0.5122971638604067,0.1092784155255622,-0.00030961835497012497,0.006156750669001846,5
transformer,79,104,0.5240506851193805,0.10657479410905374,-0.000316027931731807,0.006177203718191824,5
transformer,79,107,0.5335248309356684,0.10464929354666752,-0.0003200001793414914,0.006190110173512982,5
transformer,79,110,0.5411251647946639,0.10337571807539242,-0.00032493370735586823,0.006194595546366916,5
transformer,79,114,0.5489262589139354,0.10241705958504825,-0.000337153567244819,0.0061935747666649115,5
transformer,79,117,0.5534174802169245,0.10207700915594936,-0.00034814154747086454,0.006191861175008803,5
transformer,79,121,0.5580355535143129,0.10189672047790126,-0.00036777106052082503,0.006190095167860656,5
transformer,79,125,0.5615036803960448,0.10191144203228951,-0.0003794194132655753,0.0061864916052989305,5
transformer,79,129,0.5641413078555969,0.10201088854170996,-0.00039080826490611227,0.006187052626519539,5
transformer,79,133,0.5661911519147858,0.10215789256419781,-0.0003972105238937468,0.006187496503035285,5
transformer,79,137,0.5678109216632213,0.10230961187180838,-0.00039983714136689345,0.006188404995015974,5
transformer,79,141,0.5691452219918428,0.10247628478459961,-0.0004007048893700735,0.006189450732288409,5
transformer,79,146,0.5705208922037522,0.10266587169461851,-0.0004003603183827728,0.006190491125277736,5
transformer,79,150,0.5714566775168807,0.10279956883218953,-0.0003993224838368016,0.00619103914313595,5
transformer,79,155,0.5724948895909052,0.10294472796264827,-0.0003985600615295155,0.006191073500859715,5
transformer,79,160,0.5734294620283329,0.10306147408128932,-0.0003976254623386248,0.0061909976511902295,5
transformer,79,165,0.5742947744946532,0.1031511560324996,-0.00039602266335172923,0.006190704721345103,5
transformer,79,170,0.5751157424182838,0.10321990901474935,-0.00039472819792568946,0.006190582899332844,5
transformer,79,176,0.5760639617931534,0.10327496063152167,-0.00039327251136168017,0.006190367665809718,5
transformer,79,181,0.5768360660353128,0.1033011013375584,-0.00039195736970186094,0.006190109933531743,5
transformer,79,187,0.5777512759391152,0.10331403861730756,-0.00039027000315110716,0.0061898641966592685,5
transformer,79,193,0.5786611688726232,0.1033086242110259,-0.00038837423920026705,0.00618976091455016,5
transformer,79,199,0.5795708252003393,0.103286187251029,-0.0003860674023139003,0.006189678441085198,5
transformer,79,205,0.5804811672665775,0.10324758534209029,-0.00038358212759156843,0.006189561817112934,5
transformer,79,211,0.5813937760542454,0.10319404054499129,-0.0003810867181774638,0.006189279878271103,5
transformer,79,218,0.5824618938800871,0.10311550254779489,-0.00037818600205533027,0.006188850360295344,5
transformer,79,225,0.583533498514948,0.10302144902522489,-0.00037537619168110097,0.006188349282690264,5
transformer,79,232,0.5846085379903264,0.10291264315453304,-0.0003726203279900707,0.006187803756407465,5
transformer,79,239,0.5856876496284074,0.10278978825679488,-0.0003699130340992254,0.0061873014556038915,5
transformer,79,247,0.5869281285721119,0.10263250527057809,-0.0003663628945206342,0.0061868664741911855,5
transformer,79,255,0.5881743855669599,0.10245834886804167,-0.00036266908385221535,0.006185920670841521,5
transformer,79,263,0.5894249076208684,0.10227023041671161,-0.00035885979625717294,0.006185026634737606,5
transformer,79,271,0.5906776006693278,0.10207087589856238,-0.00035496816634747843,0.006184341765845771,5
transformer,79,279,0.5919344701943225,0.10185984513794348,-0.0003512815705192431,0.0061838524895037085,5
transformer,79,288,0.5933543297244341,0.10160964597785063,-0.00034721619388907495,0.0061836571888534055,5
transformer,79,297,0.594782620456179,0.1013453157088213,-0.00034336058666596355,0.006183758261557133,5
transformer,79,307,0.5963779500952383,0.10103577760121409,-0.0003390061826462387,0.0061843351054569,5
transformer,79,316,0.5978206566463624,0.1007468538566173,-0.0003347565310691927,0.006184848473927641,5
transformer,79,326,0.5994306183828633,0.10041611788825829,-0.0003300340031285938,0.006185148761259285,5
transformer,79,336,0.6010469525340835,0.1000744235684802,-0.0003252379374850153,0.006185487219936691,5
transformer,79,347,0.6028312034678207,0.09968861823252187,-0.00031980035515172267,0.006186231696159928,5
transformer,79,358,0.6046242725531208,0.0992924156982252,-0.00031395440986385826,0.00618755225921811,5
transformer,79,369,0.6064219090338148,0.09888592295332307,-0.0003080971629200259,0.006189699443802164,5
transformer,79,381,0.6083867756830601,0.09843007635426634,-0.00030199156474822853,0.006192220326416817,5
transformer,79,393,0.6103563577513723,0.0979602990210254,-0.00029610743690116514,0.0061943817939383635,5
transformer,79,405,0.6123320044875797,0.09748065711917257,-0.0002899357462745526,0.006196356952278382,5
transformer,79,418,0.6144765037012501,0.0969538496492334,-0.0002825860200673136,0.0061985968080325565,5
transformer,79,431,0.6166261360825598,0.09641784768251435,-0.00027531421695778537,0.006200140336476981,5
transformer,79,444,0.6187781790193112,0.09587192298071304,-0.0002684851073234505,0.006200909873063241,5
transformer,79,458,0.6210949283381687,0.09527360328994157,-0.00026114173521992335,0.006201602093599457,5
transformer,79,473,0.6235785748513446,0.09462361249106804,-0.00025332059848574926,0.006202567451148039,5
transformer,79,488,0.6260667830441664,0.09396521081164273,-0.0002453092119243795,0.006204185611910402,5
transformer,79,503,0.6285595128752755,0.09329541103819972,-0.00023684529032750348,0.006205539659669837,5
transformer,79,519,0.6312208672697673,0.09256975273482158,-0.0002278490727698771,0.0062070378885769354,5
transformer,79,535,0.6338832711897193,0.09183448466021234,-0.00022002098096769366,0.006207822294991712,5
transformer,79,552,0.636706956271045,0.09104956796924105,-0.00021227524340616794,0.006208669114593747,5
transformer,79,569,0.6395248208362401,0.09026151746012705,-0.00020435258872584594,0.006209156482707133,5
transformer,79,587,0.6425034892067911,0.08942347131529302,-0.0001951926826949453,0.0062106515965769165,5
transformer,79,606,0.6456471157001721,0.08852873439534525,-0.00018335300528211996,0.006213168844264342,5
transformer,79,625,0.6487890587519379,0.08762177216462344,-0.0001694091736069392,0.006216186867407017,5
transformer,79,644,0.6519268515465937,0.08670170393177631,-0.00015502795296761041,0.0062191181048087685,5
transformer,79,665,0.6553848403317886,0.08567139407706434,-0.00013922548888171325,0.006220335080282998,5
transformer,79,685,0.65866422421449,0.08468292842515515,-0.00012410057928756687,0.0062209250950397005,5
transformer,79,707,0.6622555631040706,0.08358756938310646,-0.00010817112447481653,0.006222101741190756,5
transformer,79,729,0.6658291669493706,0.0824842982389565,-9.320437394237024e-05,0.006223862837643216,5
transformer,79,752,0.6695428891336237,0.0813302775806479,-7.765751029331931e-05,0.006226304949930421,5
transformer,79,776,0.6733944862774528,0.08011971097618753,-6.18558829099238e-05,0.006229431583634121,5
transformer,79,800,0.6772129774026642,0.07890457879523738,-4.606415230877055e-05,0.006230921638737543,5
transformer,79,825,0.6811587317106363,0.0776343270976468,-2.7757419662225586e-05,0.006233389888576107,5
transformer,79,851,0.685221284762258,0.0763059831815784,-7.159227754034367e-06,0.006236487097821547,5
transformer,79,878,0.6893950553355574,0.07492934779133464,1.4672141723648477e-05,0.006239632449207529,5
transformer,79,906,0.6936729315192698,0.07350885137111987,3.667476316327927e-05,0.006242091737874319,5
transformer,79,934,0.6978977839380802,0.07209163828267334,5.808317391893724e-05,0.00624224132374383,5
transformer,79,963,0.7022217593125724,0.07062331468866082,7.933049097608595e-05,0.006241084485229224,5
transformer,79,994,0.7067816681911415,0.06905694113873645,9.874247305725233e-05,0.006238891757353951,5
transformer,79,1025,0.7112691380556614,0.06749875524707671,0.00011753983398484508,0.006237717769358052,5
transformer,79,1057,0.7158259554796998,0.06589521772801489,0.00013578376006349912,0.006236449002086844,5
transformer,79,1090,0.7204421902688797,0.06425727686922585,0.00015383592216867406,0.006234614680682983,5
transformer,79,1125,0.7252343686514648,0.06254585983623744,0.0001735000799545969,0.0062313553821424904,5
transformer,79,1160,0.729918324829789,0.06085773317028709,0.00019089224036604257,0.006227613315347491,5
transformer,79,1197,0.7347519561650833,0.05909891719806676,0.00020892655002798538,0.0062223029460503725,5
transformer,79,1234,0.7394643453279481,0.05736745699691661,0.00022533065224918832,0.006214497489623659,5
transformer,79,1273,0.7442897507886272,0.05558089570025775,0.0002419827306909609,0.006205946071042654,5
transformer,79,1313,0.7490846374583029,0.053794698132206345,0.0002606428892887267,0.006196851040273878,5
transformer,79,1354,0.7538357588946732,0.05201891698750795,0.00028131134302442794,0.006187338958980193,5
transformer,79,1397,0.7586553080747113,0.050213709911622224,0.00030149518653035105,0.006177803038098935,5
transformer,79,1441,0.7634072548225601,0.048434471131303454,0.0003205929363006602,0.006166116052097598,5
transformer,79,1486,0.7680772762701438,0.04668347298102501,0.00033803987376599477,0.006155107683302705,5
transformer,79,1533,0.772764064821269,0.04492483024859493,0.0003565088320991986,0.0061436047779166135,5
transformer,79,1581,0.7773558259231825,0.0432091655585017,0.0003744796075079079,0.006132780969457926,5
transformer,79,1631,0.7819267215528668,0.04152102913295044,0.00039205657247831405,0.00612118879191722,5
transformer,79,1682,0.7863844195187839,0.03990569044383955,0.00040822826663005805,0.006108069908295757,5
transformer,79,1735,0.79081434230371,0.038341481427336684,0.00042035574822981206,0.006093635748156733,5
transformer,79,1789,0.7951273018824707,0.03686998446400368,0.0004272337611708935,0.006076692906929537,5
transformer,79,1845,0.7994035328552962,0.035478565012460835,0.00043140067288829155,0.006056820515742338,5
transformer,79,1903,0.8036375323203744,0.03418194331068488,0.00043250232747442353,0.00603386196351786,5
transformer,79,1963,0.8078274519932848,0.032994710091080286,0.00042959621472513104,0.0060086357166217,5
transformer,79,2025,0.8119733782482939,0.03191527987103272,0.0004206838565984734,0.005980618555501952,5
transformer,79,2089,0.8160666726337148,0.030935780658996194,0.00040919130448162816,0.005950601470799354,5
transformer,79,2154,0.8200466036697127,0.03006878979705561,0.0003949169494639487,0.005918995518653408,5
transformer,79,2222,0.8240259458124983,0.029297062670638314,0.0003803280767987544,0.005885336840664753,5
transformer,79,2292,0.8279308669838971,0.028612438820613702,0.000367150850058675,0.005848219413486679,5
transformer,79,2364,0.8317685805622317,0.027988259789964404,0.0003529973593539339,0.005806226449053708,5
transformer,79,2438,0.8355405853005153,0.027393761018854667,0.0003408265486786316,0.005760174207144087,5
transformer,79,2515,0.8392756235075278,0.02681780626153883,0.00032667003900785705,0.005710487203334422,5
transformer,79,2594,0.8429244259401777,0.02625111821014816,0.00031163277060779096,0.00565843975570385,5
transformer,79,2675,0.8464856673913426,0.025661732085436026,0.0002959884077775635,0.00560785079816698,5
transformer,79,2759,0.8500070946731766,0.02503250157818597,0.0002813325081233448,0.005554961726119565,5
transformer,79,2846,0.8534882543431499,0.024355482930681297,0.0002669463858594431,0.005499558555756675,5
transformer,79,2936,0.8569254333715467,0.023611327471994497,0.00025359710835548365,0.005444517543422203,5
transformer,79,3028,0.8602710593781282,0.022811785276761306,0.0002401837905206233,0.005388882714672869,5
transformer,79,3123,0.8635587130767488,0.021945639533994483,0.0002252430514435565,0.005331652234209437,5
transformer,79,3221,0.8667813146448123,0.02102013882029726,0.0002122055621641353,0.005275214819262189,5
transformer,79,3323,0.8699597725132728,0.020039701621485474,0.0001960564355462718,0.005220117874814747,5
transformer,79,3427,0.8730246686846794,0.019033195382748728,0.0001752496241955245,0.005167855827912567,5
transformer,79,3535,0.876034098572093,0.01798703074239726,0.00015182501024237223,0.005117319268790109,5
transformer,79,3646,0.8789472531606755,0.01693268448238153,0.0001232168018847195,0.005066919040599515,5
transformer,79,3760,0.8817574947146072,0.015883925421656016,8.806048398374766e-05,0.005015905213692138,5
transformer,79,3879,0.8845044405503394,0.014805557308021978,5.135336857041289e-05,0.004962534183263472,5
transformer,79,4000,0.887100590096679,0.013743457124586116,1.4031754001053025e-05,0.004908025607509221,5
transformer,79,4126,0.8896167345870895,0.012688885061902851,-2.3499555713598578e-05,0.004851064492354487,5
transformer,79,4256,0.8920279950732081,0.011648916463630386,-6.160383564628567e-05,0.004790694320625429,5
transformer,79,4390,0.894324968340678,0.010626681130346441,-0.00010056033351524755,0.004731839640530083,5
transformer,79,4528,0.896507206065771,0.00963759361112008,-0.00013963774373491124,0.004674771012286364,5
transformer,79,4670,0.8985793724757857,0.008689595874314792,-0.00018056040117473259,0.004615744744978637,5
transformer,79,4817,0.9005572791275324,0.007802740174879649,-0.000223783626413589,0.004553461016273628,5
transformer,79,4968,0.9024178464910539,0.007021363393485162,-0.00026238026669231867,0.004489992065263221,5
transformer,79,5124,0.9041867288403391,0.006356199522749608,-0.0002982818152412423,0.004426775376797129,5
transformer,79,5285,0.9058614538032289,0.005857994208449023,-0.0003312450096386907,0.004365299353388965,5
transformer,79,5452,0.9074509885603159,0.005569276591148369,-0.00036151574824657356,0.004304780367148056,5
transformer,79,5623,0.9089428725758328,0.005514030428642211,-0.0003949866332894538,0.0042442954562150305,5
transformer,79,5800,0.9103514287301004,0.005697004888723122,-0.0004334438611003602,0.004184254839394504,5
transformer,79,5982,0.9116672952975897,0.006082611272501234,-0.0004699299196617121,0.004124989297130494,5
transformer,79,6170,0.912914640893824,0.006634645140728337,-0.0005058592988281685,0.004067478888913025,5
transformer,79,6364,0.9140997925572794,0.007298375719292779,-0.0005410406374437612,0.004014570545169674,5
transformer,79,6564,0.9152173716861235,0.008041312221483594,-0.0005739726832580852,0.003964924703364911,5
transformer,79,6770,0.9162688932461505,0.008824677059676852,-0.0006071504273655216,0.003916989845941524,5
transformer,79,6983,0.9172534893099101,0.00963541507695738,-0.0006382495836220586,0.0038696833869322706,5
transformer,79,7203,0.9181842476410453,0.01045560883129819,-0.0006705276375315955,0.0038235718360008076,5
transformer,79,7429,0.9190800849328824,0.011267019361089082,-0.000701686629096814,0.0037799719916983914,5
transformer,79,7662,0.9199607916553301,0.012062358421754559,-0.0007268314124635378,0.0037426189060468817,5
transformer,79,7903,0.9208240897090516,0.012834837927009735,-0.0007480074153767792,0.0037101574263427102,5
transformer,79,8152,0.921631366578168,0.01357274413499822,-0.0007622895151230576,0.003680442175202327,5
transformer,79,8408,0.9223910703112772,0.014257672479513128,-0.0007715876500789673,0.0036555374848725184,5
transformer,79,8672,0.9231316574007848,0.014883942858002616,-0.0007786233924282832,0.003633406137257317,5
transformer,79,8945,0.9238556983607739,0.015457284573453803,-0.0007887486205006237,0.0036147196650417536,5
transformer,79,9226,0.9245668569778369,0.015958787882912887,-0.0007968937946006962,0.003602625920588171,5
transformer,79,9516,0.9252582899632454,0.016428067971817305,-0.0008079168442947264,0.0035886116518176205,5
transformer,79,9815,0.9259481695892646,0.016835382152897045,-0.0008211687999715512,0.0035748693245156943,5
transformer,79,10124,0.926631376583086,0.01720579942814427,-0.0008332199992024034,0.0035586342607895026,5
transformer,79,10442,0.9273226750599989,0.017500839970723873,-0.000844084274623909,0.0035412295963691723,5
transformer,79,10770,0.9280016550560759,0.017799243014869195,-0.000860100475012217,0.0035312284881025596,5
transformer,79,11109,0.9287454722752271,0.017989882780536006,-0.0008743046100594074,0.003516238442126774,5
transformer,79,11458,0.9295023482999667,0.018195950415776402,-0.0008957830190215269,0.003502841496129117,5
transformer,79,11818,0.9302981232779126,0.018349413766367624,-0.0009098105386383037,0.003490755654749002,5
transformer,79,12189,0.9311056148393296,0.01849503215392214,-0.0009307769312966327,0.0034800380119093463,5
transformer,79,12572,0.9319709523368761,0.018591362565673432,-0.0009645694532337708,0.003461109188870627,5
transformer,79,12968,0.932756263323304,0.018795675014280627,-0.0009903641933679624,0.003434696557288072,5
transformer,79,13375,0.9335815135414641,0.019023473044351553,-0.0009971263063268958,0.003413528143925581,5
transformer,79,13796,0.9344508465533143,0.019455626956218657,-0.001005218889843778,0.0033950759399575953,5
transformer,79,14229,0.9355449433761125,0.0199792862251946,-0.0010295378794218238,0.00339768743453142,5
transformer,79,14677,0.9371509747487845,0.021028605458516227,-0.0010299639058415136,0.0033634066159504575,5
transformer,79,15138,0.9357368561002348,0.022003586743679592,-0.0006689567746826423,0.0028327568328271845,5
transformer,79,15614,0.9322691140009747,0.016876962835335282,-0.0007235024052826662,0.003378708421470318,5
transformer,79,16104,0.9342680027323125,0.011226222216936955,-0.0009668525214595105,0.003320185745432224,5
transformer,79,16611,0.9382508962096645,0.011556182286100653,-0.0010403488536268814,0.003265565143363432,5
transformer,79,17133,0.9406984536245175,0.012207906591146072,-0.0010830662016575129,0.003329210158851785,5
transformer,79,17671,0.9414058353264881,0.01292104383869293,-0.001137745546819468,0.0034171054441994963,5
transformer,79,18227,0.940557687317417,0.014035110129299819,-0.00120769404998383,0.0034914844414474706,5
transformer,79,18800,0.9381157402821684,0.015478847405138517,-0.0012941246839920293,0.0035296666365893722,5
transformer,79,19391,0.9342794569514357,0.017013834947886473,-0.0013964766398155836,0.0035122523796592615,5
transformer,79,20000,0.9295059188433491,0.01844509816792067,-0.0014759371900705891,0.0034339691237790216,5
transformer,97,1,-0.005543237975010724,0.015137713081739982,-0.0013338297023276348,0.003440436043396903,5
transformer,97,2,-0.005649151106515107,0.015020425479693202,-0.0014052994333455617,0.003485665705864335,5
transformer,97,3,-0.005778764389094511,0.014901271676663648,-0.0014653076518969283,0.0035189275846974023,5
transformer,97,4,-0.005947917229235351,0.014776148857145687,-0.0015169115011177162,0.0035483934902593617,5
transformer,97,5,-0.006162483494409586,0.014635801668418779,-0.0015664699498341903,0.0035729467011404985,5
transformer,97,6,-0.006398358300522836,0.014511345216130012,-0.0016115585437598834,0.0035962438003214895,5
transformer,97,7,-0.006639301248074808,0.014412631223934557,-0.0016519951794404803,0.0036221659341492195,5
transformer,97,8,-0.006881984071309416,0.014330228068254429,-0.0016882503521843055,0.0036494979176938088,5
transformer,97,9,-0.007131786678525343,0.014269225867717287,-0.001721147779737502,0.003678202141594188,5
transformer,97,10,-0.007380054142348924,0.014222842734693004,-0.0017490770918085186,0.0037081778895142956,5
transformer,97,11,-0.0076211628046235795,0.014193829540024286,-0.0017735197243595,0.0037371043293911955,5
transformer,97,12,-0.007857013831907437,0.014165651254478918,-0.0017954625390049152,0.0037640113384291487,5
transformer,97,13,-0.008082468576537027,0.01413174001837928,-0.0018145149539662876,0.003791395732282865,5
transformer,97,14,-0.008285345280048075,0.014081256758869709,-0.001830319531003513,0.0038202583422856907,5
transformer,97,15,-0.008465155617311126,0.014011249143055862,-0.0018406865802037486,0.0038513390870388506,5
transformer,97,16,-0.008627544203412406,0.013919410077556172,-0.001844992191624308,0.0038841150271878198,5
transformer,97,17,-0.008775482649637189,0.013809583517357251,-0.0018439051675315746,0.003918440912865324,5
transformer,97,18,-0.00891034926465927,0.013681992144027929,-0.001837963329347031,0.003952669280909544,5
transformer,97,19,-0.009034927404521427,0.013541861293120978,-0.0018303168810295009,0.003987554056655697,5
transformer,97,20,-0.009150261912352945,0.01338763352191014,-0.0018200673745238601,0.004024319364078306,5
transformer,97,21,-0.009252260678886659,0.013220593000241695,-0.0018060465609646657,0.004063573230668786,5
transformer,97,22,-0.009338675053390274,0.013041274270803765,-0.0017885815600623093,0.004104130464663129,5
transformer,97,23,-0.0094072562761495,0.012856331717412801,-0.001766535277742758,0.004146905485522289,5
transformer,97,24,-0.00945668491554236,0.012676602750620802,-0.0017400570057646795,0.004191720851862898,5
transformer,97,25,-0.009481220120782183,0.012503487549324803,-0.001709828289232113,0.004237645731826378,5
transformer,97,26,-0.009475304405937893,0.012337229647425346,-0.0016783351087066266,0.00428461099685611,5
transformer,97,27,-0.009443314033934091,0.012174081159597557,-0.001645952042707076,0.004331995556607919,5
transformer,97,28,-0.009384020164748517,0.012016529164616119,-0.0016126027210651254,0.004379636703145946,5
transformer,97,29,-0.009290024037977098,0.01187653599719946,-0.0015782909742957396,0.004427835055021392,5
transformer,97,30,-0.009158533048304893,0.011760798836619823,-0.00154320945983322,0.004476503711080871,5
transformer,97,31,-0.008990794264327006,0.011672251658567124,-0.0015067996580418867,0.004525813857531543,5
transformer,97,32,-0.008784272823072268,0.011617920649618793,-0.0014689418270979653,0.004574444996183705,5
transformer,97,33,-0.00853712463857272,0.011604470278830662,-0.0014301287220875327,0.004622063572996864,5
transformer,97,34,-0.00825456597006079,0.011628772536465073,-0.0013915720393080778,0.0046697044327877356,5
transformer,97,35,-0.007935638938845486,0.01169428590416498,-0.001353089393762235,0.004716749221226505,5
transformer,97,36,-0.0075783900563617945,0.011801374694587943,-0.0013150448547422327,0.004763248683361581,5
transformer,97,37,-0.007180420023180316,0.011956297143516622,-0.0012779086398438746,0.004807554608991684,5
transformer,97,39,-0.006258492550347511,0.012410719491523111,-0.0012083867983694204,0.004893486046489723,5
transformer,97,40,-0.005732817730761253,0.012705759450759767,-0.0011753952458202028,0.004937138458744303,5
transformer,97,41,-0.005161130637968551,0.013051958163593799,-0.0011431436218525214,0.004981725975043152,5
transformer,97,42,-0.004535266469958282,0.013452296286703906,-0.0011107562102119603,0.005028076411771519,5
transformer,97,44,-0.003070840848180716,0.014400854111252729,-0.0010410573620451276,0.005121319877092405,5
transformer,97,45,-0.0022057083375016115,0.01494095640285184,-0.0010028359198074298,0.0051657876710947005,5
transformer,97,46,-0.001224875772733847,0.015533711093890701,-0.0009625416321094027,0.005211432928017262,5
transformer,97,48,0.001156802108632954,0.016903356862544676,-0.0008768307154802446,0.005302756349489145,5
transformer,97,49,0.002590020226308238,0.017690780433298196,-0.000831464783912656,0.005343862004241528,5
transformer,97,51,0.006044618978704481,0.019542696271718292,-0.0007449664148331361,0.005413116630915926,5
transformer,97,53,0.010517577890214179,0.021901991566816777,-0.0006568856272557881,0.005469250062089475,5
transformer,97,54,0.013225202831900007,0.0233312604112067,-0.0006150597743482557,0.005492375818319485,5
transformer,97,56,0.019757623889163835,0.026778095181176766,-0.0005407974340873676,0.005524845544411678,5
transformer,97,58,0.028013390113641894,0.03111366906221619,-0.000469556554270123,0.005539451658096157,5
transformer,97,59,0.032856059944037744,0.03362904842637829,-0.0004335221122538282,0.0055369412258014184,5
transformer,97,61,0.0440567926625022,0.03935819124799089,-0.00035758835906479975,0.005515886763267776,5
transformer,97,63,0.05736181028325754,0.046000901144145984,-0.00027682501669035864,0.0054807703707691075,5
transformer,97,65,0.07299436785241506,0.05350567847128156,-0.0001918194406235481,0.005418417296234126,5
transformer,97,67,0.09116469980936327,0.0618901475237062,-0.00011563923583425266,0.005323000368737572,5
transformer,97,69,0.1120023371501088,0.07101412383236372,-5.5481597647792996e-05,0.005195119548029257,5
transformer,97,72,0.14818760178115134,0.08572927000705045,-1.2894977715625575e-05,0.004939274706856112,5
transformer,97,74,0.17520417515484116,0.09584285604443665,-7.093552265716868e-06,0.004726267077089312,5
transformer,97,76,0.20394144740944845,0.10570253876103776,-2.4345867438411302e-06,0.004486444679282452,5
transformer,97,79,0.24913110555028908,0.11924123472312821,-5.977571592514184e-06,0.004096358953405868,5
transformer,97,81,0.27985347357067536,0.126984423484737,-1.9509215638636134e-05,0.0038270199515754067,5
transformer,97,84,0.32544633161361436,0.1361603063319431,-5.316082795313194e-05,0.0034183541837702475,5
transformer,97,86,0.354874536884161,0.1403789456828867,-7.838897609257524e-05,0.003148913237420652,5
transformer,97,89,0.3966285088246687,0.14376033388724732,-0.00010830645519304977,0.0027761084268414274,5
transformer,97,92,0.43458252002890874,0.14370459421378984,-0.00011188435046845455,0.0024911646028521056,5
transformer,97,95,0.46808038160331533,0.14070762493460656,-7.829290771772142e-05,0.0022898640165238695,5
transformer,97,98,0.4971468044598765,0.13556279129705884,-1.8087569177637366e-05,0.002147306683519485,5
transformer,97,101,0.5219670520170612,0.12911388206961733,3.9015020690585934e-05,0.002055382872599652,5
transformer,97,104,0.5429083301941557,0.12207698112869793,9.178524754017235e-05,0.001998263799834946,5
transformer,97,107,0.5603404348243742,0.1151905467852286,0.00012486724996572045,0.001973946301674858,5
transformer,97,110,0.5745780208236505,0.10907857698539634,0.00012915048013499098,0.0019719972440892936,5
transformer,97,114,0.5892209627603944,0.10254900458721553,0.00010439745617961882,0.0019883125917272287,5
transformer,97,117,0.5975416635109673,0.09884213838516473,7.154155480455782e-05,0.002001897139109966,5
transformer,97,121,0.6059096532514028,0.09520655640193136,1.554647017038284e-05,0.002016772634797784,5
transformer,97,125,0.6119738414930215,0.09265634982432468,-4.1331385695756245e-05,0.0020222504261169284,5
transformer,97,129,0.6164073511562936,0.0908497816814245,-9.178237942832467e-05,0.0020220714926638163,5
transformer,97,133,0.6196996000365823,0.08954086522098757,-0.00013503837331483364,0.002019736586745779,5
transformer,97,137,0.622193665082744,0.08858517934434383,-0.00016991275682932028,0.002017083487769057,5
transformer,97,141,0.6241176572788282,0.0878851385353394,-0.00019768694339121232,0.0020149128420917993,5
transformer,97,146,0.625968323379909,0.0872551533760745,-0.00022440401875220353,0.0020139402135234464,5
transformer,97,150,0.6271466118815006,0.08688783606075745,-0.00024072836884985106,0.002014452651244376,5
transformer,97,155,0.6283669441060653,0.08654279535756224,-0.0002565080273606242,0.0020162463896163016,5
transformer,97,160,0.6294041151979797,0.08627999423395337,-0.00026919492655220546,0.0020183933297912016,5
transformer,97,165,0.6303235275809568,0.08607229355872191,-0.00027955519940955876,0.002020941199664166,5
transformer,97,170,0.6311692467510243,0.08589939723509733,-0.000288614771201561,0.002023582355535476,5
transformer,97,176,0.6321259582875409,0.08572082626270669,-0.00029795045429885207,0.0020272979585482576,5
transformer,97,181,0.6328942581192839,0.08558614473332361,-0.00030505872344095415,0.0020305429416222465,5
transformer,97,187,0.6337979363431965,0.08543604340358797,-0.00031267164506798296,0.002034815600363727,5
transformer,97,193,0.6346918193598539,0.08529513537776427,-0.00031965465023949316,0.002039367971887339,5
transformer,97,199,0.6355817870726886,0.08516093494369768,-0.00032623215092606893,0.002044180113842325,5
transformer,97,205,0.6364707680850574,0.08503293122372442,-0.00033289972849715117,0.0020489621136426574,5
transformer,97,211,0.6373605285156863,0.08490989197743187,-0.0003395291942406989,0.0020537369424841827,5
transformer,97,218,0.6384012570176321,0.0847714577852478,-0.0003472694089895769,0.0020590204464949135,5
transformer,97,225,0.6394466501580813,0.08463895866207467,-0.00035517077875225477,0.0020638805549779483,5
transformer,97,232,0.6404971834382682,0.08451157839674094,-0.00036306638592793387,0.0020685941299629475,5
transformer,97,239,0.6415521178555625,0.08438960790042473,-0.00037091241154375295,0.002073359030752376,5
transformer,97,247,0.6427621484234481,0.084257092054692,-0.0003798142245202701,0.002078717059531589,5
transformer,97,255,0.6439743382278285,0.08413239712130852,-0.00038878073738117687,0.0020839906653732534,5
transformer,97,263,0.6451883359969542,0.08401390877885327,-0.00039782273829314996,0.0020893548163368886,5
transformer,97,271,0.6464056649793388,0.0838985649190174,-0.0004069595833308977,0.0020948300768565535,5
transformer,97,279,0.6476270777767033,0.08378673758406735,-0.00041617192006633335,0.0021003813964758466,5
transformer,97,288,0.6490054279848196,0.08366584912992742,-0.000426856966465081,0.0021065704377269804,5
transformer,97,297,0.6503869228730039,0.08354919485558586,-0.0004377447929093996,0.002112602358091782,5
transformer,97,307,0.6519245396385656,0.08342361499840986,-0.0004503870348955708,0.002119095345614328,5
transformer,97,316,0.6533078963793535,0.08331767777565131,-0.0004621095455233512,0.0021250620088632006,5
transformer,97,326,0.6548445989366296,0.08320737073227129,-0.00047582064910161074,0.0021314657035938285,5
transformer,97,336,0.6563813117538354,0.08310248547998769,-0.0004900961089857327,0.0021378839446049543,5
transformer,97,347,0.6580695918937232,0.08299386411757219,-0.0005059665467450665,0.0021450448928976118,5
transformer,97,358,0.6597551156265669,0.0828925807377943,-0.0005218344617771697,0.0021525710482829734,5
transformer,97,369,0.6614394333338285,0.08279659994463377,-0.0005374701931584093,0.0021609310281904773,5
transformer,97,381,0.6632741929126987,0.08269988246663053,-0.0005548054843966708,0.0021701997514142297,5
transformer,97,393,0.6651037458604568,0.08261442385117493,-0.0005730320099451928,0.002179025652776896,5
transformer,97,405,0.6669272999055261,0.08253830665188905,-0.0005919303239974912,0.002187708734578125,5
transformer,97,418,0.6688973323125177,0.08246150108142772,-0.0006129783861764396,0.002196517505440924,5
transformer,97,431,0.6708623091562667,0.08239136634848787,-0.0006344504996588639,0.002205259194296002,5
transformer,97,444,0.6728214769776668,0.08232691490127902,-0.0006562343816722006,0.0022139500527822618,5
transformer,97,458,0.6749233055767083,0.0822634531456568,-0.0006800266292641216,0.002223216183860981,5
transformer,97,473,0.6771638148403635,0.08220322615744474,-0.0007057411383262721,0.0022328487435251355,5
transformer,97,488,0.679390661043515,0.08215244138471067,-0.0007318117043562846,0.0022417775628773605,5
transformer,97,503,0.6816028437693714,0.0821114209012201,-0.0007580101397777282,0.0022507995551092714,5
transformer,97,519,0.6839468115039823,0.08207709357004031,-0.0007860813074786067,0.002260404766982231,5
transformer,97,535,0.6862752020979871,0.08205076713613232,-0.000814417915321776,0.0022703433648337736,5
transformer,97,552,0.6887322309182438,0.08202772348157825,-0.0008446350170644233,0.002281291276878321,5
transformer,97,569,0.6911703397908409,0.08201195846601016,-0.0008748505174885322,0.0022916698883793875,5
transformer,97,587,0.6937284570603897,0.08200411619714315,-0.0009068831275445665,0.002302234162040003,5
transformer,97,606,0.696404680623415,0.08200405098074535,-0.000940694278941602,0.002313289083948903,5
transformer,97,625,0.6990575293193098,0.08201214939743368,-0.0009743417239133923,0.0023250114155467586,5
transformer,97,644,0.7016869047190836,0.08202448116924298,-0.0010078463515237114,0.002337041095585633,5
transformer,97,665,0.7045608110531885,0.08204771074354338,-0.0010453782963750077,0.0023493459021396027,5
transformer,97,685,0.7072684825281046,0.08207415814568864,-0.0010806683241399767,0.002360076123937093,5
transformer,97,707,0.710215808766869,0.08210375864865295,-0.0011187377646659513,0.0023715534458719034,5
transformer,97,729,0.7131307323621462,0.08212972330676434,-0.0011565154616663639,0.002382657706071402,5
transformer,97,752,0.7161420041072952,0.0821540255229241,-0.0011951905283325332,0.0023945248390462017,5
transformer,97,776,0.7192417150479616,0.0821822009938887,-0.0012343818157108583,0.0024060218386580496,5
transformer,97,800,0.7223004469977823,0.08220642588349361,-0.0012728157433172158,0.002416976127105324,5
transformer,97,825,0.7254452570970477,0.08222320653776956,-0.001312125481945496,0.002429783713870986,5
transformer,97,851,0.7286686240793439,0.08223560336122092,-0.0013528741437121741,0.0024420285255943577,5
transformer,97,878,0.7319614531179717,0.08225310211065208,-0.0013951360681876428,0.0024527597378624076,5
transformer,97,906,0.7353204221073264,0.08226852008649503,-0.0014378439730181186,0.0024648118671336252,5
transformer,97,934,0.7386282326590057,0.08227087463830947,-0.0014806508791289034,0.002476443175091975,5
transformer,97,963,0.7419965048298313,0.0822647974707598,-0.0015246235743110418,0.002489354731970069,5
transformer,97,994,0.7455322416191897,0.08224871882132258,-0.0015706733890497571,0.002505202802781413,5
transformer,97,1025,0.7490034648377476,0.08221259890380107,-0.0016155147786132845,0.0025230338756907804,5
transformer,97,1057,0.7525244711119653,0.08214719374408268,-0.0016600329043554162,0.0025421011668527492,5
transformer,97,1090,0.756086910484241,0.08206144708199715,-0.0017053013726936906,0.002562613511167026,5
transformer,97,1125,0.759787308890701,0.08195099828074777,-0.001751786718491704,0.0025874283471558593,5
transformer,97,1160,0.7634094537150649,0.08181712730512875,-0.0017963709339489445,0.0026156034593979027,5
transformer,97,1197,0.7671572836295377,0.08164205230385287,-0.0018401636111730923,0.0026491501990599255,5
transformer,97,1234,0.770822608923428,0.08143299597824283,-0.001881021321304905,0.0026852914619962644,5
transformer,97,1273,0.7746031761610744,0.08117412311262073,-0.0019223574328808648,0.00272584294347577,5
transformer,97,1313,0.7783933119889129,0.08086986979342552,-0.0019622126292558927,0.002771006314576924,5
transformer,97,1354,0.7821942038132178,0.08050443733910731,-0.0020010342227652547,0.0028177640618898877,5
transformer,97,1397,0.7860843795340531,0.08008547643908297,-0.002039673505866602,0.0028669013400745326,5
transformer,97,1441,0.78997466311798,0.07960499091063143,-0.0020765099633254422,0.0029189014797808568,5
transformer,97,1486,0.7938581727058246,0.0790621916655383,-0.0021121188804902654,0.002972319512160424,5
transformer,97,1533,0.7978073538521067,0.07845627535090781,-0.0021467866272391126,0.0030288586055564337,5
transformer,97,1581,0.8017313449230763,0.07779598916082077,-0.0021792822575492582,0.0030877593081539358,5
transformer,97,1631,0.8057023424156023,0.07706971116809677,-0.0022082974005994114,0.003150239517821466,5
transformer,97,1682,0.8096373406098687,0.07629026123919244,-0.0022339464259911145,0.0032141179861153247,5
transformer,97,1735,0.8136019017905877,0.07545209598678904,-0.002255818564487414,0.003280175209737112,5
transformer,97,1789,0.8175143695844032,0.07456978424517428,-0.0022735449244524943,0.0033463336403117706,5
transformer,97,1845,0.8214422665198375,0.07363549557091977,-0.0022872392571110047,0.0034146913740405573,5
transformer,97,1903,0.8253666702698496,0.07267207240066935,-0.0022969447252086665,0.00348386019305434,5
transformer,97,1963,0.8292786118420811,0.07167953225493348,-0.0023020491452632125,0.0035539839756192175,5
transformer,97,2025,0.8331700947953099,0.07066440589565536,-0.0023015892296169064,0.0036253833484670983,5
transformer,97,2089,0.8370281407839076,0.06962796361730118,-0.0022975643370557086,0.003695996046619453,5
transformer,97,2154,0.840786953533826,0.06859041967787768,-0.00229017919907047,0.0037650278676521877,5
transformer,97,2222,0.8445456044972502,0.06753465967211464,-0.0022773937450268344,0.00383529724318745,5
transformer,97,2292,0.8482314867788064,0.06649358250185228,-0.0022615129404897323,0.0039044205600690034,5
transformer,97,2364,0.8518408603132261,0.06545987378695169,-0.002241983781388924,0.0039724355652809365,5
transformer,97,2438,0.8553584286041156,0.06444852040237513,-0.0022200152324468626,0.004038384565385698,5
transformer,97,2515,0.8588165455126766,0.06345823189889756,-0.0021970384977789297,0.004101310196806113,5
transformer,97,2594,0.8621594900742753,0.06251158715415595,-0.0021721818129184917,0.004162347805797449,5
transformer,97,2675,0.8653824492109733,0.06160996807511834,-0.0021467147813021745,0.0042204111584081576,5
transformer,97,2759,0.8685187874948209,0.06074228657510085,-0.002118590993936708,0.004278007406108014,5
transformer,97,2846,0.8715563519187363,0.059922925054185006,-0.0020884287378037203,0.004333578939947078,5
transformer,97,2936,0.8744879446267737,0.05915676242471134,-0.0020580757407421624,0.004387614266491919,5
transformer,97,3028,0.8772790738933548,0.05845160634723159,-0.0020279516505731766,0.004440363280497468,5
transformer,97,3123,0.8799582105702195,0.057801673625470854,-0.00199619955904548,0.004494274425297798,5
transformer,97,3221,0.8825355063204574,0.0571853054555131,-0.001963260352215596,0.004548463604956316,5
transformer,97,3323,0.8850269166480672,0.056606420789705625,-0.0019298228375179388,0.004603326866333123,5
transformer,97,3427,0.8873912862933551,0.05605544424022256,-0.0018967967991820108,0.0046575220174377395,5
transformer,97,3535,0.8896813264214776,0.055512414674504504,-0.0018636300748717562,0.004710709663888812,5
transformer,97,3646,0.8918859378441454,0.054959780680551414,-0.001830361556626668,0.004763410928310679,5
transformer,97,3760,0.8940134791526327,0.054388069606361784,-0.0017974167808459361,0.004813629918487723,5
transformer,97,3879,0.8961051372831083,0.053781513631243505,-0.0017640053857008113,0.004865233606424937,5
transformer,97,4000,0.8981140316168785,0.053143690721289015,-0.0017311045566678889,0.004918094611483653,5
transformer,97,4126,0.9000758798811838,0.052487779325069026,-0.0017001038940805944,0.0049705835890230575,5
transformer,97,4256,0.9019921893395075,0.051787706021262626,-0.00167117887180213,0.0050228618345599056,5
transformer,97,4390,0.9038592840102886,0.051047503722108485,-0.0016466326487824235,0.0050721348675726256,5
transformer,97,4528,0.905681130226802,0.05026958129931126,-0.001627160509198739,0.00511886368219937,5
transformer,97,4670,0.907453047508423,0.04945778233780021,-0.0016120050935446925,0.005161015806426322,5
transformer,97,4817,0.9091875227016077,0.0486115475459042,-0.0016024140539049325,0.005195998500721436,5
transformer,97,4968,0.9108725388702166,0.047740336635376225,-0.001594566074046309,0.00522696257901372,5
transformer,97,5124,0.9125081393809735,0.04685523239199967,-0.0015911110468027675,0.005254227717976158,5
transformer,97,5285,0.9141020525505172,0.04594835668775913,-0.001590959492589031,0.005278738990570235,5
transformer,97,5452,0.9156479777487199,0.045035165166278965,-0.0015919478988769956,0.005299691723066519,5
transformer,97,5623,0.9171319479457057,0.04412755929133105,-0.0015900179817597323,0.0053177984256440785,5
transformer,97,5800,0.9185752946082253,0.04321258351072002,-0.0015888043864910185,0.005334660724216836,5
transformer,97,5982,0.9199559773135009,0.04231007142024807,-0.0015888022271956423,0.005348725945427715,5
transformer,97,6170,0.9212926471312392,0.04140751371478842,-0.0015897577115564544,0.0053609062143428095,5
transformer,97,6364,0.9225946817091195,0.04051158252418125,-0.0015898459742602615,0.005374427538892478,5
transformer,97,6564,0.9238636952040444,0.039615755557825004,-0.0015903916187857622,0.005386906044220414,5
transformer,97,6770,0.9251056667977602,0.03872443375553985,-0.0015908654525873512,0.0054001417012380405,5
transformer,97,6983,0.9263248079798139,0.03783711929182717,-0.0015930439599148906,0.005411449325437948,5
transformer,97,7203,0.9275252907761301,0.03694772971192526,-0.0015952790940760128,0.005422818419654045,5
transformer,97,7429,0.9286990996427175,0.03605873115415271,-0.0015953674481941772,0.005432831798376568,5
transformer,97,7662,0.9298628565158671,0.0351527174811376,-0.001595373075639148,0.005441875258007298,5
transformer,97,7903,0.9310132886077233,0.034239652072969085,-0.001595828519503073,0.005449967198630018,5
transformer,97,8152,0.9321449281856516,0.03331943491486212,-0.0015969534729906032,0.005457396890214309,5
transformer,97,8408,0.9332525667774689,0.03240548332420453,-0.0016000286773269264,0.005463025990991613,5
transformer,97,8672,0.9343459392762133,0.031485278111387564,-0.0016037905605403684,0.005466449173991058,5
transformer,97,8945,0.9354294202767139,0.03055791699670508,-0.0016075816641829993,0.005472421558842359,5
transformer,97,9226,0.9364911976598311,0.02962733484322204,-0.0016107927319821472,0.005478866485367852,5
transformer,97,9516,0.9375294247712371,0.028701261918575867,-0.001614107286912152,0.005488049900751858,5
transformer,97,9815,0.9385525342512804,0.027786593383953596,-0.0016160359320797797,0.005496791970988334,5
transformer,97,10124,0.9395624668530302,0.026892719869559878,-0.0016187229937675292,0.005506776109646622,5
transformer,97,10442,0.9405635224676437,0.02600682414905322,-0.0016205898623161854,0.005515967070749174,5
transformer,97,10770,0.9415783108635155,0.025161454928051066,-0.0016249106420994387,0.0055227025910621645,5
transformer,97,11109,0.9425992153568366,0.0243129231392367,-0.0016260155984787147,0.005527810530472215,5
transformer,97,11458,0.9436235665515864,0.02347316458526779,-0.0016303928783267005,0.005529165199028464,5
transformer,97,11818,0.9446641245010682,0.022630583034107997,-0.0016350315988140189,0.005525235360288118,5
transformer,97,12189,0.9457598406133823,0.021869201270393813,-0.001639645345577452,0.0055291401331243875,5
transformer,97,12572,0.9468957050728809,0.021140820989425907,-0.0016414892728905221,0.005523211867761829,5
transformer,97,12968,0.9480429552949092,0.020441548503130014,-0.0016412050503030883,0.00552126983297479,5
transformer,97,13375,0.949237854764031,0.019720133934806126,-0.0016420761398640495,0.0055236213770039205,5
transformer,97,13796,0.950439524942005,0.018982405440028403,-0.001637426172031793,0.005521771834544749,5
transformer,97,14229,0.9515180986740661,0.01792856550615431,-0.001639868949686282,0.0055383743025058715,5
transformer,97,14677,0.949798564975802,0.013801705844351727,-0.0015565540646637584,0.005644048673248331,5
transformer,97,15138,0.9525840377452626,0.013647842085310452,-0.0015325254451025877,0.005692840940608313,5
transformer,97,15614,0.9559107654826949,0.012940492805793652,-0.0014859357915341046,0.005807820006510287,5
transformer,97,16104,0.9444631849565255,0.021501250033616897,-0.0014723005909797577,0.0054532900834919915,5
transformer,97,16611,0.9456098137731914,0.019988412890798137,-0.001575539869010091,0.005573235897995936,5
transformer,97,17133,0.9506476068487586,0.018851957259730334,-0.0016069222505489234,0.0055517282504881525,5
transformer,97,17671,0.9535094517625542,0.018060300600607534,-0.0015826269557800046,0.005546772568053148,5
transformer,97,18227,0.9553921149284597,0.016794070683140854,-0.0015596279720801512,0.005502093158500995,5
transformer,97,18800,0.956445270398965,0.015154525699818067,-0.0015734784686945052,0.00541843083948621,5
transformer,97,19391,0.9563291986527629,0.013958726426880374,-0.001643560742039963,0.005282497362662721,5
transformer,97,20000,0.9542512724158356,0.014581217641400374,-0.0017730701802704195,0.0051022591468898185,5
transformer,113,1,-0.002820718658679724,0.02221901245869549,0.0012541599314196828,0.001151757677645864,5
transformer,113,2,-0.002732456211319051,0.022102517804320022,0.0012251812160858472,0.0010772305068983267,5
transformer,113,3,-0.0026386443596904006,0.021992786538345944,0.0011895182173653092,0.0010040999727696123,5
transformer,113,4,-0.002568241365783243,0.02187306401843522,0.0011494609126913623,0.000943413218909399,5
transformer,113,5,-0.0024867738972835242,0.021765212205447453,0.0011081680446151042,0.0008888345586741912,5
transformer,113,6,-0.002381155723282696,0.021669583469026026,0.0010673054200824959,0.0008392028725018225,5
transformer,113,7,-0.0022506623803960333,0.021571640412514803,0.0010270447968980388,0.000794143421092539,5
transformer,113,8,-0.002110955866951661,0.021475800464938716,0.000988258931866719,0.0007522297447180909,5
transformer,113,9,-0.0019696371250383536,0.02139251513081425,0.0009519150457080551,0.0007133971863480093,5
transformer,113,10,-0.001825965965300249,0.021319189220659035,0.0009156987000928133,0.0006778390144582542,5
transformer,113,11,-0.0016871643891180274,0.021248340292273245,0.0008775832382399434,0.000646138165151152,5
transformer,113,12,-0.0015585675505150067,0.021181409983984805,0.0008369163684481959,0.0006177406124873666,5
transformer,113,13,-0.0014344352987830926,0.0211195446349993,0.0007930627426439157,0.0005936383278703804,5
transformer,113,14,-0.001309945498002997,0.021067639099182623,0.0007468558216092473,0.0005733920863255071,5
transformer,113,15,-0.001188821597875095,0.021034771153669155,0.0006986233817773684,0.0005570676692515965,5
transformer,113,16,-0.001076942304292399,0.021017131788305294,0.0006501515808120858,0.000545423385019107,5
transformer,113,17,-0.0009772495411666262,0.021015183165236852,0.0006013707397556695,0.0005390336481576437,5
transformer,113,18,-0.0008871791442501824,0.02103138281418256,0.0005526005086670456,0.0005386993549665293,5
transformer,113,19,-0.0008026410145611701,0.021061070750291996,0.0005041570427168682,0.0005454931613046784,5
transformer,113,20,-0.0007190617781868442,0.021100790359641446,0.0004562071604790289,0.0005599231412594666,5
transformer,113,21,-0.0006349435948238356,0.021148103399594234,0.0004081823430588464,0.0005813281831179533,5
transformer,113,22,-0.0005478039065377104,0.021203275156688375,0.00035968166131299003,0.0006095788371759265,5
transformer,113,23,-0.0004579908721135284,0.021262881273955835,0.0003117077138163822,0.0006443272131204414,5
transformer,113,24,-0.0003609294656046022,0.021323338456720246,0.00026280841399625314,0.0006846855367017213,5
transformer,113,25,-0.0002515109465236476,0.02137757214569005,0.00021341869608482427,0.0007305138011041894,5
transformer,113,26,-0.00012594910652325293,0.021423242532627854,0.00016465640854583627,0.0007823787064646896,5
transformer,113,27,1.4230469316539596e-05,0.02145580980685329,0.0001173791991955728,0.0008383392252171189,5
transformer,113,28,0.00016548356415323207,0.021473754113678516,7.211842942600696e-05,0.0008987580134318851,5
transformer,113,29,0.0003259033705360792,0.021471620883395118,2.974196065190964e-05,0.000963417763951728,5
transformer,113,30,0.000493057854829669,0.021446142558447522,-9.839861812222916e-06,0.0010326000065936322,5
transformer,113,31,0.0006668502655791788,0.021396899846591783,-4.5912994525988164e-05,0.0011056830519474887,5
transformer,113,32,0.0008443158660183774,0.021327483512852363,-7.876435313616893e-05,0.0011820068089297706,5
transformer,113,33,0.0010216526046905802,0.02123800306312753,-0.00010780655052984841,0.0012618674986633709,5
transformer,113,34,0.0012050434439909775,0.021133661062921787,-0.00013271737679454608,0.0013450546759782767,5
transformer,113,35,0.0013986621694604836,0.02101485270042985,-0.00015321918169511431,0.0014300555075253954,5
transformer,113,36,0.001609862943157818,0.020880627558282388,-0.00016784250795158026,0.001515872399853129,5
transformer,113,37,0.001839649920644748,0.02073120563042164,-0.00017629682129349761,0.0016013259566501417,5
transformer,113,39,0.0023597987809832943,0.020427736970461963,-0.0001730538649286634,0.0017670861895534775,5
transformer,113,40,0.0026587828217709553,0.020292124337575435,-0.00016165075179359187,0.0018434740005657086,5
transformer,113,41,0.00299036869598893,0.02017242356542545,-0.0001429880279229823,0.0019137031566442296,5
transformer,113,42,0.003363009167443541,0.02006522539116304,-0.0001164018863421306,0.001976976255069056,5
transformer,113,44,0.004265399812550478,0.019888587678504394,-4.2144791534036525e-05,0.0020838006180788917,5
transformer,113,45,0.004814131532689376,0.0198110691439689,1.8629322290920554e-06,0.0021270359080220293,5
transformer,113,46,0.005447907745017178,0.0197381338245464,4.982885173415007e-05,0.0021633556272801207,5
transformer,113,48,0.007032451519967178,0.01961616073722313,0.00015922458909200442,0.00221551877875228,5
transformer,113,49,0.008030394464533937,0.019581095768350782,0.00022189518561280212,0.002233952170972441,5
transformer,113,51,0.01058469314381406,0.019660242309063942,0.0003707532289630334,0.0022579653787331887,5
transformer,113,53,0.01416496214056077,0.02021551785957505,0.0005465816589258466,0.0022783808238179253,5
transformer,113,54,0.016419267395914768,0.020832601670629065,0.0006428987245041372,0.0022916826363571807,5
transformer,113,56,0.022017854936787165,0.023128295979550604,0.0008502980934195723,0.002332778782905855,5
transformer,113,58,0.02915296563506805,0.027125257258260094,0.0010677222651829497,0.0023986244164976023,5
transformer,113,59,0.03325483119577194,0.029672889523525044,0.0011771760582264842,0.0024401536473724764,5
transformer,113,61,0.042279815626419345,0.035053880339554006,0.0013940996739932928,0.002534177971495049,5
transformer,113,63,0.052037587864439315,0.03959712881761365,0.001606485553908099,0.0026322272257303875,5
transformer,113,65,0.0625055340059696,0.042638679680504714,0.0018153691064535372,0.0027308093572664676,5
transformer,113,67,0.07398626062815734,0.04424969968434678,0.002014052263818191,0.002836384181469576,5
transformer,113,69,0.08688282007644718,0.044671401210880035,0.002195147044883001,0.0029523355404695696,5
transformer,113,72,0.10946578618817518,0.04311187617653492,0.002425963387412252,0.003153159091745779,5
transformer,113,74,0.1269658562677196,0.04059955267096459,0.002555718276019688,0.003303187601628971,5
transformer,113,76,0.14653189497388588,0.037348846298322066,0.002663704265941055,0.0034697284287138305,5
transformer,113,79,0.17948553434895628,0.031550642944169094,0.002784572729005727,0.003768339517789539,5
transformer,113,81,0.2038703310912639,0.0275673250441382,0.0028353660791909535,0.00400346646828672,5
transformer,113,84,0.24368063810090926,0.022307623268120625,0.0028669394863966836,0.0043523055468599695,5
transformer,113,86,0.2720840229983482,0.020137598261706826,0.002857518087827926,0.004550759359049094,5
transformer,113,89,0.3163922205209023,0.019677116907061486,0.002777796165553424,0.004768576164572009,5
transformer,113,92,0.36104316938489245,0.02168636012998888,0.0026338760411137425,0.004896163125053763,5
transformer,113,95,0.4040660035470342,0.024151905538522204,0.0024571112772209395,0.004924014257353635,5
transformer,113,98,0.4439749850910893,0.02622953520912323,0.002289524279984095,0.004874148426173778,5
transformer,113,101,0.4797705922979249,0.028002444765388813,0.002150271433698496,0.004793763859288653,5
transformer,113,104,0.5109672125351581,0.029419400682361176,0.002047299800502239,0.00469798725995249,5
transformer,113,107,0.5374312663081685,0.030312928359362598,0.001989534271546709,0.0045932315437401654,5
transformer,113,110,0.5593815445342275,0.030613490914976407,0.001975814549043412,0.004503799463262913,5
transformer,113,114,0.5824726424800547,0.03026178348231151,0.00198800124736138,0.004409176131938405,5
transformer,113,117,0.5958699564881214,0.0296486050652694,0.0020062021280726205,0.0043570230113286834,5
transformer,113,121,0.6095576141776707,0.028645996456994678,0.0020301475064590496,0.004307199395547913,5
transformer,113,125,0.6196311892985426,0.02760180727203386,0.0020594502867865333,0.004270780270270769,5
transformer,113,129,0.6270730403433579,0.026646794457030522,0.002090001727702355,0.004250097453519243,5
transformer,113,133,0.6325945581261514,0.025844953964752337,0.0021188407597644244,0.0042374638670078894,5
transformer,113,137,0.636738788855266,0.025193239524066553,0.002143503287404577,0.004230954798664295,5
transformer,113,141,0.6399030058101257,0.024671584837733216,0.002164622777103403,0.004227213839547818,5
transformer,113,146,0.642898362164202,0.024165511248762823,0.002184444543125272,0.00422528284863812,5
transformer,113,150,0.6447610369412119,0.023852971570825526,0.002196243185884333,0.0042250996429737545,5
transformer,113,155,0.6466412531951593,0.023550472262158558,0.0022082504344422466,0.004225260634427554,5
transformer,113,160,0.6481835668405826,0.02332092086302147,0.0022181160583441763,0.0042259509973306695,5
transformer,113,165,0.6495039948884758,0.02314496040347839,0.002226542475901172,0.004226973775029297,5
transformer,113,170,0.6506781988900726,0.023008831544360953,0.0022339375299025724,0.004228409025713721,5
transformer,113,176,0.6519638680467341,0.022883656938778744,0.002241681627871482,0.004230351951392106,5
transformer,113,181,0.6529678709228601,0.022803926298198225,0.0022477466256409532,0.0042317379675425645,5
transformer,113,187,0.6541227414954313,0.022729517615284692,0.00225489768961724,0.004232886808005446,5
transformer,113,193,0.6552427037463741,0.022674412239468044,0.002261931081332803,0.004233684566286715,5
transformer,113,199,0.6563429394262552,0.022634011497409668,0.002268920237428066,0.004234134589164941,5
transformer,113,205,0.657430872140842,0.022605640503245348,0.0022757947438875625,0.0042343136796199115,5
transformer,113,211,0.6585103945171127,0.02258770975273695,0.0022825087642269156,0.004234414610957374,5
transformer,113,218,0.6597633700085295,0.022578171595365133,0.0022902905768456784,0.004234329974740939,5
transformer,113,225,0.6610129593531437,0.02257931965670373,0.0022979177892334065,0.004234060829415559,5
transformer,113,232,0.6622605502322986,0.022589787645326997,0.002305440143615184,0.004233600062881115,5
transformer,113,239,0.6635072241456603,0.022608113176813705,0.002312915846229362,0.004233001631815604,5
transformer,113,247,0.6649312582554179,0.022638425961388795,0.002321271745300475,0.004232052789491731,5
transformer,113,255,0.6663544268003044,0.022677694156545584,0.002329362244153001,0.004230921472351598,5
transformer,113,263,0.6677779573595914,0.022724373631196903,0.0023374048630910764,0.004229575202848371,5
transformer,113,271,0.6692017074990702,0.022777334871398762,0.0023454269728824385,0.004228027873528058,5
transformer,113,279,0.6706246169698531,0.0228353635550947,0.0023534105985543365,0.004226350568865425,5
transformer,113,288,0.6722240540606824,0.022905899548000805,0.0023622103197761747,0.0042242911258784386,5
transformer,113,297,0.6738215316210895,0.022980768315567095,0.002370813075094341,0.004221983220633347,5
transformer,113,307,0.6755934490951898,0.023069315303469205,0.002380048615265944,0.004219142760739629,5
transformer,113,316,0.6771842508936216,0.02315331512848734,0.0023879147078391455,0.004216505598198383,5
transformer,113,326,0.6789461556677225,0.023251550352917774,0.0023961368623681414,0.0042132992471064805,5
transformer,113,336,0.6807021818385398,0.023354272425738645,0.00240399190347727,0.004210087849662711,5
transformer,113,347,0.6826253156315707,0.023470990043943735,0.00241230700367523,0.004206419199618803,5
transformer,113,358,0.6845413712102442,0.023589760320873166,0.002420432860982233,0.004202570387310217,5
transformer,113,369,0.6864504915450036,0.023708885688037914,0.0024286373906132032,0.004198389047983214,5
transformer,113,381,0.6885242366473492,0.023839432743558694,0.0024380046716497086,0.004193498517473708,5
transformer,113,393,0.6905862674172657,0.023972394338333113,0.0024474621427840585,0.004188483730713196,5
transformer,113,405,0.6926365350731396,0.024107255708632834,0.0024567356638264862,0.00418300583252131,5
transformer,113,418,0.6948433161927816,0.02425506770471192,0.002466826542229952,0.004176771194663713,5
transformer,113,431,0.6970336161479248,0.024403279858009698,0.00247701158338151,0.004170491910493902,5
transformer,113,444,0.6992069571770567,0.024551241863502143,0.0024872831494224803,0.004164436843081993,5
transformer,113,458,0.7015285724121069,0.024710514859439574,0.0024986186017896587,0.004157811215530435,5
transformer,113,473,0.7039929866383822,0.0248819004767908,0.002510652631738155,0.004150451487383413,5
transformer,113,488,0.7064326156003558,0.025053310374776212,0.0025219711049252773,0.0041435709934390065,5
transformer,113,503,0.7088484705077456,0.025223702590528946,0.0025329881916868876,0.004136785235411975,5
transformer,113,519,0.7113998384656182,0.025403286581942276,0.002544462401236542,0.004129349020623651,5
transformer,113,535,0.7139227764271348,0.025582733569155212,0.0025560236592491988,0.004121541164250576,5
transformer,113,552,0.7165735029790665,0.025771522031560898,0.0025685731630666546,0.004112924785121434,5
transformer,113,569,0.7191918829465911,0.025957403732493986,0.0025806741078851217,0.004104466223155251,5
transformer,113,587,0.7219317303922926,0.026150798413628183,0.0025929455627081736,0.004095746328285399,5
transformer,113,606,0.7247864172804327,0.026350845065364226,0.002605753839184879,0.004085971126468134,5
transformer,113,625,0.727603815956769,0.02654327241999794,0.0026186536687080215,0.00407556460877901,5
transformer,113,644,0.7303821115694792,0.02673100663662706,0.0026314529414318438,0.004064969932555656,5
transformer,113,665,0.733406900074759,0.026931684960643507,0.0026450514316253356,0.00405313148577402,5
transformer,113,685,0.7362448402313831,0.02711500396305806,0.002657734938208999,0.004042736615320835,5
transformer,113,707,0.7393166994644019,0.02731418092770223,0.0026712014768537112,0.004031200153827687,5
transformer,113,729,0.7423383714334928,0.027509333404128727,0.002684491014806654,0.004019016095561678,5
transformer,113,752,0.7454420523339824,0.027709529052705854,0.0026988292036691126,0.004005829835490958,5
transformer,113,776,0.7486214504181324,0.02791337548152234,0.0027142837795194477,0.003991532834642116,5
transformer,113,800,0.7517435449802126,0.028109825530988772,0.0027292229032268096,0.003977277376822909,5
transformer,113,825,0.7549325064620798,0.0283058297286801,0.0027438889434963686,0.003962150439312697,5
transformer,113,851,0.7581829322647727,0.028502053085375165,0.002758012897027598,0.003945713373651986,5
transformer,113,878,0.7614904633620088,0.028696861171159955,0.0027722959454469787,0.003929107921100544,5
transformer,113,906,0.7648465284786244,0.028893253015345267,0.0027863673239029913,0.003911578524837357,5
transformer,113,934,0.7681269479365272,0.029084150356877978,0.002799364143650537,0.0038930797415340644,5
transformer,113,963,0.7714495998065659,0.029274116769355076,0.0028118260498519,0.003872791804754344,5
transformer,113,994,0.7749182976609289,0.029467327229176672,0.0028239858324541544,0.0038507100180265466,5
transformer,113,1025,0.778302090623759,0.029653418897746555,0.0028351265164266175,0.0038273818045712073,5
transformer,113,1057,0.7817041889726244,0.029838930639080385,0.0028464130204799414,0.0038016352832207344,5
transformer,113,1090,0.7851208432561627,0.03002146304629323,0.0028577758461625184,0.0037747254091575907,5
transformer,113,1125,0.7886423782313093,0.030208621178584468,0.0028687031618725516,0.003744999908390348,5
transformer,113,1160,0.7920631442059579,0.030387526687134136,0.0028791598285863662,0.003714657971124469,5
transformer,113,1197,0.7955771905442063,0.03056724522759373,0.0028898353624158017,0.0036820468919257126,5
transformer,113,1234,0.7989893008349694,0.030732621642285865,0.002899656873136934,0.003647528381020932,5
transformer,113,1273,0.8024790238106835,0.030893129596533796,0.002909935589188779,0.003609977733952305,5
transformer,113,1313,0.8059419805021198,0.03104519051797152,0.0029197231069890426,0.0035701986928594986,5
transformer,113,1354,0.809377045551652,0.031189167288315015,0.0029299963678762063,0.003528725878852075,5
transformer,113,1397,0.8128581569970212,0.03132731463863438,0.0029418648467318793,0.0034850992798258927,5
transformer,113,1441,0.8162963241065334,0.03145742497103236,0.0029543168670027966,0.003440708115977225,5
transformer,113,1486,0.8196850422137544,0.03157776558021941,0.0029669131820587225,0.0033944672140211003,5
transformer,113,1533,0.8230908600206626,0.03169211675580526,0.002980202369771082,0.003347049251177256,5
transformer,113,1581,0.8264378866968132,0.031795163071865265,0.002993898034476565,0.003300069724736033,5
transformer,113,1631,0.8297873683782647,0.03188911928348146,0.0030081779256421488,0.0032518077142260414,5
transformer,113,1682,0.8330688832207581,0.03196787744042544,0.0030235374020995956,0.0032025960166932837,5
transformer,113,1735,0.8363383554580786,0.03203293457654691,0.003039890209071682,0.0031512520059519553,5
transformer,113,1789,0.8395259303884007,0.03208467430138446,0.0030566068505361735,0.0031001146807463614,5
transformer,113,1845,0.842694609512726,0.03211859173255539,0.00307319089762327,0.003047921242460306,5
transformer,113,1903,0.8458367936705337,0.032132073142285535,0.003088944002067991,0.0029937060495938118,5
transformer,113,1963,0.848944482848401,0.032124687868093006,0.0031041481234414378,0.0029388547036276118,5
transformer,113,2025,0.8520131549787667,0.03209323530671149,0.0031180038165374425,0.0028838088620547564,5
transformer,113,2089,0.8550369429297777,0.03203264088160847,0.0031322799219148205,0.0028278532280374747,5
transformer,113,2154,0.8579674588013765,0.03194553342766109,0.003145128975918894,0.0027709934009541096,5
transformer,113,2222,0.8608870277854497,0.03184199700625937,0.003157047483936435,0.0027122848951803384,5
transformer,113,2292,0.8637490775440341,0.03171346473421843,0.003168074757713623,0.0026535539996293974,5
transformer,113,2364,0.8665517294023711,0.03155951905794709,0.003179434166078552,0.0025939301617071125,5
transformer,113,2438,0.8692852641062064,0.03138401904875677,0.003191755656590319,0.0025330096364818895,5
transformer,113,2515,0.8719806218635997,0.031183626077388938,0.0032044696213167608,0.002470065333424133,5
transformer,113,2594,0.8745993916281865,0.030960820537841664,0.0032165003441818442,0.002405938734119745,5
transformer,113,2675,0.8771389146942996,0.03071740349539672,0.003227774183595311,0.0023396819591972695,5
transformer,113,2759,0.8796249100813853,0.030447369641302267,0.003237156425270251,0.002271927117023602,5
transformer,113,2846,0.8820530850559394,0.030154932530771478,0.0032464622937398687,0.0022054109463231666,5
transformer,113,2936,0.884420014311687,0.029840695819957585,0.0032542305128536323,0.0021387622296296246,5
transformer,113,3028,0.8867007068393569,0.029500157400278275,0.003261441916605922,0.0020739300541743476,5
transformer,113,3123,0.8889147837715596,0.029134963635983314,0.0032678875578163293,0.0020116539178498395,5
transformer,113,3221,0.8910554644437194,0.028750140623248155,0.003271800896008731,0.0019516449865960503,5
transformer,113,3323,0.8931368339723148,0.028345683719986685,0.0032733820265424137,0.0018942638606892174,5
transformer,113,3427,0.8951174925561618,0.02793092614649121,0.003272100241084872,0.0018411855869686431,5
transformer,113,3535,0.897035158616796,0.02750241250448453,0.003270404754271142,0.0017917183750373836,5
transformer,113,3646,0.8988712936927298,0.027066239999947048,0.0032693201770750023,0.0017471985363234062,5
transformer,113,3760,0.900623580761633,0.026633270750225473,0.0032670437431607615,0.001708383560581625,5
transformer,113,3879,0.9023137792918087,0.026208204884893314,0.003262617600990858,0.0016759744972903716,5
transformer,113,4000,0.9038985879486494,0.0258081649340091,0.0032578456327889355,0.001648951194325843,5
transformer,113,4126,0.9054244186856456,0.025425167587268174,0.003253357643234507,0.0016286354972097888,5
transformer,113,4256,0.9068805660643816,0.025071444373742383,0.0032484889127171552,0.0016136522840066757,5
transformer,113,4390,0.9082655216885487,0.024758639078720696,0.0032438297233828477,0.0016050689405372534,5
transformer,113,4528,0.9095864007452761,0.024490815300823626,0.0032404808681806797,0.0016019206655219164,5
transformer,113,4670,0.9108542482503974,0.02426621281688504,0.0032372309695137,0.001601507155917083,5
transformer,113,4817,0.9120814565579783,0.024081191740053392,0.0032333644847459394,0.0016056404230628898,5
transformer,113,4968,0.9132641997998207,0.023940038597963037,0.003230732173971744,0.0016127917512247674,5
transformer,113,5124,0.9144204869616306,0.023843317241492523,0.003228228267206917,0.0016235732108935092,5
transformer,113,5285,0.9155500847027636,0.023790944890189968,0.003226488788473334,0.0016353780720256678,5
transformer,113,5452,0.9166634911334655,0.02378289427930584,0.0032249104661873753,0.0016479565180544263,5
transformer,113,5623,0.9177518188006599,0.023815512190787907,0.0032249240772175545,0.0016617646499275634,5
transformer,113,5800,0.9188343349518645,0.023888383739098323,0.0032266923154463346,0.001677377986026345,5
transformer,113,5982,0.9198993798183899,0.024006281508106922,0.0032292861785327047,0.0016932748316632737,5
transformer,113,6170,0.9209560274680207,0.024165902374362547,0.0032310951442864775,0.0017086392091677795,5
transformer,113,6364,0.9220104364083312,0.024354195277083126,0.0032327028233971795,0.0017241529879378464,5
transformer,113,6564,0.923051145335096,0.024574476570106075,0.0032334329517630885,0.0017403074536056144,5
transformer,113,6770,0.9240768909433456,0.024821991931350425,0.003234213986001609,0.001756528155360971,5
transformer,113,6983,0.9250899936802595,0.025092915665891568,0.003235101857465947,0.0017725037236946094,5
transformer,113,7203,0.9260883643864986,0.025383412437120362,0.0032378551107903456,0.0017880931113066747,5
transformer,113,7429,0.9270502991035965,0.02570283501876966,0.00324225549154325,0.0018024342367138429,5
transformer,113,7662,0.9279853076276803,0.02603786549465572,0.0032479039528619897,0.0018157890982526358,5
transformer,113,7903,0.9288991641604939,0.026380206568246307,0.0032540467821749255,0.0018278845868922242,5
transformer,113,8152,0.9297789810251362,0.026733295960755132,0.0032614749070844886,0.0018401355415969395,5
transformer,113,8408,0.9306280662802602,0.027074896170260213,0.0032684945090283267,0.0018519779118252736,5
transformer,113,8672,0.9314391391939918,0.027421132135601656,0.0032760105284498344,0.0018625962603824888,5
transformer,113,8945,0.9322122560633129,0.027762803421099984,0.0032838239572788247,0.0018703913963364007,5
transformer,113,9226,0.9329338413630364,0.02811519752080893,0.003292566885399819,0.001876810380096222,5
transformer,113,9516,0.9336087813841164,0.028454859118532884,0.0032997863084147303,0.00188276295821705,5
transformer,113,9815,0.9342518379201925,0.028778702815117893,0.0033038070007834625,0.001891867414220405,5
transformer,113,10124,0.9348359920478794,0.02909925814723465,0.003309512478431539,0.0019026707166309466,5
transformer,113,10442,0.9353565147083348,0.029449116193159233,0.0033142471287546634,0.0019110139919235503,5
transformer,113,10770,0.9357989591265701,0.02985496010294777,0.0033203759553316,0.0019222370238764492,5
transformer,113,11109,0.9361828720493899,0.030290553920420165,0.0033266309020016788,0.0019304824916887334,5
transformer,113,11458,0.9364937280947128,0.030781319499203433,0.0033328201497433776,0.0019430648176117322,5
transformer,113,11818,0.9367161850910593,0.031373717958600306,0.0033347347350147815,0.0019556989488878217,5
transformer,113,12189,0.9368647857868879,0.032071885460132135,0.0033390510893936505,0.0019711167877406455,5
transformer,113,12572,0.9369015781693679,0.03292001626966568,0.0033451223028542684,0.0019982404725660988,5
transformer,113,12968,0.9369065111899161,0.03388900355512557,0.0033525026941048433,0.0020101004867181123,5
transformer,113,13375,0.9368843149738082,0.03505625634681557,0.0033659161004481663,0.0020362746551314285,5
transformer,113,13796,0.9368728429323301,0.03618255780660062,0.0033863521029049853,0.0020616807268006294,5
transformer,113,14229,0.9366887719367796,0.03762944389510024,0.003411176173613076,0.0020879603586762994,5
transformer,113,14677,0.9360003116266296,0.039942404291056534,0.0034306143809030897,0.0020982484728279543,5
transformer,113,15138,0.9328331360264286,0.04626135090865838,0.0034321653722756335,0.0021587875149290925,5
transformer,113,15614,0.9318654969744505,0.04596516551407705,0.0030519280943700792,0.0016688907530392721,5
transformer,113,16104,0.9238060881770374,0.033570941071498044,0.0030825973562265937,0.001713119849400458,5
transformer,113,16611,0.9311340556867871,0.03465114900544474,0.003095761326194234,0.001635146292819725,5
transformer,113,17133,0.935770706704972,0.03471564174468441,0.003081892928449498,0.00160242777528414,5
transformer,113,17671,0.938644379330286,0.034459188036851905,0.0030517897823231026,0.0016094695690261854,5
transformer,113,18227,0.9402519683582822,0.03418056563412328,0.00301721688862221,0.0015774132786918885,5
transformer,113,18800,0.9401893159173781,0.034448772452181094,0.0029352333257150268,0.0015138807240282755,5
transformer,113,19391,0.937724666514171,0.03624746372447956,0.0027997017330288433,0.0014566241826335566,5
transformer,113,20000,0.9324273332452082,0.04030704234165536,0.0026344386385652413,0.0014261718078954272,5
lstm,79,1,-0.012577074534724269,0.013555627524607297,-0.0007559231343667492,0.004629785221841097,5
lstm,79,2,-0.012000910422476566,0.013686314575604876,-0.000738893980843453,0.004630888714744618,5
lstm,79,3,-0.011476563034924416,0.01378551630606209,-0.0007058643179626541,0.004651070752592048,5
lstm,79,4,-0.011028419422125868,0.01387552039773034,-0.0006560636573815812,0.004672875254187521,5
lstm,79,5,-0.010639913417614156,0.013955006428876975,-0.0005869742820275967,0.004687677608006129,5
lstm,79,6,-0.010299319456656249,0.014027701826474571,-0.0004972497208969374,0.004692599628295961,5
lstm,79,7,-0.010006476236808901,0.01409588139524093,-0.000387294064576904,0.0046871191569398726,5
lstm,79,8,-0.009762162979369167,0.014156908643204897,-0.0002579546704659362,0.004670379162718667,5
lstm,79,9,-0.00956764057938805,0.014208144475027744,-0.00010962109425552286,0.004641769936174883,5
lstm,79,10,-0.009418247550519492,0.014251513713628964,5.760626782876639e-05,0.004602047376498045,5
lstm,79,11,-0.009303235670890761,0.014292462162301813,0.000242152795889747,0.004552546267391834,5
lstm,79,12,-0.009208214333103608,0.014338407689223018,0.0004397200871283407,0.004494332310907371,5
lstm,79,13,-0.00911519153686763,0.014393534397192124,0.0006444763664551112,0.004428182990559884,5
lstm,79,14,-0.009006891478963785,0.014454045751306585,0.0008498465627848152,0.004355559586762301,5
lstm,79,15,-0.008871080161969244,0.014512096480298841,0.0010484086554138439,0.0042785438607097865,5
lstm,79,16,-0.008699448150511288,0.014560994361512258,0.0012325702541356094,0.004198952680428788,5
lstm,79,17,-0.008486147941564583,0.014595745742740187,0.0013957585620888106,0.004117926873405259,5
lstm,79,18,-0.008228163008394544,0.01461234489628078,0.001532950642122443,0.004036168935935844,5
lstm,79,19,-0.00792641708564594,0.014607692801572135,0.0016411235114511247,0.0039542602592121555,5
lstm,79,20,-0.007585806330774209,0.01458071048374016,0.0017192812293414822,0.0038729844496340083,5
lstm,79,21,-0.007212597650035015,0.014533258477854983,0.001768211482305606,0.003793344013471444,5
lstm,79,22,-0.006811676670601843,0.014470146182329944,0.0017901027766963815,0.003716313955428682,5
lstm,79,23,-0.006385305957000785,0.014396398735046265,0.0017881809487422275,0.0036424826344666826,5
lstm,79,24,-0.005932902985294715,0.014314601312083968,0.0017663768510177713,0.0035718909729538515,5
lstm,79,25,-0.005451923721638632,0.014224872397770144,0.0017289781227957455,0.003504156072660945,5
lstm,79,26,-0.004939781750273607,0.014126187197877485,0.0016801047044620165,0.003438535905254927,5
lstm,79,27,-0.004395910799762944,0.014017859818352258,0.001623329999868494,0.0033738597828054597,5
lstm,79,28,-0.0038221095364327864,0.013899771963920012,0.0015615250916540004,0.00330857648897421,5
lstm,79,29,-0.003221551383147743,0.013772062838358409,0.0014966670320360168,0.003241026442130258,5
lstm,79,30,-0.0025978499859215325,0.013635552927620708,0.0014299142068025694,0.0031698701086015227,5
lstm,79,31,-0.0019548657291364228,0.013492446111037766,0.0013618379998665926,0.0030943842810657817,5
lstm,79,32,-0.0012966099215958047,0.013346585071433036,0.0012926900969358942,0.0030145160879237773,5
lstm,79,33,-0.0006270982982726019,0.013202512507950341,0.0012226035642433771,0.0029307243555318123,5
lstm,79,34,4.98402989792535e-05,0.013064095856119678,0.001151586921700483,0.002843835160691065,5
lstm,79,35,0.0007309176052195789,0.012933740904862228,0.0010794828497517946,0.0027549604109039123,5
lstm,79,36,0.0014134150427397218,0.012812332193323726,0.001005946593218069,0.0026655286953510024,5
lstm,79,37,0.0020951164934224784,0.012699316508837702,0.0009305087539827398,0.002577352166529823,5
lstm,79,39,0.003446973283355586,0.012493773338480152,0.0007717991117440649,0.0024142596321402024,5
lstm,79,40,0.004112144834838181,0.012400196415425946,0.0006875437603332097,0.002344967064198192,5
lstm,79,41,0.004767195691853456,0.012313631935636803,0.0005996184248640991,0.0022875781935349855,5
lstm,79,42,0.005410606286888356,0.012235999424455664,0.0005079528977037305,0.0022445899159825268,5
lstm,79,44,0.00665908262298554,0.01212441766965011,0.0003145835705695136,0.00221038491076777,5
lstm,79,45,0.0072595992041449035,0.012102165903598897,0.00021421911426086122,0.0022224345282850196,5
lstm,79,46,0.007838650784969427,0.012111187927881134,0.0001129261296084939,0.0022545553266116697,5
lstm,79,48,0.008910247792437296,0.012244608542248153,-8.429818460456099e-05,0.002375089004047335,5
lstm,79,49,0.009393552179950183,0.012373234282046178,-0.0001749558580537829,0.002459441384217587,5
lstm,79,51,0.010248593834549626,0.012756127955012173,-0.00032640668036756497,0.002658883360775441,5
lstm,79,53,0.01096685636120186,0.013309419962951196,-0.00042320999932563507,0.002871646991881501,5
lstm,79,54,0.011277977405035722,0.013642763807101024,-0.0004489029511416789,0.002974411545473743,5
lstm,79,56,0.01179555706452006,0.014370999696975712,-0.00045964174245354444,0.003161847876066613,5
lstm,79,58,0.012143480365614929,0.015084748870060647,-0.0004314938349045851,0.003317842686606192,5
lstm,79,59,0.012240013257985408,0.015403389275706988,-0.0004097292477704682,0.0033823567865991526,5
lstm,79,61,0.012259088672051619,0.01591468511096864,-0.0003596950765271374,0.0034825465882933264,5
lstm,79,63,0.012042963077781254,0.01621020366339192,-0.0003031852313202188,0.0035442302331648817,5
lstm,79,65,0.011621628696271199,0.0162718241935491,-0.00023685897175543458,0.003572306056593602,5
lstm,79,67,0.01105468249432268,0.016135309972006042,-0.00015416822522702637,0.0035785626976690605,5
lstm,79,69,0.010415296673371639,0.015875915777650386,-4.858581292605758e-05,0.0035774081539476895,5
lstm,79,72,0.00948292615543495,0.015427627960775885,0.0001555145649810667,0.0035786074163579556,5
lstm,79,74,0.008981449635744942,0.015150755524126194,0.0003135582264430771,0.0035803006838165045,5
lstm,79,76,0.008653988457458565,0.0148859237789112,0.00047363599790411224,0.0035800595705990546,5
lstm,79,79,0.008612520061917008,0.014454594286564692,0.0006767806222470794,0.003579066021844274,5
lstm,79,81,0.008930963255580833,0.014114898763259883,0.0007626709259408752,0.0035825697602538497,5
lstm,79,84,0.009914540605652208,0.013522333110131285,0.0007960271106428711,0.003604429403700203,5
lstm,79,86,0.010856313160014508,0.01309353322885001,0.0007580309475514446,0.00363851454554686,5
lstm,79,89,0.012568949010496738,0.012441935467393837,0.0006345562915583654,0.0037303966484710173,5
lstm,79,92,0.01447922116587915,0.011816552551684834,0.00046816448245558045,0.0038674648358518,5
lstm,79,95,0.01647666920418065,0.011220730227254854,0.00030348154161123874,0.004028232066037352,5
lstm,79,98,0.018567726663141732,0.010600283170479313,0.00017787571135521144,0.004181776616202492,5
lstm,79,101,0.02084386045183581,0.009885415327668037,0.00010898277477073298,0.00429768663678748,5
lstm,79,104,0.023428293406657648,0.009015584877347226,9.963212050481916e-05,0.0043629246518207526,5
lstm,79,107,0.02644953785883179,0.007957005525724519,0.0001447089850961692,0.004391240177019103,5
lstm,79,110,0.030037789331195597,0.006760219898538279,0.00023651927518922536,0.004412866971071633,5
lstm,79,114,0.035923851165269485,0.0055503699532443804,0.00042145452409711616,0.004472048477035693,5
lstm,79,117,0.04133166037669429,0.006098609889362315,0.0006001595124309785,0.004544240743311383,5
lstm,79,121,0.050087950491472376,0.009874276030263533,0.0008826636176045727,0.004655914233183964,5
lstm,79,125,0.0607819646175495,0.01638017620531921,0.0011954715225757993,0.00476423804873672,5
lstm,79,129,0.07351542662743743,0.025106639581397566,0.0015063010229979296,0.004882238808104296,5
lstm,79,133,0.08830731683275354,0.03585180726526776,0.0017897187267501113,0.005031829039455406,5
lstm,79,137,0.10510214804016582,0.04831652733715007,0.002025523073856835,0.005190100709044606,5
lstm,79,141,0.12383534054987136,0.06218208286106892,0.002200482147866874,0.005303949750963651,5
lstm,79,146,0.14978656868527435,0.08103704252030372,0.002335680653353281,0.005340079259131085,5
lstm,79,150,0.17222863230726215,0.09691995398927199,0.0023897756093963713,0.005303666024836041,5
lstm,79,155,0.201674986985192,0.11700123353115136,0.002403037110329868,0.005234046737348918,5
lstm,79,160,0.23176391453370632,0.13630514814254116,0.0023650285692293064,0.005191091469548241,5
lstm,79,165,0.26160468548640303,0.15378541056736192,0.002280558128693321,0.005204919240773307,5
lstm,79,170,0.29052363064837594,0.1685336541801055,0.0021511682299017684,0.00525579796463176,5
lstm,79,176,0.32328487543051104,0.18158961144646646,0.0019496818443391667,0.0052977810730393945,5
lstm,79,181,0.34853585771112955,0.18823841048955492,0.001772228522437761,0.0052956622206059845,5
lstm,79,187,0.37610073547713585,0.1915746839320426,0.001587303484206249,0.005245346484439571,5
lstm,79,193,0.40066795596856275,0.1909114603745091,0.0014457884880000088,0.005156279842394446,5
lstm,79,199,0.4224989367826167,0.18759606863837328,0.0013310289459367679,0.005065303020950156,5
lstm,79,205,0.4419102633368496,0.18281122010346773,0.0012246047108121385,0.00499489479681806,5
lstm,79,211,0.4591840106081241,0.17728159312698122,0.0011063358531358393,0.0049539083333337616,5
lstm,79,218,0.4769253015516471,0.17045336686638005,0.0009491085787229561,0.004950456403778945,5
lstm,79,225,0.4923451956183274,0.16362823069913715,0.0008027819046699383,0.004986488780163766,5
lstm,79,232,0.5057206387004032,0.15706596747962165,0.0006922286589976243,0.005042610329023074,5
lstm,79,239,0.5172869388207623,0.15095404706177262,0.0006119817046258932,0.005107980058419855,5
lstm,79,247,0.5284770035132219,0.14468777917240694,0.0005443814278270531,0.0051853091363623085,5
lstm,79,255,0.5377117366585514,0.1393062870352565,0.0005052836126607228,0.005260816625464694,5
lstm,79,263,0.5453112771614623,0.13474429893500192,0.0004912797660870466,0.005330311987055178,5
lstm,79,271,0.5516313563611851,0.1308540701361851,0.0004909847810850928,0.005393046060709544,5
lstm,79,279,0.5569715346084185,0.12753278316336233,0.0004932977715452912,0.005446609581363599,5
lstm,79,288,0.5620761378081165,0.12439656973427439,0.000491707786748099,0.005492992206988748,5
lstm,79,297,0.5664520273389162,0.12179855630514956,0.0004849775438350008,0.005528242414525375,5
lstm,79,307,0.5706839115578012,0.1194251250966618,0.00047356374762023664,0.005561745147036713,5
lstm,79,316,0.5740698251249,0.11764667740378766,0.0004608139108234433,0.005589321055677568,5
lstm,79,326,0.5774757440425019,0.11597957431817492,0.0004436797525346245,0.005615723956993844,5
lstm,79,336,0.5805845545381797,0.11456153271633833,0.0004237098198763336,0.005637661847389244,5
lstm,79,347,0.5837263210915593,0.11322117813753427,0.0003999973020104946,0.005656427781891038,5
lstm,79,358,0.5866274509574172,0.11205505138460153,0.00037598683700434726,0.005670046142239293,5
lstm,79,369,0.5893300921773219,0.11102394235781668,0.0003520015013739117,0.005679484764708795,5
lstm,79,381,0.5920883458664368,0.11002613016965439,0.0003263006913065027,0.005685718279248536,5
lstm,79,393,0.594679455665718,0.1091362390912266,0.00030132391600247427,0.005688819680278223,5
lstm,79,405,0.5971285130528458,0.10833623741589066,0.00027689765715565933,0.005689003493269979,5
lstm,79,418,0.5996441162962756,0.10755357037298223,0.0002511925662068572,0.005686330942703781,5
lstm,79,431,0.6020360808905749,0.10684620756630248,0.00022625552264030259,0.005681199165761385,5
lstm,79,444,0.6043223522572523,0.10620266534904119,0.00020174515567812756,0.005674056131506982,5
lstm,79,458,0.6066814927880573,0.10557042462287564,0.00017595961367815362,0.005664643726348505,5
lstm,79,473,0.6091056241663784,0.10495370337289309,0.00014919615815459572,0.005653156249271125,5
lstm,79,488,0.6114362146116432,0.10439147477869502,0.00012297453048207754,0.005640500042451374,5
lstm,79,503,0.6136851457664106,0.10387681341225807,9.743909926240961e-05,0.0056271585065460735,5
lstm,79,519,0.616004591669317,0.10337342245041457,7.094430450032222e-05,0.005612357021651977,5
lstm,79,535,0.6182516646219842,0.10291055623893752,4.5258647230044834e-05,0.005597206075178126,5
lstm,79,552,0.6205692031467903,0.10245883187931029,1.884398913700406e-05,0.0055809192401782455,5
lstm,79,569,0.6228223480632349,0.10204239995571368,-6.544335582100991e-06,0.005564505256747789,5
lstm,79,587,0.6251455922067641,0.10163676510041858,-3.237288583916795e-05,0.005547271881043605,5
lstm,79,606,0.6275355338793596,0.101243167895354,-5.857184970449805e-05,0.005529349662377559,5
lstm,79,625,0.629868741290999,0.10088191766238852,-8.359265109809354e-05,0.005511529523699924,5
lstm,79,644,0.6321511996486799,0.10055027571920812,-0.00010735972194743301,0.00549395341934979,5
lstm,79,665,0.6346216731041305,0.10021398873573466,-0.00013232568900223667,0.005474711947989478,5
lstm,79,685,0.6369278195326891,0.09992106528537723,-0.00015471306390164863,0.00545650512528149,5
lstm,79,707,0.6394178740402303,0.09962617585297048,-0.0001777674306333129,0.005436706158820381,5
lstm,79,729,0.6418639718948876,0.0993569730002854,-0.00019912664317069516,0.0054173012949577,5
lstm,79,752,0.6443782310692316,0.09909888829152257,-0.0002195864903100201,0.005397472942148113,5
lstm,79,776,0.6469581996646475,0.09885337635808564,-0.0002388035461970795,0.005377310167664433,5
lstm,79,800,0.649497383065445,0.09862858680640846,-0.0002558602085496433,0.0053578915449435755,5
lstm,79,825,0.6521006037630566,0.09841467097772524,-0.00027145538513268007,0.005338431714098781,5
lstm,79,851,0.6547662938755491,0.09821085515656416,-0.0002855100541020285,0.005319070468845985,5
lstm,79,878,0.6574911050341516,0.09801628303923132,-0.0002979770535707563,0.005299797833100445,5
lstm,79,906,0.6602720463250961,0.09783069322824521,-0.0003089023940103642,0.005280747226037874,5
lstm,79,934,0.663008300992067,0.09765917700067056,-0.0003180425830273505,0.005262449264937113,5
lstm,79,963,0.6657965707268501,0.09749411478715464,-0.0003259374101756349,0.005244041509984039,5
lstm,79,994,0.6687259934249855,0.09733020338271789,-0.00033284803192006485,0.005224725053428281,5
lstm,79,1025,0.6716034782073089,0.09717727738292746,-0.00033865538083683954,0.005205423712297847,5
lstm,79,1057,0.6745205718303533,0.09702918533812391,-0.0003436497399463001,0.005185427798961805,5
lstm,79,1090,0.6774735224166644,0.09688424040342143,-0.0003482464865180512,0.00516431602461361,5
lstm,79,1125,0.6805454775684034,0.09673741878987074,-0.00035254118609197185,0.0051414219963106175,5
lstm,79,1160,0.6835576916437995,0.09659557847216019,-0.00035652110132240196,0.005117923853160696,5
lstm,79,1197,0.6866788245157999,0.09644844839311104,-0.00036036287082229327,0.005092333889653986,5
lstm,79,1234,0.6897374573726638,0.09630197123153302,-0.00036388944448119615,0.00506606628094706,5
lstm,79,1273,0.6928952323310169,0.09614554788126284,-0.00036716161861015536,0.005037871346426723,5
lstm,79,1313,0.6960635656864141,0.09597960450668547,-0.0003701011052098316,0.005008586270028041,5
lstm,79,1354,0.6992380272629414,0.09580058467604738,-0.00037263461770664885,0.004978586094352774,5
lstm,79,1397,0.7024880560970589,0.09559857837978436,-0.0003748383636835795,0.004947362093203727,5
lstm,79,1441,0.705730723085151,0.09537417393812142,-0.0003765875361744438,0.004915988477342325,5
lstm,79,1486,0.7089617791489611,0.0951230851445314,-0.00037790346348178796,0.004884722384206019,5
lstm,79,1533,0.712245762427482,0.0948355109984294,-0.00037877181940768994,0.00485322440762896,5
lstm,79,1581,0.7155060670078053,0.09451323889944635,-0.00037927170348378976,0.004822615291982714,5
lstm,79,1631,0.7188044519496115,0.09414577247108749,-0.0003794239256804168,0.004792592860907307,5
lstm,79,1682,0.7220685239033211,0.09373733709064355,-0.000379378170304219,0.004764023127438177,5
lstm,79,1735,0.7253554211794306,0.0932775678828763,-0.00037914001597628386,0.004736698363852436,5
lstm,79,1789,0.7285955843491783,0.09277415643905124,-0.00037875316842440177,0.004711377955559297,5
lstm,79,1845,0.7318424990131179,0.09221639672045229,-0.0003781416370547344,0.0046876230319532405,5
lstm,79,1903,0.7350877092925765,0.09160153481803808,-0.0003771929481025895,0.004665643215344453,5
lstm,79,1963,0.7383208504338211,0.09092839857381693,-0.00037561812806742866,0.004645984687693341,5
lstm,79,2025,0.7415318895739651,0.09019546498451136,-0.0003728298373196371,0.004629317134278492,5
lstm,79,2089,0.7447121883117245,0.08940233780838547,-0.00036861231865055916,0.004615627038091492,5
lstm,79,2154,0.747806298875701,0.08856344771807464,-0.0003629348870925702,0.004604794581983235,5
lstm,79,2222,0.750900225519046,0.08765417177680256,-0.00035533170735288033,0.004596144342373249,5
lstm,79,2292,0.7539364035535898,0.0866895837126314,-0.0003454935688571205,0.0045893929079300405,5
lstm,79,2364,0.7569078586464126,0.08567380776132445,-0.000333249380243136,0.004583750150614089,5
lstm,79,2438,0.759810096964124,0.08461252274116716,-0.0003188691131410425,0.0045787011409950985,5
lstm,79,2515,0.7626769150407376,0.08349655900851463,-0.00030263411423010094,0.004573898449739949,5
lstm,79,2594,0.7654668501768505,0.08234477461952955,-0.00028527905733456585,0.004569408096769137,5
lstm,79,2675,0.7681777451449597,0.08115986250314935,-0.0002673284440505708,0.004565417380499697,5
lstm,79,2759,0.7708362837122105,0.07992839062445804,-0.00024868551076645746,0.004562339986425134,5
lstm,79,2846,0.7734344088271563,0.07865342456797635,-0.00022902357601620513,0.004560854784081706,5
lstm,79,2936,0.7759666852607713,0.07733968448048512,-0.0002079061256530337,0.004561436114826875,5
lstm,79,3028,0.7784033825381218,0.07600691004750222,-0.00018547285653809417,0.004564619103614813,5
lstm,79,3123,0.7807703398031964,0.07464505656780963,-0.00016176783940649516,0.0045707764290276315,5
lstm,79,3221,0.7830640517989528,0.07325676480314541,-0.00013712625025210783,0.004580087100435284,5
lstm,79,3323,0.7853013443983795,0.07183017830316482,-0.0001116070336983261,0.004592926589986206,5
lstm,79,3427,0.7874361319180924,0.07039598101422079,-8.612796405170001e-05,0.00460905903597064,5
lstm,79,3535,0.7895110691731331,0.06892932251469447,-6.070932038254942e-05,0.004628158931073471,5
lstm,79,3646,0.7915050719128756,0.06744966431407493,-3.578085078846382e-05,0.0046493864861806575,5
lstm,79,3760,0.7934085943365947,0.06597056620684852,-1.1445560035461961e-05,0.004671799223626479,5
lstm,79,3879,0.7952511134652603,0.064473873310701,1.2371829534055246e-05,0.004694568231088653,5
lstm,79,4000,0.7969894337507327,0.06299970509969768,3.494489305399251e-05,0.0047167568276370074,5
lstm,79,4126,0.7986649597551918,0.06151627427708005,5.6714573662776034e-05,0.004739408537250211,5
lstm,79,4256,0.8002543866011219,0.060046909552465284,7.763143472636659e-05,0.00476385494211514,5
lstm,79,4390,0.8017531512064922,0.058605937118282846,9.844220570856786e-05,0.0047912431866950975,5
lstm,79,4528,0.8031636717098477,0.057205596915554074,0.00012099288064522338,0.004822909922911458,5
lstm,79,4670,0.8044893727638055,0.05585791875393288,0.00014653345054409448,0.004859577648132564,5
lstm,79,4817,0.8057411398183414,0.054567875218114584,0.0001750967477300044,0.004901159749358103,5
lstm,79,4968,0.8069156849242868,0.05335664891772382,0.00020573274972597206,0.004945881701028477,5
lstm,79,5124,0.8080275601787955,0.052225831804854204,0.00023725307264186416,0.0049915048134031945,5
lstm,79,5285,0.809080415035897,0.05118904990738535,0.0002683768733102223,0.005035903647457157,5
lstm,79,5452,0.8100838960941914,0.05025459733425051,0.0002982526266271875,0.005078163292147444,5
lstm,79,5623,0.8110320301740759,0.04944466050774624,0.0003256770816255526,0.005117977695776425,5
lstm,79,5800,0.811944738128136,0.04875947149276538,0.000351039119234085,0.005156838950594971,5
lstm,79,5982,0.8128238163921857,0.04821337713853815,0.0003749119890561323,0.005193695651028254,5
lstm,79,6170,0.8136810437080803,0.04781246352081835,0.0003968885417497124,0.005227166886167718,5
lstm,79,6364,0.8145222755218541,0.0475665295748262,0.00041573948469546056,0.005257172307814429,5
lstm,79,6564,0.8153534603519651,0.04748022101519366,0.0004310104200131658,0.005283437935833748,5
lstm,79,6770,0.8161818655704529,0.0475523754835112,0.00044270702667636964,0.005304958434500227,5
lstm,79,6983,0.8170167706532938,0.047779402128780735,0.00045041311618475906,0.0053212614966385826,5
lstm,79,7203,0.8178620850520864,0.04815183428656435,0.00045321454559666514,0.0053317979894665765,5
lstm,79,7429,0.8187224668947957,0.04865296915970478,0.00045095312412460255,0.005335862927708593,5
lstm,79,7662,0.8196103713382786,0.049268609815049505,0.0004438687456486694,0.005333354564351773,5
lstm,79,7903,0.820536319288615,0.04998594555008449,0.0004320866545611101,0.005324792880853369,5
lstm,79,8152,0.8215031662364589,0.05078722387470001,0.00041571584822562585,0.00531098495390694,5
lstm,79,8408,0.8225034425759639,0.05165315575915103,0.0003947360699144264,0.005292475705460449,5
lstm,79,8672,0.8235389688650111,0.052573074912006044,0.0003682102688358927,0.005269693115916678,5
lstm,79,8945,0.82461375006707,0.053535706467020994,0.00033582430501107334,0.005244383235037969,5
lstm,79,9226,0.825720962179318,0.054522314659551,0.0002975656906252259,0.005217119614027526,5
lstm,79,9516,0.8268644821581805,0.055523251311333656,0.00025324314548468875,0.005188534797064112,5
lstm,79,9815,0.8280457052006198,0.0565272190888059,0.00020291988511034458,0.005160184459906281,5
lstm,79,10124,0.8292676552645324,0.057527571805574836,0.0001477207536428167,0.005133200309193447,5
lstm,79,10442,0.8305244702700403,0.05851660011823313,9.020423735059853e-05,0.00510838325059102,5
lstm,79,10770,0.8318273088007043,0.05948424349113244,3.0235946349068883e-05,0.005087114707287673,5
lstm,79,11109,0.8331851721770589,0.06042323306215841,-3.198005128369728e-05,0.005069874191401512,5
lstm,79,11458,0.8346041232205534,0.061319037269946176,-9.613837123322242e-05,0.005056798049397352,5
lstm,79,11818,0.8360952993038764,0.062175102982373755,-0.0001624996085507091,0.005047344734242664,5
lstm,79,12189,0.8376670673416615,0.0629895180994545,-0.00023300926185342957,0.005042809902511813,5
lstm,79,12572,0.8393393442111373,0.06376072288414879,-0.00030684963250709985,0.005041371835054516,5
lstm,79,12968,0.8411433754461475,0.06447747203752187,-0.0003826216152294226,0.00504144343009976,5
lstm,79,13375,0.8430805602714779,0.06513450747252784,-0.0004574791337308093,0.005040239557292746,5
lstm,79,13796,0.845189064339308,0.06572469787312216,-0.0005295925786622669,0.005037731044106493,5
lstm,79,14229,0.8474796729847679,0.06625288233277786,-0.000598389807260431,0.005033719498132953,5
lstm,79,14677,0.8500188786002459,0.06670971187683805,-0.000662663184498727,0.005027473284349931,5
lstm,79,15138,0.8528913994488908,0.06698624316528477,-0.0007234611263869824,0.005019880836573035,5
lstm,79,15614,0.8561321376339566,0.0670314781659332,-0.0007821220091468219,0.005011325407046074,5
lstm,79,16104,0.859721820711402,0.06694589420571233,-0.0008393120866424415,0.004998496695300096,5
lstm,79,16611,0.863685311636473,0.06678623669815825,-0.0008950119966912865,0.004977064706726871,5
lstm,79,17133,0.8680164833533259,0.06659079975854786,-0.0009467775451520926,0.004948768427018723,5
lstm,79,17671,0.8729177238822856,0.06579725901825696,-0.0010047624226995487,0.004900466019611432,5
lstm,79,18227,0.8782991626189102,0.0642557323758346,-0.0010755198163654733,0.004847191268109725,5
lstm,79,18800,0.883965224589445,0.06206478300514717,-0.001147491451151767,0.004783053361880087,5
lstm,79,19391,0.889609263735925,0.059634868629238606,-0.0012205109202756408,0.004719069893174142,5
lstm,79,20000,0.8949033396136705,0.057503088710264716,-0.0012863458895381887,0.004655043339398166,5
lstm,97,1,0.001039319780505192,0.024838556415125244,0.0014476692344160542,0.003009584928045751,5
lstm,97,2,0.0010168662360946247,0.024858475411836046,0.001477561400591169,0.002989223228677319,5
lstm,97,3,0.0010359486971921162,0.024841258139487656,0.0014979763285255996,0.002950439580661831,5
lstm,97,4,0.001088317608600918,0.024804413793379783,0.0015083236130220472,0.0029052745666891394,5
lstm,97,5,0.0011620249524250629,0.024757145145802354,0.0015109227111690228,0.0028580988224038797,5
lstm,97,6,0.001249722133306743,0.024700051852705133,0.001506748407070774,0.002807538775063076,5
lstm,97,7,0.001349023143566498,0.02462957517015567,0.0014948664457754368,0.002752439644297009,5
lstm,97,8,0.001457686999864234,0.024539223587664593,0.0014739460393514005,0.0026923630813198173,5
lstm,97,9,0.001574843984593724,0.024418922279645854,0.001443135883098926,0.0026277357759660696,5
lstm,97,10,0.0017029535469220661,0.02426060181306858,0.0014026890831271108,0.002559232315555718,5
lstm,97,11,0.0018493779575297626,0.024062775411832375,0.0013538593564965122,0.0024876277940961123,5
lstm,97,12,0.002021307725376566,0.02382837473385713,0.001298102443209705,0.0024142228246761847,5
lstm,97,13,0.0022225170848226465,0.023560862742535285,0.0012367880615749267,0.002341183870761783,5
lstm,97,14,0.002452207805634467,0.023266026085639244,0.0011714621449693831,0.0022715750022226345,5
lstm,97,15,0.0027092628473571424,0.022954272877496063,0.001104362145809471,0.002209126674497871,5
lstm,97,16,0.0029951297406482446,0.022638429642740477,0.0010384334508493826,0.002157504901393505,5
lstm,97,17,0.0033109299935834093,0.02233107834251155,0.0009769715747689237,0.0021196488386065245,5
lstm,97,18,0.0036558704555015907,0.022044225255838573,0.0009238440192810965,0.0020970654440357565,5
lstm,97,19,0.004027964121345944,0.021787733697338107,0.000883226794158163,0.002089243047770404,5
lstm,97,20,0.004424204813804296,0.021569418986952388,0.0008582154872323267,0.0020939041862242267,5
lstm,97,21,0.004839945340674241,0.021395072832573227,0.0008499157414290903,0.0021081864470355854,5
lstm,97,22,0.005268621336441573,0.02126710889123362,0.0008574949581102368,0.002129584377431119,5
lstm,97,23,0.005702253080534467,0.021183078933497277,0.0008787204999349951,0.0021558590068282463,5
lstm,97,24,0.006132760381115711,0.02113525843870973,0.0009106463996392079,0.002184917654417314,5
lstm,97,25,0.006553304533285459,0.021111148511828923,0.0009501585283726479,0.0022148120286787742,5
lstm,97,26,0.006959438551559939,0.021095662770858274,0.0009942253684992602,0.002243837948048546,5
lstm,97,27,0.007348839082443435,0.021074153446709706,0.001040005216938639,0.0022706035148201452,5
lstm,97,28,0.0077207545010092625,0.02103386310339819,0.0010849310078132196,0.0022938727455651753,5
lstm,97,29,0.008075578975775745,0.020964288393349066,0.0011268996365105862,0.002312453236266458,5
lstm,97,30,0.008414164005650811,0.02085713152654256,0.0011643390060860404,0.0023252933434785186,5
lstm,97,31,0.00873718359955582,0.02070637372282592,0.0011961483807712684,0.0023315555581352758,5
lstm,97,32,0.009045144695204026,0.02050839997523014,0.0012216276484975873,0.0023307199867044427,5
lstm,97,33,0.009338687219233,0.020261949531545517,0.0012404036621491553,0.002322593932887127,5
lstm,97,34,0.00961869344969853,0.019967962682836102,0.0012523802868233383,0.002307401785960603,5
lstm,97,35,0.009886125220275817,0.019629448063898318,0.0012576595069534544,0.002285820706961979,5
lstm,97,36,0.010141943691391672,0.01925119497004086,0.001256548988951163,0.002258903376358146,5
lstm,97,37,0.010386894007548785,0.01883929840990658,0.0012494832686799078,0.00222790110410815,5
lstm,97,39,0.010845881634978481,0.017942518013374792,0.0012191332311271505,0.00215898484194624,5
lstm,97,40,0.011060064430676513,0.017471629011901187,0.0011965523743789883,0.0021236328268418392,5
lstm,97,41,0.011264073886572504,0.01699457701175371,0.001169450076908556,0.0020891570422971423,5
lstm,97,42,0.011457923913095044,0.016517572260576395,0.0011381309293962169,0.002056480172632206,5
lstm,97,44,0.011814489871478318,0.015587428850725948,0.0010644693021084645,0.001999377393986467,5
lstm,97,45,0.011977759955275535,0.015145806229452023,0.0010233718186834985,0.0019753263979185856,5
lstm,97,46,0.012132457789866463,0.014727914891943793,0.0009807313915101792,0.0019535938720662634,5
lstm,97,48,0.01242187308151492,0.013991677336314436,0.0008952142613503532,0.0019129379771381679,5
lstm,97,49,0.01255859482457452,0.013687765386429433,0.0008535939246179429,0.0018916133181032858,5
lstm,97,51,0.01281937137580148,0.013232959390231037,0.0007731264697873037,0.0018407686364810664,5
lstm,97,53,0.013065367461689712,0.012996359973585824,0.0006969747769662724,0.0017695186214735344,5
lstm,97,54,0.013183887082743942,0.012961315024857506,0.0006614015129687539,0.0017238247293664803,5
lstm,97,56,0.01341263097230563,0.013053038801262235,0.0005993334154078044,0.0016135827042201253,5
lstm,97,58,0.013623953564087927,0.013336043316321647,0.0005546486756426658,0.0014872151541296286,5
lstm,97,59,0.013717134667265648,0.013531451910572825,0.000539861078446581,0.0014246715607820306,5
lstm,97,61,0.01385610652891826,0.013975878918568982,0.0005265193884946911,0.0013223034539276677,5
lstm,97,63,0.013900698109173121,0.014409744621325682,0.0005326033982542167,0.0012800311659457808,5
lstm,97,65,0.013828735595793853,0.014752108357080835,0.0005483351200107683,0.0013190734830499807,5
lstm,97,67,0.013651381792441733,0.014970509792728197,0.0005595843312569716,0.0014358801443531898,5
lstm,97,69,0.013422658861281628,0.015096357022511811,0.0005530105238590342,0.001611918504244948,5
lstm,97,72,0.01315000446073947,0.01528059364042798,0.0004932021877033399,0.0019476422446252908,5
lstm,97,74,0.01310641579394344,0.015495962472816052,0.00041558531559438645,0.002199498519561873,5
lstm,97,76,0.013213395208555726,0.015797237918160217,0.0003098614410862233,0.0024630506477344174,5
lstm,97,79,0.013656804381472968,0.01630145668091451,0.000112005554754715,0.0028643733731550628,5
lstm,97,81,0.01410824268911666,0.016578799965984426,-3.440361001693596e-05,0.0031260418565392796,5
lstm,97,84,0.01495385863594681,0.016799361014554287,-0.0002547912663584583,0.003496098021997576,5
lstm,97,86,0.01560811094166353,0.016787019240496526,-0.00039225870444683543,0.003720406057702976,5
lstm,97,89,0.01671843524998378,0.016505201524570433,-0.0005723452639370751,0.004012002410314631,5
lstm,97,92,0.018002934500985907,0.015897804729975103,-0.0007150586716694668,0.004241368020808923,5
lstm,97,95,0.019501016126570868,0.014992166757604708,-0.0008192781657752758,0.004401974672779814,5
lstm,97,98,0.02126644964858048,0.013867567219392125,-0.000886587513732944,0.004491965470456316,5
lstm,97,101,0.02336803334088724,0.01261648143090891,-0.0009173944498063625,0.004517738475121978,5
lstm,97,104,0.025909735633160902,0.011307014640600025,-0.0009135675007821455,0.0044905752299575965,5
lstm,97,107,0.029066696694251125,0.010010457122664563,-0.000880954262346713,0.004419222283531068,5
lstm,97,110,0.033104076548292546,0.008955969655859635,-0.0008265691302020749,0.004303887068194062,5
lstm,97,114,0.040439220723669025,0.009453208333084124,-0.0007347162637845118,0.0040700391972334085,5
lstm,97,117,0.04786254295117912,0.013131643998140645,-0.0006620095546587773,0.0038314923118401897,5
lstm,97,121,0.060965143565898564,0.023388222623026967,-0.000562824963195674,0.0034599260813628382,5
lstm,97,125,0.07831217076173025,0.039390503476687655,-0.00044838634794439004,0.003110165413152787,5
lstm,97,129,0.10006236360347305,0.06042293611467759,-0.00030892376548001933,0.0029019861044014546,5
lstm,97,133,0.12563982120825376,0.08497462296908258,-0.00015322569198754737,0.0029039055134224717,5
lstm,97,137,0.15394381269528085,0.11096409436999613,-1.4012084919160124e-06,0.0030597268592525814,5
lstm,97,141,0.1837979037635487,0.13641091051086332,0.0001263316512730614,0.0032594295846565514,5
lstm,97,146,0.22183319839348886,0.1652842069213644,0.00022565881350945305,0.0034579640697934857,5
lstm,97,150,0.25197659576786047,0.18499066177503262,0.00024909681145678585,0.00353119576637932,5
lstm,97,155,0.28850308569590466,0.20456370592112616,0.00024376955136162722,0.0035266552561091236,5
lstm,97,160,0.3231220482751686,0.21805004751508827,0.00024332780090421995,0.0034679786010643494,5
lstm,97,165,0.3554847247593152,0.22570591749788657,0.00025446213440133566,0.0033919311084342186,5
lstm,97,170,0.38567186982852897,0.22841144704159994,0.0002833012757132423,0.003333704754575588,5
lstm,97,176,0.4192788056592175,0.22679821892511876,0.00036064658702887956,0.003318119332562196,5
lstm,97,181,0.44525532815430785,0.22270008981956801,0.00046016948436976973,0.003329674747322327,5
lstm,97,187,0.47412712789199274,0.21563611200286392,0.0006084162318703505,0.003334156257356789,5
lstm,97,193,0.5006368860765813,0.20715256642451835,0.0007750055235959165,0.003311242415898345,5
lstm,97,199,0.5250047991356916,0.19794671641721626,0.0009490937656952008,0.0032686595270901625,5
lstm,97,205,0.5475065470133393,0.18845681889856292,0.0011172991927850067,0.0032222040918146086,5
lstm,97,211,0.5683673977385424,0.1789973557680611,0.0012489868542981948,0.0031513617191983663,5
lstm,97,218,0.5908215341079295,0.16844030707627078,0.001338361729885101,0.0030309017895887615,5
lstm,97,225,0.6114166882100246,0.15876946566176248,0.0013716712018575765,0.002896895346970799,5
lstm,97,232,0.6302480719316057,0.15019025113885798,0.0013674436328890995,0.002777169147936667,5
lstm,97,239,0.6472914859220168,0.14281034726166386,0.0013338395362267612,0.002675886989174933,5
lstm,97,247,0.6644538252200519,0.1357495020836152,0.0012681944573795004,0.002577670177501883,5
lstm,97,255,0.6791130507014707,0.12991232914426185,0.0011885871033532008,0.002492754583912821,5
lstm,97,263,0.6913760444252998,0.12511153291377292,0.0011026672590680937,0.0024295648426936015,5
lstm,97,271,0.7015019771469102,0.12116585364790507,0.0010203320876408756,0.002392511405886367,5
lstm,97,279,0.7098601179834424,0.11791410305871025,0.0009482386074395388,0.002370078791676625,5
lstm,97,288,0.7175929863151653,0.11485856228825767,0.0008796439933822498,0.002349131556257247,5
lstm,97,297,0.7239592697569079,0.11225826562614481,0.0008193919316534005,0.002329733763291995,5
lstm,97,307,0.7298334549692924,0.10979708232740823,0.0007571460919780984,0.0023105162527913533,5
lstm,97,316,0.7343179858376867,0.10788846005774615,0.000705262822651168,0.002294386997833005,5
lstm,97,326,0.7386362765470424,0.1060310588590706,0.0006529196746132592,0.0022770548583262345,5
lstm,97,336,0.7424054167535581,0.10437107450274365,0.000605033571441449,0.002261550105257564,5
lstm,97,347,0.7460537354509343,0.10271176758386007,0.0005565152534588799,0.0022469960553861373,5
lstm,97,358,0.7493009189741046,0.10119897904235586,0.00051109682690683,0.0022363882514269866,5
lstm,97,369,0.7522347626369145,0.09980851692611495,0.0004702502331175154,0.0022268501882064793,5
lstm,97,381,0.7551488903935305,0.09840935257058415,0.00043046566007492695,0.0022173056077434495,5
lstm,97,393,0.7578198939520996,0.0971142001864188,0.0003943882455731174,0.002209265720034105,5
lstm,97,405,0.7602896411900539,0.09590670611658474,0.00036127324276034883,0.0022025944820113917,5
lstm,97,418,0.7627756853084489,0.094684257341273,0.0003281347904847217,0.002196617353560343,5
lstm,97,431,0.765093887961269,0.09353739957503375,0.00029758089435362716,0.0021916693893181626,5
lstm,97,444,0.7672692276667221,0.09245476956085197,0.0002692925006864636,0.0021873323970543904,5
lstm,97,458,0.7694747674815037,0.09135114160121732,0.00024099195886191567,0.002183138837428688,5
lstm,97,473,0.7717027475529898,0.09022940151881884,0.00021274237347453066,0.002178861849254972,5
lstm,97,488,0.7738111878145421,0.08916154105643949,0.0001864011071590511,0.002174590961919832,5
lstm,97,503,0.7758160521359317,0.08814002665879216,0.00016180283336198414,0.0021701586440535632,5
lstm,97,519,0.7778557335823878,0.0870944340887496,0.00013720271790828575,0.0021653697545547914,5
lstm,97,535,0.7798056854065454,0.08608903245994577,0.00011428850011144359,0.0021604112351003,5
lstm,97,552,0.7817917689497985,0.08505922742878597,9.156894463514744e-05,0.0021550860932035543,5
lstm,97,569,0.7837000829218934,0.08406473393650134,7.040494694954026e-05,0.0021498295741791654,5
lstm,97,587,0.7856447870614695,0.08304625229059513,4.929976727456207e-05,0.002144407342679442,5
lstm,97,606,0.7876219853650992,0.08200661842380197,2.8340400693783454e-05,0.0021391022266980674,5
lstm,97,625,0.7895297013056229,0.08100088932768301,8.359570893126232e-06,0.0021344100662553855,5
lstm,97,644,0.791374512073657,0.08002654138464954,-1.0733286915553175e-05,0.0021301657276430962,5
lstm,97,665,0.793347245025702,0.07898314932753321,-3.092373025510645e-05,0.0021261299600047745,5
lstm,97,685,0.7951675826288863,0.07801894719448706,-4.942808783097432e-05,0.0021227903090033254,5
lstm,97,707,0.7971101753031933,0.0769879755551444,-6.896070797372915e-05,0.0021196981874103357,5
lstm,97,729,0.7989956681024678,0.0759847772147854,-8.777242737882402e-05,0.0021172315838936993,5
lstm,97,752,0.8009106814548929,0.07496272710144973,-0.00010665772051690823,0.0021153979456409277,5
lstm,97,776,0.8028531289714822,0.07392151078362821,-0.0001255070598091354,0.0021142228084860344,5
lstm,97,800,0.8047418129016034,0.07290473382928615,-0.00014360652740551383,0.002113956317919475,5
lstm,97,825,0.8066564663992553,0.0718686620055517,-0.00016161241355089809,0.0021145124790253643,5
lstm,97,851,0.808594040851923,0.07081437802826016,-0.00017971048799618992,0.0021159893742514575,5
lstm,97,878,0.8105513094614161,0.06974309062619032,-0.00019786741597962827,0.002118443883437305,5
lstm,97,906,0.8125249521059601,0.06865578549252832,-0.00021608293683181325,0.0021218319109885977,5
lstm,97,934,0.8144442081882195,0.06759072780855166,-0.00023385060092342378,0.002125974705465865,5
lstm,97,963,0.8163774372047847,0.06650925784618623,-0.0002518201269496332,0.0021310692743507008,5
lstm,97,994,0.8183851282567515,0.06537560965926725,-0.0002705242767710404,0.0021372024726031133,5
lstm,97,1025,0.8203349022618494,0.06426282878459762,-0.0002887186772489845,0.002144159615954412,5
lstm,97,1057,0.8222889254349035,0.06313441864127331,-0.0003069540476074844,0.0021520817387027983,5
lstm,97,1090,0.8242437199757365,0.06199058051728827,-0.0003250715927714169,0.0021611992443181936,5
lstm,97,1125,0.8262516422109509,0.060797757071218504,-0.0003435102975445467,0.0021718468288073425,5
lstm,97,1160,0.8281930551487735,0.05962338368192063,-0.00036101389588290674,0.0021835729050865347,5
lstm,97,1197,0.8301732282575957,0.05839956960947553,-0.000378372511466381,0.002197106725319152,5
lstm,97,1234,0.8320795917832227,0.057192375565588635,-0.0003943940223557794,0.002211812606107169,5
lstm,97,1273,0.8340100055793647,0.055937810671641275,-0.0004096547291541999,0.002228518696139865,5
lstm,97,1313,0.8359072138673194,0.054671088930512986,-0.00042346091769535586,0.0022469062879681783,5
lstm,97,1354,0.8377664599044079,0.05339569836605841,-0.0004356091047904245,0.002267158932238225,5
lstm,97,1397,0.8396243573684028,0.05208523972816599,-0.00044630963593629124,0.002290121089163143,5
lstm,97,1441,0.841429572796447,0.05077474672880691,-0.00045523745666427404,0.0023155252396906472,5
lstm,97,1486,0.8431774201315919,0.049466839085588375,-0.000462336871226157,0.0023434989526569835,5
lstm,97,1533,0.8448977222884404,0.04813682761534413,-0.0004676673222428512,0.002374732951402446,5
lstm,97,1581,0.8465451913153732,0.046815930877549906,-0.0004710376299710621,0.0024086361478813825,5
lstm,97,1631,0.848146523336492,0.04547875886158311,-0.0004723518586320995,0.0024457358448588535,5
lstm,97,1682,0.8496627909591741,0.04415398665328191,-0.0004716091315372345,0.0024851832487764384,5
lstm,97,1735,0.8511187870957453,0.042818877615783166,-0.00046910695582975546,0.0025275477345821215,5
lstm,97,1789,0.85248421728755,0.04150203547992797,-0.00046526092082898923,0.0025718156686517944,5
lstm,97,1845,0.8537837412563751,0.04018262374505925,-0.0004607887028507781,0.0026189588953135444,5
lstm,97,1903,0.8550042363325282,0.038874630744564265,-0.0004562306605130519,0.002668974964650321,5
lstm,97,1963,0.8561312910507695,0.037596454065606466,-0.00045109873721085636,0.002720641727083547,5
lstm,97,2025,0.857161404766766,0.03636140299968759,-0.0004454427337556145,0.00277354045861746,5
lstm,97,2089,0.8580927539262774,0.03518587737612676,-0.0004393728525563868,0.002827401270909578,5
lstm,97,2154,0.8589103491568018,0.03410882419382276,-0.00043291133442201115,0.0028810280914465863,5
lstm,97,2222,0.859634935361919,0.03312755258352724,-0.0004257497488945293,0.002935811901770759,5
lstm,97,2292,0.8602474577742953,0.03229551246849287,-0.00041795835557946123,0.0029909166831681546,5
lstm,97,2364,0.8607422431304821,0.03165088267434155,-0.0004094116489521977,0.0030464782536748793,5
lstm,97,2438,0.8611132535513708,0.031231428267767352,-0.0004000129410381443,0.003102630310118509,5
lstm,97,2515,0.8613579656129534,0.031069615401269454,-0.00038952805253370394,0.0031601970682510264,5
lstm,97,2594,0.8614679712944844,0.031196456878747596,-0.0003778743116105611,0.0032182382055348786,5
lstm,97,2675,0.8614410130815241,0.03162378696721938,-0.0003651702839176137,0.0032767383425193037,5
lstm,97,2759,0.8612721754029893,0.032360586348430115,-0.0003516788656980547,0.003336705748783357,5
lstm,97,2846,0.8609556178172081,0.03340076528079579,-0.00033762658464539925,0.003398022904903625,5
lstm,97,2936,0.8604894130118093,0.03472152364472862,-0.00032288550203541045,0.0034602917234580846,5
lstm,97,3028,0.8598853367487361,0.036265001951736923,-0.0003075589309443331,0.0035224102601381442,5
lstm,97,3123,0.8591484907362485,0.03799532551299882,-0.0002914113784302166,0.0035845003932893473,5
lstm,97,3221,0.8582888324785042,0.03986543569244115,-0.00027424762187593403,0.0036459050658531928,5
lstm,97,3323,0.8573027446950772,0.041858141407413084,-0.00025583009512521925,0.0037069249305988275,5
lstm,97,3427,0.8562175991519458,0.04389900456975062,-0.00023632950671821756,0.0037662425699798606,5
lstm,97,3535,0.8550272317819104,0.0459829875858737,-0.0002151714382593453,0.0038246642531858804,5
lstm,97,3646,0.8537559176915661,0.04805445026945472,-0.0001929974546113621,0.0038810189621902784,5
lstm,97,3760,0.8524148356141327,0.05009299756437721,-0.00016991712415903885,0.003935449973073862,5
lstm,97,3879,0.8509884552033457,0.05212028811300402,-0.0001459453174947651,0.003989240153424794,5
lstm,97,4000,0.8495237322953872,0.05406885300675591,-0.0001223644621040023,0.004041249394015513,5
lstm,97,4126,0.8479962996112169,0.055970142725297954,-9.902458947691752e-05,0.004092771791534503,5
lstm,97,4256,0.8464301915531521,0.05779110133942408,-7.641356253306259e-05,0.004143044229102683,5
lstm,97,4390,0.8448371632131952,0.05951807404217173,-5.481961158875035e-05,0.004191805977878032,5
lstm,97,4528,0.8432285870487872,0.061139014636961066,-3.4484511564632313e-05,0.004238841095234103,5
lstm,97,4670,0.8416154802893703,0.06264273609767379,-1.5441348408810157e-05,0.00428367275114118,5
lstm,97,4817,0.8399978894826046,0.0640294065133917,2.1210478025522617e-06,0.00432622101464416,5
lstm,97,4968,0.8383979502708367,0.06528206206491263,1.773400511453382e-05,0.004365753744895125,5
lstm,97,5124,0.8368160421116627,0.06640333406476179,3.12085972049684e-05,0.004402057683154538,5
lstm,97,5285,0.8352641202378127,0.0673861268728396,4.2417402411445025e-05,0.004434565990777727,5
lstm,97,5452,0.833747350621094,0.06822574680065945,5.135971236089878e-05,0.004463154044888521,5
lstm,97,5623,0.8322980800489155,0.06890298253473694,5.777021732196316e-05,0.00448743244324472,5
lstm,97,5800,0.8309092892585932,0.06942339067075118,6.163790674486241e-05,0.004507890547929722,5
lstm,97,5982,0.8295948605893179,0.06978848172063787,6.303995220433962e-05,0.004524210839666396,5
lstm,97,6170,0.8283479084261754,0.07001357743941897,6.19678742579264e-05,0.004536248727097357,5
lstm,97,6364,0.8271698508123,0.0701081706294538,5.846103773947866e-05,0.00454391187307051,5
lstm,97,6564,0.8260643546739482,0.0700773126241197,5.2580651409049824e-05,0.0045471362832145866,5
lstm,97,6770,0.8250347266742587,0.06992685943098828,4.468500729380219e-05,0.004545814799178999,5
lstm,97,6983,0.8240790616183198,0.06966331956681868,3.500570086183812e-05,0.004539986062367686,5
lstm,97,7203,0.8232015237164555,0.06929186234045988,2.3507118412896673e-05,0.004529716491200326,5
lstm,97,7429,0.8224095640349265,0.06881937708711625,1.028363816176674e-05,0.004515211056362696,5
lstm,97,7662,0.8217019254770606,0.06825153837468809,-4.55527007613846e-06,0.004496127691875658,5
lstm,97,7903,0.821077053405123,0.06759873160278257,-2.0964712133533964e-05,0.004471994738815944,5
lstm,97,8152,0.8205332639339833,0.06687945528314969,-3.910087773465014e-05,0.004442522711613913,5
lstm,97,8408,0.8200682451726051,0.06611633185818283,-5.917625228382246e-05,0.004407342730830278,5
lstm,97,8672,0.8196770162365435,0.06531900808685255,-8.124909029512172e-05,0.00436595224914165,5
lstm,97,8945,0.8193559142494294,0.06449531850433257,-0.00010491801854719713,0.004318197617574939,5
lstm,97,9226,0.8191043665365931,0.0636596381267341,-0.00012940738559737456,0.004264903015982656,5
lstm,97,9516,0.8189229324573916,0.06281775347066039,-0.00015395643607929937,0.004206576298901153,5
lstm,97,9815,0.8188153844979531,0.06197394003649651,-0.0001777606374575854,0.004143695106329399,5
lstm,97,10124,0.8187842592328683,0.061132555614832475,-0.00020015207005025836,0.0040767376085590334,5
lstm,97,10442,0.818838454393946,0.06029704112385239,-0.0002203411522692258,0.004006743684128271,5
lstm,97,10770,0.8189906891766932,0.05946138821230958,-0.00023798170947091562,0.003934441337505698,5
lstm,97,11109,0.8192419460276877,0.05864984997965398,-0.0002528396132134186,0.003860876484075371,5
lstm,97,11458,0.8195974095530341,0.057875999626154945,-0.00026495751294159937,0.003787890164729409,5
lstm,97,11818,0.8200616879116172,0.05714059100529782,-0.00027502473956473054,0.003717511128447629,5
lstm,97,12189,0.8206449186357935,0.056446317595619765,-0.00028369323190210945,0.0036514381615212945,5
lstm,97,12572,0.8213658329028654,0.05579288964577003,-0.00029126235422464954,0.0035907431582814994,5
lstm,97,12968,0.8222447022046934,0.05519385232060863,-0.00029719220229397123,0.0035360222026838964,5
lstm,97,13375,0.8233105527760408,0.054651322155607966,-0.00030118794347888027,0.003488004566098715,5
lstm,97,13796,0.8246103752871046,0.054150662777253736,-0.00030200456086397075,0.003447025348424134,5
lstm,97,14229,0.8261723372595606,0.05370125804903941,-0.00029819930143427703,0.0034146773229801293,5
lstm,97,14677,0.828072268571043,0.053320761173261594,-0.0002884843174151827,0.003390869046850266,5
lstm,97,15138,0.8304140302887102,0.05302504430730227,-0.00027428418670302,0.003375149354692443,5
lstm,97,15614,0.8333563912201278,0.05269351374057391,-0.00025553090030747285,0.003365904192746206,5
lstm,97,16104,0.8369150619983532,0.052173971616143476,-0.00023015240402288092,0.003363148921869587,5
lstm,97,16611,0.8409810704766407,0.05155897464147453,-0.00019849797553039977,0.0033627410095241105,5
lstm,97,17133,0.8454291146079012,0.051078337959308655,-0.00015384755639778048,0.003368636422483499,5
lstm,97,17671,0.8505026349819182,0.050594262160829816,-0.00010007274701658706,0.00337894192643366,5
lstm,97,18227,0.8564393318678036,0.04967230858548151,-3.715861651673633e-05,0.003390984103442281,5
lstm,97,18800,0.8632020757225503,0.047957081966270465,3.549054992584551e-05,0.0034090750094610215,5
lstm,97,19391,0.870314346931863,0.045653248154058655,0.00011857467388040853,0.0034283992004357387,5
lstm,97,20000,0.8771220103679138,0.04326413131894355,0.0002114737263421087,0.003443549637871253,5
lstm,113,1,0.001165295080208692,0.012219947241297243,0.002540754840095665,0.003075995272785889,5
lstm,113,2,0.0010136760227954338,0.012374956925695641,0.0025517103960193154,0.003050831424882119,5
lstm,113,3,0.0007954429289786568,0.01258601737819785,0.002550202454345796,0.003023388956915699,5
lstm,113,4,0.000536135758260798,0.012831619169670457,0.002532156441191114,0.0029917380513908996,5
lstm,113,5,0.0002567938656043708,0.013104499048051768,0.002497755740790705,0.002953728770514857,5
lstm,113,6,-2.368354651546799e-05,0.013402272912817622,0.0024485783164616324,0.002907403746468646,5
lstm,113,7,-0.0002922252659206282,0.013720252535172542,0.0023860061176756327,0.002851454213046393,5
lstm,113,8,-0.0005405893560379444,0.014049622457911748,0.0023105393838824353,0.0027855474592866233,5
lstm,113,9,-0.0007627353452196815,0.014380393175678397,0.0022226013496326287,0.002709727243454682,5
lstm,113,10,-0.0009548337824469122,0.014705949678908396,0.0021225047007913988,0.002624611745582083,5
lstm,113,11,-0.0011148044148862116,0.015022886368957012,0.002010738975115449,0.0025317262529769994,5
lstm,113,12,-0.001241959294395446,0.01533005682267111,0.0018885613196027884,0.002433557494939928,5
lstm,113,13,-0.0013375413564136907,0.015627301327901685,0.0017577714958894233,0.0023331865710091585,5
lstm,113,14,-0.001405038714223194,0.015913511871440834,0.0016204348598358267,0.0022336980022828034,5
lstm,113,15,-0.0014495762888516166,0.01618544140431679,0.0014790046992904844,0.0021385850364305584,5
lstm,113,16,-0.0014781558110170145,0.016438712691815495,0.0013368793778362896,0.0020523568109040097,5
lstm,113,17,-0.001497723152296512,0.016667913599855675,0.0011979173328614946,0.0019791200002676826,5
lstm,113,18,-0.0015143623791924181,0.016866229715825954,0.0010660866144022378,0.001921402065087428,5
lstm,113,19,-0.001533504302949367,0.01702796165083163,0.0009449950526435365,0.0018801993983028455,5
lstm,113,20,-0.001559500934541522,0.017150279904801235,0.0008371759179892855,0.0018552889613841388,5
lstm,113,21,-0.001595459480121322,0.017232632143384916,0.0007437513860457526,0.00184548267536479,5
lstm,113,22,-0.001643599706137882,0.01727511860962988,0.0006646551409384427,0.0018490384074804256,5
lstm,113,23,-0.0017050646222743192,0.017278527939748507,0.0005990407301237332,0.0018639377577407642,5
lstm,113,24,-0.0017796514159819352,0.01724590132905905,0.0005456421291457926,0.0018879376091124555,5
lstm,113,25,-0.0018658465506231302,0.017182505561281425,0.0005028666531317644,0.0019187489663285717,5
lstm,113,26,-0.0019610863387602576,0.01709504401079367,0.0004687982078849822,0.001954427593978209,5
lstm,113,27,-0.0020622874511419973,0.016990863501573104,0.0004412571452248007,0.001993471098078016,5
lstm,113,28,-0.0021661405185547213,0.016877152887766412,0.00041798358270270865,0.0020346320227424435,5
lstm,113,29,-0.0022694582502948506,0.016760488726971928,0.0003968864015888784,0.002076640599670135,5
lstm,113,30,-0.0023695691529594127,0.016646500400463848,0.00037630174825980416,0.002118140085989307,5
lstm,113,31,-0.002464738330871062,0.01653971424542218,0.0003551059102969185,0.002157788297593316,5
lstm,113,32,-0.002554186778941471,0.0164431152228746,0.00033271481974362423,0.0021944547049215918,5
lstm,113,33,-0.0026378774069090475,0.016358054702243642,0.00030898183552843854,0.0022273341722289903,5
lstm,113,34,-0.002716366252408662,0.01628449683420112,0.00028410353903606184,0.002256017602823309,5
lstm,113,35,-0.002790670460192747,0.01622135450636675,0.0002585198629151075,0.0022805425290090835,5
lstm,113,36,-0.0028620705162175843,0.016166774486423396,0.00023279555290169835,0.002301400762660092,5
lstm,113,37,-0.002932084605763301,0.01611835890211417,0.00020754855510998565,0.0023194575649359804,5
lstm,113,39,-0.003075083791339152,0.016028672681641758,0.00016094438255498112,0.0023517437817572526,5
lstm,113,40,-0.003151233349864753,0.015982193536666793,0.00014073402644105477,0.002368306991989095,5
lstm,113,41,-0.0032315115565323244,0.015932055266267314,0.00012311138685053036,0.0023864370933075387,5
lstm,113,42,-0.0033156453531385808,0.015876732662791715,0.0001082343499243096,0.0024067725531472573,5
lstm,113,44,-0.00349070265358157,0.015742722819947267,8.704359429190234e-05,0.0024552893573313826,5
lstm,113,45,-0.003578361418927108,0.015657781904827507,8.087706823143858e-05,0.002483552840966476,5
lstm,113,46,-0.0036644835810275694,0.015554670726257224,7.766525190656681e-05,0.0025142455332548804,5
lstm,113,48,-0.0038329250927774386,0.015274260737275516,7.96820786405107e-05,0.0025815035213509734,5
lstm,113,49,-0.003916156495887708,0.015090970525334904,8.47236504934192e-05,0.002616751738443418,5
lstm,113,51,-0.004074456279741507,0.014640504002164339,0.00010256103729664526,0.0026867514712571768,5
lstm,113,53,-0.004209868304253734,0.01410569512147009,0.00013074047885262754,0.0027545319374871597,5
lstm,113,54,-0.004267060851496346,0.013820768105904014,0.0001480081476568853,0.0027881413822267503,5
lstm,113,56,-0.0043601803817724,0.013244466566661464,0.00018319913552397902,0.002856544011298267,5
lstm,113,58,-0.004422104587036611,0.012693388573515948,0.0002083148813722018,0.002931429185087389,5
lstm,113,59,-0.004443233562710997,0.01243531525298211,0.00021349511633176975,0.002974273076798405,5
lstm,113,61,-0.0044870209882041006,0.011955466568749584,0.00020530325893274576,0.0030737670055078063,5
lstm,113,63,-0.004563892641200879,0.011515054774791908,0.00017191935987984847,0.003187312419091544,5
lstm,113,65,-0.004680305983388686,0.011110832788200862,0.00011766322460302044,0.00330302317405796,5
lstm,113,67,-0.0048075121573555365,0.010752638606616977,4.991633192244186e-05,0.0034059318016721116,5
lstm,113,69,-0.004898228652460567,0.01045374120524393,-2.7476795085228188e-05,0.003483364209091932,5
lstm,113,72,-0.004852511311019441,0.010109613120679645,-0.00016313060246781822,0.0035399483967406852,5
lstm,113,74,-0.004640034254516698,0.009911816659628866,-0.0002709773773909991,0.003540605086053795,5
lstm,113,76,-0.004263378107057872,0.00969209833695403,-0.00039537701740893744,0.0035200717678458113,5
lstm,113,79,-0.003424940685428933,0.00923204100756,-0.0006090488353635229,0.0034677308286446577,5
lstm,113,81,-0.0027343772062103215,0.008810111539089152,-0.0007640700047826597,0.003428997589371799,5
lstm,113,84,-0.0016078463595387512,0.008054228923669707,-0.001005259000662511,0.003379161256891335,5
lstm,113,86,-0.0008417336409078671,0.007542789353688773,-0.0011641513344129765,0.003356598947547517,5
lstm,113,89,0.0002981083262429008,0.0069214849211138635,-0.0013849575435938022,0.003342344386265581,5
lstm,113,92,0.001429215822340214,0.006626992362271177,-0.0015668493868493043,0.0033477225221509263,5
lstm,113,95,0.0025816564223597443,0.006712011901360114,-0.001695885437670476,0.003361878911220644,5
lstm,113,98,0.0038158711338033406,0.007112667503193601,-0.001773014190393729,0.003372054999039609,5
lstm,113,101,0.00522547934410969,0.00776991594775868,-0.001811320767059213,0.0033693642323849075,5
lstm,113,104,0.006925578743119226,0.008690346892229427,-0.0018286085000279954,0.0033541806135869248,5
lstm,113,107,0.009046419988269952,0.009913745212887343,-0.0018429133572987698,0.0033307123127791125,5
lstm,113,110,0.011746918645388982,0.011498130093297478,-0.0018671670776758138,0.003302035131812422,5
lstm,113,114,0.01657971123298313,0.014277871503107633,-0.0019212655527540545,0.003257730279387358,5
lstm,113,117,0.021406848407041573,0.01691923867397176,-0.00197067299385184,0.0032199617081475904,5
lstm,113,121,0.029904145117841056,0.02126522629699272,-0.0020264423949971607,0.003169951616957261,5
lstm,113,125,0.041361414919354786,0.02668250480922424,-0.002048813720247754,0.0031389565991279166,5
lstm,113,129,0.05653601889402445,0.03335852283231836,-0.002022489575295229,0.0031399153902402243,5
lstm,113,133,0.07616176727327148,0.041425774194260856,-0.0019415895044954195,0.0031581114943230798,5
lstm,113,137,0.10073101493487994,0.05078642840635377,-0.0018004258989772453,0.0031655298408563826,5
lstm,113,141,0.13030340120740136,0.061015438291004045,-0.0015996361162511827,0.003154489170378888,5
lstm,113,146,0.17374975410116456,0.0740347186673671,-0.0013006365454331132,0.0031260164143288756,5
lstm,113,150,0.2129070270025224,0.08389092554411046,-0.0010567272844367328,0.003100149428360103,5
lstm,113,155,0.2660034687829821,0.0947072325426118,-0.0007574690080735782,0.0030673335539430384,5
lstm,113,160,0.3220513771898608,0.1031597802586415,-0.0004479881649315852,0.0030356499421889684,5
lstm,113,165,0.37899378483381196,0.10879545135448596,-0.00012742206788420428,0.0030076692860838937,5
lstm,113,170,0.43440037063835985,0.11148313041647362,0.0001727491343793677,0.00300247193576811,5
lstm,113,176,0.4953665167749445,0.11097376241361248,0.00044728702501098237,0.0030321482031231304,5
lstm,113,181,0.5392323289045262,0.10765561506732474,0.0005960669995485789,0.003049862990860817,5
lstm,113,187,0.5824574063503,0.10090486007503932,0.0007123272440049554,0.0030230734025300647,5
lstm,113,193,0.6162972636068689,0.09241128445077403,0.0007888309046980494,0.002958648739379049,5
lstm,113,199,0.6425932191426048,0.08356900043936692,0.000849630617002632,0.0028779425627067563,5
lstm,113,205,0.6632847678507796,0.07549057228005836,0.0008934268564989564,0.002757042804340208,5
lstm,113,211,0.6799667446028719,0.06904400746988779,0.0009035439588164152,0.002603145626288714,5
lstm,113,218,0.6957643731309016,0.06427852663093808,0.0008912405247760126,0.002418772724141465,5
lstm,113,225,0.7085917992296247,0.0624001862191878,0.0008708610235169809,0.0022403641404565955,5
lstm,113,232,0.7191079385681837,0.06269405407219451,0.0008455428976131971,0.002067750719716064,5
lstm,113,239,0.7277419766681723,0.06429834567496945,0.0008217711221356613,0.0019044353619167838,5
lstm,113,247,0.7356581864837674,0.06695527330598043,0.0007949549547498352,0.0017494595869408556,5
lstm,113,255,0.7418471727807051,0.06991649558223875,0.0007756362564156319,0.0016300382726904285,5
lstm,113,263,0.7466848399104954,0.07277268631743568,0.0007629655445991673,0.0015457541026221685,5
lstm,113,271,0.7504971349960698,0.07532704331980046,0.0007519003899250654,0.0015051384464403737,5
lstm,113,279,0.7535660520757038,0.07750507542163881,0.0007459670915119037,0.0014945140112116514,5
lstm,113,288,0.7563721648196883,0.0794798202886097,0.0007396372792445544,0.0015044596878718362,5
lstm,113,297,0.7586536823816467,0.08102687545192178,0.0007279619775150152,0.0015295977002828744,5
lstm,113,307,0.7607170967796999,0.08236581854100727,0.0007052257357430225,0.001570838555291057,5
lstm,113,316,0.7622501755261488,0.08331128336710113,0.0006784777298245788,0.0016144473065439276,5
lstm,113,326,0.7636934102804245,0.08414265866014317,0.0006458320894337507,0.0016630596783343164,5
lstm,113,336,0.7649553415371084,0.08478464932851885,0.0006136365278833018,0.001707965227668873,5
lstm,113,347,0.7661991903473461,0.08531779783137673,0.0005788706815520938,0.0017521804408297658,5
lstm,113,358,0.7673274462421402,0.08571304228967964,0.0005467583159269812,0.0017898847170654928,5
lstm,113,369,0.768361297531645,0.0860146385772966,0.0005185314726947271,0.0018212284819743927,5
lstm,113,381,0.7694032752565708,0.0862709912181713,0.0004923291460923249,0.0018497992339326676,5
lstm,113,393,0.7703729080071164,0.08647192449222764,0.0004698195698741161,0.0018741329240496074,5
lstm,113,405,0.7712848152497662,0.08662983494364622,0.0004503995688657773,0.001895124022277863,5
lstm,113,418,0.772219604818303,0.08676259166253739,0.00043208731257004466,0.0019150822548783546,5
lstm,113,431,0.7731060556551108,0.08686591592341167,0.00041546200507890254,0.001933211195984656,5
lstm,113,444,0.7739522315366407,0.08694683482228704,0.00040009468154471263,0.0019499195008460379,5
lstm,113,458,0.7748257846594052,0.08701392992187099,0.00038474536658283053,0.0019665926926228008,5
lstm,113,473,0.7757246211728165,0.08706811963833282,0.00036953976670331217,0.0019832336587267438,5
lstm,113,488,0.7765891065737641,0.08710942429858086,0.00035546477539189164,0.001998952907666925,5
lstm,113,503,0.7774241115971268,0.08713948690642845,0.0003422878174202602,0.002013811516306484,5
lstm,113,519,0.7782871365318798,0.08716181306450192,0.00032919841511560845,0.0020287446523278843,5
lstm,113,535,0.7791260167986453,0.08717486508581941,0.00031685016270792046,0.0020427369672112203,5
lstm,113,552,0.7799947827495355,0.08718082687431274,0.00030463931134127567,0.002056678092273152,5
lstm,113,569,0.7808437580002698,0.08717956342771449,0.00029323747921388517,0.0020697708305810183,5
lstm,113,587,0.7817250363981781,0.08716979969973533,0.0002822953619289773,0.0020828488658770007,5
lstm,113,606,0.7826384190243888,0.08715050951171857,0.0002718418368923368,0.0020958587773402954,5
lstm,113,625,0.7835363887058515,0.08712268428893354,0.000262427230057942,0.0021080046468531493,5
lstm,113,644,0.7844202170869152,0.0870863217188138,0.00025388223472444396,0.002119345776851573,5
lstm,113,665,0.7853819725417936,0.08703669611798233,0.0002453263677342908,0.002130905266064524,5
lstm,113,685,0.7862831765769476,0.08698109812964938,0.00023791467050802094,0.0021410461129215755,5
lstm,113,707,0.787259275822169,0.08691067738899483,0.00023042205198371148,0.0021512543598637014,5
lstm,113,729,0.788219012809255,0.08683173996024632,0.00022347140390427175,0.002160439564293952,5
lstm,113,752,0.7892060501312612,0.0867379667880117,0.00021675502418218648,0.0021691009385643727,5
lstm,113,776,0.7902187429612832,0.08662897078293717,0.00021025066143791175,0.002177327330604355,5
lstm,113,800,0.7912137336448668,0.08650726096792524,0.00020425753002160425,0.00218473605839717,5
lstm,113,825,0.7922322167644241,0.08636672913009055,0.0001984514945197598,0.002191929197046636,5
lstm,113,851,0.7932721587793109,0.08620483193157265,0.00019287318609370808,0.0021989743985559728,5
lstm,113,878,0.7943317408120427,0.08601908013844706,0.00018746426801468765,0.0022060799951301013,5
lstm,113,906,0.7954085118761617,0.08580722215654302,0.00018210649250670932,0.0022134245401217076,5
lstm,113,934,0.7964627971920969,0.08557578547251736,0.0001768750938548379,0.0022207439656113984,5
lstm,113,963,0.7975305189753481,0.08531549995148141,0.00017143010184123415,0.0022283949898756097,5
lstm,113,994,0.7986440873975527,0.08501440413380902,0.0001655263292641174,0.0022367788932188197,5
lstm,113,1025,0.7997281786698907,0.08468974526431472,0.0001594559345253991,0.0022453708641359603,5
lstm,113,1057,0.8008153505242488,0.08433037830402869,0.00015301530379574247,0.00225441147857734,5
lstm,113,1090,0.8019016820978315,0.08393450051978928,0.0001462428958367546,0.002263974622255222,5
lstm,113,1125,0.8030138393502041,0.08348701546351214,0.0001388908891244162,0.0022742776447601024,5
lstm,113,1160,0.8040834724905086,0.08301201213895816,0.00013140464947209536,0.002284673613522985,5
lstm,113,1197,0.8051673047482952,0.08248053048335786,0.0001234428561890195,0.0022956764159625755,5
lstm,113,1234,0.8062023132941528,0.08191976700031978,0.00011560556217775024,0.0023064346501998037,5
lstm,113,1273,0.8072398013303179,0.08129826308500278,0.00010772589502128436,0.0023173989435724255,5
lstm,113,1313,0.8082462973072497,0.0806296739266081,0.00010029271185294665,0.0023280357356661556,5
lstm,113,1354,0.8092171649068689,0.07991250640748337,9.351901519869913e-05,0.0023384363842811977,5
lstm,113,1397,0.8101686140692792,0.0791278881128609,8.741046329500184e-05,0.002348760004975306,5
lstm,113,1441,0.8110711212419506,0.07829287587209394,8.216631093815692e-05,0.002358955152112855,5
lstm,113,1486,0.8119191720824499,0.07740860466980985,7.778756320825329e-05,0.0023691848029902133,5
lstm,113,1533,0.8127240663514466,0.07645519064235541,7.414819157823297e-05,0.0023798952799444395,5
lstm,113,1581,0.8134610758899787,0.07545353592457286,7.143759748180854e-05,0.0023910720544435484,5
lstm,113,1631,0.8141385998107783,0.07438358142808013,6.964437350089232e-05,0.002403048919303141,5
lstm,113,1682,0.8147370107754034,0.07326750315056901,6.881711712672707e-05,0.0024157374857809535,5
lstm,113,1735,0.8152635099106229,0.07208352016108922,6.889629815175751e-05,0.0024295753701710533,5
lstm,113,1789,0.815705447157859,0.0708527704489524,6.984955670877859e-05,0.0024444047181282915,5
lstm,113,1845,0.8160699157674097,0.06955057153010624,7.177174839521584e-05,0.0024606112831549983,5
lstm,113,1903,0.8163535110330548,0.06817492237606115,7.472025380578992e-05,0.00247825330606536,5
lstm,113,1963,0.8165501968546407,0.06673000112518719,7.911944080829592e-05,0.0024970052269460067,5
lstm,113,2025,0.816649021984048,0.065230295795186,8.545187642146086e-05,0.002516436613035005,5
lstm,113,2089,0.816643160758115,0.06368559175341748,9.390403319340049e-05,0.0025362483409487077,5
lstm,113,2154,0.8165324302264991,0.062125360659203384,0.00010424853684853387,0.0025559980262146232,5
lstm,113,2222,0.816311138769273,0.06051041124111097,0.0001166974346517375,0.0025761691502244164,5
lstm,113,2292,0.8159786939575315,0.0588761482912145,0.00013137450258998446,0.002596146756286162,5
lstm,113,2364,0.8155339952226587,0.0572362401709648,0.00014829359917628953,0.002616005984327041,5
lstm,113,2438,0.8149774793365825,0.0556069460530928,0.00016753700255460572,0.002635897434630388,5
lstm,113,2515,0.814299581353459,0.053985076313929986,0.00018968703361963747,0.0026561120573761836,5
lstm,113,2594,0.8135055947582261,0.052414091615426796,0.00021462789603944737,0.0026765800790941796,5
lstm,113,2675,0.8125871512298852,0.05092658994665537,0.00024204727634756124,0.0026975160664252556,5
lstm,113,2759,0.8115294683238004,0.04953093819977514,0.0002725084557649933,0.0027190416959506146,5
lstm,113,2846,0.8103360000556699,0.048248558954001035,0.0003062721888237786,0.0027411421732294098,5
lstm,113,2936,0.8090119728255047,0.04710158668969882,0.00034339450622201256,0.002763964002994012,5
lstm,113,3028,0.8075744534624926,0.04612814506424519,0.0003834684189494227,0.002787206401655501,5
lstm,113,3123,0.806012705503641,0.04533410096908707,0.0004265311879704193,0.0028110507288641347,5
lstm,113,3221,0.8043330845696491,0.044728927178941794,0.00047200611430501664,0.0028357180221211327,5
lstm,113,3323,0.8025235573265423,0.04431316492700737,0.0005200793872799949,0.002861866330495975,5
lstm,113,3427,0.8006264294625615,0.044089953780391405,0.00056971064711836,0.002889213658945461,5
lstm,113,3535,0.7986146478671149,0.04403975229689551,0.0006216558145186833,0.00291846634131476,5
lstm,113,3646,0.7965204521032199,0.04413902890394555,0.0006750531054115513,0.0029493645105433215,5
lstm,113,3760,0.7943596249724733,0.04436052459559241,0.0007291562496088062,0.0029819494248689736,5
lstm,113,3879,0.7921039752488638,0.044684533933585915,0.0007841536539257524,0.0030167535547785053,5
lstm,113,4000,0.7898238744898523,0.04507535092622725,0.0008384191723618802,0.0030529772349030338,5
lstm,113,4126,0.7874809504818983,0.0455142264606204,0.0008931963076001514,0.0030913025229810866,5
lstm,113,4256,0.7851158301954133,0.04597164693525723,0.0009476736210733763,0.0031310340578324333,5
lstm,113,4390,0.7827526252198724,0.04642559443822833,0.0010014958019897268,0.003171658932885365,5
lstm,113,4528,0.7804123903914376,0.04686222994352327,0.00105418224018901,0.003212243018024017,5
lstm,113,4670,0.7781110868702977,0.04727452238144904,0.0011052901618011268,0.003251989451308619,5
lstm,113,4817,0.7758467601794934,0.047661956923345156,0.0011549547054176203,0.0032908814268858234,5
lstm,113,4968,0.773646954022188,0.04802055474016104,0.0012027502068617274,0.0033284834715813804,5
lstm,113,5124,0.7715086042772171,0.04835192594550417,0.0012489120823756703,0.003364999173237552,5
lstm,113,5285,0.769443842090538,0.04865716477971701,0.0012930823274299624,0.0034004036914075213,5
lstm,113,5452,0.7674517679047055,0.04894363042289168,0.0013358148954460663,0.0034343195378817694,5
lstm,113,5623,0.765568231556609,0.04921199919376743,0.001376411565660942,0.0034650875206270063,5
lstm,113,5800,0.7637823431850821,0.04946991116013108,0.0014149591315654954,0.0034923225507153253,5
lstm,113,5982,0.7621164203056247,0.049720772227861476,0.0014517789552526647,0.003517285380730525,5
lstm,113,6170,0.7605711849838436,0.0499662471409188,0.001486480215836561,0.003540410701432372,5
lstm,113,6364,0.7591488806059881,0.05020451330294407,0.001518827317423644,0.0035613337874906273,5
lstm,113,6564,0.7578520432518818,0.050437320864324134,0.0015484522729139211,0.0035801208224200735,5
lstm,113,6770,0.7566856498108605,0.05066942013796058,0.0015747750762425152,0.0035970505421594125,5
lstm,113,6983,0.7556459249425446,0.05091697742135149,0.0015981503811587847,0.003611919468431746,5
lstm,113,7203,0.7547344593520748,0.051184395551720545,0.0016183147596978051,0.003623787744935299,5
lstm,113,7429,0.753950315641549,0.051480976602917644,0.001634882398872875,0.0036327613807353148,5
lstm,113,7662,0.7532861395966934,0.05181066151115484,0.0016474826835468736,0.0036385853862956554,5
lstm,113,7903,0.7527405274233373,0.0521735974078945,0.001655538895472039,0.003640835784414372,5
lstm,113,8152,0.7523152274431583,0.05256223007455623,0.0016584915216664737,0.0036393717861554933,5
lstm,113,8408,0.7520125313476239,0.05296606097856353,0.0016571561811426487,0.0036336040564384545,5
lstm,113,8672,0.7518321267679685,0.053385319889537715,0.0016526292993893025,0.003623044350900172,5
lstm,113,8945,0.7517821688307991,0.05382365349064048,0.0016453045698128512,0.00360850563991584,5
lstm,113,9226,0.7518753523642209,0.054263016987348395,0.0016345330796492363,0.0035923462790738484,5
lstm,113,9516,0.7521186217302049,0.05468907536310864,0.0016225823103334334,0.003572841598161781,5
lstm,113,9815,0.7525176216390097,0.05510229834318013,0.0016094698090829817,0.0035517541624870133,5
lstm,113,10124,0.7530572403325009,0.0555366590945406,0.00159293141058135,0.003530017633114807,5
lstm,113,10442,0.7537236907627384,0.05599201530814353,0.00157362781284336,0.003508017943958829,5
lstm,113,10770,0.7545320652628899,0.0564617948739013,0.001553983100545838,0.003485667833981449,5
lstm,113,11109,0.7554930035706947,0.05694824645441662,0.0015366325231966817,0.003462418005663308,5
lstm,113,11458,0.756600986001055,0.05746400590967607,0.0015232505119125701,0.0034376387372452993,5
lstm,113,11818,0.7578716677451628,0.05800220547477184,0.0015146513473189428,0.0034113382628874296,5
lstm,113,12189,0.7593293535978548,0.058535636708182806,0.0015116412819028533,0.0033838728616845557,5
lstm,113,12572,0.7610040916769687,0.05905532785812832,0.001516704558477177,0.0033584780019309916,5
lstm,113,12968,0.7628939993249058,0.059601913552041204,0.0015265884868254777,0.0033326093248930624,5
lstm,113,13375,0.7650035680524769,0.06016466318253572,0.0015395065077202575,0.0033063623953970443,5
lstm,113,13796,0.7673808096544275,0.06071447135412306,0.0015556666359727285,0.003284893172240305,5
lstm,113,14229,0.7700536835813026,0.06123119861991344,0.0015716148927135607,0.003265074956255669,5
lstm,113,14677,0.7730700893475323,0.061719186140633674,0.0015896593915623813,0.0032499933518090134,5
lstm,113,15138,0.7764475016879598,0.06224337417191897,0.0016084836914318414,0.003239796920466205,5
lstm,113,15614,0.7803739460162828,0.06276259620532353,0.0016247495045168237,0.003234435868742093,5
lstm,113,16104,0.7850533749920888,0.0631304009564873,0.0016401039066963753,0.003232945952086017,5
lstm,113,16611,0.7905123017074108,0.06324975048576006,0.001661137321377712,0.0032334511938065715,5
lstm,113,17133,0.796386932039612,0.06337668332847654,0.0016884686726366884,0.0032339487168213765,5
lstm,113,17671,0.8027109656415912,0.06365603897032295,0.001719891736495297,0.00323154552513526,5
lstm,113,18227,0.8098608679063615,0.06373332846010428,0.0017512454028885671,0.0032267158938622284,5
lstm,113,18800,0.8180144212635755,0.06316848212277472,0.00178080067746379,0.0032177323510178,5
lstm,113,19391,0.8267936026308623,0.061990143491019264,0.0018062962021987358,0.00321284103180605,5
lstm,113,20000,0.8355264435005896,0.06045158124808223,0.0018324976913061558,0.003211445564846606,5
rnn,79,1,-0.003844979312688201,0.009703443701261482,-2.476470656692306e-06,0.006468561788645464,5
rnn,79,2,-0.0035317820070684958,0.009668866110925569,5.150457483273259e-06,0.006477075085009269,5
rnn,79,3,-0.0032099602145344705,0.009675341530385321,3.0434545498148968e-05,0.006497595625920232,5
rnn,79,4,-0.002933644840522969,0.009726178607074996,5.0539402308227325e-05,0.006533672800746531,5
rnn,79,5,-0.002693108919491841,0.009831939130653252,5.914504698805311e-05,0.006567371555906683,5
rnn,79,6,-0.0024898810137883236,0.009955719334772078,5.966883748421397e-05,0.006602975659324382,5
rnn,79,7,-0.002317408712359035,0.010045555186323423,4.318934035377367e-05,0.0066440167038092,5
rnn,79,8,-0.002173056183752778,0.010089032517199285,1.8085205058363018e-05,0.006692603817378452,5
rnn,79,9,-0.002049329524775295,0.010116314890856525,-9.682600760457924e-06,0.006745210267140563,5
rnn,79,10,-0.0019557823299399674,0.01014155109108315,-4.27689112755425e-05,0.006803983841324093,5
rnn,79,11,-0.0018553740283627786,0.01019570887955385,-8.415939762867892e-05,0.006870960862459168,5
rnn,79,12,-0.0017228015480936873,0.010251322071575513,-0.00013545131625030508,0.0069418359693332685,5
rnn,79,13,-0.0015753148959124976,0.01032887555590868,-0.0001975905320576056,0.007015262507531659,5
rnn,79,14,-0.0014132819084234998,0.010438291082014503,-0.0002706843982181853,0.00708992507442969,5
rnn,79,15,-0.0012328668829545734,0.010565331041618461,-0.0003477362125310076,0.0071617566047647895,5
rnn,79,16,-0.001050267995731017,0.010730360418755282,-0.0004285224603036217,0.0072298398390811675,5
rnn,79,17,-0.0008690638828084607,0.010905168272503065,-0.0005128790084624328,0.007295126610117787,5
rnn,79,18,-0.0006624584655694128,0.011085807730244096,-0.0006012103166265602,0.007357755947781065,5
rnn,79,19,-0.0004045971461679272,0.011250450335173374,-0.0006925884468749546,0.007416986905138457,5
rnn,79,20,-9.34782530926266e-05,0.011399107607147201,-0.0007863942583362759,0.007468310848360319,5
rnn,79,21,0.00026375272625965085,0.011524386093776722,-0.000885399032182241,0.007507889794447769,5
rnn,79,22,0.0006524457519604105,0.011626957364593455,-0.000987865188277397,0.007533359051401576,5
rnn,79,23,0.001072848333007598,0.011696080927198585,-0.001088489463133696,0.007540052923076502,5
rnn,79,24,0.0015226265792515964,0.011723289519952862,-0.0011846183003417314,0.007537536099816236,5
rnn,79,25,0.001994921578756169,0.011715669950533454,-0.0012728199717566319,0.00753101378183607,5
rnn,79,26,0.002488934863504449,0.011685417031237164,-0.0013528121068577246,0.0075194495834712384,5
rnn,79,27,0.0030135009542635372,0.011631260604132018,-0.0014276438013133342,0.007496496862747086,5
rnn,79,28,0.003562699418255581,0.011544621528165114,-0.0014995804937874108,0.007465075090247376,5
rnn,79,29,0.004137689874319299,0.011405285280971764,-0.0015697282463218213,0.007426737532712263,5
rnn,79,30,0.004725283774767071,0.011226105208242852,-0.0016386584201195527,0.007384520376414486,5
rnn,79,31,0.00532165300514216,0.011027046911186522,-0.0017066515825527914,0.007339297936655735,5
rnn,79,32,0.00592581011178317,0.01081706610324512,-0.0017750309929969656,0.007293877383756734,5
rnn,79,33,0.006523610115247132,0.010605718729877233,-0.001841810415606402,0.007249654362956628,5
rnn,79,34,0.007110074980737029,0.010399573820496763,-0.0019112241233347166,0.0072054494059974475,5
rnn,79,35,0.007675361587869288,0.010193041365925934,-0.001984007389793057,0.0071593961551402975,5
rnn,79,36,0.008221005581078588,0.009985705186067733,-0.0020589614911125354,0.007113895913592211,5
rnn,79,37,0.00876053328512462,0.00976352555630876,-0.0021342229463127077,0.0070665422138115495,5
rnn,79,39,0.009799081927717881,0.009267930958581685,-0.002288643769220127,0.006961012226297406,5
rnn,79,40,0.010299566262454825,0.009009544501169885,-0.0023640587326221943,0.006907326486906248,5
rnn,79,41,0.010785996258741591,0.008752285762405042,-0.0024368604960577278,0.006855869199284853,5
rnn,79,42,0.011247382778730192,0.00850065359592251,-0.0025084892081590803,0.006807294606493294,5
rnn,79,44,0.012093730565507365,0.008039412764259653,-0.00265042232756959,0.006724287201706957,5
rnn,79,45,0.012484864731361933,0.007824209531318651,-0.0027169453486193948,0.00668930974268384,5
rnn,79,46,0.012859314792681893,0.007611011996492921,-0.0027792213304666997,0.006657091660583002,5
rnn,79,48,0.013593152921445483,0.00725085007463769,-0.002894539311455156,0.006599991259850598,5
rnn,79,49,0.013962475262853736,0.007118015927668577,-0.002947027071829925,0.006574808101451734,5
rnn,79,51,0.014707702575507017,0.00699966221334338,-0.0030426086164781437,0.00653854215067077,5
rnn,79,53,0.015472987916660819,0.007052408227941687,-0.003127598131181156,0.00652591243146168,5
rnn,79,54,0.01586711970004225,0.0071378292972685805,-0.003161217719384176,0.006528981732197441,5
rnn,79,56,0.01667755934244456,0.007389768182943533,-0.0032105040043338487,0.006541801561475994,5
rnn,79,58,0.017519740189572412,0.00769447205976983,-0.003238361770637437,0.006543587759718357,5
rnn,79,59,0.017951839322781167,0.007844629330435362,-0.0032453157777518143,0.006535117246162693,5
rnn,79,61,0.018879775124781558,0.008127503481807097,-0.003251531739619988,0.006495849311196093,5
rnn,79,63,0.01995242132843658,0.008361972534615493,-0.0032540494754642116,0.006425897941955167,5
rnn,79,65,0.02119928389699355,0.008568720619996759,-0.003252317942530404,0.00633126390662258,5
rnn,79,67,0.022607885073365017,0.008736732596441924,-0.0032537451530428134,0.006214405878588781,5
rnn,79,69,0.024194627225819453,0.00884954998498238,-0.0032741528475909052,0.0060763409082013765,5
rnn,79,72,0.026818327376961305,0.00886208050969849,-0.0033460288571424772,0.005858793921690078,5
rnn,79,74,0.02868905589403613,0.008802746759357338,-0.003403287208138524,0.005724066532243425,5
rnn,79,76,0.030608048249120594,0.008702936907800541,-0.003459970993607922,0.0055965509940204975,5
rnn,79,79,0.03359348742452271,0.00844565152595014,-0.003536090994153433,0.005405959375261339,5
rnn,79,81,0.035713200120606144,0.008237265901797224,-0.0035844026876283913,0.00528704777512423,5
rnn,79,84,0.03906617581649771,0.008012581798228285,-0.003674580880773261,0.005127545833318974,5
rnn,79,86,0.041462847142600665,0.007980308345465554,-0.003740301436605674,0.005031742155692857,5
rnn,79,89,0.0453679275496861,0.007940560743375126,-0.0038349838414634477,0.004907758229079745,5
rnn,79,92,0.04968825474593547,0.00787228291916835,-0.003929427526554329,0.004818843949414599,5
rnn,79,95,0.05454954272419934,0.007825191860464965,-0.0040340629359308655,0.004752872175056238,5
rnn,79,98,0.060013558277173674,0.008004431754951219,-0.004144852798026464,0.00470961953712674,5
rnn,79,101,0.06608475839345276,0.00858455749828374,-0.004260834703002979,0.0046584087617989045,5
rnn,79,104,0.07295956041952098,0.00973999350433172,-0.004367408869534117,0.00459171434349637,5
rnn,79,107,0.08079558337132614,0.011507402844232847,-0.0044832553433374,0.004520284195173565,5
rnn,79,110,0.08980770883610227,0.013879510351538796,-0.004616328733648918,0.004422746664701346,5
rnn,79,114,0.10378054143916415,0.01793167390197393,-0.00476315177732371,0.004280744312843221,5
rnn,79,117,0.11580662756875082,0.021535129415587613,-0.004857915325930363,0.0041756285010154486,5
rnn,79,121,0.13397133100428793,0.026949933650573417,-0.004965514567647143,0.004036991349296857,5
rnn,79,125,0.1546341291942955,0.03285320700586849,-0.005045284438138849,0.003934381958987273,5
rnn,79,129,0.1775588935369214,0.039538337332517416,-0.005063526693758786,0.003852840179811962,5
rnn,79,133,0.20243668170465096,0.04701622432001169,-0.005036947908721836,0.003801527125962313,5
rnn,79,137,0.2291880618284911,0.05519322407036883,-0.004994800739652025,0.00374828403597089,5
rnn,79,141,0.25742321448793165,0.06399472539670814,-0.00494738367016157,0.003688376716634292,5
rnn,79,146,0.2937591803993857,0.07513791899046515,-0.004828540894901702,0.0036344919107397554,5
rnn,79,150,0.32285015519217886,0.0836715611558379,-0.004719545538187188,0.0035889436640522167,5
rnn,79,155,0.3581658795549393,0.09353477883092531,-0.004564059312575324,0.003523583638061643,5
rnn,79,160,0.39145673096720596,0.10186099361234845,-0.004441294420027872,0.003476249907484544,5
rnn,79,165,0.42221681145215995,0.10837899786631056,-0.0043301766578771345,0.003435935525081979,5
rnn,79,170,0.4500628410334575,0.1131394765072842,-0.00422601556656172,0.003399283692854761,5
rnn,79,176,0.47943851749655686,0.11682880871824455,-0.004140799763139212,0.0033599087264914373,5
rnn,79,181,0.5005316396651046,0.11834359267886578,-0.004096460259864832,0.0033633606632697214,5
rnn,79,187,0.5220460860129417,0.11852046143853355,-0.004043764059832174,0.003376193661111306,5
rnn,79,193,0.5398861297834693,0.11709490980444126,-0.004018162150068206,0.003357777800226383,5
rnn,79,199,0.5548246317271243,0.1144412297677975,-0.004004757785835832,0.003357801362229577,5
rnn,79,205,0.5672605428080004,0.1110145569667473,-0.00399924197557253,0.0033921948040391554,5
rnn,79,211,0.5776780984575962,0.1074070222483971,-0.004018852162393475,0.003411597503674588,5
rnn,79,218,0.587647081306353,0.10323559971405247,-0.0040589169804360935,0.0034392804463171736,5
rnn,79,225,0.59569511296697,0.09924004507382972,-0.004115021749126821,0.003470724028391158,5
rnn,79,232,0.6022471832022924,0.09565984399924053,-0.0041823003939468004,0.003495046551254875,5
rnn,79,239,0.6075820229340234,0.09257741755275148,-0.004234423224678973,0.003513605600200029,5
rnn,79,247,0.6125470592931876,0.0897426878778255,-0.004297658573399842,0.0035366471883821007,5
rnn,79,255,0.6166449322907249,0.0874242854582241,-0.004366221487971518,0.0035434590608598815,5
rnn,79,263,0.6200365165708013,0.08552183022298619,-0.004428792707372764,0.0035437435624738126,5
rnn,79,271,0.622917688092002,0.08393332686435119,-0.004483595703902091,0.003546283126614947,5
rnn,79,279,0.6254256808248859,0.08264652901902235,-0.004524794430201478,0.0035478427047817714,5
rnn,79,288,0.6279041960287042,0.08145554369441903,-0.004563696308373364,0.0035485611960466156,5
rnn,79,297,0.6301089680749834,0.08044611685442311,-0.004594792252664523,0.0035526975971928464,5
rnn,79,307,0.632311718744646,0.07948809342721003,-0.0046214180725876195,0.0035558225176705073,5
rnn,79,316,0.6341058856650917,0.07874084936694016,-0.0046373358226700166,0.0035661862056395833,5
rnn,79,326,0.6359268412793496,0.07801195424721202,-0.004651752456842971,0.0035769014845174695,5
rnn,79,336,0.6376021049880016,0.07738318109318543,-0.004665753915107022,0.0035854464283074997,5
rnn,79,347,0.6393019867705952,0.07675625677819385,-0.0046813878742794955,0.0035936884489875406,5
rnn,79,358,0.640902761698713,0.07619406694558425,-0.00469725155179859,0.0036019413558452825,5
rnn,79,369,0.6424280629381077,0.07569603607292591,-0.004711725855662491,0.00360985699916423,5
rnn,79,381,0.6440132590353446,0.07519793988805219,-0.0047281515720974535,0.0036153030555929107,5
rnn,79,393,0.6455474456077713,0.07472144539568353,-0.004743156377486813,0.0036189077331417237,5
rnn,79,405,0.6470251585909074,0.07427972059259344,-0.004757048203240372,0.0036224504458569526,5
rnn,79,418,0.6485726239066402,0.07382796268637065,-0.004768771384894119,0.0036284855909967406,5
rnn,79,431,0.6500692286908081,0.07338982444538888,-0.004780828780864241,0.003635465223935161,5
rnn,79,444,0.6515248540439165,0.07298537844684332,-0.0047917094886846335,0.003642775091390429,5
rnn,79,458,0.6530450195771758,0.07259430551106001,-0.004803297294371701,0.0036499336676130926,5
rnn,79,473,0.6546402669938807,0.07220151763415095,-0.004815574239056155,0.0036582069227191526,5
rnn,79,488,0.6562166476968687,0.0718150431054482,-0.004828488529766555,0.0036647215298156854,5
rnn,79,503,0.6577643544081185,0.07144724642926426,-0.004840966225655651,0.0036707382653701497,5
rnn,79,519,0.6593871816578057,0.07108231057866729,-0.004854396980146196,0.003676837176628696,5
rnn,79,535,0.660994860495836,0.0707506050556027,-0.004866490121459369,0.0036827692332711583,5
rnn,79,552,0.6626772996410046,0.07042188797525685,-0.004877590796541838,0.003688524722917289,5
rnn,79,569,0.6643374193658452,0.07011709376362311,-0.004885602773002798,0.0036930198269913145,5
rnn,79,587,0.6660698111127186,0.069836754581017,-0.004893279365039575,0.0036995573777874324,5
rnn,79,606,0.66788006661943,0.06957191719725327,-0.004902064860753623,0.0037084929603058967,5
rnn,79,625,0.6696893093359197,0.06931958647017572,-0.004908517340980559,0.0037177782440893504,5
rnn,79,644,0.67148694167092,0.0690892676897924,-0.004915004142752283,0.003727559694760467,5
rnn,79,665,0.6734711881761061,0.06885282773003612,-0.004919409137084066,0.0037366866523159746,5
rnn,79,685,0.6753441029019605,0.06864870338115533,-0.004924068778012657,0.003742124885289059,5
rnn,79,707,0.6773831306341427,0.06845057850198863,-0.004928618080357525,0.0037451992063149125,5
rnn,79,729,0.6794031060558285,0.06829604827600255,-0.0049328186452979456,0.003747594873072874,5
rnn,79,752,0.6814978348858858,0.0681674808454088,-0.0049370903907481264,0.0037494126985749806,5
rnn,79,776,0.6836760195216043,0.0680550993712364,-0.004942618978556442,0.0037495446934779257,5
rnn,79,800,0.6858482422010065,0.06797224366775496,-0.004948808288478838,0.0037468575689576875,5
rnn,79,825,0.6881032603332438,0.06790208800458997,-0.00495281463339012,0.003740419417807942,5
rnn,79,851,0.6904330196193837,0.0678431428456096,-0.00495458296065828,0.0037332539464486475,5
rnn,79,878,0.6928447588363696,0.06779004871043307,-0.004955880949656223,0.003728141097471414,5
rnn,79,906,0.6953220879235611,0.06774204358049188,-0.004957652611199305,0.0037233338806388627,5
rnn,79,934,0.6978010063237166,0.06769795055641599,-0.004956632823695105,0.00371769666878068,5
rnn,79,963,0.7003664076529571,0.06766524850693395,-0.004955507961542,0.003711859198382682,5
rnn,79,994,0.7031167154145648,0.06765027603434429,-0.004953790193666088,0.0037046233956569952,5
rnn,79,1025,0.7058687920575878,0.06765324387619323,-0.0049544653288681375,0.00370119621259802,5
rnn,79,1057,0.7087007170364062,0.06765788295710845,-0.004955590257252456,0.0036992407877234905,5
rnn,79,1090,0.7116124441197952,0.0676825347817412,-0.004956161717003088,0.003699004687132202,5
rnn,79,1125,0.7146871994472055,0.06772466165096096,-0.004958312552471264,0.0036977928041337003,5
rnn,79,1160,0.7177389700438328,0.06776854879025904,-0.004959586216426644,0.003698124937681917,5
rnn,79,1197,0.7209478146358358,0.06781406530175514,-0.004957945399439336,0.0037022849712050588,5
rnn,79,1234,0.7241373477208091,0.0678583013886384,-0.004950019036706038,0.003713310294631763,5
rnn,79,1273,0.7274610059335072,0.06791826372438432,-0.0049356804584925595,0.0037253130650706985,5
rnn,79,1313,0.7308433387921873,0.06795283480055525,-0.004919449243212244,0.0037387908069606234,5
rnn,79,1354,0.7342720461468539,0.06798105905645323,-0.00490721724209241,0.0037504593971869537,5
rnn,79,1397,0.7378271223177324,0.06798999708327369,-0.004898059881751177,0.0037658245727828187,5
rnn,79,1441,0.7414246179955055,0.06797552933407594,-0.0048870693413369925,0.003786260990837811,5
rnn,79,1486,0.7450768720555903,0.06793918650129033,-0.004873514033406798,0.0038062248378690267,5
rnn,79,1533,0.7488599719240966,0.06786641414139777,-0.00485469049434537,0.0038254489502426554,5
rnn,79,1581,0.7526830027497456,0.06775789895139744,-0.004832402262962247,0.0038451448897280065,5
rnn,79,1631,0.7566240268265252,0.0676105077581019,-0.00480783862364485,0.0038632797185877026,5
rnn,79,1682,0.7605904448896059,0.06742405879877691,-0.004780677439160335,0.003877752411424366,5
rnn,79,1735,0.7646805415424625,0.06718043300319462,-0.004749986287668609,0.003890813767684409,5
rnn,79,1789,0.7687999136610114,0.06689047199856624,-0.004712818578858063,0.0039049404559559266,5
rnn,79,1845,0.7729893150470144,0.06655741181012159,-0.004671476933614633,0.0039204674487259335,5
rnn,79,1903,0.7772958099215203,0.06615108033886691,-0.004626730758376299,0.0039344188263898475,5
rnn,79,1963,0.7817046389883979,0.06566323330096915,-0.004579328527518046,0.003949234133000391,5
rnn,79,2025,0.7861739093871914,0.06513844525527387,-0.004529121529501374,0.003961156226886971,5
rnn,79,2089,0.790723925437571,0.06455131968293738,-0.0044749494565279775,0.003971827290566674,5
rnn,79,2154,0.7952642555737734,0.06388848605295112,-0.004417276692503316,0.003984368018796462,5
rnn,79,2222,0.7999093326754421,0.06315316517145962,-0.004353973269041127,0.003997108132067658,5
rnn,79,2292,0.804606000069028,0.062333149773314334,-0.004289650969323157,0.0040064729576849345,5
rnn,79,2364,0.8093487999008999,0.06144254224235763,-0.004220364672348557,0.00401150416856058,5
rnn,79,2438,0.8140955164187986,0.06049655893474943,-0.004147293885219333,0.004019413259840232,5
rnn,79,2515,0.8189063908684309,0.059454133959237335,-0.0040716396032310885,0.004023630574150574,5
rnn,79,2594,0.823715196920805,0.058340193582267226,-0.003998016794811918,0.0040263030363117324,5
rnn,79,2675,0.8285150452506913,0.05715099333856701,-0.0039227986400034495,0.004029480648825562,5
rnn,79,2759,0.8333533626763714,0.05588631199624134,-0.0038459939672582473,0.0040329511161181246,5
rnn,79,2846,0.8382046542203462,0.05454845794412117,-0.0037736690392038844,0.00403595806855455,5
rnn,79,2936,0.843048909669896,0.053151776396228895,-0.003704451309147848,0.004042784437648041,5
rnn,79,3028,0.8478191073600676,0.05172820331780868,-0.00363528623173196,0.0040516631936034185,5
rnn,79,3123,0.8525358004617603,0.050280299576886726,-0.003566577154838309,0.004060769178452423,5
rnn,79,3221,0.8571807499911095,0.048802818607586416,-0.003500540508047065,0.004073240336810485,5
rnn,79,3323,0.861780145591653,0.047277113782458864,-0.003440639158917809,0.004092910711734661,5
rnn,79,3427,0.8662245414347927,0.04575637499656152,-0.0033781454559002207,0.004120635211420494,5
rnn,79,3535,0.8705840881849995,0.0442172323126748,-0.003314335885268964,0.004156960688493686,5
rnn,79,3646,0.8747990868249944,0.0426881337401293,-0.0032532470973297327,0.0042009558129815164,5
rnn,79,3760,0.8788540904922009,0.04119178147015654,-0.003193408118997294,0.004249695830816254,5
rnn,79,3879,0.8828129537046546,0.039712368703712655,-0.0031372046394215368,0.0042997612152870625,5
rnn,79,4000,0.8865463890775611,0.03829725316470595,-0.003088924778361586,0.004351248307160449,5
rnn,79,4126,0.8901300727351517,0.03692056793029957,-0.003048789587719187,0.004410603392768322,5
rnn,79,4256,0.8935045052582904,0.03560903540077839,-0.0030134749978976577,0.004475775516305406,5
rnn,79,4390,0.896652528095145,0.03437233485153807,-0.0029849684600331662,0.004544717633445317,5
rnn,79,4528,0.8995852000158919,0.03320365284305881,-0.002964580735827117,0.004617190771888114,5
rnn,79,4670,0.9022870040124762,0.03212589088706564,-0.00294852832679682,0.004692967671533822,5
rnn,79,4817,0.9047612725823099,0.031144217075952597,-0.0029376018657823614,0.004772563520853405,5
rnn,79,4968,0.9070134129780495,0.030247174797761706,-0.002933432070556823,0.004856600308315686,5
rnn,79,5124,0.9090831518542352,0.029397542644441423,-0.0029271191920374686,0.004941991052544024,5
rnn,79,5285,0.9109937960104058,0.028564575263390242,-0.002920583775783771,0.005028064576345391,5
rnn,79,5452,0.9127619725549282,0.02771817122949233,-0.0029129131605342288,0.005111943028299505,5
rnn,79,5623,0.9143812940709501,0.02686086202483523,-0.0029028463650560476,0.00518865891020875,5
rnn,79,5800,0.9158680413430818,0.025978584760758802,-0.002890171247438008,0.005257378344156341,5
rnn,79,5982,0.9171936534042038,0.02509968991009929,-0.002874423532799725,0.005318318107165849,5
rnn,79,6170,0.9183703513202918,0.024229503853810994,-0.002856055990040186,0.005370007163148437,5
rnn,79,6364,0.9193961765362737,0.023381379256080928,-0.002837675440047886,0.005412170075638234,5
rnn,79,6564,0.9202556454718387,0.022589601822546275,-0.002816654419882777,0.00544597748624462,5
rnn,79,6770,0.9209502406742404,0.0218689596738837,-0.002792824313409402,0.005471587417669741,5
rnn,79,6983,0.9214732521039588,0.02125017866333897,-0.002768865238768678,0.005491277502935033,5
rnn,79,7203,0.9218156047340644,0.02075459370112457,-0.002745938874876938,0.005503716134282684,5
rnn,79,7429,0.9219738742694215,0.020414212546785996,-0.0027237616085196113,0.005513660293074098,5
rnn,79,7662,0.9219614944806397,0.02025689141398093,-0.0027004041970579984,0.005523415933232905,5
rnn,79,7903,0.9217877149235326,0.02031428138596107,-0.002678834165271651,0.005530654861595345,5
rnn,79,8152,0.9214583005650214,0.020632625899159818,-0.0026575830595485027,0.0055369382301135,5
rnn,79,8408,0.9209936074713518,0.021242084176116487,-0.0026390758106428548,0.005541011236043466,5
rnn,79,8672,0.9204062939138424,0.022169259902266876,-0.0026234638089297976,0.0055422243537075104,5
rnn,79,8945,0.9197173131086862,0.023428100528115402,-0.0026116471896239215,0.005542143857301399,5
rnn,79,9226,0.9189588289103178,0.024993338431787176,-0.0026027051752144535,0.0055400887118803085,5
rnn,79,9516,0.9181343747265149,0.02681933842745262,-0.002594493470118954,0.0055325048578344325,5
rnn,79,9815,0.9172656524066081,0.02883706082683288,-0.00258719338275262,0.0055189374183663925,5
rnn,79,10124,0.9163664055124163,0.03099214596307871,-0.002579753300155466,0.005501617887835126,5
rnn,79,10442,0.9154541425788452,0.033219502333065636,-0.002571754753562911,0.005482716965005856,5
rnn,79,10770,0.91453552308027,0.035475944942515394,-0.0025628792728634615,0.005464234604474315,5
rnn,79,11109,0.9136263898206188,0.03774595483062838,-0.0025538502798957917,0.005447365084126104,5
rnn,79,11458,0.912750145689569,0.03997435110559151,-0.0025424911465378856,0.005433460850974022,5
rnn,79,11818,0.91191693830532,0.04212492144595548,-0.0025278189152841708,0.005421021987180616,5
rnn,79,12189,0.9111348552928125,0.04418721405307166,-0.002507193007500424,0.005411852818343719,5
rnn,79,12572,0.9104411158323193,0.0461067062040454,-0.0024809022145702757,0.005406325906109399,5
rnn,79,12968,0.909867611272983,0.0478431761504659,-0.002453355187963236,0.005400705727425556,5
rnn,79,13375,0.9093944562954718,0.04938860198093723,-0.002423273113536443,0.005395270268278978,5
rnn,79,13796,0.9090755503387816,0.05079471287741483,-0.002396260174345933,0.005391600160842224,5
rnn,79,14229,0.9088364132661649,0.052210824540764096,-0.0023653398582746113,0.005389060007766834,5
rnn,79,14677,0.9086216159678047,0.05370761514456161,-0.0023409058931610936,0.0053817543160211935,5
rnn,79,15138,0.9084648966519684,0.055356462081487874,-0.0023288414406823577,0.005373232004758814,5
rnn,79,15614,0.9080143723840942,0.05761745778260487,-0.0023452840955557617,0.005369475366164969,5
rnn,79,16104,0.908345815345057,0.06179896117799723,-0.0024131990869273355,0.005369130957574342,5
rnn,79,16611,0.9134783769175501,0.0535727091420651,-0.0025897982240122115,0.005240141419364317,5
rnn,79,17133,0.9170698154439606,0.05205781563106093,-0.002529452059083502,0.005076507519322254,5
rnn,79,17671,0.9201229258528508,0.044536245244761866,-0.002572032938331569,0.004901592255259035,5
rnn,79,18227,0.9115029884326059,0.04843178758796072,-0.0026980053335763287,0.0049486911750636344,5
rnn,79,18800,0.8848753316983862,0.08887768017806816,-0.0026283987387413716,0.004734191445245074,5
rnn,79,19391,0.8040203680482501,0.10270442885238976,-0.001938073517248937,0.005566017361331624,5
rnn,79,20000,0.7590218684806276,0.10589662869004843,-0.0018009134332614134,0.005326406418873214,5
rnn,97,1,-0.0035764762807242016,0.010117646014430813,-0.002076528112297735,0.005676798394550964,5
rnn,97,2,-0.003568825635914912,0.009936363936857383,-0.0020819381569779664,0.00558550778401545,5
rnn,97,3,-0.003533965085267831,0.009839186847614466,-0.0020909746294387513,0.005493571600498654,5
rnn,97,4,-0.003509503304984397,0.009831800534344542,-0.002104685196769468,0.005398450984870625,5
rnn,97,5,-0.0034823494341603063,0.009929037801925689,-0.0021183233065474186,0.005304772931120355,5
rnn,97,6,-0.0034563528925566495,0.010095664701300626,-0.0021311657391152685,0.005213359661272016,5
rnn,97,7,-0.0034476530090873153,0.010298387126985607,-0.0021483970407121396,0.005120562096418912,5
rnn,97,8,-0.003481886115933585,0.010511873369163365,-0.002164781004210701,0.005023356545462018,5
rnn,97,9,-0.003554881574020819,0.010724523618305594,-0.0021818487745736545,0.004919669999783509,5
rnn,97,10,-0.0036529649754697704,0.010936614004308686,-0.0022003321236443137,0.004813816277301471,5
rnn,97,11,-0.0037752759721285467,0.011149701493773175,-0.0022191565840685053,0.0047025002636559,5
rnn,97,12,-0.00391108279904928,0.011358740623784041,-0.0022323350123469843,0.004588718497420541,5
rnn,97,13,-0.0040445521576180305,0.011564354805605385,-0.002238422484810638,0.004474048561808631,5
rnn,97,14,-0.004179000893997498,0.01175428967691809,-0.0022373772914157015,0.004359392601561103,5
rnn,97,15,-0.004292706349757292,0.011915311563550524,-0.0022283035014966216,0.004244636975759432,5
rnn,97,16,-0.00439899146544955,0.012054904760060277,-0.0022108638128507502,0.004129856911129524,5
rnn,97,17,-0.004493497060944922,0.01216728659846146,-0.00218635608567293,0.004014931942192165,5
rnn,97,18,-0.004578193320597606,0.012267635291683246,-0.0021526293310977942,0.0039007864249361195,5
rnn,97,19,-0.004661287532125106,0.012368599265498915,-0.0021119012589988517,0.0037885797294789493,5
rnn,97,20,-0.004739467750919608,0.012467641441792854,-0.0020630160943937983,0.003677838812409832,5
rnn,97,21,-0.004807384681307647,0.012561075925688215,-0.0020067879122018075,0.0035694968738436217,5
rnn,97,22,-0.00484908464560804,0.012665972518265187,-0.0019439097469450346,0.0034629768472311,5
rnn,97,23,-0.004858747234993752,0.012783042388964872,-0.0018765924175341852,0.0033612958028502154,5
rnn,97,24,-0.004839005920236208,0.012918549722241443,-0.0018023846183057315,0.003262122873550557,5
rnn,97,25,-0.004797532561584634,0.013080400983916475,-0.0017268155338700127,0.0031638250068162224,5
rnn,97,26,-0.004733759726259947,0.013274717325553381,-0.0016526558985960435,0.0030663868040477125,5
rnn,97,27,-0.004640394537602903,0.013494872304648116,-0.0015809107526037855,0.002971341844642666,5
rnn,97,28,-0.00451834854104307,0.013750212165556316,-0.0015090722019775312,0.0028813651550920515,5
rnn,97,29,-0.004374530463107472,0.014045124518439844,-0.0014398906647641477,0.002794547417784577,5
rnn,97,30,-0.004204154369991362,0.014362438966476324,-0.0013746112345173166,0.0027118805744256154,5
rnn,97,31,-0.004003258001991328,0.014683863525057989,-0.0013160633181982287,0.0026349495172837316,5
rnn,97,32,-0.0037713484497551185,0.015014160898484504,-0.0012635922658334256,0.002561234350673677,5
rnn,97,33,-0.00350756014153667,0.015348071513442618,-0.0012162085942954899,0.0024907626927635476,5
rnn,97,34,-0.0032086141610868446,0.015685458578694907,-0.0011760778717825168,0.002425566801151023,5
rnn,97,35,-0.002872351097457426,0.01602030040445661,-0.001142870070370205,0.002366201872250488,5
rnn,97,36,-0.002499905501844564,0.01634100479906438,-0.0011157173409422697,0.0023141815367019826,5
rnn,97,37,-0.002090172088300285,0.016638576010302303,-0.0010921544721288247,0.002267140302245451,5
rnn,97,39,-0.0011782905292787612,0.01715770001014293,-0.0010563900818926256,0.002189085249300418,5
rnn,97,40,-0.0006903146351716721,0.017384503038802162,-0.0010426374605083766,0.0021603615623222187,5
rnn,97,41,-0.00018525589254815661,0.017594653734862478,-0.0010288009602951024,0.0021399886089574797,5
rnn,97,42,0.00033113926181888665,0.01778631387853187,-0.0010139680091171544,0.002127885628849967,5
rnn,97,44,0.0013778525731018485,0.018144683335614222,-0.0009855074771204378,0.0021320954216815418,5
rnn,97,45,0.001905561130128686,0.018310146189990793,-0.0009699242808395722,0.0021484574309506856,5
rnn,97,46,0.0024361787800386593,0.018464809305129323,-0.0009539534740926773,0.0021734172799349858,5
rnn,97,48,0.003466876364309232,0.018754132860645797,-0.0009221061030148959,0.002240381470375882,5
rnn,97,49,0.0039601512408544755,0.018888903050409037,-0.0009074080981282991,0.0022824682373908355,5
rnn,97,51,0.004896491971912785,0.019148504236289856,-0.0008790178185887563,0.002380516212424237,5
rnn,97,53,0.005754888220406981,0.01939431079831013,-0.0008490307484061283,0.0024913587428738236,5
rnn,97,54,0.006152335056896158,0.0194977388208412,-0.0008335052313122825,0.0025501178390384596,5
rnn,97,56,0.006900488704744734,0.019669660720080126,-0.0007995179501992297,0.002673119390928242,5
rnn,97,58,0.007595676559151043,0.01977632796003088,-0.0007642734927370755,0.002795750601187773,5
rnn,97,59,0.007929443429398341,0.019802008019534113,-0.0007431297869131539,0.002852480513589113,5
rnn,97,61,0.008586145932614139,0.019789596381236146,-0.0006835756509141342,0.0029400882525680966,5
rnn,97,63,0.009288368869472435,0.019679005723281007,-0.0005954219925371209,0.0029878870534034486,5
rnn,97,65,0.010064983761377178,0.019450074812051802,-0.0005018893329794343,0.003000086052390754,5
rnn,97,67,0.010912249558799983,0.019148634695897147,-0.00040502794740826205,0.0029908428086994525,5
rnn,97,69,0.011845767479912776,0.018803514054544435,-0.0002924411744949176,0.0029515851659878203,5
rnn,97,72,0.013389853017151537,0.018228839318124967,-0.00010591259607483265,0.0028591491426012998,5
rnn,97,74,0.014483637914961994,0.01786319095838892,1.9547722305138845e-05,0.002794726805432143,5
rnn,97,76,0.015617833939615605,0.017527378817633707,0.00014899469428453636,0.0027435511749458025,5
rnn,97,79,0.01745726381904349,0.017020425475266374,0.00033475442623191997,0.0026703291168222437,5
rnn,97,81,0.018832457680867075,0.01668323751860559,0.0004352832514608414,0.002631977871786011,5
rnn,97,84,0.021137856123917078,0.01621090671275367,0.0005521174507727229,0.0026132393320007323,5
rnn,97,86,0.02281267745600928,0.015890304823848733,0.000619411682272224,0.0026179784457599623,5
rnn,97,89,0.02557455215758937,0.01551460470077224,0.000703759505780835,0.0026499565805812382,5
rnn,97,92,0.02864295340476436,0.015301825923825833,0.0007623851850983368,0.002725184798423133,5
rnn,97,95,0.03205384485638658,0.015183533283103854,0.0008129288372065308,0.0028119936463849664,5
rnn,97,98,0.035851994525948574,0.015210982349647064,0.0008701620791303173,0.0029078115429450354,5
rnn,97,101,0.040116000438723425,0.015530116344565921,0.0009298045654861047,0.002975967183964984,5
rnn,97,104,0.04496647352140198,0.01627764781467759,0.000976537441102963,0.00301397238694864,5
rnn,97,107,0.050467770522152136,0.017385659345148467,0.0010330089348855923,0.003035568099151842,5
rnn,97,110,0.05668471567510867,0.018944005858579197,0.0010661594761571386,0.0030205778094598013,5
rnn,97,114,0.06652139174447157,0.021954608084851793,0.0010965146341097786,0.002951054157529006,5
rnn,97,117,0.07529306468797126,0.02495777894585685,0.0011091705759417874,0.0028822401111185396,5
rnn,97,121,0.0891956426462459,0.03015717731227248,0.0011022384093087173,0.002791563114276341,5
rnn,97,125,0.10574666941453789,0.03668845840493381,0.0011022608945712767,0.002712338472410616,5
rnn,97,129,0.12539570290344798,0.04477046659772637,0.0010951863370103792,0.002650515490193959,5
rnn,97,133,0.1486042776527409,0.05462870083069271,0.0010804475678606914,0.0026112785829967918,5
rnn,97,137,0.17557469936014103,0.0661732398086301,0.001062962777713439,0.0025709629319321872,5
rnn,97,141,0.20621691601442937,0.0787371569259324,0.0010344990641319885,0.0025370215019428536,5
rnn,97,146,0.24909195378159904,0.09500290062884724,0.0010186549876101483,0.0025064675115865527,5
rnn,97,150,0.28592520996877135,0.10756659928729864,0.0009928692608724302,0.002489399233280105,5
rnn,97,155,0.33317839650007186,0.12139943444743326,0.0009463132117445028,0.0024909804159089434,5
rnn,97,160,0.3794880874460608,0.13210004308614254,0.0009238410519627393,0.002530038553538537,5
rnn,97,165,0.42266029904306635,0.13946819244947628,0.0009402272887310346,0.0026233265980595533,5
rnn,97,170,0.46154917284518093,0.14419930819411908,0.0009586574518003155,0.00273347369565574,5
rnn,97,176,0.502038365740249,0.14698623310108402,0.0010054108167837632,0.002845738820748299,5
rnn,97,181,0.5308601581226118,0.14728061204368878,0.0010647160233235487,0.0029086947082102104,5
rnn,97,187,0.5597539990122833,0.14555277692390337,0.0011150468734724465,0.002963693654401424,5
rnn,97,193,0.5836148854600639,0.14199067329375192,0.001174254839482899,0.002999075689311061,5
rnn,97,199,0.6037624847602111,0.13726434403240906,0.0012263826145623847,0.003016421018964382,5
rnn,97,205,0.6209633076108145,0.13229949070379954,0.0012493631753274352,0.003045974987848191,5
rnn,97,211,0.6359347888857543,0.12738214252484364,0.0012562145282252473,0.0030659885670059643,5
rnn,97,218,0.6510947354909249,0.12140985604151214,0.001262351989196379,0.003071511225218487,5
rnn,97,225,0.6641555929595836,0.11577556017011492,0.0012596539861623255,0.0030763995562105716,5
rnn,97,232,0.675299972024423,0.11066284746296148,0.0012506919486582994,0.0030608196733705718,5
rnn,97,239,0.6846962202201891,0.10612692713010181,0.0012195068380001647,0.003031017131771935,5
rnn,97,247,0.6936003111605363,0.10173854510133096,0.0011734849402503518,0.0030037863555087015,5
rnn,97,255,0.7008479326832038,0.09816914344043615,0.0011310904105979163,0.002991167489402305,5
rnn,97,263,0.7068014601106173,0.09522713539492235,0.0010877690844569852,0.002982543102636758,5
rnn,97,271,0.7117689149072506,0.09280625794572106,0.001044969730485355,0.0029790396575132675,5
rnn,97,279,0.7159217195748702,0.0908518398163633,0.001017857411848442,0.0029659651810782063,5
rnn,97,288,0.7198239851712758,0.08921590005033346,0.001005086165020289,0.0029480882012749587,5
rnn,97,297,0.7231185421638202,0.08798604788078872,0.0010052274689566338,0.002932418155751108,5
rnn,97,307,0.7261976404701566,0.08694113385765628,0.0010052192900822643,0.0029143642300554586,5
rnn,97,316,0.7285772136996027,0.08625793195736743,0.0010045879603807015,0.00289345133816037,5
rnn,97,326,0.7308912455834962,0.08568075971803639,0.0010068399064578752,0.0028668281242894052,5
rnn,97,336,0.7329443469474247,0.08523506162120917,0.0010073747763055506,0.002836821241961944,5
rnn,97,347,0.7349860646403333,0.08483722070941174,0.0010078077792941484,0.0028049841774091568,5
rnn,97,358,0.7368264832056698,0.08454106601697765,0.001009526988726536,0.002773815217137251,5
rnn,97,369,0.7385218792862547,0.08430984841891673,0.0010111699506400213,0.0027429914336391443,5
rnn,97,381,0.7402376165549496,0.08409504494519625,0.0010083553731942772,0.002710152164297977,5
rnn,97,393,0.7418335395717816,0.08389544386960208,0.0010050098054414536,0.0026794096537132227,5
rnn,97,405,0.743322847766063,0.08373130845145843,0.0010045241263222319,0.0026456520547298384,5
rnn,97,418,0.7448422734972072,0.08360142022062213,0.001004589986853768,0.002609265658130062,5
rnn,97,431,0.7462916463331476,0.08350372029648534,0.0010048034691928927,0.0025748586625807153,5
rnn,97,444,0.7476711514731827,0.08343075314144748,0.0010053123423136331,0.0025419300369073786,5
rnn,97,458,0.7490953646864708,0.08336647260167634,0.001003573140417892,0.0025096046016848173,5
rnn,97,473,0.7505629292667224,0.08331748812340817,0.0009997330993805932,0.0024804282425780937,5
rnn,97,488,0.751976854658716,0.08328641616575565,0.0009939027976265495,0.0024546275667027815,5
rnn,97,503,0.753342057048916,0.08326973901251718,0.0009898321628282675,0.002430090020177268,5
rnn,97,519,0.7547580605446342,0.08326197268993432,0.0009854186664918219,0.0024023386947690305,5
rnn,97,535,0.7561316089008238,0.08327264153164515,0.0009815179162815826,0.002375208939397415,5
rnn,97,552,0.7575562980752686,0.0833012213617119,0.0009765520373072375,0.0023473373552652084,5
rnn,97,569,0.7589406717824226,0.0833445715947556,0.0009713631915990902,0.002323607784445084,5
rnn,97,587,0.7603724818366079,0.08340389146438791,0.0009667839954176788,0.002296458265342041,5
rnn,97,606,0.7618504091517906,0.08347574473941893,0.0009597385977045958,0.0022687437279337907,5
rnn,97,625,0.7633057039961348,0.08353470062928403,0.0009499089433380247,0.0022436045919436423,5
rnn,97,644,0.7647280436973889,0.08359475403151748,0.0009405245762589068,0.002220065342967334,5
rnn,97,665,0.7662780821997515,0.08366916594575004,0.00093215862518191,0.002195392096234064,5
rnn,97,685,0.7677398800600324,0.08373209421555698,0.0009237245555226411,0.002172613128938423,5
rnn,97,707,0.7693379575620637,0.08379322992586877,0.0009140156194537647,0.0021512264481686597,5
rnn,97,729,0.7709132735970471,0.08384913663302422,0.0009031206910855374,0.002130518713668343,5
rnn,97,752,0.7725426304727673,0.0839048235138036,0.0008944900033673444,0.0021117617573322436,5
rnn,97,776,0.7742319961957601,0.08394818939632263,0.0008841658906173987,0.0020944329320820502,5
rnn,97,800,0.7759129680058338,0.08398292885911099,0.00087330045611955,0.0020773244278953257,5
rnn,97,825,0.7776636042461754,0.08399406586731,0.0008631403583327145,0.0020629025962895123,5
rnn,97,851,0.7794711753774344,0.08399778190197942,0.0008529033579343955,0.0020511148767799465,5
rnn,97,878,0.7813354992741118,0.0839960247357937,0.0008403540580866169,0.0020437391494900234,5
rnn,97,906,0.7832447820843775,0.08399027203798037,0.0008234424555583489,0.002039608058399431,5
rnn,97,934,0.7851453660015049,0.08397793698333371,0.0008047481364529491,0.0020379251727023753,5
rnn,97,963,0.7871076388382388,0.0839469914619692,0.0007866952775298721,0.0020368058599747273,5
rnn,97,994,0.78922539326996,0.08387990045342596,0.000767694155995665,0.0020365654166084545,5
rnn,97,1025,0.7913423233184864,0.08379997528464006,0.0007477335462522637,0.00204302605369094,5
rnn,97,1057,0.7935077114837513,0.08371363612224944,0.000727514247269478,0.002052716402086577,5
rnn,97,1090,0.7957233552339568,0.08362934427108665,0.0007073027457316399,0.0020634866729153083,5
rnn,97,1125,0.7980537306909039,0.08353477795139508,0.0006859558083078724,0.00207666216033494,5
rnn,97,1160,0.8003680719178838,0.08342755281183922,0.0006633923336064678,0.002092184473229579,5
rnn,97,1197,0.8028161950736405,0.08329057473046979,0.0006410124439716889,0.0021085948985227333,5
rnn,97,1234,0.8052617536071889,0.08312716890342566,0.0006178229296519459,0.0021272998740600236,5
rnn,97,1273,0.8078102795877873,0.08294441837144911,0.0005937262343564735,0.002152323573780566,5
rnn,97,1313,0.8104064471770231,0.08273147445374401,0.0005666185797811857,0.0021808296289575952,5
rnn,97,1354,0.8130525157174837,0.0824830340035385,0.0005420092635441312,0.002208468650578387,5
rnn,97,1397,0.8157894306915472,0.08220746649196915,0.0005199453223928145,0.002239933415453917,5
rnn,97,1441,0.8185577282519148,0.08189009257864337,0.000499813445502385,0.002274770419110372,5
rnn,97,1486,0.8213513761451543,0.08154991614762284,0.00048017315931654967,0.0023080870327939944,5
rnn,97,1533,0.8242344350192413,0.08116263695024131,0.0004581223133963126,0.002343964271859738,5
rnn,97,1581,0.8271336956922497,0.08072005159482608,0.00043392214555550813,0.0023797431015951252,5
rnn,97,1631,0.8301045704773198,0.08021265933314521,0.00041117468812495544,0.0024210340889012664,5
rnn,97,1682,0.8330800042055932,0.07965567998371642,0.00038799379090798445,0.0024673596092535475,5
rnn,97,1735,0.8361186036825767,0.07902967252446211,0.00036871117667879906,0.002515989803744159,5
rnn,97,1789,0.8391435930173822,0.07837844658855594,0.0003542687313414042,0.0025641191956641304,5
rnn,97,1845,0.8422178507422242,0.07767255719632093,0.00034142748075913915,0.0026145174765300518,5
rnn,97,1903,0.8453265895840401,0.07691302444256744,0.00032796627910559943,0.002669087113221308,5
rnn,97,1963,0.8484849488105702,0.07606343945763178,0.0003150175184839652,0.002724782915597026,5
rnn,97,2025,0.8516436484380117,0.0751693397915764,0.00030482597822399367,0.0027798096470143686,5
rnn,97,2089,0.854793267181973,0.07423687930889634,0.0002944696590259139,0.0028334040133345816,5
rnn,97,2154,0.8578791492054016,0.07328788456567856,0.0002812540336312588,0.00288759847563588,5
rnn,97,2222,0.8609987376564288,0.07228656486438749,0.00026626111570771875,0.0029437008881676783,5
rnn,97,2292,0.8640950699727595,0.07125998790056674,0.00025050333439536785,0.0030001556988894255,5
rnn,97,2364,0.8671607085711621,0.0701967353464252,0.00023269974782068247,0.003051170371664525,5
rnn,97,2438,0.8701957149750974,0.06908106403470597,0.00021101029918982306,0.0030975748807207694,5
rnn,97,2515,0.8732260166067787,0.06791356138975214,0.00018675498968543999,0.0031413471866548405,5
rnn,97,2594,0.8761916563737457,0.06672904745621608,0.00016232326245573312,0.003186273855449871,5
rnn,97,2675,0.879080975846095,0.06553999852166759,0.0001344805578300573,0.0032290333491790946,5
rnn,97,2759,0.8819241379546103,0.0643273048406072,0.00010406453503581273,0.0032639314453111875,5
rnn,97,2846,0.8847117363991149,0.06309993644091635,7.188407413086313e-05,0.0032922456760666706,5
rnn,97,2936,0.8874018424735486,0.06188329137037101,3.303789094818133e-05,0.003315504872228982,5
rnn,97,3028,0.889981528797307,0.0606634402451767,-8.406689441709014e-06,0.003335261025345929,5
rnn,97,3123,0.8924593977960187,0.059449525875150205,-5.21618516646644e-05,0.003355498946245777,5
rnn,97,3221,0.8948322346713266,0.05824482104192771,-9.639988344409254e-05,0.0033732228679517287,5
rnn,97,3323,0.8971102470470497,0.057053834171812014,-0.00014344351453643564,0.003387576950078659,5
rnn,97,3427,0.8992267338050406,0.0559224534199554,-0.00019526610179740434,0.0033989129789232884,5
rnn,97,3535,0.90122716058574,0.05482600941880112,-0.00025094702248772756,0.0034049572453452156,5
rnn,97,3646,0.9030874601134462,0.05377445377994825,-0.00031124031106722564,0.003404102074070441,5
rnn,97,3760,0.9047997012619762,0.05277552345801072,-0.0003704400992312227,0.0034054409486047868,5
rnn,97,3879,0.9064000511717831,0.05180823619529382,-0.0004309705314670012,0.00340850334681842,5
rnn,97,4000,0.9078564294648045,0.05088131107800331,-0.0004884566280009674,0.0034109649423758577,5
rnn,97,4126,0.9092156378913419,0.04996709327676131,-0.0005443546372239522,0.0034154431332687504,5
rnn,97,4256,0.9104677632838735,0.04906626138924159,-0.0005965453729239323,0.0034228266509774975,5
rnn,97,4390,0.9116287587509146,0.048156731541584605,-0.000645136296585957,0.0034319700666654257,5
rnn,97,4528,0.9127035104138572,0.047235932704003815,-0.0006912705932132525,0.0034412517614876587,5
rnn,97,4670,0.9136908246804148,0.046304493603001796,-0.0007326871316702306,0.0034495072175248697,5
rnn,97,4817,0.9146132831373235,0.04534768283856066,-0.000769699375644666,0.0034588400695947995,5
rnn,97,4968,0.9154651073987751,0.04437709778605151,-0.0008031909750237555,0.003467921021237897,5
rnn,97,5124,0.9162546727316384,0.04339481632124619,-0.0008324416385807907,0.003477698476351231,5
rnn,97,5285,0.9169845048904197,0.0424019429023582,-0.0008550500625749356,0.003489343775702253,5
rnn,97,5452,0.9176680414240567,0.04139558239380082,-0.0008724653535191189,0.0035029276242442816,5
rnn,97,5623,0.9183007418135638,0.040403656958744705,-0.0008865175563479884,0.0035162228650510788,5
rnn,97,5800,0.918891175215907,0.039427440625915855,-0.0008968731012599332,0.003528395877842447,5
rnn,97,5982,0.9194430786133532,0.03847080293732259,-0.0009036012481889782,0.0035384067203626077,5
rnn,97,6170,0.9199677375675949,0.037529647945136496,-0.0009063455293000039,0.003547315877176029,5
rnn,97,6364,0.9204801547233353,0.036596912631152195,-0.0009058178939799794,0.0035536731183023096,5
rnn,97,6564,0.9209877305385004,0.035682853929843,-0.0009037009818291454,0.003558230038565675,5
rnn,97,6770,0.9215039709650398,0.034784144931940215,-0.0008986242184848364,0.0035611043038684875,5
rnn,97,6983,0.9220321006335876,0.03390979141139598,-0.000891558693427681,0.0035626324669345735,5
rnn,97,7203,0.9225789639305262,0.0330663181357006,-0.0008834116284625193,0.003561877736156744,5
rnn,97,7429,0.9231490452618234,0.03227002844833973,-0.0008738691683062173,0.0035596211098384172,5
rnn,97,7662,0.9237465442047356,0.031521870426522824,-0.0008638843868418068,0.0035581389256729647,5
rnn,97,7903,0.9243767459944703,0.03083115899579293,-0.0008523150439542447,0.003557570867985855,5
rnn,97,8152,0.9250480655263356,0.03020650800441139,-0.0008380237916535665,0.003557834676611258,5
rnn,97,8408,0.9257476490027399,0.029670564719612616,-0.0008211072827633608,0.0035567690126919425,5
rnn,97,8672,0.9264697822641053,0.029243643920162727,-0.0008040830396322354,0.00355361661938493,5
rnn,97,8945,0.927214383197783,0.028934583676167497,-0.0007846148717146071,0.0035490125661964485,5
rnn,97,9226,0.9279682067569996,0.028748546528784915,-0.0007630927440673977,0.003544026658470439,5
rnn,97,9516,0.9287367338312709,0.028687902877383036,-0.0007393404268142906,0.0035396269272181843,5
rnn,97,9815,0.9295201772512,0.028737192232094297,-0.000713999177255389,0.003534082747464413,5
rnn,97,10124,0.9303060738356272,0.02889956237742499,-0.0006882043461337052,0.003527447383712877,5
rnn,97,10442,0.9310784409912882,0.029178892137921516,-0.0006594264043484489,0.003520044555557731,5
rnn,97,10770,0.9318289764294517,0.029568608050870276,-0.0006283374258676186,0.003507512219262976,5
rnn,97,11109,0.9325574053744987,0.03006038886000354,-0.0005949787079423646,0.003490318969941053,5
rnn,97,11458,0.9332607193298752,0.030634259274970776,-0.0005626544768623313,0.0034684592230595193,5
rnn,97,11818,0.9339767960592742,0.031218313055405848,-0.0005283975211695898,0.0034450048392732865,5
rnn,97,12189,0.9347298613488142,0.031755017161379705,-0.0004945458142132173,0.0034172631918473364,5
rnn,97,12572,0.9355314004794737,0.03220096745461606,-0.00046211655425238557,0.003388462364432875,5
rnn,97,12968,0.936393824603132,0.03253115554916141,-0.00042923759689879467,0.003358099398105151,5
rnn,97,13375,0.93731903522478,0.03273436270599801,-0.0003984537191146272,0.0033263033921378743,5
rnn,97,13796,0.9382963831249714,0.032811651094863496,-0.0003684040981370592,0.003290586597068323,5
rnn,97,14229,0.9393362831706942,0.03276572853608868,-0.0003389624799496378,0.0032553278935325333,5
rnn,97,14677,0.9404597126238535,0.03260845324589694,-0.0003095956593755204,0.0032173402643975494,5
rnn,97,15138,0.9416587272707708,0.03243711068366261,-0.00028441970621767966,0.003173195530813284,5
rnn,97,15614,0.9429854867702672,0.032266629428611596,-0.0002673786168438618,0.003125522142770149,5
rnn,97,16104,0.9446649706597263,0.032192815457051986,-0.00022711976364291167,0.0030846802494660748,5
rnn,97,16611,0.9440048343897196,0.03231787694871189,-0.00040587474209138625,0.0028685704198174776,5
rnn,97,17133,0.9438197983856467,0.029948153359275625,-0.0002628335136653395,0.0030285204262201653,5
rnn,97,17671,0.8974507742031939,0.09686592378153865,3.8530434649623746e-05,0.003597464229383152,5
rnn,97,18227,0.8567481430543525,0.146989055475793,6.324795196323758e-05,0.0033672569837163322,5
rnn,97,18800,0.800695870182879,0.14766809811516635,0.0010740817137093934,0.0023864685395092035,5
rnn,97,19391,0.7509058420575095,0.12090623718720292,0.0014249661588868173,0.002070258069297605,5
rnn,97,20000,0.7207571299728913,0.10190079299536972,0.001561311376806646,0.002188093948671762,5
rnn,113,1,-0.004532126464143328,0.01137545642436513,-0.0006426697008384229,0.0034602607882619108,5
rnn,113,2,-0.004471036295230156,0.011367923227336589,-0.0005710751603741617,0.003452747667262541,5
rnn,113,3,-0.00442188239981006,0.011371985745276756,-0.0004977483365922249,0.003428972815671158,5
rnn,113,4,-0.00435003685497689,0.011418700303071747,-0.0004251180555333944,0.0034015853902802594,5
rnn,113,5,-0.004247011476246769,0.011497613493092144,-0.00036156436780586116,0.003367091747765363,5
rnn,113,6,-0.004116262885681252,0.011612485199381354,-0.00030113358037349696,0.0033334483065765442,5
rnn,113,7,-0.0039643841263297015,0.011728685216464264,-0.00024511231547098036,0.003301953952670004,5
rnn,113,8,-0.003773036783843088,0.011855412402818316,-0.00019690124223922177,0.0032697226197730164,5
rnn,113,9,-0.003561090945071467,0.011996800768837227,-0.0001538040561649511,0.0032375338053969856,5
rnn,113,10,-0.0033163404970312344,0.012159758572426892,-0.00011695701400521097,0.0032103096466469037,5
rnn,113,11,-0.0030406393220156524,0.012345215855887517,-8.29209846829635e-05,0.0031936817148897094,5
rnn,113,12,-0.0027455050634372902,0.012532721681303156,-4.667973292649587e-05,0.0031887581095660414,5
rnn,113,13,-0.00244274759565891,0.012714672098816994,-1.236501512851644e-05,0.0031970276819479966,5
rnn,113,14,-0.002152688009093963,0.012893655721750713,2.0319865061812872e-05,0.003218417214108516,5
rnn,113,15,-0.0018929818574218743,0.013087736102766624,5.221386675719475e-05,0.003250401016508443,5
rnn,113,16,-0.0016651579353452399,0.013307608579147813,8.566002363902901e-05,0.0032921078098387757,5
rnn,113,17,-0.001457091326436892,0.013534101434754078,0.0001197671329643036,0.0033400607808743046,5
rnn,113,18,-0.0012711196134429156,0.013768893742500567,0.0001551603278625052,0.0033926608521596506,5
rnn,113,19,-0.0011067378410639487,0.013989240766197258,0.00018739126196609755,0.00344629885773,5
rnn,113,20,-0.0009524230249540157,0.014193343864573525,0.00022062321532864937,0.003499638713249003,5
rnn,113,21,-0.0007934704205342016,0.014367784637097668,0.0002555694483946026,0.0035565107405610705,5
rnn,113,22,-0.0006348627065895334,0.014512052038068641,0.00029069146501117533,0.003615027046563063,5
rnn,113,23,-0.00046372861407596375,0.014621446168096058,0.00032369001883495244,0.0036713684918378876,5
rnn,113,24,-0.0002654729709590735,0.014694502079978352,0.0003555302287961852,0.0037239410865027084,5
rnn,113,25,-4.4518143788581725e-05,0.014746826612526484,0.00038550371260505725,0.0037722638191321385,5
rnn,113,26,0.00019051793638753394,0.014774218488741282,0.000414339653001255,0.0038163797212894053,5
rnn,113,27,0.0004365000975088616,0.014783027602763763,0.0004428376495066357,0.003859415684630276,5
rnn,113,28,0.0006874473530262339,0.014777467416271355,0.00046960408271416965,0.003898395612211877,5
rnn,113,29,0.0009290608475918134,0.014767229116928756,0.0004931434124617251,0.003936731753283504,5
rnn,113,30,0.001163012904867609,0.01474645023182566,0.0005141422689954839,0.0039766922601412475,5
rnn,113,31,0.001402474097088813,0.014703859066426708,0.0005348637332451198,0.004017956671799197,5
rnn,113,32,0.0016505174532972997,0.014649324932239444,0.0005555814297303837,0.004060229949678398,5
rnn,113,33,0.0019029638771934116,0.014584715871126752,0.0005773958841730646,0.004105823441717673,5
rnn,113,34,0.002152791713487849,0.014512450107998037,0.0005999685836728061,0.004152391932585423,5
rnn,113,35,0.0024002578972439704,0.01442834256289503,0.0006219243784010756,0.004201517555619364,5
rnn,113,36,0.0026452989408134128,0.014342226282776344,0.0006440278536150475,0.004255508707828652,5
rnn,113,37,0.0028895137221391365,0.01425988731894659,0.0006647327380289949,0.004311250649518899,5
rnn,113,39,0.0033879455232159175,0.014098582305190129,0.0006935070546820776,0.004427730919165135,5
rnn,113,40,0.0036448759462075877,0.014009442052082821,0.000698715481772701,0.004489244704951628,5
rnn,113,41,0.0039046405933503337,0.013913420148993931,0.000699760364891096,0.004552647169237406,5
rnn,113,42,0.004163222331053998,0.013806638465070966,0.0006995046207746963,0.004616090798720143,5
rnn,113,44,0.004661694486483031,0.013564747360828164,0.0006978952103866824,0.004737988384319667,5
rnn,113,45,0.0048958758337997715,0.013424184372428531,0.0006956785000996826,0.004794378826986673,5
rnn,113,46,0.005114204214660879,0.013265673005289198,0.0006923402318927824,0.004846405472748511,5
rnn,113,48,0.005529665594819924,0.012900909779965993,0.0006811422234829162,0.004935352527037306,5
rnn,113,49,0.00573325749672835,0.012691263181388442,0.0006713540627114789,0.004970360742235512,5
rnn,113,51,0.00612230026303523,0.012251811153033903,0.0006418127758899903,0.005020962960075943,5
rnn,113,53,0.006483766498364928,0.011809328987137135,0.0005953987716198201,0.005052881263587064,5
rnn,113,54,0.0066494686395080025,0.011598091187281423,0.0005657232777809188,0.005062155264452786,5
rnn,113,56,0.0069470870603079386,0.011196057392236574,0.0004932928419677589,0.0050722120011585286,5
rnn,113,58,0.007211774329415938,0.010830998926021356,0.00039954755061291907,0.0050685694224474305,5
rnn,113,59,0.007345595844146886,0.0106760685891541,0.00034530776671806707,0.005061625184057476,5
rnn,113,61,0.007627572828953606,0.010435149806880359,0.0002254883248767198,0.005035467529859052,5
rnn,113,63,0.007935521615142004,0.01029908267793502,9.914500242624684e-05,0.004991001753565139,5
rnn,113,65,0.008303551461756134,0.010261376439842717,-3.095575397571264e-05,0.0049308299992137546,5
rnn,113,67,0.00875886564130474,0.010310127530596628,-0.00016722087751880956,0.00486256106228728,5
rnn,113,69,0.009301638669455228,0.010413710423632459,-0.0003053437835080704,0.004775195743206117,5
rnn,113,72,0.010280240510538491,0.010668477826837603,-0.000504076557734516,0.004604822550081282,5
rnn,113,74,0.011083842077780239,0.010916543655499942,-0.0006224428188263103,0.004489663757170898,5
rnn,113,76,0.012029850756381586,0.011221353309306823,-0.0007289836908025429,0.004382978666816539,5
rnn,113,79,0.013736496918178968,0.011746292115209651,-0.0008637636002709664,0.004242802474053282,5
rnn,113,81,0.015055927203245242,0.012105121569958821,-0.000932994588809926,0.0041612129105114345,5
rnn,113,84,0.017316954223844563,0.012725895899821801,-0.001011111541623289,0.004044433069633946,5
rnn,113,86,0.019043846892343872,0.013272087072395933,-0.0010480859801395245,0.003974464427620624,5
rnn,113,89,0.021932385631292454,0.014293238272255438,-0.0010863822089746608,0.003873147600613389,5
rnn,113,92,0.025316177986106202,0.015556615940753374,-0.0010987493136249786,0.003790875154255514,5
rnn,113,95,0.029238660571182802,0.017139207428718526,-0.001092462135787094,0.003726955416077311,5
rnn,113,98,0.03382526537343479,0.019227434121024463,-0.0010791033498594653,0.003695915795084404,5
rnn,113,101,0.0391519140321608,0.022102504644089475,-0.0010629584808199,0.003696307163550095,5
rnn,113,104,0.045455513106359126,0.025990921335956402,-0.001061559656584952,0.003707948630212116,5
rnn,113,107,0.05302046724132312,0.03111475949087495,-0.0010894008350201532,0.003701642224533218,5
rnn,113,110,0.06235201561251735,0.0378972262895152,-0.0011238007601681896,0.003689822459543625,5
rnn,113,114,0.07838968088565339,0.05041618063842637,-0.001180152090424669,0.0036577858292228095,5
rnn,113,117,0.09366340426420751,0.06301849443187497,-0.0012364248142893368,0.003623524381592283,5
rnn,113,121,0.11910845551995039,0.0843399209962825,-0.0013499886961230202,0.003596726861624665,5
rnn,113,125,0.1504512733002088,0.11046749027432498,-0.001501419659176603,0.003571577382687094,5
rnn,113,129,0.18665212970592168,0.14018379738559428,-0.0016638265902269433,0.0035297768625716453,5
rnn,113,133,0.22631216464276632,0.17109889764730496,-0.0018199280952938518,0.003474327269272134,5
rnn,113,137,0.26771229545009734,0.20059844516475683,-0.0019357563684143674,0.0034265550931763195,5
rnn,113,141,0.3091383255630823,0.22623385083522365,-0.0020115080474975523,0.0033623453761793265,5
rnn,113,146,0.35868332090204136,0.25065175491643726,-0.0020497722243504853,0.00326886277986701,5
rnn,113,150,0.3958132450814856,0.26372427687921884,-0.002052090468604493,0.0031821444648983386,5
rnn,113,155,0.43905262864955474,0.2727049992486999,-0.0020245967367704593,0.0030692770764880854,5
rnn,113,160,0.4787112835291011,0.2746709896971004,-0.001965937890162075,0.0029789547168307764,5
rnn,113,165,0.5152432421702916,0.2709175873692828,-0.0019031565508929454,0.0028979110256899384,5
rnn,113,170,0.5485503801620187,0.2635299190265611,-0.0018464966926041344,0.0028395487534067297,5
rnn,113,176,0.584681329885737,0.2520155217707314,-0.0017750224385271486,0.0027792218759935426,5
rnn,113,181,0.6118070962961154,0.24187184135545292,-0.0016807459641076257,0.0027458853369996847,5
rnn,113,187,0.6407122604295712,0.23025046268007682,-0.0015396099101456248,0.00272870702694743,5
rnn,113,193,0.6659060221801011,0.21974348262020207,-0.0013701675018239275,0.002732768021987387,5
rnn,113,199,0.6878986881872123,0.20986295977884128,-0.0012117170363779711,0.0027503584479223273,5
rnn,113,205,0.7073291588102923,0.20000416533324458,-0.0010654261273707014,0.0027682084728244648,5
rnn,113,211,0.7245539220279824,0.1901282621781205,-0.0008997617537209939,0.0027804313721445776,5
rnn,113,218,0.742197551263435,0.1787731136096211,-0.0007023409973399145,0.0028056666235377406,5
rnn,113,225,0.7576499637904901,0.16761644614148935,-0.0005276842378525892,0.0028288258239504,5
rnn,113,232,0.7709855860285522,0.15722717443077078,-0.0004257608718219345,0.0028150776066282646,5
rnn,113,239,0.7825446552289669,0.1475499030860194,-0.00034777965715321394,0.0028098429752844204,5
rnn,113,247,0.7937802409080932,0.1374861377315067,-0.0002662526177860166,0.002841423715784948,5
rnn,113,255,0.8033135149345352,0.12851152597972104,-0.0001975581857994774,0.0028661481887697843,5
rnn,113,263,0.8113511343897046,0.12077270814629448,-0.00013861245709598816,0.002882560449220532,5
rnn,113,271,0.8179528293558512,0.11437962610046137,-9.1335230256385e-05,0.002896911071673168,5
rnn,113,279,0.8233765943092308,0.10913414258440142,-5.787939230554057e-05,0.0029046994840416056,5
rnn,113,288,0.8283934497549927,0.1044021007805756,-3.336940805786399e-05,0.0029099607131312785,5
rnn,113,297,0.83249763304525,0.1006745459401122,-1.4283973191554865e-05,0.0029197070246837547,5
rnn,113,307,0.8362712373862589,0.09738349118862538,3.7789177492765154e-06,0.002933456852549774,5
rnn,113,316,0.8391218290912195,0.09501393637054559,1.2728906147729899e-05,0.0029451568449856383,5
rnn,113,326,0.841843326637419,0.092846615333261,1.8767425692742776e-05,0.0029592841495292596,5
rnn,113,336,0.8442073630676885,0.09105389067029894,2.4219813132849397e-05,0.002973207964776174,5
rnn,113,347,0.8465132871555863,0.08937378677203799,2.8593710498690544e-05,0.002985616725721862,5
rnn,113,358,0.8485727310829997,0.08793014922170589,3.4465418155309006e-05,0.0029968928833783146,5
rnn,113,369,0.8504513056200983,0.08665670403889349,4.084275263471875e-05,0.003008513067937072,5
rnn,113,381,0.8523303339537798,0.08541820628866374,4.599890929759863e-05,0.003019662553493439,5
rnn,113,393,0.8540703648718232,0.0842970485152667,5.013990530428163e-05,0.003027556129154775,5
rnn,113,405,0.8556956980185972,0.08326841489454784,5.3498429701888135e-05,0.003032067151226039,5
rnn,113,418,0.8573578457550143,0.08223640936290429,5.628325082827996e-05,0.003034518499180966,5
rnn,113,431,0.8589302414478253,0.08127332926426485,5.9194112432584425e-05,0.003036861616503661,5
rnn,113,444,0.8604219800498439,0.08037504965450609,6.147379250202571e-05,0.0030379537410249926,5
rnn,113,458,0.8619500559680668,0.07946407170092121,6.36065169132876e-05,0.00303830348849421,5
rnn,113,473,0.8635185023023654,0.07853962483187342,6.69082983150552e-05,0.0030386549830515655,5
rnn,113,488,0.8650226588879487,0.07766158904982848,6.979636218185995e-05,0.0030393632524511236,5
rnn,113,503,0.8664683146681643,0.07682773538668945,7.149658227984958e-05,0.0030407710272590356,5
rnn,113,519,0.8679531324772899,0.07597734544827321,7.310600281244025e-05,0.0030432168721072745,5
rnn,113,535,0.8693872187395659,0.07516380651276781,7.631508325254321e-05,0.003045762687608909,5
rnn,113,552,0.8708669722694913,0.07433280425969165,8.004567798502795e-05,0.0030478001249366104,5
rnn,113,569,0.8723069031551816,0.07352718707104774,8.285274132507798e-05,0.0030492390156108737,5
rnn,113,587,0.8737889656112519,0.07269910447620041,8.6113404786881e-05,0.0030518039904938545,5
rnn,113,606,0.8753139991561323,0.07184289101636097,8.943582899204692e-05,0.003055635352491631,5
rnn,113,625,0.8767996689613293,0.07100977502149888,9.222008838369062e-05,0.0030590178363835902,5
rnn,113,644,0.8782488310764774,0.07020209860168064,9.53494734147426e-05,0.0030614445639773383,5
rnn,113,665,0.8798098565233765,0.06933836452138838,9.824030072370171e-05,0.0030642650079906694,5
rnn,113,685,0.8812612163441201,0.06853682958773746,9.998731751149946e-05,0.0030661556006865297,5
rnn,113,707,0.8828220228233142,0.06767399079160626,0.00010159989071324426,0.0030679637244879765,5
rnn,113,729,0.8843488928906718,0.06682993201540992,0.0001028625398135653,0.003069676336123307,5
rnn,113,752,0.885908559714002,0.06596834413326985,0.00010472874397509857,0.0030714447562590146,5
rnn,113,776,0.8874988480829616,0.06508390609244535,0.0001077235695602672,0.0030740196262778433,5
rnn,113,800,0.8890567020403438,0.06422244192464435,0.00010938241397755272,0.0030761768355430097,5
rnn,113,825,0.8906445718188092,0.06334475435251037,0.00011075263519867464,0.003078295996902624,5
rnn,113,851,0.8922538295728373,0.062456345324022285,0.0001127813869002855,0.0030806409954762582,5
rnn,113,878,0.8938832980338292,0.06155514911055217,0.00011503144276499141,0.003083335820851656,5
rnn,113,906,0.895534033259821,0.06064085349943484,0.00011672767743182858,0.0030856126124489632,5
rnn,113,934,0.8971458005032185,0.05975172529453708,0.00011808164501091464,0.0030871232412994563,5
rnn,113,963,0.8987721385486573,0.05885805754078383,0.00011918351433908456,0.003087231984466415,5
rnn,113,994,0.9004700078746104,0.0579100534810532,0.00012143143089266136,0.003087838214378095,5
rnn,113,1025,0.9021202617224484,0.05698602410670398,0.00012347370215922822,0.003090021729827477,5
rnn,113,1057,0.9037756968932744,0.05605820329406936,0.0001247559571364026,0.0030918344291200493,5
rnn,113,1090,0.9054343697256393,0.05512582554784775,0.00012547065230884393,0.0030935339152252514,5
rnn,113,1125,0.9071391755483482,0.05415817671530593,0.00012636246439061945,0.0030934121718290204,5
rnn,113,1160,0.9087912415317454,0.053206945235465236,0.00012841724719682475,0.003094775533497367,5
rnn,113,1197,0.9104891688986457,0.05222021053406653,0.00013091928570946814,0.003095828242090513,5
rnn,113,1234,0.9121283405007323,0.051266644258187354,0.0001322830135105318,0.003096209041809818,5
rnn,113,1273,0.9137902270156036,0.05029393705841462,0.00013368588812530564,0.003095712928805515,5
rnn,113,1313,0.915428780280017,0.04932805999867747,0.00013723765901975217,0.0030958291000594603,5
rnn,113,1354,0.9170417265825499,0.048365845297149886,0.00014107851014478773,0.003094423485426771,5
rnn,113,1397,0.9186576966981361,0.04739047902130647,0.0001457649609476184,0.003092622585838772,5
rnn,113,1441,0.9202352976030422,0.046429507002282,0.00015104979081698904,0.0030923904492372984,5
rnn,113,1486,0.9217669974680769,0.045488938311479814,0.00015527452106302238,0.0030919960017791502,5
rnn,113,1533,0.9232844494569526,0.04454294314437042,0.00015831821781403383,0.0030908949444710685,5
rnn,113,1581,0.9247509246568685,0.04361784662523051,0.00016165940278830638,0.0030882276479973444,5
rnn,113,1631,0.9261919201284545,0.04269038766121951,0.00016580322052014038,0.0030839943431190207,5
rnn,113,1682,0.9275787049310003,0.041783896298807736,0.00017107404796258812,0.0030796664127304123,5
rnn,113,1735,0.9289330124701454,0.040877092752725164,0.0001779018905219254,0.0030738741556092753,5
rnn,113,1789,0.9302215773089012,0.039999319961305395,0.00018602978643779368,0.003067167055884236,5
rnn,113,1845,0.9314611573778236,0.03913532077948346,0.0001943520158698739,0.003060191840917469,5
rnn,113,1903,0.9326564234764915,0.03827340221551526,0.00020258529963829413,0.0030511301895565896,5
rnn,113,1963,0.9337977085136068,0.037428006746123774,0.0002114159396780636,0.003040338650080891,5
rnn,113,2025,0.9348809987777873,0.03660009890814543,0.0002206736862209669,0.003029496970787455,5
rnn,113,2089,0.9359026061834843,0.03579752393903808,0.0002324395625033426,0.003017315333849831,5
rnn,113,2154,0.9368473249058272,0.035031652885069355,0.00024440699375045965,0.00300292091574797,5
rnn,113,2222,0.9377435459707654,0.03427434180355465,0.00025744361356644705,0.002986568405644644,5
rnn,113,2292,0.9385732682871799,0.0335457673178075,0.0002714874330764608,0.0029682323826932234,5
rnn,113,2364,0.939329740609487,0.03285160137203364,0.00028965460529614673,0.002949936929646635,5
rnn,113,2438,0.940011482712516,0.03219332470910039,0.00030921472725597786,0.002931138524063675,5
rnn,113,2515,0.9406247007273796,0.03157033340533059,0.00032958485249786435,0.0029110714493226627,5
rnn,113,2594,0.9411675146686747,0.0309828045325563,0.00034949167577227663,0.0028893177171835523,5
rnn,113,2675,0.9416384362115805,0.03043287627586675,0.000370096149621796,0.002864158163003568,5
rnn,113,2759,0.9420354879911172,0.02991913530603305,0.00039116594604587994,0.002836538926576505,5
rnn,113,2846,0.9423613137816463,0.0294232672498561,0.00041304512603515547,0.0028060158154697,5
rnn,113,2936,0.9426176463048709,0.02894479072385659,0.00043337798435514024,0.002773846817835541,5
rnn,113,3028,0.9428068533613929,0.02847732669620054,0.0004533709230109888,0.002739128570696317,5
rnn,113,3123,0.942930505555621,0.028004308182273726,0.0004731191439488339,0.0027026263748601673,5
rnn,113,3221,0.942973261944856,0.02751388812515959,0.0004912947899547299,0.00266556340221755,5
rnn,113,3323,0.9429229421179507,0.027000239520309447,0.0005081321436642309,0.0026296496914818197,5
rnn,113,3427,0.9427664991010657,0.02648575550546693,0.0005243514144745964,0.002596256858689018,5
rnn,113,3535,0.9424843385490862,0.025997156599165377,0.0005408608193718891,0.002565085636111943,5
rnn,113,3646,0.9420695756285336,0.02558287311843879,0.000555079708754964,0.002535859717906329,5
rnn,113,3760,0.9415231272017743,0.025309084783419828,0.0005659417205192371,0.002509792709467782,5
rnn,113,3879,0.940850639596025,0.02524935167682796,0.0005723465428736215,0.0024851944871200496,5
rnn,113,4000,0.9401221638798842,0.025450468288918077,0.0005712924291867011,0.0024640768958911355,5
rnn,113,4126,0.9393853580585232,0.02589568747620394,0.0005609022847826617,0.0024433935134243064,5
rnn,113,4256,0.9387211289427398,0.02649390554491288,0.000541926538202124,0.0024234093041043962,5
rnn,113,4390,0.938179498269861,0.0271271585709884,0.0005153331129532369,0.002407453502342859,5
rnn,113,4528,0.937759229349577,0.027713653742522604,0.0004831058860768975,0.0023958493740780084,5
rnn,113,4670,0.9374101558813894,0.028233224255599113,0.00044785382585928207,0.0023895033469517506,5
rnn,113,4817,0.9370521607460894,0.02872577052660695,0.00041117526330798106,0.002388937777726066,5
rnn,113,4968,0.9365978088038436,0.02926225249161663,0.0003744014457371989,0.002392351417664247,5
rnn,113,5124,0.9359872626261,0.029914756306260264,0.0003392976879719591,0.002398945570287648,5
rnn,113,5285,0.9352072204491817,0.030715754579481024,0.0003099165534125178,0.002406866097627059,5
rnn,113,5452,0.934274977805817,0.031660072694577046,0.00028468327662690377,0.002414222549977417,5
rnn,113,5623,0.9332339802885492,0.032706709787449564,0.00026450198321640824,0.002421050301856382,5
rnn,113,5800,0.9320837457530496,0.03385852707313881,0.000248132129348072,0.002427172135558282,5
rnn,113,5982,0.9308198045376143,0.035132116874284885,0.0002351311010179045,0.0024321805284537794,5
rnn,113,6170,0.9294202831871669,0.036573218811965943,0.000223999114400999,0.002436625161960046,5
rnn,113,6364,0.9278836220466241,0.038221761544562326,0.00021467754227011025,0.0024402410367166437,5
rnn,113,6564,0.9262198764605151,0.04010645774665535,0.00020618008805254223,0.0024439338828813506,5
rnn,113,6770,0.9244442018833713,0.042239248184799426,0.00019781600393972533,0.002447448452835773,5
rnn,113,6983,0.9225638751706772,0.04463079231031852,0.00018837059224305184,0.0024512761266168473,5
rnn,113,7203,0.9206080447209228,0.04726811291313232,0.00017605998744671443,0.0024566101769315854,5
rnn,113,7429,0.9186157499671983,0.05010367370167443,0.00016282858120919498,0.002461199024987174,5
rnn,113,7662,0.9166266301993966,0.05307520934192069,0.00014860793598353534,0.0024646919803092255,5
rnn,113,7903,0.9146980678442584,0.05607712027555742,0.00013302184042144247,0.0024677514046322485,5
rnn,113,8152,0.9128944756595088,0.058974023294258805,0.00011488906842026733,0.0024700837896821475,5
rnn,113,8408,0.9112890614574332,0.061622225399448664,9.678677500000745e-05,0.0024711710977925387,5
rnn,113,8672,0.9099194292498656,0.06394280846213464,7.908076277034375e-05,0.002471638282331284,5
rnn,113,8945,0.9088144197676449,0.06586877767252818,6.16525066070535e-05,0.0024717982567520926,5
rnn,113,9226,0.9079818333038492,0.0673642712686125,4.2980014277335755e-05,0.0024709517884986066,5
rnn,113,9516,0.9073810895147831,0.0684763757891986,2.3402236752142427e-05,0.0024690963879524814,5
rnn,113,9815,0.9069945374843854,0.06924895232247445,2.15080048070861e-06,0.002468110942872186,5
rnn,113,10124,0.9068172686179008,0.0697100327744666,-2.108942656805818e-05,0.0024692943407403707,5
rnn,113,10442,0.9068623087889705,0.06986075863499047,-4.3548069750566065e-05,0.0024734027601771326,5
rnn,113,10770,0.9071553374950497,0.06967032927611254,-6.196949809609744e-05,0.002481157748314279,5
rnn,113,11109,0.9076992505638423,0.06912968424241117,-7.496897380574454e-05,0.0024922879963990554,5
rnn,113,11458,0.9084764743655235,0.06825252885766923,-7.914519092186976e-05,0.0025041787895544094,5
rnn,113,11818,0.9094517200984382,0.06710361363471751,-7.469504774533197e-05,0.002515799016307559,5
rnn,113,12189,0.9105722248771242,0.06575538036049632,-6.358948577723984e-05,0.002525105057291586,5
rnn,113,12572,0.9117966678724947,0.0642577309888946,-4.9290120215421396e-05,0.0025343257656168278,5
rnn,113,12968,0.9130766893319716,0.0626679583924341,-3.455374177376417e-05,0.002539933339242814,5
rnn,113,13375,0.9143739908898556,0.06104759729209828,-1.932675673876243e-05,0.002542735984681109,5
rnn,113,13796,0.9156493627981657,0.05947170390139021,-4.745303207641122e-06,0.002541828926753328,5
rnn,113,14229,0.9169063352629477,0.057944765415501635,5.793337511686989e-06,0.0025374518153062826,5
rnn,113,14677,0.9181444862183648,0.05644459309826507,1.2642429187317144e-05,0.002529940053227929,5
rnn,113,15138,0.9194076612816534,0.054870689387099124,1.3192394332225574e-05,0.0025240217565505986,5
rnn,113,15614,0.9206838498090908,0.05319804989477727,1.4929080633632047e-05,0.0025100994225698866,5
rnn,113,16104,0.921236926324228,0.05093673637682024,4.891123185399751e-05,0.002461000874316186,5
rnn,113,16611,0.9231638921953808,0.04940635987165619,1.785342951350884e-05,0.0024548809740755685,5
rnn,113,17133,0.9215706731590299,0.04744964913473756,-4.824622718789832e-05,0.0024483952061013876,5
rnn,113,17671,0.9262515353412255,0.04109473076527255,-9.432751803649404e-05,0.0024770912169381444,5
rnn,113,18227,0.9250448315751779,0.03710362428460494,-0.00018121058852101722,0.002318027520329448,5
rnn,113,18800,0.9030413282668664,0.04416323048253789,0.00022534734198315722,0.002094563625815068,5
rnn,113,19391,0.8228478254462228,0.0708640876168309,0.0005141053377909912,0.001853922347768992,5
rnn,113,20000,0.779846386367547,0.06508313074583742,0.00040024640739814,0.0020787752401967554,5
