K,seed,epoch,classifier_score,embedding_score,train_loss,train_accuracy,test_accuracy
79,1,0,0.23560602470267175,0.23680085800397224,4.369570732116699,0.013278388418257236,0.013347570784389973
79,1,50,0.23688123691673718,0.23666438147076999,1.6946576833724976,0.9626831412315369,0.0
79,1,100,0.29321804373012594,0.2840502229727013,0.02023911289870739,1.0,0.0010678056860342622
79,1,150,0.30660456252354307,0.2951503798334041,0.009710474871098995,1.0,0.0016017085872590542
79,1,200,0.3048779788877221,0.30182811059143,0.005504509899765253,1.0,0.010144153609871864
79,1,250,0.30182090369528747,0.3083882461121568,0.0029314293060451746,1.0,0.04004271328449249
79,1,300,0.2947498271763112,0.3188913436731069,0.0015795327490195632,1.0,0.09983982890844345
79,1,350,0.32304377708248233,0.32707777030769636,0.0008671695832163095,1.0,0.22690871357917786
79,1,400,0.35955606128192796,0.3355146683452145,0.00048371951561421156,1.0,0.38547784090042114
79,1,450,0.3535216179194999,0.3436097953165313,0.0002737498434726149,1.0,0.5504538416862488
79,1,500,0.35274888284487727,0.35040094717586856,0.00015643710503354669,1.0,0.7052856683731079
79,1,550,0.4536457356819959,0.33652218583392235,9.062988829100505e-05,1.0,0.8344901204109192
79,1,600,0.4903616891914111,0.33136378963380086,5.316470196703449e-05,1.0,0.9103043675422668
79,1,650,0.4910701586440717,0.30770070123193033,3.166172609780915e-05,1.0,0.9540843963623047
79,1,700,0.4822091879217853,0.3486372261933295,1.9234137653256766e-05,1.0,0.9802455902099609
79,1,750,0.4739274255392924,0.3476092555384021,1.1966481906711124e-05,1.0,0.987720251083374
79,1,800,0.4597456770903632,0.35132479166130876,7.665364137210418e-06,1.0,0.9925253987312317
79,1,850,0.4569927771524723,0.36079896347582946,5.076127308711875e-06,1.0,0.9962627291679382
79,1,900,0.46797954461975666,0.37109065276065195,3.4796898944478016e-06,1.0,0.9967966079711914
79,1,950,0.4796210312030604,0.38197346682326566,2.4784771994745824e-06,1.0,0.9978644251823425
79,1,1000,0.4899478354477872,0.3942225420415869,1.8352715187575086e-06,1.0,0.9994661211967468
79,1,1050,0.49732997914254146,0.40684526475070365,1.420904709448223e-06,1.0,0.9994661211967468
79,1,1100,0.4977401168371633,0.41994844449765095,1.1597251159400912e-06,1.0,1.0
79,1,1150,0.49393523196067785,0.4524316863804621,9.902994406729704e-07,1.0,1.0
79,1,1200,0.4897991760126823,0.4700645446900614,8.851725965541846e-07,1.0,1.0
79,1,1250,0.485484438243557,0.49256611041126824,8.196456633413618e-07,1.0,1.0
79,1,1300,0.48103568834150057,0.5473856428163972,7.846306857572927e-07,1.0,1.0
79,1,1350,0.4768074327412494,0.580244867371332,7.640256285412761e-07,1.0,1.0
79,1,1400,0.47915128670347823,0.5924188389828364,7.518808615714079e-07,1.0,1.0
79,1,1450,0.4833290946603505,0.5904173432021108,7.436661348947382e-07,1.0,1.0
79,1,1500,0.4867315774175379,0.5929245268280641,7.363793201875524e-07,1.0,1.0
79,1,1550,0.4897105433904439,0.5953139309427957,7.290378789548413e-07,1.0,1.0
79,1,1600,0.49235351489069773,0.5975496026575636,7.218056339297618e-07,1.0,1.0
79,1,1650,0.49467825286145206,0.6000259110874487,7.164019280025968e-07,1.0,1.0
79,1,1700,0.49672693916190397,0.6028843853107766,7.084328217388247e-07,1.0,1.0
79,1,1750,0.49844522146014447,0.605742303871046,7.026470143500774e-07,1.0,1.0
79,1,1800,0.4998473422472939,0.6082852189641833,6.959332949918462e-07,1.0,1.0
79,1,1850,0.5011332840051251,0.6101458678438637,6.870362767585902e-07,1.0,1.0
79,1,1900,0.5022882463007783,0.6109005827526648,6.814960897827405e-07,1.0,1.0
79,1,1950,0.5032567883040059,0.6102329941485103,6.729265464855416e-07,1.0,1.0
79,1,2000,0.5040458532877039,0.6075002362603088,6.646845349678188e-07,1.0,1.0
79,1,2050,0.5046750119269021,0.602556369754521,6.582437208635383e-07,1.0,1.0
79,1,2100,0.5051143335589863,0.5961107740505125,6.498925131381839e-07,1.0,1.0
79,1,2150,0.505469453929426,0.5887502197420054,6.430150847336336e-07,1.0,1.0
79,1,2200,0.5057786178465715,0.580784563743037,6.358101245496073e-07,1.0,1.0
79,1,2250,0.506054821758173,0.5727236700655711,6.285778795245278e-07,1.0,1.0
79,1,2300,0.506343136110197,0.5651002006082456,6.231741735973628e-07,1.0,1.0
79,1,2350,0.5066339574259253,0.5584909352297959,6.158873020467581e-07,1.0,1.0
79,1,2400,0.5068719020876924,0.5528560406350735,6.108384127401223e-07,1.0,1.0
79,1,2450,0.5070475031151384,0.5477097668832565,6.024872050147678e-07,1.0,1.0
79,1,2500,0.5072384092481991,0.5429864233887063,5.980114110570867e-07,1.0,1.0
79,1,2550,0.5074692638200793,0.5384352162056784,5.911066409680643e-07,1.0,1.0
79,1,2600,0.5076805719950566,0.5339254208396262,5.8436563676878e-07,1.0,1.0
79,1,2650,0.5079032231201404,0.5294310208335813,5.804083684779471e-07,1.0,1.0
79,1,2700,0.5081066682794797,0.5249857212479011,5.747863269789377e-07,1.0,1.0
79,1,2750,0.5083956874104066,0.5207879973647399,5.696555263057235e-07,1.0,1.0
79,1,2800,0.508749960446688,0.517062596993351,5.64333674901718e-07,1.0,1.0
79,1,2850,0.5091328289417771,0.5136170505418385,5.583295319411263e-07,1.0,1.0
79,1,2900,0.5095245760270565,0.510524202984567,5.553547453018837e-07,1.0,1.0
79,1,2950,0.5099474332864992,0.5077148865063379,5.492960326591856e-07,1.0,1.0
79,1,3000,0.5103679539588846,0.5049590301791232,5.44110662303865e-07,1.0,1.0
79,1,3050,0.510842315378135,0.5021301840522537,5.397167228693434e-07,1.0,1.0
79,1,3100,0.5113900682004854,0.4992438141077504,5.349953084987646e-07,1.0,1.0
79,1,3150,0.5119477556572304,0.49625309742035567,5.306286539052962e-07,1.0,1.0
79,1,3200,0.5125216768226698,0.4931092475507799,5.276538672660536e-07,1.0,1.0
79,1,3250,0.5131185890521478,0.4897991671055359,5.23123503626266e-07,1.0,1.0
79,1,3300,0.5137184178527826,0.4864361410750634,5.20094147304917e-07,1.0,1.0
79,1,3350,0.5143024459538499,0.48952860441977364,5.160276828064525e-07,1.0,1.0
79,1,3400,0.5148221675090826,0.4925545660819649,5.131348075337883e-07,1.0,1.0
79,1,3450,0.5152554288309705,0.4950937369537724,5.089046339890047e-07,1.0,1.0
79,1,3500,0.5155519719561886,0.4972250335645779,5.032553076489421e-07,1.0,1.0
79,1,3550,0.5158036637098642,0.49900357699004755,5.011538632970769e-07,1.0,1.0
79,1,3600,0.5160092245489551,0.5003491848823836,4.966234428138705e-07,1.0,1.0
79,1,3650,0.5161516442147803,0.5013095577596817,4.937851372233126e-07,1.0,1.0
79,1,3700,0.516182189264287,0.5018367943655185,4.915472118227626e-07,1.0,1.0
79,1,3750,0.5160336352747921,0.5019441519794041,4.881358108832501e-07,1.0,1.0
79,1,3800,0.515556258249156,0.501645918816342,4.843422516387363e-07,1.0,1.0
79,1,3850,0.5147661943948882,0.5009672322901835,4.811491862710682e-07,1.0,1.0
79,1,3900,0.5236963918701512,0.49996154049552016,4.787474949807802e-07,1.0,1.0
79,1,3950,0.5534584112900965,0.49883051719944427,4.744900365949434e-07,1.0,1.0
79,1,4000,0.6114375472934934,0.497785964170391,4.71160461756881e-07,1.0,1.0
79,1,4050,0.6905889845032889,0.4968600058894762,4.6870422920619603e-07,1.0,1.0
79,1,4100,0.8016187159592228,0.4960784294361529,4.6693028821209737e-07,1.0,1.0
79,1,4150,0.8934940622061144,0.4954021663569292,4.630821877071867e-07,1.0,1.0
79,1,4200,0.9331756429539813,0.4948469039282762,4.6149926902216976e-07,1.0,1.0
79,1,4250,0.953404672937823,0.49430929411624447,4.585245108046365e-07,1.0,1.0
79,1,4300,0.9652502558640281,0.493723059241996,4.5707804474659497e-07,1.0,1.0
79,1,4350,0.9728484774965132,0.4931148635184094,4.530116086698399e-07,1.0,1.0
79,1,4400,0.9777515421250854,0.49244348132669774,4.5131955062061024e-07,1.0,1.0
79,1,4450,0.9813105039362865,0.4916771743185473,4.49299989213614e-07,1.0,1.0
79,1,4500,0.9839186711900783,0.490851039072938,4.464071139409498e-07,1.0,1.0
79,1,4550,0.9858774414640916,0.48998120610532275,4.435687799286825e-07,1.0,1.0
79,1,4600,0.9873174853320247,0.48916113079023066,4.4163110146655526e-07,1.0,1.0
79,1,4650,0.9884348643603089,0.48834091815001834,4.390929859710013e-07,1.0,1.0
79,1,4700,0.9893503976597496,0.48753730992399213,4.3630925006254984e-07,1.0,1.0
79,1,4750,0.9900343219566802,0.4867572861713983,4.3347094447199197e-07,1.0,1.0
79,1,4800,0.9906427447500761,0.48600002935531234,4.323246969306638e-07,1.0,1.0
79,1,4850,0.9911040625283003,0.4853471835802462,4.2973198333129403e-07,1.0,1.0
79,1,4900,0.9914227106335334,0.4847880185616007,4.268391080586298e-07,1.0,1.0
79,1,4950,0.9916650725008163,0.4842748982378861,4.2421910961820686e-07,1.0,1.0
79,1,5000,0.9918231987192802,0.4838223587232598,4.2277267198187474e-07,1.0,1.0
79,1,5050,0.9919576007823587,0.48344069997026945,4.202345564863208e-07,1.0,1.0
79,1,5100,0.9920848415514798,0.4831384775368053,4.175599883637915e-07,1.0,1.0
79,1,5150,0.9921663707986151,0.4828634034066523,4.15813332210746e-07,1.0,1.0
79,1,5200,0.9922291540770566,0.48263989126596785,4.14858135400209e-07,1.0,1.0
79,1,5250,0.992291236960321,0.48245799191825245,4.1281126073045016e-07,1.0,1.0
79,1,5300,0.992358029826468,0.48230809302009897,4.098365025129169e-07,1.0,1.0
79,1,5350,0.992432129797106,0.48219549324479666,4.08171700883031e-07,1.0,1.0
79,1,5400,0.992489549382015,0.4821070605914568,4.0694359881854325e-07,1.0,1.0
79,1,5450,0.9925274996669633,0.4820448721958219,4.0306818505086994e-07,1.0,1.0
79,1,5500,0.9925530500192767,0.481981209980447,4.0260422906612803e-07,1.0,1.0
79,1,5550,0.9925656261294313,0.48196422747248374,3.9938385043569724e-07,1.0,1.0
79,1,5600,0.9925755566162049,0.4819748901683297,3.9927468264977506e-07,1.0,1.0
79,1,5650,0.9925733416944998,0.4819992103668239,3.957813703436841e-07,1.0,1.0
79,1,5700,0.9925746673899764,0.48202097242892156,3.9438950238945836e-07,1.0,1.0
79,1,5750,0.9925880373720143,0.48204651860874786,3.923426277196995e-07,1.0,1.0
79,1,5800,0.9925987727550915,0.48206210797228555,3.898318254869082e-07,1.0,1.0
79,1,5850,0.9925882051235753,0.4820937527043182,3.881670238570223e-07,1.0,1.0
79,1,5900,0.9925567712541922,0.48213807008303794,3.8625663023594825e-07,1.0,1.0
79,1,5950,0.992522136571007,0.48219163802302356,3.854106012113334e-07,1.0,1.0
79,1,6000,0.992461372879286,0.48226473795914515,3.836366317955253e-07,1.0,1.0
79,1,6050,0.9923930990407566,0.4823415275349046,3.8027980053811916e-07,1.0,1.0
79,1,6100,0.9923353185643338,0.48244215808864854,3.8038896832404134e-07,1.0,1.0
79,1,6150,0.9922881464679139,0.4825627885427384,3.778508528284874e-07,1.0,1.0
79,1,6200,0.9922261776472359,0.4827001413560594,3.7523085438806447e-07,1.0,1.0
79,1,6250,0.9921724291705428,0.48284545835502246,3.749852339751669e-07,1.0,1.0
79,1,6300,0.9921281808189744,0.483014634097709,3.724198336385598e-07,1.0,1.0
79,1,6350,0.9920960287633976,0.48318253481305046,3.707550604303833e-07,1.0,1.0
79,1,6400,0.9920689395690359,0.48337460195407894,3.6898111943628464e-07,1.0,1.0
79,1,6450,0.9920500063083363,0.4835850215239349,3.679713245219318e-07,1.0,1.0
79,1,6500,0.9920450797849283,0.4837909524980965,3.662792380509927e-07,1.0,1.0
79,1,6550,0.9920524178655844,0.48401528161598656,3.6466906294663204e-07,1.0,1.0
79,1,6600,0.9920748066626076,0.4842423007221496,3.630042613167461e-07,1.0,1.0
79,1,6650,0.9921136229921532,0.48446737145512564,3.6133948810856964e-07,1.0,1.0
79,1,6700,0.9921466399845694,0.4847538525159094,3.60438860980139e-07,1.0,1.0
79,1,6750,0.9921772170812602,0.4850838141029809,3.573003368728678e-07,1.0,1.0
79,1,6800,0.9922002584921233,0.4854330588052368,3.5645430784825294e-07,1.0,1.0
79,1,6850,0.9922163240735099,0.4858182358355782,3.533976666858507e-07,1.0,1.0
79,1,6900,0.9922372542463733,0.48626608152306894,3.5424369571046554e-07,1.0,1.0
79,1,6950,0.9922569539172561,0.4867607156928471,3.5200579873162496e-07,1.0,1.0
79,1,7000,0.9922811400664682,0.4872890686481539,3.518966309457028e-07,1.0,1.0
79,1,7050,0.992304577706424,0.4878712057962056,3.4894915756922273e-07,1.0,1.0
79,1,7100,0.9923351745359724,0.4885056078947624,3.470114506853861e-07,1.0,1.0
79,1,7150,0.9923906024483882,0.4892172965569841,3.4597437092998007e-07,1.0,1.0
79,1,7200,0.9924608998962844,0.48997133372737134,3.441458318320656e-07,1.0,1.0
79,1,7250,0.9925488322444006,0.49074396236687745,3.447189556027297e-07,1.0,1.0
79,1,7300,0.9926592479525028,0.4915110254583695,3.429722994496842e-07,1.0,1.0
79,1,7350,0.9927914254486214,0.4922396601773251,3.4278127714060247e-07,1.0,1.0
79,1,7400,0.9929350086961349,0.49288096368377476,3.403523294309707e-07,1.0,1.0
79,1,7450,0.9930568924747517,0.49327047177945704,3.3893314821398235e-07,1.0,1.0
79,1,7500,0.9931935454724844,0.4932410361551437,3.3683170386211714e-07,1.0,1.0
79,1,7550,0.9933408169627632,0.4926421817844123,3.372138053236995e-07,1.0,1.0
79,1,7600,0.9934831532762145,0.4915801241416778,3.3421173384340364e-07,1.0,1.0
79,1,7650,0.9936102079658499,0.4904262267429362,3.3200112170561624e-07,1.0,1.0
79,1,7700,0.9937118884336429,0.48926778083816963,3.310459248950792e-07,1.0,1.0
79,1,7750,0.9937902730617029,0.4883746676591611,3.3093675710915704e-07,1.0,1.0
79,1,7800,0.993857242139133,0.4878867321902483,3.2919010095611156e-07,1.0,1.0
79,1,7850,0.9939237393486157,0.48782665015747484,3.282894738276809e-07,1.0,1.0
79,1,7900,0.9939825218809479,0.488099773398655,3.266792703016108e-07,1.0,1.0
79,1,7950,0.9940316847450115,0.4886109446834037,3.2586052611804917e-07,1.0,1.0
79,1,8000,0.9940793442840589,0.4893595102735537,3.2367719882131496e-07,1.0,1.0
79,1,8050,0.9941171801953235,0.49022752514070267,3.2479616152158997e-07,1.0,1.0
79,1,8100,0.9941379493142499,0.49118891538805914,3.222853308670892e-07,1.0,1.0
79,1,8150,0.9941561854632057,0.4922849327129551,3.2220347634392965e-07,1.0,1.0
79,1,8200,0.9941535520090004,0.4935082243730111,3.1996557936508907e-07,1.0,1.0
79,1,8250,0.9941293880174364,0.4948922512013566,3.2004743388824863e-07,1.0,1.0
79,1,8300,0.9941002002183721,0.49634298796968906,3.179459895363834e-07,1.0,1.0
79,1,8350,0.9940684671505219,0.4978292769031881,3.186828791967855e-07,1.0,1.0
79,1,8400,0.9940414288476801,0.49929292424198446,3.148893483739812e-07,1.0,1.0
79,1,8450,0.994020993145083,0.5006909351591635,3.15899143288334e-07,1.0,1.0
79,1,8500,0.9940036238467714,0.5022575711686477,3.1467101280213683e-07,1.0,1.0
79,1,8550,0.9939960547952547,0.5039574248354831,3.115597735359188e-07,1.0,1.0
79,1,8600,0.9939903572779308,0.5057788174970109,3.1063186156643496e-07,1.0,1.0
79,1,8650,0.9939916416519747,0.5076864471639542,3.1147791901275923e-07,1.0,1.0
79,1,8700,0.994011328603913,0.5096836434612148,3.094856424468162e-07,1.0,1.0
79,1,8750,0.9940490919623488,0.5117760054740892,3.077389862937707e-07,1.0,1.0
79,1,8800,0.99408855166368,0.5139420864364475,3.076025052450859e-07,1.0,1.0
79,1,8850,0.994132376401786,0.5162115202967642,3.0743876777705736e-07,1.0,1.0
79,1,8900,0.994182337080529,0.5185714434792026,3.056648267829587e-07,1.0,1.0
79,1,8950,0.9942412151315744,0.5210704093978056,3.061287827677006e-07,1.0,1.0
79,1,9000,0.9943010383621025,0.5236994550371592,3.027173249847692e-07,1.0,1.0
79,1,9050,0.9943561980037882,0.5265386798711051,3.033450468592491e-07,1.0,1.0
79,1,9100,0.99439340734216,0.5294839011289832,3.017621281742322e-07,1.0,1.0
79,1,9150,0.9944211231264178,0.5326148864954892,3.0143462481646566e-07,1.0,1.0
79,1,9200,0.9944324274570087,0.5358637194148489,2.9889653774262115e-07,1.0,1.0
79,1,9250,0.9944404742944905,0.539299360110269,2.985690343848546e-07,1.0,1.0
79,1,9300,0.9944534473265506,0.542773433007662,2.9772297693853034e-07,1.0,1.0
79,1,9350,0.994473171252002,0.5464999766610805,2.9886922447985853e-07,1.0,1.0
79,1,9400,0.9945013900341424,0.5504653317329133,2.9551236480074294e-07,1.0,1.0
79,1,9450,0.9945372529372005,0.55449321551478,2.9564884584942774e-07,1.0,1.0
79,1,9500,0.9945602494079029,0.5586355509307463,2.948573865069193e-07,1.0,1.0
79,1,9550,0.99456963893277,0.5629094146759213,2.942296646324394e-07,1.0,1.0
79,1,9600,0.9945642985662232,0.5673222710012678,2.926740592101851e-07,1.0,1.0
79,1,9650,0.9945542333742906,0.5718953208237517,2.925648914242629e-07,1.0,1.0
79,1,9700,0.994543229743058,0.5767310533080648,2.908728333750332e-07,1.0,1.0
79,1,9750,0.9945318954261692,0.5819587934055354,2.903542792864755e-07,1.0,1.0
79,1,9800,0.9945089253572371,0.5877372133366985,2.904361622313445e-07,1.0,1.0
79,1,9850,0.9944771052693717,0.5941712956288788,2.896719877298892e-07,1.0,1.0
79,1,9900,0.9944333362346236,0.6014356456237098,2.887167909193522e-07,1.0,1.0
79,1,9950,0.9943889590219578,0.609538826710815,2.8530536155813024e-07,1.0,1.0
79,1,10000,0.9943365856665456,0.6188453473728229,2.8639701099564263e-07,1.0,1.0
79,2,0,0.28296001834266926,0.2229513165233159,4.370418548583984,0.011904762126505375,0.0144153768196702
79,2,50,0.2501884451991259,0.2260129837861512,1.7031294107437134,0.9610806107521057,0.0
79,2,100,0.28207148032800294,0.26258593607296093,0.020162448287010193,1.0,0.0010678056860342622
79,2,150,0.32122496864029804,0.25702292860540266,0.009773201309144497,1.0,0.0037373199593275785
79,2,200,0.40718144829715425,0.2562113815871068,0.005609100218862295,1.0,0.012813668698072433
79,2,250,0.43804269278822633,0.26372620477305553,0.0030254411976784468,1.0,0.03523758798837662
79,2,300,0.4600307335269207,0.2731316697891838,0.0016427763039246202,1.0,0.08595835417509079
79,2,350,0.44781236528496204,0.2826699379754209,0.0009067392675206065,1.0,0.17778964340686798
79,2,400,0.4557312337487668,0.29984379416301116,0.0005065104342065752,1.0,0.3123331665992737
79,2,450,0.4602634500835646,0.31840119843298037,0.0002858932421077043,1.0,0.4789108633995056
79,2,500,0.4552666895292703,0.32663469703325954,0.00016331986989825964,1.0,0.647624135017395
79,2,550,0.5078097369681978,0.3461721518757256,9.429677447769791e-05,1.0,0.7677522897720337
79,2,600,0.4943169707088029,0.36735207407732745,5.518526813830249e-05,1.0,0.8585157990455627
79,2,650,0.4824959303023827,0.3787636349954118,3.276990901213139e-05,1.0,0.9156433939933777
79,2,700,0.47745946016666385,0.3884158248141062,1.9829194570775144e-05,1.0,0.9530165791511536
79,2,750,0.47259030139498587,0.3989952330024225,1.2297142347961199e-05,1.0,0.9770421981811523
79,2,800,0.4670746517812783,0.41132839978961566,7.853264833102003e-06,1.0,0.9898558855056763
79,2,850,0.4618576192520284,0.42357114318701816,5.183764642424649e-06,1.0,0.9925253987312317
79,2,900,0.4681938805294138,0.43416869647263473,3.5470993680064566e-06,1.0,0.9946609735488892
79,2,950,0.47313840003895324,0.442501333839652,2.5234535314666573e-06,1.0,0.9967966079711914
79,2,1000,0.47718742221444876,0.44890414197661027,1.8637092580320314e-06,1.0,0.9983983039855957
79,2,1050,0.48086797177542984,0.45320074922747045,1.4436931223826832e-06,1.0,0.9983983039855957
79,2,1100,0.48421374586564064,0.45585809390745535,1.1729341622412903e-06,1.0,1.0
79,2,1150,0.4867339607273546,0.45737820972452004,1.0010249980041408e-06,1.0,1.0
79,2,1200,0.48921792885902965,0.45756984664949074,8.899212957658165e-07,1.0,1.0
79,2,1250,0.49098625211349145,0.4562678928850294,8.258135721916915e-07,1.0,1.0
79,2,1300,0.49271517072703136,0.4537211134528041,7.894067266533966e-07,1.0,1.0
79,2,1350,0.49431207801763094,0.45002158733959774,7.691290875300183e-07,1.0,1.0
79,2,1400,0.49579459868268083,0.4514128031631138,7.570662887701474e-07,1.0,1.0
79,2,1450,0.49722677185055925,0.46521095594332706,7.487696507268993e-07,1.0,1.0
79,2,1500,0.49853085503094796,0.4750945796329912,7.416465450660326e-07,1.0,1.0
79,2,1550,0.49976389657874853,0.48213051648433936,7.356424589488597e-07,1.0,1.0
79,2,1600,0.5010233012152882,0.48799131288607867,7.289560244316817e-07,1.0,1.0
79,2,1650,0.5023129699718234,0.49459658264649975,7.227062610581925e-07,1.0,1.0
79,2,1700,0.5036518202583699,0.5239133688001888,7.168658839873387e-07,1.0,1.0
79,2,1750,0.5048723430287531,0.482306587541733,7.085965307851438e-07,1.0,1.0
79,2,1800,0.505988988757113,0.46380932970282357,7.009276714597945e-07,1.0,1.0
79,2,1850,0.5069902563058458,0.46428240619017014,6.950053830223624e-07,1.0,1.0
79,2,1900,0.5078569578075204,0.46312879703368814,6.876639986330702e-07,1.0,1.0
79,2,1950,0.508657610880249,0.4647164662786748,6.782756827306002e-07,1.0,1.0
79,2,2000,0.5094318012919444,0.4669775860364671,6.709070135002548e-07,1.0,1.0
79,2,2050,0.510060243086844,0.46978054560361693,6.625011792493751e-07,1.0,1.0
79,2,2100,0.5104502389160092,0.47350670594580424,6.549960289703449e-07,1.0,1.0
79,2,2150,0.5107856154831604,0.4799998874999914,6.496741775663395e-07,1.0,1.0
79,2,2200,0.5112640396628861,0.49170669000542266,6.415686470973014e-07,1.0,1.0
79,2,2250,0.5118149553225342,0.5021044651754428,6.349367822622298e-07,1.0,1.0
79,2,2300,0.5124218418296298,0.5075722161936912,6.272132964113553e-07,1.0,1.0
79,2,2350,0.5131785279558964,0.5127385572283283,6.201174755915417e-07,1.0,1.0
79,2,2400,0.5140346714013949,0.5185521395208069,6.15232295331225e-07,1.0,1.0
79,2,2450,0.5149672170341127,0.5263759759977358,6.089279622756294e-07,1.0,1.0
79,2,2500,0.5161941225840829,0.537553761480965,6.032240662534605e-07,1.0,1.0
79,2,2550,0.5177315129032425,0.545081030244985,5.976293095955043e-07,1.0,1.0
79,2,2600,0.5197597948256266,0.537834923838245,5.906154001422692e-07,1.0,1.0
79,2,2650,0.5227238823134398,0.521649267886726,5.849387321177346e-07,1.0,1.0
79,2,2700,0.5275836801663786,0.5107830066488608,5.798625579700456e-07,1.0,1.0
79,2,2750,0.536419099228326,0.5058628941644291,5.75141086756048e-07,1.0,1.0
79,2,2800,0.555391139880272,0.5039520273816934,5.709381980523176e-07,1.0,1.0
79,2,2850,0.6120687672497165,0.5031742661067774,5.652888717122551e-07,1.0,1.0
79,2,2900,0.8141132326675494,0.5028096761298935,5.601307861979876e-07,1.0,1.0
79,2,2950,0.8776222701529555,0.5025439931783945,5.549727006837202e-07,1.0,1.0
79,2,3000,0.9162139165136478,0.5024420883415899,5.512610528057849e-07,1.0,1.0
79,2,3050,0.939100027359195,0.5024594667387201,5.480679305946978e-07,1.0,1.0
79,2,3100,0.9531871245619443,0.502529787711072,5.423094080470037e-07,1.0,1.0
79,2,3150,0.9624518150056164,0.502714736902282,5.371786073737894e-07,1.0,1.0
79,2,3200,0.9689488959329098,0.5030221278064011,5.340128268471744e-07,1.0,1.0
79,2,3250,0.9736648312575489,0.5033153954150432,5.290184503792261e-07,1.0,1.0
79,2,3300,0.9772402411773183,0.5036163398043463,5.263166258373531e-07,1.0,1.0
79,2,3350,0.9800081364597122,0.5039795911196902,5.22168306815729e-07,1.0,1.0
79,2,3400,0.9822097889468289,0.5043409732706197,5.186204248275317e-07,1.0,1.0
79,2,3450,0.9840121928441284,0.5047204017166463,5.154273026164446e-07,1.0,1.0
79,2,3500,0.9854971152187114,0.5051502988544626,5.124798008182552e-07,1.0,1.0
79,2,3550,0.9867137752560471,0.5055850671487343,5.090956847197958e-07,1.0,1.0
79,2,3600,0.9877068128159269,0.506077186800688,5.051657012700161e-07,1.0,1.0
79,2,3650,0.9885526558310215,0.5066168541924512,5.007717618354945e-07,1.0,1.0
79,2,3700,0.9892770787855267,0.5071907026870067,4.996800839762727e-07,1.0,1.0
79,2,3750,0.9899106992242083,0.5077944079818216,4.946857643517433e-07,1.0,1.0
79,2,3800,0.9904774373097648,0.5084258680073881,4.935395168104151e-07,1.0,1.0
79,2,3850,0.990987058512406,0.509041582425617,4.905374453301192e-07,1.0,1.0
79,2,3900,0.9914457801306877,0.5096795144683832,4.872897534369258e-07,1.0,1.0
79,2,3950,0.9918601138420531,0.5103346820901937,4.840147767026792e-07,1.0,1.0
79,2,4000,0.9922285011390153,0.5109855197966268,4.815312308892317e-07,1.0,1.0
79,2,4050,0.99254713499983,0.5116454217697253,4.782016844728787e-07,1.0,1.0
79,2,4100,0.992831682050365,0.512317176332555,4.7468108732573455e-07,1.0,1.0
79,2,4150,0.9930899221154807,0.5130117714040168,4.72197541512287e-07,1.0,1.0
79,2,4200,0.993324547723103,0.5137308690829824,4.7086027166187705e-07,1.0,1.0
79,2,4250,0.9935388689585123,0.5144908710137788,4.66630069695384e-07,1.0,1.0
79,2,4300,0.9937480113936179,0.5153019155555848,4.657294709886628e-07,1.0,1.0
79,2,4350,0.9939391338321312,0.5161319846934492,4.6106262630019046e-07,1.0,1.0
79,2,4400,0.9941120735922553,0.5169507328360744,4.5942513793306716e-07,1.0,1.0
79,2,4450,0.9942750634614029,0.5177789033092455,4.569961902234354e-07,1.0,1.0
79,2,4500,0.9944249345621622,0.5186088648014718,4.564230664527713e-07,1.0,1.0
79,2,4550,0.9945705368575197,0.5194276960272419,4.515651710335078e-07,1.0,1.0
79,2,4600,0.9947064256821819,0.520258792863683,4.5131955062061024e-07,1.0,1.0
79,2,4650,0.9948371024579494,0.5211121506167303,4.4861769765702775e-07,1.0,1.0
79,2,4700,0.9949625732062253,0.5219668469468096,4.4659813625003153e-07,1.0,1.0
79,2,4750,0.9950770550114895,0.5228255113302025,4.4326858983367856e-07,1.0,1.0
79,2,4800,0.9951812678287898,0.5237401711073296,4.409215250689158e-07,1.0,1.0
79,2,4850,0.9952789622611798,0.5246493550063179,4.391748689158703e-07,1.0,1.0
79,2,4900,0.9953700488048097,0.5255580617969099,4.358998637599143e-07,1.0,1.0
79,2,4950,0.9954551812864216,0.526465625996693,4.3576341113293893e-07,1.0,1.0
79,2,5000,0.9955281774563409,0.5273807663264337,4.3360739709896734e-07,1.0,1.0
79,2,5050,0.99559088941024,0.528298520089956,4.3093282897643803e-07,1.0,1.0
79,2,5100,0.9956457456405899,0.5292393797685611,4.2858576421167527e-07,1.0,1.0
79,2,5150,0.9956954644300509,0.5301857617302902,4.277943048691668e-07,1.0,1.0
79,2,5200,0.9957407763605861,0.5311321262444142,4.273576337254781e-07,1.0,1.0
79,2,5250,0.9957813574557174,0.5321133339361892,4.234276502756984e-07,1.0,1.0
79,2,5300,0.9958188081582791,0.5331332093076807,4.2105330066988245e-07,1.0,1.0
79,2,5350,0.995852617780548,0.5341707401298583,4.1873352074617287e-07,1.0,1.0
79,2,5400,0.9958865450267862,0.5352226156755757,4.190610241039394e-07,1.0,1.0
79,2,5450,0.9959186365009127,0.5362401436327962,4.169595797520742e-07,1.0,1.0
79,2,5500,0.9959409051808874,0.5372504149793587,4.1414855900256953e-07,1.0,1.0
79,2,5550,0.9959628744646079,0.5382859742542819,4.1229273506360187e-07,1.0,1.0
79,2,5600,0.9959860720336908,0.5393172065374844,4.1073710121963813e-07,1.0,1.0
79,2,5650,0.9960128438036661,0.540369312559893,4.1002752482199867e-07,1.0,1.0
79,2,5700,0.9960412873619776,0.5414231313941498,4.082535838279e-07,1.0,1.0
79,2,5750,0.996066774833623,0.5424773030724226,4.0686171587367426e-07,1.0,1.0
79,2,5800,0.996091713701936,0.5435441566653726,4.046238188948337e-07,1.0,1.0
79,2,5850,0.9961121378816893,0.5446197763279363,4.021129882403329e-07,1.0,1.0
79,2,5900,0.9961320727416768,0.5457009477283742,4.0102133880282054e-07,1.0,1.0
79,2,5950,0.9961542388239939,0.5467780586158624,3.99656755689648e-07,1.0,1.0
79,2,6000,0.9961764383979104,0.5478643664430013,3.9777364690962713e-07,1.0,1.0
79,2,6050,0.9962004148278802,0.5489578528632085,3.9597239265276585e-07,1.0,1.0
79,2,6100,0.9962199950009809,0.5500876271200907,3.9662739936829894e-07,1.0,1.0
79,2,6150,0.9962330474996652,0.5512265293342652,3.934888752610277e-07,1.0,1.0
79,2,6200,0.9962400131397233,0.5523967221829548,3.925063936094375e-07,1.0,1.0
79,2,6250,0.9962502781014684,0.5535624130719067,3.892314168751909e-07,1.0,1.0
79,2,6300,0.9962654640691895,0.5547422980045021,3.9015932884467475e-07,1.0,1.0
79,2,6350,0.9962832816541317,0.5559452496377726,3.8838535942886665e-07,1.0,1.0
79,2,6400,0.9962987066228141,0.5571695595779443,3.8633851318081724e-07,1.0,1.0
79,2,6450,0.9963145620817109,0.5584179611087946,3.842916385110584e-07,1.0,1.0
79,2,6500,0.996329425139402,0.5596778050097213,3.8352749243131257e-07,1.0,1.0
79,2,6550,0.996346145398238,0.5609435616827999,3.8202645669116464e-07,1.0,1.0
79,2,6600,0.9963640276973247,0.5622129865123604,3.8098937693575863e-07,1.0,1.0
79,2,6650,0.9963842418647189,0.5634843765110439,3.7861499890823325e-07,1.0,1.0
79,2,6700,0.9964009497104337,0.5647865591755586,3.7746875136690505e-07,1.0,1.0
79,2,6750,0.9964130562450211,0.5661183210912931,3.7695022570005676e-07,1.0,1.0
79,2,6800,0.9964265547020072,0.5674694439683328,3.7523085438806447e-07,1.0,1.0
79,2,6850,0.9964339492961931,0.5688217114599653,3.733477456080436e-07,1.0,1.0
79,2,6900,0.9964350626093492,0.5701709254450896,3.729110744643549e-07,1.0,1.0
79,2,6950,0.996435159231552,0.5715439466760235,3.7332046076699044e-07,1.0,1.0
79,2,7000,0.9964349228708295,0.5729329463175172,3.701000537148502e-07,1.0,1.0
79,2,7050,0.9964317845295313,0.5743568234925088,3.6985443330195267e-07,1.0,1.0
79,2,7100,0.9964274614870132,0.575791384238155,3.6720715002047655e-07,1.0,1.0
79,2,7150,0.9964206791075566,0.5772277604942619,3.6652485846389027e-07,1.0,1.0
79,2,7200,0.9964037795908263,0.5787054956088323,3.631407139437215e-07,1.0,1.0
79,2,7250,0.9963856959253403,0.5802078727671498,3.643415595888655e-07,1.0,1.0
79,2,7300,0.9963640789690026,0.5817262032150889,3.6297697647569294e-07,1.0,1.0
79,2,7350,0.9963350133230672,0.5832416243252688,3.600567879402661e-07,1.0,1.0
79,2,7400,0.9963000533031384,0.5847862990818717,3.6065719655198336e-07,1.0,1.0
79,2,7450,0.9962579379814025,0.5863562485738847,3.60520743925008e-07,1.0,1.0
79,2,7500,0.9962077229309277,0.5879703786665835,3.592653285977576e-07,1.0,1.0
79,2,7550,0.9961502607517643,0.5896344927058358,3.5806451137432305e-07,1.0,1.0
79,2,7600,0.9960887850586186,0.5913319986952535,3.5631785522127757e-07,1.0,1.0
79,2,7650,0.9960247777566257,0.5930753292233236,3.5680909604707267e-07,1.0,1.0
79,2,7700,0.9959513972906664,0.5948410332315635,3.5347952120901027e-07,1.0,1.0
79,2,7750,0.9958720501758717,0.596650198622208,3.5413452792454336e-07,1.0,1.0
79,2,7800,0.9957886530678759,0.5985168516498598,3.518966309457028e-07,1.0,1.0
79,2,7850,0.9956878314097775,0.6004537172704292,3.5099600381727214e-07,1.0,1.0
79,2,7900,0.9955755822620249,0.6024494467470769,3.4930394576804247e-07,1.0,1.0
79,2,7950,0.9954501939474828,0.6045442853938986,3.4818498306776746e-07,1.0,1.0
79,2,8000,0.9953203700974766,0.6067168239420295,3.4818498306776746e-07,1.0,1.0
79,2,8050,0.9951740441123386,0.6089811388925956,3.458924879851111e-07,1.0,1.0
79,2,8100,0.9950203465288266,0.6113553192029443,3.4501917411944305e-07,1.0,1.0
79,2,8150,0.9948502048121297,0.6138416763637389,3.441185469910124e-07,1.0,1.0
79,2,8200,0.9946623891760665,0.6164747378770912,3.4450062003088533e-07,1.0,1.0
79,2,8250,0.994461524366999,0.6192690136651738,3.414712637095363e-07,1.0,1.0
79,2,8300,0.9942498168877971,0.6222455243975635,3.4166231444032746e-07,1.0,1.0
79,2,8350,0.9940282906021006,0.6254073633637481,3.404068991130771e-07,1.0,1.0
79,2,8400,0.9938081544311979,0.6287267906303877,3.3917879704858933e-07,1.0,1.0
79,2,8450,0.9935849041473218,0.6321975730750463,3.381690021342365e-07,1.0,1.0
79,2,8500,0.9933529968090838,0.6357496170467222,3.3628589335421566e-07,1.0,1.0
79,2,8550,0.9931114510852261,0.6392928559508885,3.3631317819526885e-07,1.0,1.0
79,2,8600,0.9928448930324302,0.6428046453651252,3.3505776286801847e-07,1.0,1.0
79,2,8650,0.9925860622330892,0.6462125407546647,3.3508504770907166e-07,1.0,1.0
79,2,8700,0.992330319067662,0.6495124763920164,3.3287443557128427e-07,1.0,1.0
79,2,8750,0.9920783282357314,0.6526692133538441,3.3350215744576417e-07,1.0,1.0
79,2,8800,0.9918315118476881,0.6557060486923049,3.3260153031733353e-07,1.0,1.0
79,2,8850,0.9915864594931073,0.6586416644840029,3.323286250633828e-07,1.0,1.0
79,2,8900,0.9913435631981093,0.6614726661798392,3.294630062100623e-07,1.0,1.0
79,2,8950,0.991083503422324,0.6642387947288914,3.2987239251269784e-07,1.0,1.0
79,2,9000,0.9908273828808564,0.6669588810475864,3.285078093995253e-07,1.0,1.0
79,2,9050,0.9905663026655782,0.6696565290915757,3.283167586687341e-07,1.0,1.0
79,2,9100,0.9902995302370395,0.6723129060496159,3.246324240535614e-07,1.0,1.0
79,2,9150,0.9900150957161267,0.6749675579064441,3.250963800383033e-07,1.0,1.0
79,2,9200,0.9897355115219902,0.6776302574296488,3.240319870201347e-07,1.0,1.0
79,2,9250,0.989438536202632,0.6802992691533046,3.235953442981554e-07,1.0,1.0
79,2,9300,0.9891066109970283,0.6829810858173498,3.219578559310321e-07,1.0,1.0
79,2,9350,0.9887278942888436,0.6857058146497615,3.240047021790815e-07,1.0,1.0
79,2,9400,0.9883064550488057,0.688526477597973,3.223672138119582e-07,1.0,1.0
79,2,9450,0.9878347739827767,0.6914018239059656,3.195834779035067e-07,1.0,1.0
79,2,9500,0.987317561998556,0.6943665723329577,3.197199305304821e-07,1.0,1.0
79,2,9550,0.9867481902573514,0.6974389719119446,3.169635078847932e-07,1.0,1.0
79,2,9600,0.9861554090351233,0.700714811228661,3.1742746386953513e-07,1.0,1.0
79,2,9650,0.9855399233890313,0.7041759686450848,3.175366316554573e-07,1.0,1.0
79,2,9700,0.984901469050894,0.7079066143318443,3.165268367411045e-07,1.0,1.0
79,2,9750,0.984215480791388,0.7119757960921599,3.163903841141291e-07,1.0,1.0
79,2,9800,0.9834835005228776,0.7163999390872251,3.14780180588059e-07,1.0,1.0
79,2,9850,0.9826614758835447,0.721160584242457,3.12787904022116e-07,1.0,1.0
79,2,9900,0.9818015348785244,0.7262124134943609,3.1349748041975545e-07,1.0,1.0
79,2,9950,0.9808760017620196,0.7313429645690183,3.100860510585335e-07,1.0,1.0
79,2,10000,0.9799489740365965,0.7363910876891003,3.110412478690705e-07,1.0,1.0
79,3,0,0.2884599180389388,0.2743019381356419,4.370273590087891,0.011675824411213398,0.013881473802030087
79,3,50,0.28250762076619296,0.24429758904423615,1.7251299619674683,0.958791196346283,0.0
79,3,100,0.41255441629138917,0.23128237552812544,0.020960509777069092,1.0,0.0
79,3,150,0.417797187986891,0.23028743056524906,0.009790967218577862,1.0,0.0016017085872590542
79,3,200,0.4233209215262857,0.24014715873633846,0.005529287736862898,1.0,0.008542445488274097
79,3,250,0.42758746104881024,0.269507105427044,0.002945132553577423,1.0,0.030432462692260742
79,3,300,0.430210328816398,0.2800351698432694,0.001588190789334476,1.0,0.08061932772397995
79,3,350,0.42814668555585383,0.27593266478795564,0.0008718684548512101,1.0,0.19861185550689697
79,3,400,0.42933700693957344,0.2744682243175625,0.0004862280620727688,1.0,0.35985052585601807
79,3,450,0.44550268363123274,0.30614991679819176,0.000274691847153008,1.0,0.5242925882339478
79,3,500,0.4830134767060121,0.3311737133275095,0.0001569373853271827,1.0,0.692471981048584
79,3,550,0.48382610989798724,0.3586762735628754,9.072134707821533e-05,1.0,0.8008542656898499
79,3,600,0.4742544720017739,0.3816460929127951,5.311266431817785e-05,1.0,0.8830752968788147
79,3,650,0.4916007623199677,0.44662736409637094,3.1555344321532175e-05,1.0,0.9343299865722656
79,3,700,0.5178186370697524,0.4501034288381899,1.910486571432557e-05,1.0,0.9690336585044861
79,3,750,0.5456494092390556,0.45011306062276485,1.185098517453298e-05,1.0,0.9845168590545654
79,3,800,0.5573782799764349,0.44916722025221334,7.5656680564861745e-06,1.0,0.9909237027168274
79,3,850,0.5037594853691209,0.4589996745675656,4.989777153241448e-06,1.0,0.994127094745636
79,3,900,0.48736146419572385,0.4634972755907956,3.413263584661763e-06,1.0,0.9978644251823425
79,3,950,0.47403859148154626,0.46526984990399156,2.42815167439403e-06,1.0,0.9989322423934937
79,3,1000,0.4569195261473721,0.46414569893426383,1.7953441329154884e-06,1.0,0.9989322423934937
79,3,1050,0.4480461278019917,0.4660661032161387,1.3872270301362732e-06,1.0,0.9989322423934937
79,3,1100,0.47402297856919456,0.4592914729661185,1.1287219194855425e-06,1.0,0.9994661211967468
79,3,1150,0.5029453927972974,0.5005754979597984,9.627076451579342e-07,1.0,1.0
79,3,1200,0.5370015430204255,0.5129686073525487,8.571169018978253e-07,1.0,1.0
79,3,1250,0.5738993013221991,0.5167232810640158,7.929273238005408e-07,1.0,1.0
79,3,1300,0.6171041194318174,0.5169485443548119,7.593587270093849e-07,1.0,1.0
79,3,1350,0.6587174865979524,0.5150378616855038,7.386718152702088e-07,1.0,1.0
79,3,1400,0.6947416526613025,0.5102308658221989,7.264997634592874e-07,1.0,1.0
79,3,1450,0.7450163378042033,0.5074196432656464,7.182031822594581e-07,1.0,1.0
79,3,1500,0.7824117976375714,0.5078100003073229,7.129904702196654e-07,1.0,1.0
79,3,1550,0.8163986304722234,0.5103541930939453,7.049122245916806e-07,1.0,1.0
79,3,1600,0.8496206805422719,0.5128880000535635,6.9909913236188e-07,1.0,1.0
79,3,1650,0.879217312806532,0.5142720182992946,6.923308433215425e-07,1.0,1.0
79,3,1700,0.9032817887389467,0.5148185785773324,6.845254461040895e-07,1.0,1.0
79,3,1750,0.9217728955787904,0.5145943897027857,6.780573471587559e-07,1.0,1.0
79,3,1800,0.9344757533727194,0.5216275804897362,6.702520067847217e-07,1.0,1.0
79,3,1850,0.9426276683163731,0.527333181176251,6.640022434112325e-07,1.0,1.0
79,3,1900,0.947662585941805,0.5313478043596582,6.568245680682594e-07,1.0,1.0
79,3,1950,0.9503085732234064,0.534295564693906,6.489646011687e-07,1.0,1.0
79,3,2000,0.9505877619201824,0.5363402294727023,6.408044441741367e-07,1.0,1.0
79,3,2050,0.947976269323542,0.5377863108833069,6.326442871795734e-07,1.0,1.0
79,3,2100,0.9402575133804951,0.5390219925837689,6.259032829802891e-07,1.0,1.0
79,3,2150,0.9229294657752752,0.5396108938250972,6.178796070344106e-07,1.0,1.0
79,3,2200,0.8932616554206081,0.5399049062630887,6.116025588198681e-07,1.0,1.0
79,3,2250,0.8496482702157768,0.5398219556501364,6.048615546205838e-07,1.0,1.0
79,3,2300,0.7782301192218657,0.5394501440045187,5.972199232928688e-07,1.0,1.0
79,3,2350,0.7122479839953668,0.5385120779704871,5.910793561270111e-07,1.0,1.0
79,3,2400,0.6490066147958518,0.5368988638530322,5.850479283253662e-07,1.0,1.0
79,3,2450,0.590941192762496,0.5352381252484366,5.789892156826681e-07,1.0,1.0
79,3,2500,0.566237646519628,0.5337200261155908,5.729850727220764e-07,1.0,1.0
79,3,2550,0.5474547712261416,0.5322997950250772,5.658346822201565e-07,1.0,1.0
79,3,2600,0.5302623627276167,0.5308570914664775,5.607585080724675e-07,1.0,1.0
79,3,2650,0.5138027918040581,0.529235115695023,5.552456059376709e-07,1.0,1.0
79,3,2700,0.5024638989294397,0.5281313289173591,5.50005609056825e-07,1.0,1.0
79,3,2750,0.49539143731427526,0.5271072810941958,5.451204287965083e-07,1.0,1.0
79,3,2800,0.49097230749777976,0.5258036367592707,5.397985773925029e-07,1.0,1.0
79,3,2850,0.48781472994549024,0.5242765050100036,5.36332606770884e-07,1.0,1.0
79,3,2900,0.48539118847264684,0.5229229503164758,5.320478067005752e-07,1.0,1.0
79,3,2950,0.4891896300610967,0.5215307430645025,5.262074296297214e-07,1.0,1.0
79,3,3000,0.4963666772968843,0.5202072904585224,5.217862053541467e-07,1.0,1.0
79,3,3050,0.5058462911560591,0.5189103991910945,5.173376962375187e-07,1.0,1.0
79,3,3100,0.5197108208197756,0.5177235801125294,5.128346174387843e-07,1.0,1.0
79,3,3150,0.5453107656804513,0.5165708824282497,5.088227226224262e-07,1.0,1.0
79,3,3200,0.6113987410268072,0.5153082017722758,5.071306645731966e-07,1.0,1.0
79,3,3250,0.6949682440477533,0.5139797209104202,5.023819653615647e-07,1.0,1.0
79,3,3300,0.7293225011734313,0.5126613709878154,4.977969751962519e-07,1.0,1.0
79,3,3350,0.7741102719637067,0.5112776087796327,4.94003472795157e-07,1.0,1.0
79,3,3400,0.8203574423566788,0.5097797655508685,4.908649202661763e-07,1.0,1.0
79,3,3450,0.8669422777423431,0.5082416317915049,4.872078989137663e-07,1.0,1.0
79,3,3500,0.9207712033564383,0.5067300441347483,4.843422516387363e-07,1.0,1.0
79,3,3550,0.9504377529699539,0.5051555037707322,4.816404270968633e-07,1.0,1.0
79,3,3600,0.9670217392457349,0.5050379109992177,4.79839172840002e-07,1.0,1.0
79,3,3650,0.9772898831197135,0.5053752852047461,4.7473565700784093e-07,1.0,1.0
79,3,3700,0.9835499935537221,0.5056670113381007,4.7154256321846333e-07,1.0,1.0
79,3,3750,0.9873819266139713,0.5059245270518388,4.694411188665981e-07,1.0,1.0
79,3,3800,0.9897197725734787,0.5061791968872972,4.6540196763089625e-07,1.0,1.0
79,3,3850,0.9912246165566754,0.5064232702552696,4.618540572209895e-07,1.0,1.0
79,3,3900,0.9921655158661223,0.5066533218283336,4.5898846678937844e-07,1.0,1.0
79,3,3950,0.992722548972699,0.5068615482324635,4.570507599055418e-07,1.0,1.0
79,3,4000,0.9930392171760049,0.5070598229397252,4.543489069419593e-07,1.0,1.0
79,3,4050,0.9932272097699548,0.5072560927875672,4.5178350660535216e-07,1.0,1.0
79,3,4100,0.9933074002229694,0.5074610260620687,4.48262909458208e-07,1.0,1.0
79,3,4150,0.9932692390863788,0.5076521874183437,4.456429394394945e-07,1.0,1.0
79,3,4200,0.9931073251489259,0.5078312040294146,4.441146188582934e-07,1.0,1.0
79,3,4250,0.9928617557048959,0.508018761688251,4.403756861393049e-07,1.0,1.0
79,3,4300,0.992592167762674,0.5082063062762517,4.3985713205074717e-07,1.0,1.0
79,3,4350,0.9923396048903165,0.5083780512702107,4.358452940778079e-07,1.0,1.0
79,3,4400,0.9921787187789646,0.5084936893381738,4.322428139857948e-07,1.0,1.0
79,3,4450,0.9920651101406022,0.5085775347392062,4.3404403982094664e-07,1.0,1.0
79,3,4500,0.9919545880237298,0.5085866686455776,4.2965012880813447e-07,1.0,1.0
79,3,4550,0.9918928402404911,0.5085069658125632,4.27739706765351e-07,1.0,1.0
79,3,4600,0.9919247921705305,0.5082606836581397,4.2323662796661665e-07,1.0,1.0
79,3,4650,0.9920448781729043,0.5077631756727747,4.229364094499033e-07,1.0,1.0
79,3,4700,0.992218988297852,0.5068185574882722,4.21217038137911e-07,1.0,1.0
79,3,4750,0.9924200192039269,0.5050681707523699,4.1829684960248414e-07,1.0,1.0
79,3,4800,0.992652194670411,0.5017157192309157,4.1616812040956574e-07,1.0,1.0
79,3,4850,0.9928507604568936,0.49474570175095234,4.1384834048585617e-07,1.0,1.0
79,3,4900,0.9930122742651879,0.499677347710044,4.113921079351712e-07,1.0,1.0
79,3,4950,0.9931731045257896,0.4967073716751146,4.1136482309411804e-07,1.0,1.0
79,3,5000,0.9933536148579154,0.5177760680936941,4.1030045849765884e-07,1.0,1.0
79,3,5050,0.9935151650686262,0.5179571899715623,4.0688900071472744e-07,1.0,1.0
79,3,5100,0.9936499628836356,0.518212486794319,4.0415986291009176e-07,1.0,1.0
79,3,5150,0.9937979260691403,0.5185155176988491,4.0421443259219814e-07,1.0,1.0
79,3,5200,0.993960524725106,0.5187643341897188,4.0140341184269346e-07,1.0,1.0
79,3,5250,0.9941313262845302,0.5188268621542214,3.9990237610254553e-07,1.0,1.0
79,3,5300,0.9943038387438672,0.5186290104620268,3.984832233072666e-07,1.0,1.0
79,3,5350,0.9944847346194465,0.5180999705824384,3.956722025577619e-07,1.0,1.0
79,3,5400,0.9946418173349083,0.5172118514923307,3.953174143589422e-07,1.0,1.0
79,3,5450,0.9947730716103902,0.5160435218029917,3.9378909377774107e-07,1.0,1.0
79,3,5500,0.9948777482707561,0.51481199444139,3.909234749244206e-07,1.0,1.0
79,3,5550,0.9949745769591984,0.5137508999221024,3.892314168751909e-07,1.0,1.0
79,3,5600,0.9950821571505533,0.5129718136407828,3.875120455631986e-07,1.0,1.0
79,3,5650,0.9951937022278294,0.5124827930905105,3.876212133491208e-07,1.0,1.0
79,3,5700,0.9953008962532283,0.5122349876870477,3.858472439333127e-07,1.0,1.0
79,3,5750,0.9953922373391205,0.5121395733579253,3.838003976852633e-07,1.0,1.0
79,3,5800,0.9954953307478626,0.5121300424267478,3.8339101138262777e-07,1.0,1.0
79,3,5850,0.9956116411815523,0.5121392461135327,3.7973396160850825e-07,1.0,1.0
79,3,5900,0.9957066036083021,0.5121255040788454,3.783693784953357e-07,1.0,1.0
79,3,5950,0.9957915938885944,0.512061574747943,3.773596120026923e-07,1.0,1.0
79,3,6000,0.9958712630715203,0.5119290319687718,3.760495985716261e-07,1.0,1.0
79,3,6050,0.9959328359645679,0.5117062312682102,3.746577306174004e-07,1.0,1.0
79,3,6100,0.9959837326676058,0.5113958061363987,3.7274733699632634e-07,1.0,1.0
79,3,6150,0.996043109350074,0.5109875731398923,3.724198336385598e-07,1.0,1.0
79,3,6200,0.996104812951561,0.5104777553810739,3.712463012561784e-07,1.0,1.0
79,3,6250,0.9961638418835187,0.5098900478387317,3.6843528050667373e-07,1.0,1.0
79,3,6300,0.9962062712245239,0.5092401881599018,3.6873547060167766e-07,1.0,1.0
79,3,6350,0.9962454837280531,0.5085416586063659,3.676165363231121e-07,1.0,1.0
79,3,6400,0.9962882046831376,0.5077868842745324,3.647236326287384e-07,1.0,1.0
79,3,6450,0.9963253845038883,0.5070014016710699,3.632771949924063e-07,1.0,1.0
79,3,6500,0.9963608406229741,0.5061981574694185,3.6185801377541793e-07,1.0,1.0
79,3,6550,0.99639858269118,0.5053663567671687,3.600295030992129e-07,1.0,1.0
79,3,6600,0.9964332997807852,0.5045249033719206,3.5904699302591325e-07,1.0,1.0
79,3,6650,0.996464678359984,0.50549774199599,3.572730520318146e-07,1.0,1.0
79,3,6700,0.9964945481786099,0.5070276961553658,3.571365994048392e-07,1.0,1.0
79,3,6750,0.9965232451619531,0.5087493520783346,3.5798262842945405e-07,1.0,1.0
79,3,6800,0.9965514727409082,0.5107074855248417,3.549259872670518e-07,1.0,1.0
79,3,6850,0.9965791627854098,0.5131009040043707,3.54953272108105e-07,1.0,1.0
79,3,6900,0.9966073312443345,0.5159028739774116,3.5301556522426836e-07,1.0,1.0
79,3,6950,0.9966370852004973,0.5191820646151075,3.501499747926573e-07,1.0,1.0
79,3,7000,0.9966667380436958,0.5232592437662357,3.500408070067351e-07,1.0,1.0
79,3,7050,0.9966886688272788,0.5284996243264484,3.478847645510541e-07,1.0,1.0
79,3,7100,0.9967154676105857,0.5359697987829574,3.4657477954169735e-07,1.0,1.0
79,3,7150,0.9967399108537307,0.5486897658011006,3.475845744560502e-07,1.0,1.0
79,3,7200,0.9967614879467528,0.5699932274954397,3.4561958273116034e-07,1.0,1.0
79,3,7250,0.9967851764183553,0.5922869360505657,3.4499188927838986e-07,1.0,1.0
79,3,7300,0.9968104973130858,0.628284164851568,3.4398209436403704e-07,1.0,1.0
79,3,7350,0.9968298598672922,0.7187373944303546,3.4381832847429905e-07,1.0,1.0
79,3,7400,0.9968483819496867,0.8785919026890956,3.421262704250694e-07,1.0,1.0
79,3,7450,0.9968651987679507,0.9471453338265708,3.404068991130771e-07,1.0,1.0
79,3,7500,0.9968713988608364,0.9705722023989118,3.3860567327792523e-07,1.0,1.0
79,3,7550,0.9968699696217185,0.9791750471811062,3.386875278010848e-07,1.0,1.0
79,3,7600,0.9968588817669833,0.9829550881042154,3.3904231599990453e-07,1.0,1.0
79,3,7650,0.9968373055655508,0.9849408133449814,3.3533069654367864e-07,1.0,1.0
79,3,7700,0.9968149690913563,0.9861433671718174,3.347302595102519e-07,1.0,1.0
79,3,7750,0.9967827200201269,0.9869573426010843,3.33392989659842e-07,1.0,1.0
79,3,7800,0.9967412617964501,0.9875436155492165,3.3363861007273954e-07,1.0,1.0
79,3,7850,0.9967020239126366,0.9880009371479188,3.3191923876074725e-07,1.0,1.0
79,3,7900,0.9966548592823434,0.9883772282063396,3.3025446555257076e-07,1.0,1.0
79,3,7950,0.9965995786824055,0.9886992056645805,3.283986416136031e-07,1.0,1.0
79,3,8000,0.9965385192258939,0.9889825307392655,3.2929926874203375e-07,1.0,1.0
79,3,8050,0.9964679717746138,0.9892347834786784,3.291628161150584e-07,1.0,1.0
79,3,8100,0.9963951192015661,0.9894631826292868,3.2643364988871326e-07,1.0,1.0
79,3,8150,0.9963146154145013,0.9896750833977183,3.2594240906291816e-07,1.0,1.0
79,3,8200,0.9962344425072848,0.9898737618862417,3.251236648793565e-07,1.0,1.0
79,3,8250,0.9961449957118667,0.9900610912497002,3.244959430048766e-07,1.0,1.0
79,3,8300,0.9960493262701978,0.9902381199575846,3.235134613532864e-07,1.0,1.0
79,3,8350,0.9959521587048642,0.990406556582672,3.219032578272163e-07,1.0,1.0
79,3,8400,0.9958433265548361,0.9905670110266719,3.2392284765592194e-07,1.0,1.0
79,3,8450,0.9957262309830819,0.9907182812021031,3.207570102858881e-07,1.0,1.0
79,3,8500,0.9956024212002201,0.9908623657391737,3.213301340565522e-07,1.0,1.0
79,3,8550,0.9954717869556106,0.9910000074286146,3.191195219187648e-07,1.0,1.0
79,3,8600,0.9953386388026281,0.9911314367828639,3.1609016559741576e-07,1.0,1.0
79,3,8650,0.9951930703147778,0.9912570538383665,3.168816249399242e-07,1.0,1.0
79,3,8700,0.9950370866030614,0.99137507730483,3.1827349289414997e-07,1.0,1.0
79,3,8750,0.9948897207388635,0.9914883557943692,3.1469829764319e-07,1.0,1.0
79,3,8800,0.9947473110773168,0.9915956463941176,3.154897569856985e-07,1.0,1.0
79,3,8850,0.9946091855642667,0.9916993134720247,3.1281518886316917e-07,1.0,1.0
79,3,8900,0.9944649813815861,0.991801020157434,3.132518600068579e-07,1.0,1.0
79,3,8950,0.9943297685415483,0.9919014933327172,3.147528957470058e-07,1.0,1.0
79,3,9000,0.9941953781450169,0.9919998181390566,3.122147802514519e-07,1.0,1.0
79,3,9050,0.9940698551994132,0.9920969799320226,3.121874954103987e-07,1.0,1.0
79,3,9100,0.9939440080945544,0.9921900724331849,3.103862411535374e-07,1.0,1.0
79,3,9150,0.9938146933704988,0.9922806541397219,3.0959478181102895e-07,1.0,1.0
79,3,9200,0.9936862340945585,0.9923675726461209,3.077935559758771e-07,1.0,1.0
79,3,9250,0.9935517842523386,0.9924514800309885,3.078208408169303e-07,1.0,1.0
79,3,9300,0.9934042340454783,0.99253215762702,3.079027237617993e-07,1.0,1.0
79,3,9350,0.9932499832621859,0.9926112901320711,3.067564762204711e-07,1.0,1.0
79,3,9400,0.9930944862524614,0.9926879963115538,3.0601961498177843e-07,1.0,1.0
79,3,9450,0.9929227420467113,0.9927627908912072,3.0476419965452806e-07,1.0,1.0
79,3,9500,0.9927407518199408,0.9928356918650932,3.0430024366978614e-07,1.0,1.0
79,3,9550,0.9925541667232407,0.9929061302937295,3.0372711989912204e-07,1.0,1.0
79,3,9600,0.9923710037842579,0.9929757686605523,3.0162567554725683e-07,1.0,1.0
79,3,9650,0.9921847206400827,0.9930443575523409,3.017621281742322e-07,1.0,1.0
79,3,9700,0.9919952399475606,0.9931111357482654,3.0143462481646566e-07,1.0,1.0
79,3,9750,0.9917986726325363,0.9931762169429061,3.0198046374607657e-07,1.0,1.0
79,3,9800,0.991584931140683,0.993239575098724,3.003156905379001e-07,1.0,1.0
79,3,9850,0.9913679649626865,0.9933016112937169,2.989511074247275e-07,1.0,1.0
79,3,9900,0.9911497827059329,0.9933620582234867,2.98623604066961e-07,1.0,1.0
79,3,9950,0.9909324501072245,0.9934203625001345,2.989783922657807e-07,1.0,1.0
79,3,10000,0.9907310935620288,0.9934779187756035,2.968769479139155e-07,1.0,1.0
79,4,0,0.23705249734557252,0.24044205228167204,4.370302677154541,0.012591575272381306,0.010144153609871864
79,4,50,0.2547571562044087,0.2460557903287712,1.6993300914764404,0.9661172032356262,0.0
79,4,100,0.2640409135693771,0.2502606177725876,0.021505480632185936,1.0,0.0
79,4,150,0.25256493864710755,0.24793173379117742,0.010067034512758255,1.0,0.0032034171745181084
79,4,200,0.2621284450024245,0.25137827860493955,0.005677580833435059,1.0,0.011745862662792206
79,4,250,0.29120705605424285,0.25145391147875623,0.003026653081178665,1.0,0.0288307536393404
79,4,300,0.29584960118851955,0.25821290757874826,0.0016275258967652917,1.0,0.0710090771317482
79,4,350,0.25888962353508427,0.2608757295712922,0.000891114235855639,1.0,0.15323011577129364
79,4,400,0.2622048302025198,0.2638615054336404,0.0004953282186761498,1.0,0.30272290110588074
79,4,450,0.26035626349571833,0.2666456559713687,0.00027909857453778386,1.0,0.4821142554283142
79,4,500,0.29852570691912417,0.2675209109591776,0.00015911473019514233,1.0,0.6497597694396973
79,4,550,0.3365963246101027,0.2663233953023585,9.184172085952014e-05,1.0,0.7773625254631042
79,4,600,0.38086303321134996,0.26432104282104163,5.377627530833706e-05,1.0,0.8707955479621887
79,4,650,0.39532207583789647,0.26130716113651203,3.196410398231819e-05,1.0,0.9343299865722656
79,4,700,0.4606365095096878,0.27102657626895155,1.938145942403935e-05,1.0,0.9684997797012329
79,4,750,0.4739284321294138,0.2680446825043765,1.2037766282446682e-05,1.0,0.9839829206466675
79,4,800,0.45846067278682806,0.25978817528661763,7.69609323469922e-06,1.0,0.9930592775344849
79,4,850,0.43839093082200153,0.2627277843639706,5.086551482236246e-06,1.0,0.9983983039855957
79,4,900,0.4224864741713363,0.28665098274351375,3.486567720756284e-06,1.0,0.9994661211967468
79,4,950,0.4296451757170045,0.3428567428407673,2.4820251383061986e-06,1.0,1.0
79,4,1000,0.44852009825313005,0.392455024838166,1.8380825395070133e-06,1.0,1.0
79,4,1050,0.45975152870383185,0.4161561376598157,1.4229243561203475e-06,1.0,1.0
79,4,1100,0.4713944466612244,0.4277218315384425,1.1595612932069344e-06,1.0,1.0
79,4,1150,0.47953720601223676,0.4463450585811727,9.88825718195585e-07,1.0,1.0
79,4,1200,0.493058702202962,0.45385450144325923,8.817065690891468e-07,1.0,1.0
79,4,1250,0.5119973813231872,0.45801349716448975,8.167800729097507e-07,1.0,1.0
79,4,1300,0.5309709938142655,0.46000217434184143,7.796363661327632e-07,1.0,1.0
79,4,1350,0.546974808479258,0.4606559456964895,7.593587270093849e-07,1.0,1.0
79,4,1400,0.5548174162552363,0.4608083892658088,7.481146440113662e-07,1.0,1.0
79,4,1450,0.5547681491443344,0.4601397424992552,7.399544870168029e-07,1.0,1.0
79,4,1500,0.5520141656510816,0.4583340354005297,7.330770586122526e-07,1.0,1.0
79,4,1550,0.5511341235749339,0.45601142685756274,7.26772725556657e-07,1.0,1.0
79,4,1600,0.5515487484557358,0.4533958832253668,7.209869181679096e-07,1.0,1.0
79,4,1650,0.5527520773219868,0.45085582588590045,7.136454769351985e-07,1.0,1.0
79,4,1700,0.5541206722816739,0.44867976735517684,7.07040953784599e-07,1.0,1.0
79,4,1750,0.555596013655444,0.44709988147108104,6.994811769800435e-07,1.0,1.0
79,4,1800,0.557275194409567,0.445709350081097,6.923308433215425e-07,1.0,1.0
79,4,1850,0.55892397303635,0.4443525642814202,6.843889650554047e-07,1.0,1.0
79,4,1900,0.5596575311421117,0.4429935092256555,6.772386313969037e-07,1.0,1.0
79,4,1950,0.5593852974241553,0.4418383259748523,6.696788545923482e-07,1.0,1.0
79,4,2000,0.5580359606316967,0.44067133530467045,6.616006089643633e-07,1.0,1.0
79,4,2050,0.5528474176301873,0.43952980988696827,6.551870797011361e-07,1.0,1.0
79,4,2100,0.5240238364506526,0.4383153747579773,6.471634037552576e-07,1.0,1.0
79,4,2150,0.48327070612316986,0.4370324423815604,6.411592607946659e-07,1.0,1.0
79,4,2200,0.49208316599957125,0.4357822489054983,6.34008870292746e-07,1.0,1.0
79,4,2250,0.49563198486440974,0.4343720316571241,6.270495305216173e-07,1.0,1.0
79,4,2300,0.4959356081282533,0.4327482294802356,6.198718551786442e-07,1.0,1.0
79,4,2350,0.4902479368995756,0.4308525293850745,6.135402372819954e-07,1.0,1.0
79,4,2400,0.49823922849822144,0.4287653516202521,6.089279622756294e-07,1.0,1.0
79,4,2450,0.4920300208076755,0.42652489968240725,6.016138627273904e-07,1.0,1.0
79,4,2500,0.4754616216357062,0.42398726295081857,5.965376317362825e-07,1.0,1.0
79,4,2550,0.47549404335212003,0.4210901204964472,5.898239123780513e-07,1.0,1.0
79,4,2600,0.4720432829154158,0.41769387474852315,5.846385420227307e-07,1.0,1.0
79,4,2650,0.47383569360742167,0.41292553218487477,5.791802664134593e-07,1.0,1.0
79,4,2700,0.4842365021840993,0.40614708592557447,5.737219339607691e-07,1.0,1.0
79,4,2750,0.49334890347786264,0.39842658489143956,5.684273673978169e-07,1.0,1.0
79,4,2800,0.5012797680148904,0.3914724658884158,5.632692818835494e-07,1.0,1.0
79,4,2850,0.5078951747446963,0.38547594251505696,5.580020570050692e-07,1.0,1.0
79,4,2900,0.5160596995769141,0.38031217795875505,5.52543724552379e-07,1.0,1.0
79,4,2950,0.5189029443894507,0.3756543569464117,5.499510393747187e-07,1.0,1.0
79,4,3000,0.511580810632935,0.37120565570410924,5.432100351754343e-07,1.0,1.0
79,4,3050,0.5038412767499328,0.36673228526598556,5.397712925514497e-07,1.0,1.0
79,4,3100,0.5133279083271187,0.3618013690604497,5.362779802453588e-07,1.0,1.0
79,4,3150,0.5208735623509472,0.35600647770644006,5.328392944647931e-07,1.0,1.0
79,4,3200,0.5257763792301916,0.3493095711673559,5.280632535686891e-07,1.0,1.0
79,4,3250,0.5289814857747245,0.3419684275418952,5.230689339441597e-07,1.0,1.0
79,4,3300,0.5306758382136181,0.345479860437495,5.198758117330726e-07,1.0,1.0
79,4,3350,0.5313448186069012,0.35026027800029585,5.167099743630388e-07,1.0,1.0
79,4,3400,0.5315297597354777,0.35453802578981786,5.136806180416897e-07,1.0,1.0
79,4,3450,0.5315433048797478,0.35788425611512553,5.10214590576652e-07,1.0,1.0
79,4,3500,0.5315978749414095,0.3627416992416518,5.059571321908152e-07,1.0,1.0
79,4,3550,0.5318176386949998,0.36948953864437545,5.015631927562936e-07,1.0,1.0
79,4,3600,0.532222739423396,0.37587235486611104,4.990797037862649e-07,1.0,1.0
79,4,3650,0.5326498195735463,0.3820434915835508,4.960503474649158e-07,1.0,1.0
79,4,3700,0.5330799102199475,0.3881167049476052,4.943036628901609e-07,1.0,1.0
79,4,3750,0.5335252276243353,0.3941294752028094,4.910559709969675e-07,1.0,1.0
79,4,3800,0.5338994674904374,0.40018976290321884,4.870441330240283e-07,1.0,1.0
79,4,3850,0.5340538012359083,0.40635337943015065,4.844241630053148e-07,1.0,1.0
79,4,3900,0.5338197764413919,0.41268456473501675,4.798664576810552e-07,1.0,1.0
79,4,3950,0.5333397030439907,0.41957909077489297,4.791568812834157e-07,1.0,1.0
79,4,4000,0.5327594582692005,0.42731418182773284,4.7500856226179167e-07,1.0,1.0
79,4,4050,0.532385943568498,0.4368202340578071,4.742989858641522e-07,1.0,1.0
79,4,4100,0.5321572335768255,0.44875245747048337,4.705873379862169e-07,1.0,1.0
79,4,4150,0.5319560920035329,0.4568641542468627,4.679673679675034e-07,1.0,1.0
79,4,4200,0.5356029670832382,0.46122848971575003,4.645013405024656e-07,1.0,1.0
79,4,4250,0.5395001964610653,0.4653118921916755,4.6155386712598556e-07,1.0,1.0
79,4,4300,0.5435933320693604,0.46952377414748603,4.598072109729401e-07,1.0,1.0
79,4,4350,0.5476293045782218,0.4736516010597711,4.5947970761517354e-07,1.0,1.0
79,4,4400,0.551436121387695,0.47742934312726387,4.5571349005513184e-07,1.0,1.0
79,4,4450,0.5549331549489525,0.48072869865462514,4.5344827981352864e-07,1.0,1.0
79,4,4500,0.5577563894484179,0.48351373126629765,4.5134683546166343e-07,1.0,1.0
79,4,4550,0.559944734484145,0.48585705965874587,4.476897856875439e-07,1.0,1.0
79,4,4600,0.5612874255279463,0.48774953591051723,4.489452010147943e-07,1.0,1.0
79,4,4650,0.5619775720150947,0.4893498336350932,4.447696255738265e-07,1.0,1.0
79,4,4700,0.5622885212505833,0.49068987236558886,4.4269546606301446e-07,1.0,1.0
79,4,4750,0.5621914198333926,0.4918436566652136,4.401573505674605e-07,1.0,1.0
79,4,4800,0.5618053709705362,0.4928401080028711,4.376465199129598e-07,1.0,1.0
79,4,4850,0.5610701413464655,0.49368309374434155,4.354086229341192e-07,1.0,1.0
79,4,4900,0.5601828322248313,0.4944018258953707,4.337165648848895e-07,1.0,1.0
79,4,4950,0.5593373599760615,0.49503113398681065,4.314513546432863e-07,1.0,1.0
79,4,5000,0.5585998270985361,0.4955697614878853,4.2967741364918766e-07,1.0,1.0
79,4,5050,0.5577346401365864,0.4960405611427032,4.2910428987852356e-07,1.0,1.0
79,4,5100,0.556698595438778,0.4964316877551247,4.2708472847152734e-07,1.0,1.0
79,4,5150,0.5556490043627085,0.4967559933936798,4.2490140117479314e-07,1.0,1.0
79,4,5200,0.5543779756204139,0.49701252748894803,4.219812126393663e-07,1.0,1.0
79,4,5250,0.5527214963657391,0.4971997764351044,4.196887175567099e-07,1.0,1.0
79,4,5300,0.5509117015831643,0.4973187019379983,4.178601784587954e-07,1.0,1.0
79,4,5350,0.5521312980815204,0.49737749035440865,4.164956237673323e-07,1.0,1.0
79,4,5400,0.5547687145973352,0.4973713532303427,4.149673031861312e-07,1.0,1.0
79,4,5450,0.5573650590092984,0.4973030723564823,4.115558454031998e-07,1.0,1.0
79,4,5500,0.56013707366786,0.49716962385363606,4.1229273506360187e-07,1.0,1.0
79,4,5550,0.562911127052897,0.4969783210948802,4.098365025129169e-07,1.0,1.0
79,4,5600,0.565698077785372,0.4967364213434996,4.078715107880271e-07,1.0,1.0
79,4,5650,0.5685049961121486,0.49643181772996137,4.0639775988893234e-07,1.0,1.0
79,4,5700,0.57123477310867,0.49606891646878254,4.050604900385224e-07,1.0,1.0
79,4,5750,0.5740879363822532,0.4956587056321423,4.0263154232889065e-07,1.0,1.0
79,4,5800,0.5768770285156549,0.4951945087724165,4.011305065887427e-07,1.0,1.0
79,4,5850,0.5796224119625152,0.4946925270810306,3.984286536251602e-07,1.0,1.0
79,4,5900,0.5820809310571087,0.49416179278072747,3.9706407051198767e-07,1.0,1.0
79,4,5950,0.5844426244942827,0.493613438863737,3.961907282246102e-07,1.0,1.0
79,4,6000,0.5865096599280124,0.4930637163727416,3.951536484692042e-07,1.0,1.0
79,4,6050,0.5884005082771243,0.4925165469553242,3.9327053968918335e-07,1.0,1.0
79,4,6100,0.5900151947676358,0.4919605125964279,3.931886851660238e-07,1.0,1.0
79,4,6150,0.5914283533221909,0.49141721045433995,3.8942243918427266e-07,1.0,1.0
79,4,6200,0.5926986672867559,0.49089426239299216,3.8953160697019484e-07,1.0,1.0
79,4,6250,0.5937457097616884,0.49039524723012573,3.8685703884766554e-07,1.0,1.0
79,4,6300,0.5945517900586137,0.48992053332457186,3.8453725892395596e-07,1.0,1.0
79,4,6350,0.595183720437711,0.48947273308501305,3.832545587556524e-07,1.0,1.0
79,4,6400,0.5957285791081823,0.48905559937609966,3.8134416513457836e-07,1.0,1.0
79,4,6450,0.5961558404857595,0.4886652697344541,3.8131688029352517e-07,1.0,1.0
79,4,6500,0.5963639606711053,0.4882965288013794,3.7913355299679097e-07,1.0,1.0
79,4,6550,0.5965015148805161,0.48796630312255374,3.788333344800776e-07,1.0,1.0
79,4,6600,0.596383512342526,0.4876551496443943,3.7645898487426166e-07,1.0,1.0
79,4,6650,0.5958275182742137,0.4873690606646767,3.760495985716261e-07,1.0,1.0
79,4,6700,0.5948771228525357,0.48710863070951776,3.741119201094989e-07,1.0,1.0
79,4,6750,0.5928874231293295,0.4868644277168058,3.7113713347025623e-07,1.0,1.0
79,4,6800,0.5891536971553684,0.48664776354304984,3.713554690421006e-07,1.0,1.0
79,4,6850,0.5830825981543155,0.4864468956523717,3.7105525052538724e-07,1.0,1.0
79,4,6900,0.5756991020678431,0.48626770864891705,3.6944507542102656e-07,1.0,1.0
79,4,6950,0.5803677318195352,0.48609984678925133,3.6709798223455437e-07,1.0,1.0
79,4,7000,0.5893484904177708,0.48594738815220445,3.681350619899604e-07,1.0,1.0
79,4,7050,0.5994065275209673,0.4858067060194251,3.6450529705689405e-07,1.0,1.0
79,4,7100,0.6114896444010538,0.48567258257615464,3.6395945812728314e-07,1.0,1.0
79,4,7150,0.6260665477336514,0.48554335653755754,3.6131220326751645e-07,1.0,1.0
79,4,7200,0.6435920845454888,0.48540842036348536,3.608209340200119e-07,1.0,1.0
79,4,7250,0.6644100474610823,0.4852776714270529,3.5910159112972906e-07,1.0,1.0
79,4,7300,0.6887606670401363,0.48515555030189295,3.582282488423516e-07,1.0,1.0
79,4,7350,0.7159848227003988,0.48504769233473644,3.5637242490338394e-07,1.0,1.0
79,4,7400,0.74599045445664,0.484958475562319,3.571365994048392e-07,1.0,1.0
79,4,7450,0.78092419476692,0.4848762949217911,3.5489870242599864e-07,1.0,1.0
79,4,7500,0.8253847079293168,0.4847989657063987,3.5367057193980145e-07,1.0,1.0
79,4,7550,0.8755297678655602,0.4847232945507201,3.5364328709874826e-07,1.0,1.0
79,4,7600,0.9059431000437073,0.48465023315579037,3.5165101053280523e-07,1.0,1.0
79,4,7650,0.9231830051533003,0.48458405030450136,3.499862089029193e-07,1.0,1.0
79,4,7700,0.9366576353509447,0.4845206080182834,3.49467683236071e-07,1.0,1.0
79,4,7750,0.947502354402303,0.48446457696117734,3.4813038496395166e-07,1.0,1.0
79,4,7800,0.9559532247078363,0.48441268695486744,3.467112321686727e-07,1.0,1.0
79,4,7850,0.9626757279149536,0.4843699744026856,3.448827214924677e-07,1.0,1.0
79,4,7900,0.9679868658338214,0.4843323643004943,3.4499188927838986e-07,1.0,1.0
79,4,7950,0.9722778303265159,0.48429796735903546,3.430814672356064e-07,1.0,1.0
79,4,8000,0.9758082948553272,0.48425795376125336,3.4332708764850395e-07,1.0,1.0
79,4,8050,0.978702406507416,0.48421848377250354,3.4168959928138065e-07,1.0,1.0
79,4,8100,0.9811315810411114,0.48417651315167537,3.392060818896425e-07,1.0,1.0
79,4,8150,0.9831616703999899,0.4841368475968488,3.3997022796938836e-07,1.0,1.0
79,4,8200,0.9849011885530665,0.48409241561497424,3.388240088497696e-07,1.0,1.0
79,4,8250,0.9863818542766385,0.484043695497837,3.383600528650277e-07,1.0,1.0
79,4,8300,0.9876435650924654,0.483995669511047,3.377323309905478e-07,1.0,1.0
79,4,8350,0.9887238090019609,0.48395035225498395,3.35303383280916e-07,1.0,1.0
79,4,8400,0.9896501629607969,0.48390567217454833,3.354125510668382e-07,1.0,1.0
79,4,8450,0.9904702711750744,0.48386415590597825,3.32274026959567e-07,1.0,1.0
79,4,8500,0.9912128723815643,0.4838303508709732,3.32355909904436e-07,1.0,1.0
79,4,8550,0.9918659766035919,0.48380614722542614,3.316463335067965e-07,1.0,1.0
79,4,8600,0.9924489645793971,0.48378158733496296,3.300361299807264e-07,1.0,1.0
79,4,8650,0.9929630863617155,0.48419407542288884,3.2929926874203375e-07,1.0,1.0
79,4,8700,0.9934324821970889,0.4846424893425544,3.2820759088281193e-07,1.0,1.0
79,4,8750,0.9938458757705053,0.4850904779445953,3.26870321032402e-07,1.0,1.0
79,4,8800,0.9942211437283285,0.48552973421986434,3.2809842309688975e-07,1.0,1.0
79,4,8850,0.9945634170461379,0.4859508545908386,3.256149057051516e-07,1.0,1.0
79,4,8900,0.9948759741799316,0.4863620857677069,3.2395013249697513e-07,1.0,1.0
79,4,8950,0.995167666790343,0.486777356097919,3.262699124206847e-07,1.0,1.0
79,4,9000,0.9954322282071879,0.4872026765812601,3.2384096471105295e-07,1.0,1.0
79,4,9050,0.9956804188947209,0.487627439320296,3.2266743232867157e-07,1.0,1.0
79,4,9100,0.9959141111488538,0.48804204089952746,3.2067515576272854e-07,1.0,1.0
79,4,9150,0.9961314370320273,0.4884501434436113,3.192832878085028e-07,1.0,1.0
79,4,9200,0.996333586437696,0.4888585508529977,3.196380760073225e-07,1.0,1.0
79,4,9250,0.9965269289289364,0.48927141037170174,3.191468351815274e-07,1.0,1.0
79,4,9300,0.9967035717105458,0.4896778048281143,3.1849182846599433e-07,1.0,1.0
79,4,9350,0.9968677434065628,0.49007781283858187,3.169089097809774e-07,1.0,1.0
79,4,9400,0.9970208028951365,0.49047583272056405,3.159264281293872e-07,1.0,1.0
79,4,9450,0.997160826776488,0.49087109886947927,3.1551704182675167e-07,1.0,1.0
79,4,9500,0.9972912560913071,0.49128294080750085,3.149712313188502e-07,1.0,1.0
79,4,9550,0.9974090255726661,0.49168536413744773,3.149985161599034e-07,1.0,1.0
79,4,9600,0.997516908002888,0.4920960693991437,3.138522686185752e-07,1.0,1.0
79,4,9650,0.9976154641097185,0.49251168411064805,3.131699770619889e-07,1.0,1.0
79,4,9700,0.9977065980622046,0.4929519296814582,3.130880941171199e-07,1.0,1.0
79,4,9750,0.99779552031982,0.493402003928906,3.1030438663037785e-07,1.0,1.0
79,4,9800,0.9978782558833262,0.4938442512710743,3.104681240984064e-07,1.0,1.0
79,4,9850,0.9979526183144496,0.4942876548991002,3.109320800831483e-07,1.0,1.0
79,4,9900,0.9980206827857934,0.4947537115182644,3.0812105933364364e-07,1.0,1.0
79,4,9950,0.9980839790476764,0.49523778702660437,3.0629252023572917e-07,1.0,1.0
79,4,10000,0.9981429065731848,0.4957173467343437,3.0820294227851264e-07,1.0,1.0
79,5,0,0.32349838446546,0.24213237748403327,4.36946964263916,0.011904762126505375,0.013347570784389973
79,5,50,0.23590235873080254,0.2816219510264036,1.704534888267517,0.9608516693115234,0.0
79,5,100,0.25035321493543417,0.24497232691312545,0.02099434658885002,1.0,0.0
79,5,150,0.26901538893998805,0.23365516484941987,0.00997880194336176,1.0,0.0021356113720685244
79,5,200,0.28324738715249587,0.23056153310537872,0.005673700012266636,1.0,0.008542445488274097
79,5,250,0.2900004339910982,0.23062997027703813,0.003039382630959153,1.0,0.024025628343224525
79,5,300,0.2847812154708385,0.22573237035060817,0.0016508448170498013,1.0,0.07901762425899506
79,5,350,0.31347058251918397,0.22888302956173315,0.0009128473466262221,1.0,0.16764549911022186
79,5,400,0.33921664028184945,0.2932067364149028,0.0005089372280053794,1.0,0.29951950907707214
79,5,450,0.3676374553179275,0.34151031497744966,0.0002868059673346579,1.0,0.45755472779273987
79,5,500,0.3942085505756874,0.37886302936553035,0.00016369184595532715,1.0,0.6113187670707703
79,5,550,0.42640014709411944,0.42476230963422745,9.4438815722242e-05,1.0,0.7421249747276306
79,5,600,0.47807201691332996,0.44562098115522936,5.5114949645940214e-05,1.0,0.8478376865386963
79,5,650,0.5044124223050792,0.45978139665500334,3.261621168348938e-05,1.0,0.9247197508811951
79,5,700,0.5239402198262132,0.4352630272536919,1.9684441213030368e-05,1.0,0.9551522135734558
79,5,750,0.5340507520101556,0.4398564189793815,1.2169909496151377e-05,1.0,0.9759743809700012
79,5,800,0.5407176181854122,0.43045547807879464,7.752477358735632e-06,1.0,0.988254189491272
79,5,850,0.5404305573352203,0.4334135361533109,5.109204266773304e-06,1.0,0.9935932159423828
79,5,900,0.5334823031976959,0.44825704116475934,3.493144731692155e-06,1.0,0.9973304867744446
79,5,950,0.5246009012747889,0.4716818362223563,2.4861735710146604e-06,1.0,0.9978644251823425
79,5,1000,0.5397964983149071,0.48635622084785635,1.838219077399117e-06,1.0,0.9994661211967468
79,5,1050,0.5570032361383036,0.4901401368349392,1.4222965774024487e-06,1.0,1.0
79,5,1100,0.5731807556619481,0.4926382224554811,1.1620174973359099e-06,1.0,1.0
79,5,1150,0.5887516885407813,0.4940033338674891,9.910362450682442e-07,1.0,1.0
79,5,1200,0.603694867632119,0.4946896504997974,8.822250947559951e-07,1.0,1.0
79,5,1250,0.6173373046860864,0.4952083099299283,8.171894592123863e-07,1.0,1.0
79,5,1300,0.6305762161943549,0.4955458894708632,7.800456955919799e-07,1.0,1.0
79,5,1350,0.6427323782165152,0.49554401618995625,7.59058536914381e-07,1.0,1.0
79,5,1400,0.6536345324819881,0.4949925832241242,7.487969355679525e-07,1.0,1.0
79,5,1450,0.6633088894412028,0.4941450931944425,7.397907211270649e-07,1.0,1.0
79,5,1500,0.6740444180887714,0.49285156731063356,7.331861979764653e-07,1.0,1.0
79,5,1550,0.6911501362203588,0.4917019296966167,7.27564156477456e-07,1.0,1.0
79,5,1600,0.7224376457221271,0.49034163779824314,7.200317213573726e-07,1.0,1.0
79,5,1650,0.7785200353177677,0.48894239948065443,7.140821480788873e-07,1.0,1.0
79,5,1700,0.8704930836422304,0.4876814494976286,7.080234354361892e-07,1.0,1.0
79,5,1750,0.9575001970064364,0.4869178137269247,7.000270443313639e-07,1.0,1.0
79,5,1800,0.9803576074763022,0.48628572472241005,6.939683316886658e-07,1.0,1.0
79,5,1850,0.9888334096529242,0.4861072990512754,6.850439717709378e-07,1.0,1.0
79,5,1900,0.9923573742512813,0.4866950380937057,6.78248397889547e-07,1.0,1.0
79,5,1950,0.9940903010624403,0.48736989928376495,6.709070135002548e-07,1.0,1.0
79,5,2000,0.9950617917947395,0.48803693007869003,6.631561859649082e-07,1.0,1.0
79,5,2050,0.9956887476012809,0.489034392479565,6.555418963216653e-07,1.0,1.0
79,5,2100,0.9961341826581541,0.4905140989989052,6.485825565505365e-07,1.0,1.0
79,5,2150,0.9964662872903578,0.492402620492606,6.410227797459811e-07,1.0,1.0
79,5,2200,0.9967270956712682,0.49452278468853733,6.350732633109146e-07,1.0,1.0
79,5,2250,0.9969423312213874,0.49693422836632417,6.282503477450518e-07,1.0,1.0
79,5,2300,0.9971275093496649,0.500457987867286,6.218095904841903e-07,1.0,1.0
79,5,2350,0.9972887134791314,0.5050128571105845,6.146864848233236e-07,1.0,1.0
79,5,2400,0.9974346048350909,0.51186686037238,6.073996701161377e-07,1.0,1.0
79,5,2450,0.9975667865280884,0.5254529659273658,6.01395527155546e-07,1.0,1.0
79,5,2500,0.9976854225189378,0.5636984856927275,5.944361873844173e-07,1.0,1.0
79,5,2550,0.99779751593609,0.6959840125804145,5.907791091885883e-07,1.0,1.0
79,5,2600,0.997905220447986,0.9563685809912249,5.837106300532469e-07,1.0,1.0
79,5,2650,0.998008173618124,0.9743329081765881,5.789073043160897e-07,1.0,1.0
79,5,2700,0.9981041653689197,0.9779970162557525,5.72439262214175e-07,1.0,1.0
79,5,2750,0.9981929369217476,0.9796948757906158,5.681544621438661e-07,1.0,1.0
79,5,2800,0.9982750862023705,0.9808273196068809,5.625051358038036e-07,1.0,1.0
79,5,2850,0.9983526444819816,0.9817125354351875,5.572651389229577e-07,1.0,1.0
79,5,2900,0.9984250234297882,0.9824652215910666,5.52407300347113e-07,1.0,1.0
79,5,2950,0.9984916855647142,0.9831292901542827,5.482862661665422e-07,1.0,1.0
79,5,3000,0.998554752638874,0.9837271213050848,5.441652319859713e-07,1.0,1.0
79,5,3050,0.9986122772300394,0.9842680864612117,5.402079636951385e-07,1.0,1.0
79,5,3100,0.9986654456723216,0.9847625240710289,5.361142711990396e-07,1.0,1.0
79,5,3150,0.9987136056402866,0.9852201020360635,5.321570029082068e-07,1.0,1.0
79,5,3200,0.9987577669830948,0.9856407740794202,5.279541142044764e-07,1.0,1.0
79,5,3250,0.9987977366213767,0.986033282809349,5.247882768344425e-07,1.0,1.0
79,5,3300,0.9988346080066656,0.9864008706039237,5.210766289565072e-07,1.0,1.0
79,5,3350,0.9988685973397204,0.9867498971973174,5.177743673812074e-07,1.0,1.0
79,5,3400,0.9988993637821906,0.9870825904187251,5.144174792803824e-07,1.0,1.0
79,5,3450,0.9989275600266777,0.9873974154234936,5.098052611174353e-07,1.0,1.0
79,5,3500,0.9989539687561093,0.9876957013825663,5.064483730166103e-07,1.0,1.0
79,5,3550,0.9989796313195682,0.9879816210258635,5.030642569181509e-07,1.0,1.0
79,5,3600,0.9990046593360918,0.9882540426050213,4.999802740712767e-07,1.0,1.0
79,5,3650,0.9990288829051913,0.9885102606714466,4.971146836396656e-07,1.0,1.0
79,5,3700,0.9990518460646083,0.9887544248231274,4.935395168104151e-07,1.0,1.0
79,5,3750,0.9990751242093392,0.9889875840832381,4.905920150122256e-07,1.0,1.0
79,5,3800,0.9990979246662107,0.9892105640563174,4.889545266451023e-07,1.0,1.0
79,5,3850,0.9991205727003273,0.9894243868891558,4.85406644656905e-07,1.0,1.0
79,5,3900,0.9991428413496821,0.9896296276031621,4.825683390663471e-07,1.0,1.0
79,5,3950,0.9991640158390707,0.9898256321944361,4.806578886018542e-07,1.0,1.0
79,5,4000,0.9991843912851129,0.9900164291933545,4.772737725033949e-07,1.0,1.0
79,5,4050,0.9992036015434778,0.9902003722627363,4.7462648922191875e-07,1.0,1.0
79,5,4100,0.9992216550306613,0.9903777933447904,4.7238859224307816e-07,1.0,1.0
79,5,4150,0.9992391933554489,0.990550806531865,4.696048563346267e-07,1.0,1.0
79,5,4200,0.9992567954379238,0.9907177481101471,4.66875718529991e-07,1.0,1.0
79,5,4250,0.9992743139338833,0.990879641080457,4.646651063922036e-07,1.0,1.0
79,5,4300,0.9992916165724656,0.9910367768598596,4.630276180250803e-07,1.0,1.0
79,5,4350,0.9993084359810882,0.9911881225044263,4.586882482726651e-07,1.0,1.0
79,5,4400,0.9993245462167447,0.9913351592582483,4.571053580093576e-07,1.0,1.0
79,5,4450,0.9993405812660863,0.9914777545883036,4.574601462081773e-07,1.0,1.0
79,5,4500,0.9993562218391184,0.9916153615741716,4.5333911202760646e-07,1.0,1.0
79,5,4550,0.9993706859372273,0.9917484485935807,4.506099742229708e-07,1.0,1.0
79,5,4600,0.9993844262665217,0.9918784631138302,4.483720772441302e-07,1.0,1.0
79,5,4650,0.9993972809722902,0.9920051967391761,4.4711669033858925e-07,1.0,1.0
79,5,4700,0.9994092717889899,0.992129429212854,4.4430566958908457e-07,1.0,1.0
79,5,4750,0.999420681739272,0.9922511747260876,4.424771304911701e-07,1.0,1.0
79,5,4800,0.9994315794300188,0.9923688116299513,4.401573505674605e-07,1.0,1.0
79,5,4850,0.9994418355137192,0.9924820507740161,4.3841069441441505e-07,1.0,1.0
79,5,4900,0.9994512576174821,0.9925929748656876,4.365821553165006e-07,1.0,1.0
79,5,4950,0.9994602490362843,0.9927013862215692,4.3396218529778707e-07,1.0,1.0
79,5,5000,0.9994691955469909,0.9928079604041531,4.3292510554238106e-07,1.0,1.0
79,5,5050,0.9994781826417202,0.9929122430096866,4.3035970520577393e-07,1.0,1.0
79,5,5100,0.9994864590511294,0.9930143223108555,4.2817637790903973e-07,1.0,1.0
79,5,5150,0.9994941817513185,0.9931140456873041,4.262932691290189e-07,1.0,1.0
79,5,5200,0.9995017647020448,0.9932122988042406,4.2481951822992414e-07,1.0,1.0
79,5,5250,0.9995094312375317,0.9933093511259596,4.2370058395135857e-07,1.0,1.0
79,5,5300,0.9995169602584276,0.9934052289913574,4.2258162125108356e-07,1.0,1.0
79,5,5350,0.9995243779383838,0.9934996451581553,4.197160023977631e-07,1.0,1.0
79,5,5400,0.9995318728009863,0.9935922324965736,4.1769644099076686e-07,1.0,1.0
79,5,5450,0.9995391715549863,0.9936828862950897,4.1507647097205336e-07,1.0,1.0
79,5,5500,0.9995463022361388,0.9937701337212306,4.1281126073045016e-07,1.0,1.0
79,5,5550,0.9995531438890862,0.9938549473879241,4.124837573726836e-07,1.0,1.0
79,5,5600,0.9995599397234313,0.993937561962883,4.1079169932345394e-07,1.0,1.0
79,5,5650,0.999566797199292,0.9940180742196474,4.109281519504293e-07,1.0,1.0
79,5,5700,0.9995735321523779,0.9940973682109743,4.077896278431581e-07,1.0,1.0
79,5,5750,0.999580254468188,0.9941753103883743,4.0743483964433835e-07,1.0,1.0
79,5,5800,0.9995867396281337,0.9942514722697856,4.066160954607767e-07,1.0,1.0
79,5,5850,0.9995930752093196,0.99432578188703,4.0295901726494776e-07,1.0,1.0
79,5,5900,0.999599008194798,0.9943982544857085,4.012942440567713e-07,1.0,1.0
79,5,5950,0.9996046038065997,0.9944688903870698,4.006392657629476e-07,1.0,1.0
79,5,6000,0.9996099575066354,0.9945383913455204,3.9728240608383203e-07,1.0,1.0
79,5,6050,0.9996151834941738,0.9946063415819592,3.970367856709345e-07,1.0,1.0
79,5,6100,0.9996200381535154,0.9946735214919685,3.9493534131906927e-07,1.0,1.0
79,5,6150,0.9996244009221538,0.9947404701516593,3.936799259918189e-07,1.0,1.0
79,5,6200,0.9996284590411748,0.9948066062592613,3.9054140188454767e-07,1.0,1.0
79,5,6250,0.999632257198734,0.9948714581151085,3.897772273830924e-07,1.0,1.0
79,5,6300,0.9996358638618674,0.9949355579982444,3.893951543432195e-07,1.0,1.0
79,5,6350,0.9996391699541536,0.9949988261814764,3.8835807458781346e-07,1.0,1.0
79,5,6400,0.9996423564663538,0.9950608842562951,3.8786683376201836e-07,1.0,1.0
79,5,6450,0.9996456757178063,0.9951221667261928,3.8614746245002607e-07,1.0,1.0
79,5,6500,0.9996490501149047,0.9951829195037166,3.8573810456909996e-07,1.0,1.0
79,5,6550,0.9996525270604981,0.995242728153526,3.8350017916854995e-07,1.0,1.0
79,5,6600,0.9996558200477048,0.9953014977503363,3.8202645669116464e-07,1.0,1.0
79,5,6650,0.9996591938196469,0.9953592963311431,3.8088020914983645e-07,1.0,1.0
79,5,6700,0.9996624639998083,0.9954167381342214,3.7858771406718006e-07,1.0,1.0
79,5,6750,0.9996657621547138,0.9954731797684725,3.7763251725664304e-07,1.0,1.0
79,5,6800,0.9996689283508999,0.9955285668184706,3.7656815266018384e-07,1.0,1.0
79,5,6850,0.9996720107696209,0.9955828812943157,3.7629521898452367e-07,1.0,1.0
79,5,6900,0.999675233865486,0.9956359858396164,3.7424837273647427e-07,1.0,1.0
79,5,6950,0.999678675295836,0.9956882960703043,3.718739947089489e-07,1.0,1.0
79,5,7000,0.9996821805634173,0.9957395799510991,3.7206504543974006e-07,1.0,1.0
79,5,7050,0.9996856037114161,0.9957897516961335,3.714373519869696e-07,1.0,1.0
79,5,7100,0.9996887192421963,0.9958389927117004,3.6726174812429235e-07,1.0,1.0
79,5,7150,0.9996917199713696,0.995887330701282,3.673982007512677e-07,1.0,1.0
79,5,7200,0.9996947830914482,0.9959346180402227,3.665794565677061e-07,1.0,1.0
79,5,7250,0.9996979031993706,0.9959813817303717,3.653240412404557e-07,1.0,1.0
79,5,7300,0.9997010597647945,0.9960274833209772,3.6466906294663204e-07,1.0,1.0
79,5,7350,0.9997041650053072,0.9960724877932771,3.6395945812728314e-07,1.0,1.0
79,5,7400,0.9997071673595596,0.996116905597329,3.6248573564989783e-07,1.0,1.0
79,5,7450,0.9997100694885851,0.9961603730300511,3.61475940735545e-07,1.0,1.0
79,5,7500,0.9997128005354409,0.9962034652544716,3.587740877719625e-07,1.0,1.0
79,5,7550,0.9997155001363489,0.996245935499703,3.575459572857653e-07,1.0,1.0
79,5,7600,0.9997181623455788,0.9962879422771337,3.583101317872206e-07,1.0,1.0
79,5,7650,0.9997207657099182,0.9963296262761511,3.5579930113271985e-07,1.0,1.0
79,5,7700,0.9997233262672109,0.9963705419492399,3.55990351863511e-07,1.0,1.0
79,5,7750,0.9997259432479291,0.9964106401172387,3.533976666858507e-07,1.0,1.0
79,5,7800,0.9997282990606429,0.9964501924205735,3.5315204627295316e-07,1.0,1.0
79,5,7850,0.9997304459488053,0.9964890794295522,3.516782953738584e-07,1.0,1.0
79,5,7900,0.9997323071908805,0.9965276156744312,3.5088683603134996e-07,1.0,1.0
79,5,7950,0.999733868057665,0.996565632513348,3.490856101961981e-07,1.0,1.0
79,5,8000,0.9997352841640549,0.9966029033562978,3.475026915111812e-07,1.0,1.0
79,5,8050,0.9997366669798913,0.9966397292694528,3.4673854543143534e-07,1.0,1.0
79,5,8100,0.9997378481354562,0.9966762116377673,3.4608353871590225e-07,1.0,1.0
79,5,8150,0.9997388686198166,0.9967124164159996,3.4512834190536523e-07,1.0,1.0
79,5,8200,0.9997398514572714,0.9967481283652029,3.452101964285248e-07,1.0,1.0
79,5,8250,0.9997408336188872,0.9967829352306531,3.4379104363324586e-07,1.0,1.0
79,5,8300,0.9997417617827938,0.9968170448205069,3.4395480952298385e-07,1.0,1.0
79,5,8350,0.9997426809208493,0.9968507217048087,3.415258618133521e-07,1.0,1.0
79,5,8400,0.9997433826750021,0.9968839766958605,3.3994294312833517e-07,1.0,1.0
79,5,8450,0.9997439836029172,0.9969168463726485,3.409254532016348e-07,1.0,1.0
79,5,8500,0.9997445646331214,0.9969494148894382,3.3803254950726114e-07,1.0,1.0
79,5,8550,0.9997450938361948,0.9969815475175209,3.380871191893675e-07,1.0,1.0
79,5,8600,0.9997456322537563,0.9970132527687392,3.3696818491080194e-07,1.0,1.0
79,5,8650,0.9997461207398928,0.9970445217079431,3.366406815530354e-07,1.0,1.0
79,5,8700,0.9997466432348576,0.9970753891594704,3.354398359078914e-07,1.0,1.0
79,5,8750,0.9997471783904814,0.9971055707660159,3.354398359078914e-07,1.0,1.0
79,5,8800,0.9997477716203391,0.9971352696587419,3.338842304856371e-07,1.0,1.0
79,5,8850,0.9997484579650157,0.9971644009957982,3.328198658891779e-07,1.0,1.0
79,5,8900,0.9997492344054395,0.9971930463608687,3.3140071309389896e-07,1.0,1.0
79,5,8950,0.9997500891080097,0.9972209979597871,3.2973591146401304e-07,1.0,1.0
79,5,9000,0.9997508978209264,0.997248015690123,3.3142799793495215e-07,1.0,1.0
79,5,9050,0.9997517066551348,0.997274418479,3.2875342981242284e-07,1.0,1.0
79,5,9100,0.999752430749856,0.9973004218986244,3.267611532464798e-07,1.0,1.0
79,5,9150,0.9997531397642996,0.9973260361392279,3.266519854605576e-07,1.0,1.0
79,5,9200,0.9997537155359884,0.9973512755293577,3.268976058734552e-07,1.0,1.0
79,5,9250,0.9997541672032334,0.9973761356402205,3.2556033602304524e-07,1.0,1.0
79,5,9300,0.9997545398647666,0.9974005382937126,3.2545116823712306e-07,1.0,1.0
79,5,9350,0.9997548102500788,0.9974245257738108,3.2381367986999976e-07,1.0,1.0
79,5,9400,0.9997550314654244,0.9974480616558624,3.2384096471105295e-07,1.0,1.0
79,5,9450,0.9997552198125274,0.9974713024973124,3.2173952035918774e-07,1.0,1.0
79,5,9500,0.9997554004418764,0.9974942668223027,3.19228689704687e-07,1.0,1.0
79,5,9550,0.9997556213433051,0.9975168995107248,3.2113911174747045e-07,1.0,1.0
79,5,9600,0.9997557752091574,0.9975391226047662,3.1879201856099826e-07,1.0,1.0
79,5,9650,0.9997558341323121,0.9975608548430324,3.181370402671746e-07,1.0,1.0
79,5,9700,0.9997558675806777,0.9975822220623056,3.176184861786169e-07,1.0,1.0
79,5,9750,0.9997557848271829,0.9976033435112859,3.1720912829769077e-07,1.0,1.0
79,5,9800,0.9997557387521666,0.9976243883051776,3.160083110742562e-07,1.0,1.0
79,5,9850,0.9997557241441251,0.9976452481785117,3.1461644312003045e-07,1.0,1.0
79,5,9900,0.9997556786862984,0.9976659803583933,3.1510768394582556e-07,1.0,1.0
79,5,9950,0.9997556792253895,0.9976864476100137,3.1464372796108364e-07,1.0,1.0
79,5,10000,0.9997556875620472,0.997706563290428,3.141797719763417e-07,1.0,1.0
97,1,0,0.22184421642203345,0.22231273213714137,4.5748610496521,0.01002125721424818,0.010626992210745811
97,1,50,0.28004923598248027,0.24457266426575744,2.311001777648926,0.8478590846061707,0.0
97,1,100,0.282040069018905,0.2874397606464438,0.031407006084918976,1.0,0.002125398488715291
97,1,150,0.2865338161525237,0.32645996611326666,0.01146732084453106,1.0,0.008147360756993294
97,1,200,0.30058672727553665,0.3325066821875761,0.006531840190291405,1.0,0.024796316400170326
97,1,250,0.3098362994951445,0.34556339097836464,0.0034888482186943293,1.0,0.07616011053323746
97,1,300,0.3392977528939653,0.3573455795050707,0.0018760967068374157,1.0,0.1764080673456192
97,1,350,0.339050882611911,0.36941033384939154,0.0010266242315992713,1.0,0.3191640079021454
97,1,400,0.37137723925039523,0.38412275780385224,0.0005696438602171838,1.0,0.4845908582210541
97,1,450,0.38904441278517,0.3936907741418112,0.0003199555503670126,1.0,0.6517888903617859
97,1,500,0.3838874452679419,0.4016451795084022,0.00018196339078713208,1.0,0.7924193739891052
97,1,550,0.3894380796833422,0.41081517427495967,0.00010473121074028313,1.0,0.8947927355766296
97,1,600,0.4560134154233395,0.42399827529850515,6.121425394667313e-05,1.0,0.9489904046058655
97,1,650,0.45675646290216093,0.43763165214643385,3.634335735114291e-05,1.0,0.976620614528656
97,1,700,0.4560043872241074,0.37931871222485947,2.2016527509549633e-05,1.0,0.986893355846405
97,1,750,0.4731600039364828,0.38360194277186715,1.3671123269887175e-05,1.0,0.9961034059524536
97,1,800,0.4730510127249196,0.4127685964514847,8.74389115779195e-06,1.0,0.9978746175765991
97,1,850,0.4720648217337212,0.43594226925591817,5.795123342977604e-06,1.0,0.9992915391921997
97,1,900,0.47154914969134953,0.46334446889334546,3.989834112871904e-06,1.0,1.0
97,1,950,0.4689548311058365,0.49403730315048344,2.8594836294359993e-06,1.0,1.0
97,1,1000,0.4693846211706059,0.5267359009963899,2.1348344034777256e-06,1.0,1.0
97,1,1050,0.4721252607295735,0.5555185996867259,1.668911863816902e-06,1.0,1.0
97,1,1100,0.47410661022753375,0.5792678856722173,1.3687889577340684e-06,1.0,1.0
97,1,1150,0.4756768133979303,0.5971487656408532,1.1789519476224086e-06,1.0,1.0
97,1,1200,0.4770016031412616,0.6099039440997313,1.0596158972475678e-06,1.0,1.0
97,1,1250,0.4778777215554788,0.6197921428775687,9.876848707790487e-07,1.0,1.0
97,1,1300,0.4769985144048601,0.6288669766460687,9.477010962655186e-07,1.0,1.0
97,1,1350,0.4759114997130878,0.6382717052880513,9.235913580596389e-07,1.0,1.0
97,1,1400,0.4759593996864872,0.6569774152683281,9.085680403586593e-07,1.0,1.0
97,1,1450,0.48128538606472343,0.6705460390405739,8.980516668088967e-07,1.0,1.0
97,1,1500,0.49253833093865107,0.6786477264764995,8.891462925930682e-07,1.0,1.0
97,1,1550,0.5379232447244393,0.6862455542929189,8.807296012491861e-07,1.0,1.0
97,1,1600,0.7754352540938657,0.69329251579093,8.720775781512202e-07,1.0,1.0
97,1,1650,0.9371417659656884,0.6999020173379726,8.62484398567176e-07,1.0,1.0
97,1,1700,0.9615139841052038,0.7062523912754567,8.532350648238207e-07,1.0,1.0
97,1,1750,0.9714578905071217,0.7124517960168897,8.437866654276149e-07,1.0,1.0
97,1,1800,0.9772350987750624,0.7186964787323235,8.349355766767985e-07,1.0,1.0
97,1,1850,0.981094831231469,0.7249608293054967,8.243106321970117e-07,1.0,1.0
97,1,1900,0.9838816256602617,0.7311342756519714,8.149345944730157e-07,1.0,1.0
97,1,1950,0.9860092922562258,0.7375856204505811,8.047259711929655e-07,1.0,1.0
97,1,2000,0.9876791247527117,0.7443493952854225,7.963274128997e-07,1.0,1.0
97,1,2050,0.9889703029360105,0.7515576315526676,7.868428042456799e-07,1.0,1.0
97,1,2100,0.989973057131078,0.7591134517877136,7.769780836497375e-07,1.0,1.0
97,1,2150,0.9907634671978456,0.7673615711829078,7.680002340748615e-07,1.0,1.0
97,1,2200,0.9914136191117364,0.7766136281802335,7.583346359751886e-07,1.0,1.0
97,1,2250,0.991976412667938,0.7871932820158339,7.49773164443468e-07,1.0,1.0
97,1,2300,0.9924473870092709,0.7988790354218865,7.421890586556401e-07,1.0,1.0
97,1,2350,0.9928587735066762,0.8115970266926933,7.340801175814704e-07,1.0,1.0
97,1,2400,0.9932282560500462,0.8249032635126077,7.252471050378517e-07,1.0,1.0
97,1,2450,0.9935470948573933,0.8382560534769555,7.176992085078382e-07,1.0,1.0
97,1,2500,0.9938260455016341,0.8515314658221583,7.104228529897227e-07,1.0,1.0
97,1,2550,0.9940757845915678,0.8643379603661541,7.036171041363559e-07,1.0,1.0
97,1,2600,0.9942979686987304,0.8755399693510626,6.96594156579522e-07,1.0,1.0
97,1,2650,0.9944833493990494,0.8849009137547819,6.903132998559158e-07,1.0,1.0
97,1,2700,0.9946335285198028,0.8927047162165666,6.820957310083031e-07,1.0,1.0
97,1,2750,0.9947521706296315,0.8994962874944096,6.765569651179248e-07,1.0,1.0
97,1,2800,0.9948491890844364,0.9056859191948602,6.690453346891445e-07,1.0,1.0
97,1,2850,0.9949231864724016,0.911242604478026,6.630721713918319e-07,1.0,1.0
97,1,2900,0.9949737800724173,0.9162485319046331,6.57225768918579e-07,1.0,1.0
97,1,2950,0.9949956096725237,0.9207558470846616,6.51668926821003e-07,1.0,1.0
97,1,3000,0.994996232293382,0.9248198722906459,6.460940085162292e-07,1.0,1.0
97,1,3050,0.9949874461506328,0.9284499745745529,6.407182127077249e-07,1.0,1.0
97,1,3100,0.9949666205889628,0.931723000893514,6.351251613523345e-07,1.0,1.0
97,1,3150,0.9949342361545028,0.9346717386330423,6.290615033321956e-07,1.0,1.0
97,1,3200,0.994876214872668,0.9373165829954665,6.242830181690806e-07,1.0,1.0
97,1,3250,0.9947990993846658,0.9397765569499934,6.190882118062291e-07,1.0,1.0
97,1,3300,0.994712219588883,0.9420884299999138,6.137123591543059e-07,1.0,1.0
97,1,3350,0.9946193800437029,0.9441949018144163,6.090424449212151e-07,1.0,1.0
97,1,3400,0.9945096962681743,0.9461165768626991,6.043906637387408e-07,1.0,1.0
97,1,3450,0.9943888912965018,0.9478808015810968,5.998836627441051e-07,1.0,1.0
97,1,3500,0.9942624723144892,0.9495015179988486,5.961187525826972e-07,1.0,1.0
97,1,3550,0.994112605308236,0.9510022237081127,5.91068783251103e-07,1.0,1.0
97,1,3600,0.9939316365713164,0.9524187925222999,5.882813525204256e-07,1.0,1.0
97,1,3650,0.9937095022771335,0.9537263059364811,5.838467131979996e-07,1.0,1.0
97,1,3700,0.993454048039428,0.9549545785532574,5.784528411822976e-07,1.0,1.0
97,1,3750,0.993174183791496,0.9560796060587199,5.742354005633388e-07,1.0,1.0
97,1,3800,0.9928950918089011,0.957127670754445,5.713212658520206e-07,1.0,1.0
97,1,3850,0.9926099414669391,0.9581101911716308,5.670133305102354e-07,1.0,1.0
97,1,3900,0.9923099639529163,0.9590229871414669,5.638457878376357e-07,1.0,1.0
97,1,3950,0.9920004253426148,0.9598881552017908,5.604791226687666e-07,1.0,1.0
97,1,4000,0.9917016675640562,0.9606963692234662,5.570038297264546e-07,1.0,1.0
97,1,4050,0.9914205379455049,0.9614538256220593,5.541801897379628e-07,1.0,1.0
97,1,4100,0.9911394319483229,0.9621733281712738,5.494197807820456e-07,1.0,1.0
97,1,4150,0.9908560756719462,0.962857715533956,5.464150945044821e-07,1.0,1.0
97,1,4200,0.9905940985095391,0.9635200009691948,5.443335453492182e-07,1.0,1.0
97,1,4250,0.9903153743867118,0.9641620402562107,5.41310782864457e-07,1.0,1.0
97,1,4300,0.9900054602163814,0.9647859806351106,5.369485620576597e-07,1.0,1.0
97,1,4350,0.989699030336989,0.9653836036150192,5.340706366041559e-07,1.0,1.0
97,1,4400,0.9893953766378986,0.9659610736600344,5.314641384757124e-07,1.0,1.0
97,1,4450,0.9891056052019557,0.9665178180049131,5.281517587718554e-07,1.0,1.0
97,1,4500,0.9888181035713413,0.9670569329825486,5.255815267446451e-07,1.0,1.0
97,1,4550,0.9885269723762636,0.9675773747707047,5.231017894402612e-07,1.0,1.0
97,1,4600,0.9882259329118371,0.9680799466450425,5.205857860346441e-07,1.0,1.0
97,1,4650,0.9879432527921118,0.9685646957944649,5.181060487302602e-07,1.0,1.0
97,1,4700,0.987681258954333,0.969033823175301,5.153366942067805e-07,1.0,1.0
97,1,4750,0.9874303203347403,0.969489792898145,5.119881052451092e-07,1.0,1.0
97,1,4800,0.98718872641179,0.9699347191803311,5.094902348901087e-07,1.0,1.0
97,1,4850,0.98694252128766,0.9703650486379402,5.075897320239164e-07,1.0,1.0
97,1,4900,0.9866863499616744,0.9707844065253772,5.042954285272572e-07,1.0,1.0
97,1,4950,0.9864356694940983,0.9711917036042237,5.014175030737533e-07,1.0,1.0
97,1,5000,0.9861930170214293,0.9715907093997002,5.004219474358251e-07,1.0,1.0
97,1,5050,0.9859311012688275,0.9719817131702155,4.965665425515908e-07,1.0,1.0
97,1,5100,0.9856459707827359,0.9723591719802017,4.957701662533509e-07,1.0,1.0
97,1,5150,0.9853809993670866,0.9727283394745794,4.923853680338652e-07,1.0,1.0
97,1,5200,0.9851039614299875,0.9730909048995297,4.916613534078351e-07,1.0,1.0
97,1,5250,0.9848357480639466,0.9734443101240313,4.889462843493675e-07,1.0,1.0
97,1,5300,0.9845702582070522,0.9737872818853573,4.869914391747443e-07,1.0,1.0
97,1,5350,0.9843093596391385,0.9741201828592595,4.84873680761666e-07,1.0,1.0
97,1,5400,0.9840386742002339,0.9744459075533859,4.826111421607493e-07,1.0,1.0
97,1,5450,0.9838085662479377,0.9747646376319727,4.796426651410002e-07,1.0,1.0
97,1,5500,0.9836255486954087,0.9750758152905226,4.789548597727844e-07,1.0,1.0
97,1,5550,0.9835061541444535,0.9753777977998855,4.7636652311666694e-07,1.0,1.0
97,1,5600,0.9833998606346771,0.9756717544425627,4.7629410460103827e-07,1.0,1.0
97,1,5650,0.9832848296363996,0.9759598893374316,4.718052082353097e-07,1.0,1.0
97,1,5700,0.9831962699658071,0.976240903466353,4.6954266963439295e-07,1.0,1.0
97,1,5750,0.9831301353409695,0.9765141923455527,4.678955178860633e-07,1.0,1.0
97,1,5800,0.9830900661800184,0.9767803565881666,4.6646559326291026e-07,1.0,1.0
97,1,5850,0.9830811549563626,0.9770391156510925,4.6467366132674215e-07,1.0,1.0
97,1,5900,0.9830773874514074,0.9772891716942027,4.6261018837867596e-07,1.0,1.0
97,1,5950,0.9830789842215818,0.9775321932722787,4.603476497777592e-07,1.0,1.0
97,1,6000,0.9830891938746933,0.9777719985973723,4.586100033066032e-07,1.0,1.0
97,1,6050,0.9830960556743567,0.9780072005397078,4.5794030256729457e-07,1.0,1.0
97,1,6100,0.9830752702241525,0.9782371033705013,4.555691361929348e-07,1.0,1.0
97,1,6150,0.9830172964693957,0.9784621190601341,4.5321610286919167e-07,1.0,1.0
97,1,6200,0.9829374039890466,0.9786807063808761,4.5303508500182943e-07,1.0,1.0
97,1,6250,0.9828562660862096,0.978893142545523,4.5088114575264626e-07,1.0,1.0
97,1,6300,0.9827426122095582,0.9791032922627262,4.483651707687386e-07,1.0,1.0
97,1,6350,0.9825958450409134,0.9793097833752356,4.4834706613983144e-07,1.0,1.0
97,1,6400,0.9824552603229009,0.979512187007445,4.4664562892648974e-07,1.0,1.0
97,1,6450,0.9823122914188804,0.9797110121622461,4.449622963420552e-07,1.0,1.0
97,1,6500,0.9821298264618745,0.9799055737674921,4.4264544385441695e-07,1.0,1.0
97,1,6550,0.9819142511448535,0.9800974068187516,4.427178623700456e-07,1.0,1.0
97,1,6600,0.9816463054971347,0.980284679547829,4.3973128072138934e-07,1.0,1.0
97,1,6650,0.981362591048135,0.9804671525433779,4.3846426933669136e-07,1.0,1.0
97,1,6700,0.9810460186515778,0.9806454404588957,4.360026082395052e-07,1.0,1.0
97,1,6750,0.9807064680745748,0.9808179008808077,4.3665420434990665e-07,1.0,1.0
97,1,6800,0.9803329771751564,0.9809886662686342,4.3451836972963065e-07,1.0,1.0
97,1,6850,0.9799436902673232,0.9811547037914413,4.324368205743667e-07,1.0,1.0
97,1,6900,0.9795758840567089,0.9813188090728833,4.320567086324445e-07,1.0,1.0
97,1,6950,0.9792184582808108,0.9814790035792198,4.301018634578213e-07,1.0,1.0
97,1,7000,0.9788511260558295,0.9816360412046378,4.2867193883466825e-07,1.0,1.0
97,1,7050,0.9785035511913405,0.9817901130386791,4.2655418042159e-07,1.0,1.0
97,1,7100,0.9781167493579431,0.9819418900798057,4.265903896794043e-07,1.0,1.0
97,1,7150,0.9777083365077316,0.9820912491337718,4.2414683321112534e-07,1.0,1.0
97,1,7200,0.9772502300498311,0.9822386286534633,4.2429164182067325e-07,1.0,1.0
97,1,7250,0.976776556993801,0.9823841763695738,4.228074033107987e-07,1.0,1.0
97,1,7300,0.9762468109772412,0.9825273265295453,4.2106975683964265e-07,1.0,1.0
97,1,7350,0.9756808997679975,0.9826670658216302,4.1945881434912735e-07,1.0,1.0
97,1,7400,0.9751062467561525,0.9828046299355292,4.1820990759333654e-07,1.0,1.0
97,1,7450,0.9745106296873138,0.9829407678541879,4.184814201835252e-07,1.0,1.0
97,1,7500,0.9738258994815461,0.9830752819723206,4.163817663993541e-07,1.0,1.0
97,1,7550,0.9730995403293602,0.9832084216319995,4.132503761411499e-07,1.0,1.0
97,1,7600,0.9723969543841312,0.9833399236846071,4.151690404796682e-07,1.0,1.0
97,1,7650,0.9716348309205255,0.9834690735310423,4.1201957401426625e-07,1.0,1.0
97,1,7700,0.9708600238206436,0.9835959340197891,4.0968461689772084e-07,1.0,1.0
97,1,7750,0.9700598865111868,0.9837212808188058,4.103362130081223e-07,1.0,1.0
97,1,7800,0.9692544995451078,0.983844892174062,4.0963030301099934e-07,1.0,1.0
97,1,7850,0.9684255265318038,0.9839663715933272,4.069152339525317e-07,1.0,1.0
97,1,7900,0.9675953497272626,0.9840867027092474,4.061912193265016e-07,1.0,1.0
97,1,7950,0.9667328299210348,0.9842048286457519,4.0572061266175297e-07,1.0,1.0
97,1,8000,0.9657725617901538,0.9843208572853105,4.0450788674206706e-07,1.0,1.0
97,1,8050,0.9647632161631289,0.9844350598890959,4.0193762629314733e-07,1.0,1.0
97,1,8100,0.9636843668309267,0.9845475570179605,4.034580740608362e-07,1.0,1.0
97,1,8150,0.9625672306222351,0.9846581015314578,4.0003709500524565e-07,1.0,1.0
97,1,8200,0.9614904761223326,0.9847666309108838,3.9978368704396416e-07,1.0,1.0
97,1,8250,0.9604303192327179,0.9848740160190949,3.9989228639569774e-07,1.0,1.0
97,1,8300,0.9594028989507943,0.9849797598611154,3.9799175510779605e-07,1.0,1.0
97,1,8350,0.9584631145936394,0.9850856315949061,3.970324087276822e-07,1.0,1.0
97,1,8400,0.9575379380285485,0.985191044306247,3.963627079883736e-07,1.0,1.0
97,1,8450,0.9566158513592249,0.9852950305030238,3.9476987012676545e-07,1.0,1.0
97,1,8500,0.9556609824478305,0.9853974561036655,3.9451646216548397e-07,1.0,1.0
97,1,8550,0.954722187650685,0.9854992413975913,3.9232631365848647e-07,1.0,1.0
97,1,8600,0.9538564755231882,0.985599583536817,3.924168083813129e-07,1.0,1.0
97,1,8650,0.9530779251155899,0.9856986472719506,3.9120408246162697e-07,1.0,1.0
97,1,8700,0.9522750434422875,0.9857966497064051,3.919643063454714e-07,1.0,1.0
97,1,8750,0.9513642326175927,0.9858936142561253,3.901180605225818e-07,1.0,1.0
97,1,8800,0.9503619137257775,0.985989750239558,3.8906824784135097e-07,1.0,1.0
97,1,8850,0.9492344875427777,0.9860843389557933,3.8771071331211715e-07,1.0,1.0
97,1,8900,0.9479800271521693,0.9861770743575057,3.850680627692782e-07,1.0,1.0
97,1,8950,0.9466284629833908,0.9862676551327151,3.8629889331787126e-07,1.0,1.0
97,1,9000,0.9452068025247261,0.9863564074842629,3.8532147073055967e-07,1.0,1.0
97,1,9050,0.943616815469848,0.9864439020222437,3.8472413166346087e-07,1.0,1.0
97,1,9100,0.9420214123600333,0.9865294700425021,3.8235299371081055e-07,1.0,1.0
97,1,9150,0.9402993502806569,0.9866142534302711,3.8153848436195403e-07,1.0,1.0
97,1,9200,0.9384094173842041,0.986698229481767,3.796017153945286e-07,1.0,1.0
97,1,9250,0.9364729474383313,0.9867811216252199,3.7947503983559727e-07,1.0,1.0
97,1,9300,0.9343929196951504,0.9868626136118268,3.779364874390012e-07,1.0,1.0
97,1,9350,0.9321813433464233,0.9869427058226145,3.771219780901447e-07,1.0,1.0
97,1,9400,0.9298519944605794,0.9870224721831254,3.7661516216758173e-07,1.0,1.0
97,1,9450,0.9274387308177353,0.9871010933031121,3.763074687412882e-07,1.0,1.0
97,1,9500,0.9249946742497499,0.9871787384676511,3.7612645087392593e-07,1.0,1.0
97,1,9550,0.9223719679866387,0.9872554694333375,3.749680104192521e-07,1.0,1.0
97,1,9600,0.919706240765131,0.9873313616731791,3.741535010703956e-07,1.0,1.0
97,1,9650,0.9167154766751996,0.9874062361067159,3.7275978570505686e-07,1.0,1.0
97,1,9700,0.9135927272081107,0.9874802283973747,3.713660419180087e-07,1.0,1.0
97,1,9750,0.9102422853043198,0.9875532459977656,3.7091353988216724e-07,1.0,1.0
97,1,9800,0.9066500672725171,0.9876256078833429,3.7198145719230524e-07,1.0,1.0
97,1,9850,0.9027332755010844,0.9876970682028493,3.692663881338376e-07,1.0,1.0
97,1,9900,0.8983468206537404,0.9877679210290925,3.6968270933357417e-07,1.0,1.0
97,1,9950,0.8936100277273272,0.9878378487004873,3.671486581424688e-07,1.0,1.0
97,1,10000,0.8884716363795367,0.9879068051517004,3.6760116017831024e-07,1.0,1.0
97,2,0,0.18812588758299714,0.25463079226429636,4.575222969055176,0.01138779241591692,0.008147360756993294
97,2,50,0.2604400751794465,0.2273822980169407,2.3124547004699707,0.844822347164154,0.0
97,2,100,0.3364423749058786,0.3101866557964687,0.031127264723181725,1.0,0.0010626992443576455
97,2,150,0.35508741143517825,0.30660893351693636,0.011351818218827248,1.0,0.0067304284311831
97,2,200,0.3861994510322526,0.2971850372171286,0.006472161039710045,1.0,0.024087850004434586
97,2,250,0.4126670336436127,0.2966638769565736,0.003467436647042632,1.0,0.07474318146705627
97,2,300,0.4598344876155108,0.32714222877969024,0.0018774040509015322,1.0,0.17888770997524261
97,2,350,0.4909750971884909,0.3477586388467143,0.0010338377906009555,1.0,0.3237690329551697
97,2,400,0.5037810722477604,0.3740196710260829,0.0005785096436738968,1.0,0.49380090832710266
97,2,450,0.49619275938422003,0.41440555179096067,0.0003269712324254215,1.0,0.6539142727851868
97,2,500,0.4809383878959272,0.4567639514932986,0.00018669110431801528,1.0,0.7839177846908569
97,2,550,0.4864837891687568,0.4998857492296771,0.00010781781747937202,1.0,0.8813319206237793
97,2,600,0.49893616828946463,0.5411760182924364,6.310242315521464e-05,1.0,0.9390718936920166
97,2,650,0.5097426075675532,0.5721510354200734,3.752725024241954e-05,1.0,0.9705986380577087
97,2,700,0.5166660633124892,0.5904985444062635,2.2748741685063578e-05,1.0,0.9861848950386047
97,2,750,0.521528160758104,0.6063736166157149,1.4124041626928374e-05,1.0,0.994686484336853
97,2,800,0.5246667143365894,0.6199859789792257,9.02755982679082e-06,1.0,0.997166097164154
97,2,850,0.5238200684965804,0.629870685156694,5.973556199023733e-06,1.0,0.9989373087882996
97,2,900,0.5045405143465982,0.6269236982764085,4.108644134248607e-06,1.0,0.9992915391921997
97,2,950,0.4994784225913102,0.6274350314592033,2.943071194749791e-06,1.0,0.9996457695960999
97,2,1000,0.5013441628364801,0.6254890056585686,2.199525169999106e-06,1.0,1.0
97,2,1050,0.501192899081705,0.6170259007388881,1.7174752429127693e-06,1.0,1.0
97,2,1100,0.49943178395578813,0.6045195915735809,1.407342779202736e-06,1.0,1.0
97,2,1150,0.49623246294554885,0.5902483658108432,1.211731728290033e-06,1.0,1.0
97,2,1200,0.4933374526499918,0.5739611802486324,1.0912373227256467e-06,1.0,1.0
97,2,1250,0.4921423697102076,0.5585085905747335,1.0178401907978696e-06,1.0,1.0
97,2,1300,0.4963155059380807,0.5472784907479438,9.780735581443878e-07,1.0,1.0
97,2,1350,0.4993110831570721,0.53299757150235,9.540362952975556e-07,1.0,1.0
97,2,1400,0.5011392333698883,0.5040280907178424,9.39700726121373e-07,1.0,1.0
97,2,1450,0.5024077138057343,0.49433659224612847,9.284603947889991e-07,1.0,1.0
97,2,1500,0.5030573075190957,0.4873329594960872,9.192834795612725e-07,1.0,1.0
97,2,1550,0.5032285008981463,0.49345458347305526,9.107400842367497e-07,1.0,1.0
97,2,1600,0.5031559221988204,0.5003194457493683,9.022328981700412e-07,1.0,1.0
97,2,1650,0.5030598252925216,0.5057000803808225,8.93037849891698e-07,1.0,1.0
97,2,1700,0.5027998937379646,0.5090855976616011,8.843315981721389e-07,1.0,1.0
97,2,1750,0.502474321043933,0.5113594081011001,8.750460551709693e-07,1.0,1.0
97,2,1800,0.5020181269924003,0.5128550816137013,8.649822689221764e-07,1.0,1.0
97,2,1850,0.5014270251034809,0.5140085484899107,8.555338126825518e-07,1.0,1.0
97,2,1900,0.501421449452252,0.5148574334299113,8.460673370791483e-07,1.0,1.0
97,2,1950,0.5073418136843022,0.5155395932487838,8.357681622328528e-07,1.0,1.0
97,2,2000,0.5196820664839383,0.5160614385988898,8.265188853329164e-07,1.0,1.0
97,2,2050,0.545399591442135,0.5164240842529221,8.163283382600639e-07,1.0,1.0
97,2,2100,0.5629225935606731,0.5167434531045071,8.079116469161818e-07,1.0,1.0
97,2,2150,0.6093234075527248,0.5168621587330614,7.983184673321375e-07,1.0,1.0
97,2,2200,0.6796194467311321,0.516990079613062,7.891596283116087e-07,1.0,1.0
97,2,2250,0.7744877448509822,0.5170263964263588,7.810868396518345e-07,1.0,1.0
97,2,2300,0.8813676003051696,0.5169045428589542,7.728330615464074e-07,1.0,1.0
97,2,2350,0.9466061473504507,0.5166827962901837,7.645973596481781e-07,1.0,1.0
97,2,2400,0.9706479252055299,0.5164575379629444,7.558005563623738e-07,1.0,1.0
97,2,2450,0.9808220043964863,0.516152843301374,7.479450232494855e-07,1.0,1.0
97,2,2500,0.986097333426015,0.5158246449823192,7.40505754492915e-07,1.0,1.0
97,2,2550,0.9892255035825548,0.515502178865718,7.325958790715958e-07,1.0,1.0
97,2,2600,0.9912446885914754,0.5151390870486927,7.262245276251633e-07,1.0,1.0
97,2,2650,0.9926049589744023,0.5147427466479559,7.180250349847483e-07,1.0,1.0
97,2,2700,0.9935763524296238,0.5143359047313554,7.11472694092663e-07,1.0,1.0
97,2,2750,0.994307828148395,0.5138793221730974,7.044678227430268e-07,1.0,1.0
97,2,2800,0.994882246277331,0.5134332703997655,6.976258646318456e-07,1.0,1.0
97,2,2850,0.99534433608877,0.5129193242148412,6.910373144819459e-07,1.0,1.0
97,2,2900,0.9957256347594621,0.5123304789663449,6.854261869193579e-07,1.0,1.0
97,2,2950,0.9960495664996207,0.511681840216177,6.788738460272725e-07,1.0,1.0
97,2,3000,0.9963141346460662,0.5110665887100276,6.735342026331637e-07,1.0,1.0
97,2,3050,0.9965336923315091,0.5116410301810596,6.684118147859408e-07,1.0,1.0
97,2,3100,0.9967279557795042,0.5131368757343157,6.621490911129513e-07,1.0,1.0
97,2,3150,0.9968961587244201,0.5148506341170632,6.56049223834998e-07,1.0,1.0
97,2,3200,0.997047264903674,0.5167531560095429,6.512163963634521e-07,1.0,1.0
97,2,3250,0.9971772050622005,0.5187053852864739,6.459130190705764e-07,1.0,1.0
97,2,3300,0.9972846850861734,0.5208564642815479,6.41442227333755e-07,1.0,1.0
97,2,3350,0.9973699380968377,0.5233356813373442,6.365912668115925e-07,1.0,1.0
97,2,3400,0.9974328035911747,0.5262335787339637,6.307448643383395e-07,1.0,1.0
97,2,3450,0.9974868845408515,0.5295574165107486,6.263102818593325e-07,1.0,1.0
97,2,3500,0.9975354305370213,0.5335171284508955,6.223100967872597e-07,1.0,1.0
97,2,3550,0.9975810639564794,0.5385167593357038,6.16789463947498e-07,1.0,1.0
97,2,3600,0.997619374570549,0.5452225257180114,6.137847776699346e-07,1.0,1.0
97,2,3650,0.9976504019763899,0.5563390583078591,6.092777766752988e-07,1.0,1.0
97,2,3700,0.9976795279447636,0.5770476782582376,6.039200570739922e-07,1.0,1.0
97,2,3750,0.9977017768109019,0.5975661372894657,5.995940455250093e-07,1.0,1.0
97,2,3800,0.9977211109754844,0.6239146462010291,5.967341962787032e-07,1.0,1.0
97,2,3850,0.9977367931738059,0.6615133312705084,5.923901085225225e-07,1.0,1.0
97,2,3900,0.9977477130977594,0.7260490761172264,5.893492698305636e-07,1.0,1.0
97,2,3950,0.9977561079559355,0.8189344566181139,5.844078714289935e-07,1.0,1.0
97,2,4000,0.9977591397455285,0.8969072594482393,5.820547812618315e-07,1.0,1.0
97,2,4050,0.9977590628367233,0.9378118513722392,5.784709173894953e-07,1.0,1.0
97,2,4100,0.9977470588533626,0.9586051222329387,5.72877866034105e-07,1.0,1.0
97,2,4150,0.9977098614972187,0.9695683660633463,5.703981287297211e-07,1.0,1.0
97,2,4200,0.9976539855509599,0.9758447237904191,5.672848715221335e-07,1.0,1.0
97,2,4250,0.9975825973677183,0.9796352621063813,5.63320895707875e-07,1.0,1.0
97,2,4300,0.9974899594769261,0.9820868249888746,5.60406704153138e-07,1.0,1.0
97,2,4350,0.9973626679125682,0.9837615039822684,5.570581151914666e-07,1.0,1.0
97,2,4400,0.9971827215803415,0.9849531713621238,5.527502366931003e-07,1.0,1.0
97,2,4450,0.9969282444583042,0.9858397034540021,5.504876980921836e-07,1.0,1.0
97,2,4500,0.9965527986541863,0.9865177257078499,5.465417984851229e-07,1.0,1.0
97,2,4550,0.9959621005159448,0.9870489199312821,5.440982135951344e-07,1.0,1.0
97,2,4600,0.9949869797922695,0.987479307464413,5.415822670329362e-07,1.0,1.0
97,2,4650,0.9932747774105413,0.9878438994304771,5.380708216762287e-07,1.0,1.0
97,2,4700,0.9900924945683631,0.9881612743610092,5.358263592825097e-07,1.0,1.0
97,2,4750,0.9835631552954645,0.9884417519803826,5.326949690243055e-07,1.0,1.0
97,2,4800,0.968348661863523,0.988692441761201,5.308849608809396e-07,1.0,1.0
97,2,4850,0.9282380560739033,0.9889209241594725,5.285137945065799e-07,1.0,1.0
97,2,4900,0.8054432773038097,0.9891285936746473,5.244049816610641e-07,1.0,1.0
97,2,4950,0.6636537699696223,0.9893189601685995,5.218166165832372e-07,1.0,1.0
97,2,5000,0.6083876949633421,0.9894939862433871,5.200789701120812e-07,1.0,1.0
97,2,5050,0.5804120734564776,0.989659662204423,5.179974778002361e-07,1.0,1.0
97,2,5100,0.5634044322808708,0.9898175296214173,5.143773478266667e-07,1.0,1.0
97,2,5150,0.5519341280913728,0.9899656311819892,5.118071157994564e-07,1.0,1.0
97,2,5200,0.5437865888003559,0.9901045202603006,5.092368269288272e-07,1.0,1.0
97,2,5250,0.5377071507434569,0.9902362628638799,5.073001148048206e-07,1.0,1.0
97,2,5300,0.532975974541821,0.9903627259983404,5.048746629654488e-07,1.0,1.0
97,2,5350,0.5291235635138173,0.9904850050535291,5.031913019593048e-07,1.0,1.0
97,2,5400,0.5307328724797066,0.9906018946696332,5.007296408621187e-07,1.0,1.0
97,2,5450,0.5333846294962443,0.9907145371227503,4.976706691195432e-07,1.0,1.0
97,2,5500,0.5361373217030363,0.9908237848895809,4.954081305186264e-07,1.0,1.0
97,2,5550,0.5391468408591514,0.9909291665354111,4.937609787702968e-07,1.0,1.0
97,2,5600,0.542575837816907,0.9910311431168031,4.912993745165295e-07,1.0,1.0
97,2,5650,0.5464657944810433,0.9911293766356878,4.890187028649962e-07,1.0,1.0
97,2,5700,0.5507751086693445,0.9912245699233279,4.867018219556485e-07,1.0,1.0
97,2,5750,0.5554309504963929,0.9913172500916012,4.855072006648697e-07,1.0,1.0
97,2,5800,0.5606091384915417,0.991407151269441,4.829731778954738e-07,1.0,1.0
97,2,5850,0.5664980040305378,0.9914961889299884,4.812355314243177e-07,1.0,1.0
97,2,5900,0.5735528940124679,0.9915844881430472,4.795521704181738e-07,1.0,1.0
97,2,5950,0.5820807876439819,0.9916722894021514,4.770724331137899e-07,1.0,1.0
97,2,6000,0.5922619832361009,0.9917590201563175,4.7504516942353803e-07,1.0,1.0
97,2,6050,0.6044874395185663,0.9918437835601013,4.7415826998076227e-07,1.0,1.0
97,2,6100,0.6198902305182453,0.9919267170778892,4.7129839231274673e-07,1.0,1.0
97,2,6150,0.6396844620864455,0.9920074529342207,4.6963316435721936e-07,1.0,1.0
97,2,6200,0.6654423999503877,0.9920868067414871,4.677145284404105e-07,1.0,1.0
97,2,6250,0.6998141177772889,0.9921645146625429,4.645831381822063e-07,1.0,1.0
97,2,6300,0.7475227452185756,0.992242128000841,4.6476415604956856e-07,1.0,1.0
97,2,6350,0.8347942082666376,0.9923188939652562,4.62411094304116e-07,1.0,1.0
97,2,6400,0.9061776403620935,0.9923947105480903,4.6096306505205575e-07,1.0,1.0
97,2,6450,0.9392243094613625,0.9924692988762317,4.5891772515460616e-07,1.0,1.0
97,2,6500,0.9577546754948487,0.9925417137194095,4.576144760903844e-07,1.0,1.0
97,2,6550,0.9692808115467481,0.9926122610473144,4.5625696998286003e-07,1.0,1.0
97,2,6600,0.9768522785024811,0.9926814999072613,4.5366860490503313e-07,1.0,1.0
97,2,6650,0.9819377697502534,0.9927494530229509,4.5341519694375165e-07,1.0,1.0
97,2,6700,0.9855247426514923,0.9928162528094326,4.5030191131445463e-07,1.0,1.0
97,2,6750,0.9881250676002592,0.9928817721392443,4.493425933560502e-07,1.0,1.0
97,2,6800,0.9901163440967108,0.9929469410294515,4.468990368877712e-07,1.0,1.0
97,2,6850,0.991632625671066,0.9930110209781939,4.456501301319804e-07,1.0,1.0
97,2,6900,0.9928315099304886,0.9930745094501443,4.444735850483994e-07,1.0,1.0
97,2,6950,0.9938095461061686,0.9931376691810389,4.4279025246396486e-07,1.0,1.0
97,2,7000,0.9946070798870926,0.9932003961310947,4.414146133058239e-07,1.0,1.0
97,2,7050,0.9952742658120379,0.9932635947812223,4.385366594306106e-07,1.0,1.0
97,2,7100,0.9958109313368569,0.99332586660725,4.385909733173321e-07,1.0,1.0
97,2,7150,0.9962546906103827,0.9933874587851856,4.3705242092073604e-07,1.0,1.0
97,2,7200,0.9966418853259167,0.9934483980614967,4.354776876880351e-07,1.0,1.0
97,2,7250,0.9969688975676044,0.9935092144605364,4.343373518622684e-07,1.0,1.0
97,2,7300,0.9972483703601892,0.9935692875702876,4.3144129335814796e-07,1.0,1.0
97,2,7350,0.997495268434836,0.9936286287665975,4.32979845754744e-07,1.0,1.0
97,2,7400,0.9977067771434551,0.993687795466205,4.2983035086763266e-07,1.0,1.0
97,2,7450,0.9978882343851212,0.9937461924592139,4.2715149106697936e-07,1.0,1.0
97,2,7500,0.998049511737686,0.9938042362486742,4.2682569301177864e-07,1.0,1.0
97,2,7550,0.9981972865453956,0.9938620501767542,4.2613788764356286e-07,1.0,1.0
97,2,7600,0.9983298168977635,0.9939196739824092,4.241830424689397e-07,1.0,1.0
97,2,7650,0.998446960444453,0.9939761823398169,4.227169085879723e-07,1.0,1.0
97,2,7700,0.9985532033430213,0.9940312869398553,4.210154713746306e-07,1.0,1.0
97,2,7750,0.9986503467403853,0.9940853037189225,4.196941461032111e-07,1.0,1.0
97,2,7800,0.9987389156408456,0.9941387738404723,4.194407381419296e-07,1.0,1.0
97,2,7850,0.9988152902613182,0.9941917872464805,4.1945881434912735e-07,1.0,1.0
97,2,7900,0.9988821393616745,0.9942438533556627,4.1703336250975553e-07,1.0,1.0
97,2,7950,0.9989378753845946,0.9942951564605204,4.158930551056983e-07,1.0,1.0
97,2,8000,0.9989851510015434,0.9943460332676376,4.1444502585363807e-07,1.0,1.0
97,2,8050,0.9990220318099884,0.9943962927643182,4.122367727177334e-07,1.0,1.0
97,2,8100,0.999051613898768,0.9944462635036687,4.114946534627961e-07,1.0,1.0
97,2,8150,0.9990749282892613,0.9944959668948219,4.0923208644016995e-07,1.0,1.0
97,2,8200,0.9990924628405796,0.9945450777900939,4.0874337514651415e-07,1.0,1.0
97,2,8250,0.9991055942948516,0.9945936409973491,4.0753064922682825e-07,1.0,1.0
97,2,8300,0.999116670738913,0.9946417762857606,4.07657353207469e-07,1.0,1.0
97,2,8350,0.9991255315429416,0.9946891852040919,4.0577492654847447e-07,1.0,1.0
97,2,8400,0.9991321065126985,0.9947357923952552,4.0403728007731843e-07,1.0,1.0
97,2,8450,0.9991390674810392,0.9947817139646955,4.0309606674782117e-07,1.0,1.0
97,2,8500,0.9991457725977523,0.9948273469939113,4.0190144545704243e-07,1.0,1.0
97,2,8550,0.9991527342137062,0.9948721268514864,3.998198963017785e-07,1.0,1.0
97,2,8600,0.9991596438129855,0.9949164103999181,3.984080478858232e-07,1.0,1.0
97,2,8650,0.9991657105092658,0.9949604928953846,3.982994485340896e-07,1.0,1.0
97,2,8700,0.9991707739907664,0.9950041672552983,3.969419140048558e-07,1.0,1.0
97,2,8750,0.9991753711585194,0.9950478189551608,3.968514192820294e-07,1.0,1.0
97,2,8800,0.9991797410412335,0.9950914433948287,3.9520426753369975e-07,1.0,1.0
97,2,8850,0.9991823520457264,0.9951345756362159,3.943535489270289e-07,1.0,1.0
97,2,8900,0.999183826676124,0.9951770207038139,3.917833168998186e-07,1.0,1.0
97,2,8950,0.9991853697810609,0.9952188583358171,3.924711222680344e-07,1.0,1.0
97,2,9000,0.9991882115642949,0.9952602550680809,3.8981036709628825e-07,1.0,1.0
97,2,9050,0.9991917282003036,0.9953012678709822,3.904076777416776e-07,1.0,1.0
97,2,9100,0.9991949162854352,0.9953415482378323,3.8810892988294654e-07,1.0,1.0
97,2,9150,0.999197467026866,0.9953810294761599,3.891044570991653e-07,1.0,1.0
97,2,9200,0.9992001704632957,0.9954202017276759,3.860816661926947e-07,1.0,1.0
97,2,9250,0.9992021040497129,0.9954587733155019,3.855748502701317e-07,1.0,1.0
97,2,9300,0.9992055964074251,0.9954965991624024,3.8619026554442826e-07,1.0,1.0
97,2,9350,0.999210383844099,0.9955337191912532,3.8387341305679e-07,1.0,1.0
97,2,9400,0.9992153843605954,0.9955704067487222,3.8209958574952907e-07,1.0,1.0
97,2,9450,0.9992198549252196,0.9956067637417955,3.8137557112349896e-07,1.0,1.0
97,2,9500,0.9992225117286728,0.9956428519855689,3.801809498327202e-07,1.0,1.0
97,2,9550,0.9992233147537638,0.9956784272923962,3.8036193927837303e-07,1.0,1.0
97,2,9600,0.9992222714812415,0.9957134318584149,3.775020900320669e-07,1.0,1.0
97,2,9650,0.9992210279606724,0.9957479221858567,3.7811750530636346e-07,1.0,1.0
97,2,9700,0.9992199953318349,0.9957817164429552,3.783889894748427e-07,1.0,1.0
97,2,9750,0.9992183204953983,0.9958148508937603,3.745879268990393e-07,1.0,1.0
97,2,9800,0.9992176206754715,0.9958479023875563,3.746241077351442e-07,1.0,1.0
97,2,9850,0.999217692638183,0.9958807677632069,3.724339592281467e-07,1.0,1.0
97,2,9900,0.9992179921255063,0.9959130678736674,3.726873671894282e-07,1.0,1.0
97,2,9950,0.9992196262826532,0.9959449422102291,3.726511863533233e-07,1.0,1.0
97,2,10000,0.9992215484638157,0.9959763252453002,3.708954352532601e-07,1.0,1.0
97,3,0,0.22332946327732947,0.2344032320201984,4.57525634765625,0.00911023374646902,0.012043925002217293
97,3,50,0.25496781558875914,0.242653510388956,2.345677137374878,0.8401153683662415,0.0
97,3,100,0.42199946288706575,0.28795143296281334,0.033937759697437286,1.0,0.000708466162905097
97,3,150,0.4551145611453351,0.3090511569341407,0.011766966432332993,1.0,0.004959262907505035
97,3,200,0.4696566116972095,0.3446464939711727,0.006661686580628157,1.0,0.020545518025755882
97,3,250,0.4803188996534893,0.37629700349016787,0.0035523218102753162,1.0,0.06199079006910324
97,3,300,0.4804594748320483,0.39377578552828146,0.0019121525110676885,1.0,0.13673396408557892
97,3,350,0.6139780515029539,0.4390506812076915,0.0010487043764442205,1.0,0.2585901618003845
97,3,400,0.6832972344435766,0.48451704871435297,0.0005825351690873504,1.0,0.4268508553504944
97,3,450,0.7335937680684962,0.5161745440348584,0.00032802176428958774,1.0,0.6032589673995972
97,3,500,0.7735034803194747,0.5612526466424971,0.00018708757124841213,1.0,0.7467233538627625
97,3,550,0.8176310247171791,0.5912360176624293,0.00010812868276843801,1.0,0.8593694567680359
97,3,600,0.8839800837091429,0.6270369691888669,6.322574336081743e-05,1.0,0.927382230758667
97,3,650,0.9082637099605774,0.6699483888055805,3.75586751033552e-05,1.0,0.9631597399711609
97,3,700,0.9252559815189738,0.7227203526312878,2.275022961839568e-05,1.0,0.9812256097793579
97,3,750,0.9370323447902121,0.7703567643915052,1.4120496416580863e-05,1.0,0.9911441802978516
97,3,800,0.9462231708355592,0.8033995411551661,9.023649909067899e-06,1.0,0.9968118667602539
97,3,850,0.9537536656875916,0.8332229363983891,5.966569915472064e-06,1.0,0.9982288479804993
97,3,900,0.959794342852361,0.8610218048299412,4.099412763025612e-06,1.0,0.9996457695960999
97,3,950,0.9646313442884376,0.8862189166224571,2.931342123702052e-06,1.0,0.9996457695960999
97,3,1000,0.9688480009112558,0.9269639833168962,2.1873615878575947e-06,1.0,1.0
97,3,1050,0.9730939924568699,0.9436541455642846,1.7072846958399168e-06,1.0,1.0
97,3,1100,0.9774730567581289,0.9548147699716552,1.3979487221149611e-06,1.0,1.0
97,3,1150,0.981386605017953,0.9625747387317302,1.202301405101025e-06,1.0,1.0
97,3,1200,0.984687904015182,0.968173821233716,1.0811191941684228e-06,1.0,1.0
97,3,1250,0.9872311814916356,0.972284770789384,1.0063826039186097e-06,1.0,1.0
97,3,1300,0.9892240287535641,0.9754026597132661,9.643896419220255e-07,1.0,1.0
97,3,1350,0.9907816699235154,0.9778485834489445,9.400265525982832e-07,1.0,1.0
97,3,1400,0.9919945666905073,0.9798168857386236,9.252023005501542e-07,1.0,1.0
97,3,1450,0.9929733544268121,0.9814468268781534,9.137628467215109e-07,1.0,1.0
97,3,1500,0.9937703287406637,0.982848250418702,9.0454972223597e-07,1.0,1.0
97,3,1550,0.9944286446719797,0.9840736089812748,8.951556083047763e-07,1.0,1.0
97,3,1600,0.994978292975175,0.9851630568966412,8.867751262187085e-07,1.0,1.0
97,3,1650,0.9954443429770016,0.9861322484056441,8.778516189522634e-07,1.0,1.0
97,3,1700,0.995841480903248,0.9869806486163922,8.687652552907821e-07,1.0,1.0
97,3,1750,0.9961805697297519,0.9877224929184933,8.585204227529175e-07,1.0,1.0
97,3,1800,0.9964736130524583,0.9883728052297025,8.480040492031549e-07,1.0,1.0
97,3,1850,0.9967308789472383,0.9889709536183344,8.389900472138834e-07,1.0,1.0
97,3,1900,0.9969596049632392,0.9895167441853241,8.295235716104798e-07,1.0,1.0
97,3,1950,0.9971586634209398,0.9900190918544395,8.195682994482922e-07,1.0,1.0
97,3,2000,0.9973321138970582,0.99047023408379,8.098484158836072e-07,1.0,1.0
97,3,2050,0.9974856663567108,0.9908835479496891,8.002913887139584e-07,1.0,1.0
97,3,2100,0.9976233289554307,0.9912814996502364,7.897207296991837e-07,1.0,1.0
97,3,2150,0.9977451692826804,0.9916551802112663,7.82064262239146e-07,1.0,1.0
97,3,2200,0.9978512054191097,0.9920028610990791,7.729235562692338e-07,1.0,1.0
97,3,2250,0.9979463715008995,0.9923257705647927,7.648507676094596e-07,1.0,1.0
97,3,2300,0.9980330497024853,0.9926303354929511,7.548593430328765e-07,1.0,1.0
97,3,2350,0.9981123516920289,0.992918675581676,7.475467782569467e-07,1.0,1.0
97,3,2400,0.9981857252927631,0.9931892452840324,7.388766789517831e-07,1.0,1.0
97,3,2450,0.9982542465107486,0.9934439490639296,7.315822472264699e-07,1.0,1.0
97,3,2500,0.9983176443950923,0.9936823847447761,7.241067692120851e-07,1.0,1.0
97,3,2550,0.9983755487591035,0.9939051634124615,7.159072765716701e-07,1.0,1.0
97,3,2600,0.9984293110762467,0.9941185553545446,7.085404263307282e-07,1.0,1.0
97,3,2650,0.9984794020466883,0.9943210050894395,7.016803351689305e-07,1.0,1.0
97,3,2700,0.9985289954053083,0.9945132117162141,6.941505716895335e-07,1.0,1.0
97,3,2750,0.9985747611991369,0.9946917242139277,6.882136744934542e-07,1.0,1.0
97,3,2800,0.9986159453267885,0.9948595541093814,6.824034244345967e-07,1.0,1.0
97,3,2850,0.9986530148665533,0.9950192407512859,6.746021767867205e-07,1.0,1.0
97,3,2900,0.9986876482254112,0.9951707274724303,6.688643452434917e-07,1.0,1.0
97,3,2950,0.9987201096804632,0.9953137448539466,6.634342071265564e-07,1.0,1.0
97,3,3000,0.9987521369042045,0.9954496873424054,6.576963755833276e-07,1.0,1.0
97,3,3050,0.9987825690397275,0.9955793680168561,6.515784320981766e-07,1.0,1.0
97,3,3100,0.9988112488503877,0.995706467350681,6.460035137934028e-07,1.0,1.0
97,3,3150,0.9988399306265663,0.9958281559800678,6.422386036319949e-07,1.0,1.0
97,3,3200,0.9988673378231927,0.9959422222744561,6.355233495014545e-07,1.0,1.0
97,3,3250,0.9988929914327906,0.9960510486853353,6.305638748926867e-07,1.0,1.0
97,3,3300,0.998917581653889,0.9961528055958537,6.255681341826858e-07,1.0,1.0
97,3,3350,0.9989401532438629,0.9962486952220029,6.202647000463912e-07,1.0,1.0
97,3,3400,0.9989622861385367,0.9963397492408148,6.162283057165041e-07,1.0,1.0
97,3,3450,0.9989839938935434,0.9964271335253776,6.120290549915808e-07,1.0,1.0
97,3,3500,0.9990058679246907,0.9965106344800846,6.084089818614302e-07,1.0,1.0
97,3,3550,0.9990283452932649,0.9965910021306154,6.04101046519645e-07,1.0,1.0
97,3,3600,0.9990507324088702,0.9966683912655115,5.992139335830871e-07,1.0,1.0
97,3,3650,0.9990727328545156,0.9967415021956092,5.950146260147449e-07,1.0,1.0
97,3,3700,0.9990936602548838,0.9968112737428877,5.902361976950488e-07,1.0,1.0
97,3,3750,0.9991130128844604,0.9968770878955917,5.884442657588806e-07,1.0,1.0
97,3,3800,0.9991311153270671,0.9969399027424994,5.827064342156518e-07,1.0,1.0
97,3,3850,0.9991478733362125,0.9970007971214633,5.791949320155254e-07,1.0,1.0
97,3,3900,0.9991644802279336,0.9970605245485534,5.757015628660156e-07,1.0,1.0
97,3,3950,0.999181471720392,0.9971185725102014,5.717375870517571e-07,1.0,1.0
97,3,4000,0.9991976276942394,0.9971749948195247,5.677374019796844e-07,1.0,1.0
97,3,4050,0.9992125659732696,0.9972297761802885,5.656377197738038e-07,1.0,1.0
97,3,4100,0.9992269216248949,0.997282019376144,5.635018851535278e-07,1.0,1.0
97,3,4150,0.9992408469930233,0.9973326318615504,5.595559855464671e-07,1.0,1.0
97,3,4200,0.9992543409706323,0.9973813909960794,5.549403567783884e-07,1.0,1.0
97,3,4250,0.9992672925525667,0.9974285732985847,5.535104605769448e-07,1.0,1.0
97,3,4300,0.9992794449894357,0.9974742082293924,5.497636834661535e-07,1.0,1.0
97,3,4350,0.9992905602029932,0.9975179439929968,5.474830118146201e-07,1.0,1.0
97,3,4400,0.9993012271705802,0.9975607370956637,5.430302962849964e-07,1.0,1.0
97,3,4450,0.9993115752063705,0.9976027167352426,5.409849563875468e-07,1.0,1.0
97,3,4500,0.9993207285056269,0.9976430324848885,5.379259846449713e-07,1.0,1.0
97,3,4550,0.9993292138626709,0.9976819933097155,5.350480591914675e-07,1.0,1.0
97,3,4600,0.9993373676449694,0.9977194280554937,5.311926543072332e-07,1.0,1.0
97,3,4650,0.9993458006999736,0.997755675611259,5.298351197779994e-07,1.0,1.0
97,3,4700,0.9993548480210894,0.9977911826128951,5.263417506284895e-07,1.0,1.0
97,3,4750,0.9993643405463525,0.9978256106329316,5.249480068414414e-07,1.0,1.0
97,3,4800,0.9993732102277356,0.9978589989951804,5.212736482462788e-07,1.0,1.0
97,3,4850,0.9993809789777504,0.9978915190353191,5.179793447496195e-07,1.0,1.0
97,3,4900,0.9993883079637178,0.9979227767169925,5.169838459551102e-07,1.0,1.0
97,3,4950,0.9993953865536742,0.9979532039192611,5.143592716194689e-07,1.0,1.0
97,3,5000,0.9994017681147561,0.9979823863851082,5.129836608830374e-07,1.0,1.0
97,3,5050,0.999406961050293,0.998010589827874,5.097979851598211e-07,1.0,1.0
97,3,5100,0.9994116698024239,0.9980383220105085,5.062321974946826e-07,1.0,1.0
97,3,5150,0.9994167977528207,0.9980648071988055,5.047841682426224e-07,1.0,1.0
97,3,5200,0.9994223381386624,0.9980905580624791,5.029198177908256e-07,1.0,1.0
97,3,5250,0.9994273374492807,0.9981154248659239,5.007839831705496e-07,1.0,1.0
97,3,5300,0.9994313384447018,0.9981398278336773,4.987929287381121e-07,1.0,1.0
97,3,5350,0.9994344437253052,0.9981641150686253,4.958425279255607e-07,1.0,1.0
97,3,5400,0.999436570822029,0.9981878894054385,4.951366463501472e-07,1.0,1.0
97,3,5450,0.9994376081051738,0.9982108281085342,4.932180104333383e-07,1.0,1.0
97,3,5500,0.9994379268192103,0.9982329448940289,4.901409056401462e-07,1.0,1.0
97,3,5550,0.9994381581186701,0.9982542824272682,4.876792445429601e-07,1.0,1.0
97,3,5600,0.9994392416743778,0.998274678936318,4.858692363995942e-07,1.0,1.0
97,3,5650,0.9994412537170324,0.9982943347471617,4.823396579922701e-07,1.0,1.0
97,3,5700,0.9994439952064325,0.9983136025448104,4.816337195734377e-07,1.0,1.0
97,3,5750,0.999447099412932,0.9983322404273905,4.790453544956108e-07,1.0,1.0
97,3,5800,0.9994495507031954,0.9983503097089733,4.770181476487778e-07,1.0,1.0
97,3,5850,0.9994509070540084,0.9983681073329191,4.7401346137121436e-07,1.0,1.0
97,3,5900,0.9994510424942515,0.9983856753462924,4.7412206072294794e-07,1.0,1.0
97,3,5950,0.9994515023928381,0.9984029618682296,4.730179341549956e-07,1.0,1.0
97,3,6000,0.9994520094858352,0.9984199287451191,4.6968744982223143e-07,1.0,1.0
97,3,6050,0.9994528846483061,0.9984365634207351,4.685833232542791e-07,1.0,1.0
97,3,6100,0.9994530601873437,0.9984526961083816,4.6641127937618876e-07,1.0,1.0
97,3,6150,0.9994523192031569,0.998468309129619,4.6481844151458063e-07,1.0,1.0
97,3,6200,0.9994504055823961,0.9984835187450722,4.628998055977718e-07,1.0,1.0
97,3,6250,0.9994481918419238,0.99849844188678,4.608544657003222e-07,1.0,1.0
97,3,6300,0.9994457272279722,0.9985131386730777,4.581031873840402e-07,1.0,1.0
97,3,6350,0.999442555188757,0.9985274407226444,4.574334866447316e-07,1.0,1.0
97,3,6400,0.9994390792207926,0.9985414674379253,4.5667326276088716e-07,1.0,1.0
97,3,6450,0.9994354498169004,0.9985550581158364,4.554424322122941e-07,1.0,1.0
97,3,6500,0.999431311475909,0.9985682537408981,4.5151466565584997e-07,1.0,1.0
97,3,6550,0.9994260903381257,0.9985812045980025,4.4986751390752033e-07,1.0,1.0
97,3,6600,0.9994211465233502,0.998593764964711,4.4894440520693024e-07,1.0,1.0
97,3,6650,0.9994164592710715,0.9986059850433031,4.4816607669417863e-07,1.0,1.0
97,3,6700,0.9994126961313438,0.9986179839732542,4.471524448490527e-07,1.0,1.0
97,3,6750,0.9994101839767,0.9986297206964937,4.45451007635711e-07,1.0,1.0
97,3,6800,0.9994082690049616,0.9986412964785578,4.419576384862012e-07,1.0,1.0
97,3,6850,0.9994071593383146,0.9986525599488283,4.4137843246971897e-07,1.0,1.0
97,3,6900,0.999407071599106,0.9986635206974657,4.411069198795303e-07,1.0,1.0
97,3,6950,0.9994063346985225,0.998674235399123,4.384461647077842e-07,1.0,1.0
97,3,7000,0.9994040608599399,0.9986847806531802,4.3650942416206817e-07,1.0,1.0
97,3,7050,0.9994020872698308,0.9986949409278115,4.348803770426457e-07,1.0,1.0
97,3,7100,0.9994009405212451,0.9987048647872784,4.339029544553341e-07,1.0,1.0
97,3,7150,0.9993998731232161,0.9987147211364323,4.3216530798417807e-07,1.0,1.0
97,3,7200,0.9993988791443109,0.998724281970921,4.306086793803843e-07,1.0,1.0
97,3,7250,0.9993982588348276,0.9987335723032695,4.276764116184495e-07,1.0,1.0
97,3,7300,0.9993986549374456,0.9987427652468751,4.282013321699196e-07,1.0,1.0
97,3,7350,0.9993992746245244,0.9987518533861982,4.2726009041871293e-07,1.0,1.0
97,3,7400,0.9993987302354852,0.9987608358958786,4.262102777374821e-07,1.0,1.0
97,3,7450,0.999399242458429,0.9987696788783729,4.238391397848318e-07,1.0,1.0
97,3,7500,0.9993998489396301,0.9987783335710958,4.2249970988450514e-07,1.0,1.0
97,3,7550,0.9993998962914998,0.9987868319386204,4.1956744212257036e-07,1.0,1.0
97,3,7600,0.9994005974381744,0.9987951868280047,4.1884342749654024e-07,1.0,1.0
97,3,7650,0.9994024648488994,0.9988033933652816,4.181736983355222e-07,1.0,1.0
97,3,7700,0.9994052839772413,0.9988114518638279,4.178479002803215e-07,1.0,1.0
97,3,7750,0.9994098107860359,0.9988195651675543,4.1455362520537165e-07,1.0,1.0
97,3,7800,0.9994157472595383,0.9988276403442714,4.138838960443536e-07,1.0,1.0
97,3,7850,0.9994223029524311,0.9988355626659146,4.125806754018413e-07,1.0,1.0
97,3,7900,0.9994287834329807,0.998843460237027,4.1230916281165264e-07,1.0,1.0
97,3,7950,0.999435402209368,0.9988511923075846,4.103362130081223e-07,1.0,1.0
97,3,8000,0.999442151714032,0.9988588107599217,4.081460645011248e-07,1.0,1.0
97,3,8050,0.9994490293539295,0.9988663838910165,4.064808365455974e-07,1.0,1.0
97,3,8100,0.9994559828598407,0.9988737674953649,4.0563011793892656e-07,1.0,1.0
97,3,8150,0.9994636639707722,0.9988810664675559,4.0343996943192906e-07,1.0,1.0
97,3,8200,0.9994697368033173,0.9988883052888018,4.0134031564775796e-07,1.0,1.0
97,3,8250,0.9994756454339474,0.9988954196459193,4.0110501231538365e-07,1.0,1.0
97,3,8300,0.9994816293754988,0.998902475093903,4.006525102795422e-07,1.0,1.0
97,3,8350,0.9994875084063205,0.9989095219045107,3.9813653529563453e-07,1.0,1.0
97,3,8400,0.9994928256560638,0.9989165512735075,3.9638081261728075e-07,1.0,1.0
97,3,8450,0.9994988122274739,0.998923565957113,3.9594638678863703e-07,1.0,1.0
97,3,8500,0.9995035954128272,0.9989305231704249,3.945707760522055e-07,1.0,1.0
97,3,8550,0.9995075120681062,0.9989374408044975,3.929598335616902e-07,1.0,1.0
97,3,8600,0.9995103162868094,0.9989442793667469,3.9238062754520797e-07,1.0,1.0
97,3,8650,0.9995121718680693,0.9989509208546338,3.915299089385371e-07,1.0,1.0
97,3,8700,0.9995146811987957,0.9989573574763674,3.9009995589367463e-07,1.0,1.0
97,3,8750,0.9995174074955986,0.9989636491760043,3.8883294450897665e-07,1.0,1.0
97,3,8800,0.9995201572585235,0.9989699182664611,3.882356338635873e-07,1.0,1.0
97,3,8850,0.9995222079895489,0.9989761051423068,3.861721893372305e-07,1.0,1.0
97,3,8900,0.9995237017879329,0.9989821260905042,3.8439833360826015e-07,1.0,1.0
97,3,8950,0.9995247457419832,0.998988000365739,3.835295103726821e-07,1.0,1.0
97,3,9000,0.9995253004239294,0.9989937936864213,3.831493984307599e-07,1.0,1.0
97,3,9050,0.9995254057946145,0.9989995128571507,3.821357950073434e-07,1.0,1.0
97,3,9100,0.9995258823210118,0.9990051266517054,3.8039814853618736e-07,1.0,1.0
97,3,9150,0.9995264554201193,0.9990105249092195,3.7887770076849847e-07,1.0,1.0
97,3,9200,0.9995263839314189,0.9990158584304211,3.7791838281009404e-07,1.0,1.0
97,3,9250,0.9995265001672581,0.9990211213557919,3.763798588352074e-07,1.0,1.0
97,3,9300,0.999526261470957,0.9990263414673317,3.7549293097072223e-07,1.0,1.0
97,3,9350,0.9995263341921253,0.9990314516644748,3.7471463087968004e-07,1.0,1.0
97,3,9400,0.9995261100751013,0.999036500610189,3.7402679708975484e-07,1.0,1.0
97,3,9450,0.9995257763270797,0.9990415353746825,3.7125744256627513e-07,1.0,1.0
97,3,9500,0.9995254003546276,0.999046558394833,3.7125744256627513e-07,1.0,1.0
97,3,9550,0.9995246705787348,0.9990516592005372,3.6856047813671466e-07,1.0,1.0
97,3,9600,0.999523229448235,0.9990568693437207,3.687776768401818e-07,1.0,1.0
97,3,9650,0.9995215523366141,0.9990620938321297,3.673839614748431e-07,1.0,1.0
97,3,9700,0.9995204318676948,0.9990672708990718,3.6803555758524453e-07,1.0,1.0
97,3,9750,0.999519696373127,0.9990724458005716,3.6608071241062135e-07,1.0,1.0
97,3,9800,0.9995193959187952,0.9990775961238474,3.6510328982330975e-07,1.0,1.0
97,3,9850,0.9995197859395879,0.999082674390418,3.633294625160488e-07,1.0,1.0
97,3,9900,0.9995203353466099,0.9990877412198294,3.629493505741266e-07,1.0,1.0
97,3,9950,0.9995202831677121,0.9990926884656043,3.6159181604489277e-07,1.0,1.0
97,3,10000,0.9995197587988705,0.9990976146273501,3.6037909012520686e-07,1.0,1.0
97,4,0,0.2728267291231723,0.2109362378240207,4.575496196746826,0.01017309445887804,0.011335458606481552
97,4,50,0.2967175546420765,0.2082942631714864,2.3413608074188232,0.8326753973960876,0.0
97,4,100,0.43780219270933235,0.28519913404228403,0.0347139872610569,1.0,0.0010626992443576455
97,4,150,0.4453198757428223,0.31491171201576756,0.01195569708943367,1.0,0.005667729303240776
97,4,200,0.477197544660102,0.3366083029983398,0.006717557553201914,1.0,0.017003187909722328
97,4,250,0.4946789688793177,0.3548657569708313,0.003569462802261114,1.0,0.055614594370126724
97,4,300,0.5024657217994756,0.36640778174749866,0.001914781634695828,1.0,0.13071200251579285
97,4,350,0.5034877442851144,0.4112391554758013,0.0010456473100930452,1.0,0.25185972452163696
97,4,400,0.4864980877476056,0.4572383452489623,0.0005791090661659837,1.0,0.40170031785964966
97,4,450,0.4793712100306393,0.5026828623516492,0.00032505806302651763,1.0,0.5724406838417053
97,4,500,0.4893117926031565,0.5446764643650316,0.00018463593733031303,1.0,0.7272405028343201
97,4,550,0.5010599559684197,0.580480241798176,0.00010639666288625449,1.0,0.84413743019104
97,4,600,0.504056050595196,0.6072419299395343,6.21519357082434e-05,1.0,0.9178178906440735
97,4,650,0.5061987644726701,0.6287466859526193,3.688269134727307e-05,1.0,0.963513970375061
97,4,700,0.5238824476304841,0.6472915550810636,2.233781742688734e-05,1.0,0.9840595126152039
97,4,750,0.5220371791458415,0.6750548610524809,1.3874024261895102e-05,1.0,0.9932695627212524
97,4,800,0.5368771683601297,0.6897346035422524,8.87166152097052e-06,1.0,0.9975203275680542
97,4,850,0.5582875961207309,0.6942567116481686,5.873587724636309e-06,1.0,0.9989373087882996
97,4,900,0.5830917759834404,0.6917686783964269,4.043610260850983e-06,1.0,0.9992915391921997
97,4,950,0.6095654902745893,0.6860198422287717,2.8979468424950028e-06,1.0,1.0
97,4,1000,0.6281997332595732,0.6590872365403696,2.1643379568558885e-06,1.0,1.0
97,4,1050,0.641785641132427,0.6273333030954599,1.6906323025978054e-06,1.0,1.0
97,4,1100,0.669653932388449,0.595239579607861,1.3865272876500967e-06,1.0,1.0
97,4,1150,0.6843186560931034,0.5688522261253456,1.1929615766348434e-06,1.0,1.0
97,4,1200,0.7004526062145882,0.5560002467536181,1.072847339855798e-06,1.0,1.0
97,4,1250,0.7273418487763156,0.5499919190545342,1.0001380132962367e-06,1.0,1.0
97,4,1300,0.7593755598924968,0.5413845030346938,9.590501122147543e-07,1.0,1.0
97,4,1350,0.7929920191405672,0.5345572792439682,9.3465069994636e-07,1.0,1.0
97,4,1400,0.8253929745214877,0.5292152530100256,9.209124982589856e-07,1.0,1.0
97,4,1450,0.848625135539435,0.524769067433378,9.095816722037853e-07,1.0,1.0
97,4,1500,0.8767639656015304,0.5209509816240337,9.008934398480051e-07,1.0,1.0
97,4,1550,0.9046801398868639,0.5178528809754839,8.917708669287094e-07,1.0,1.0
97,4,1600,0.922637982132901,0.5151130853377937,8.827387318888213e-07,1.0,1.0
97,4,1650,0.9363338776897762,0.5129053770526103,8.733265417504299e-07,1.0,1.0
97,4,1700,0.9469351065104442,0.5110905583380295,8.636428106001404e-07,1.0,1.0
97,4,1750,0.9552622601926487,0.5096227992569231,8.543391913917731e-07,1.0,1.0
97,4,1800,0.9618494435137696,0.5082637961911243,8.436599614469742e-07,1.0,1.0
97,4,1850,0.9670275788190905,0.5070745639960964,8.347364541805291e-07,1.0,1.0
97,4,1900,0.9711445202997139,0.5060751685096819,8.251975600614969e-07,1.0,1.0
97,4,1950,0.9744444852810161,0.5050963657985408,8.157672368724889e-07,1.0,1.0
97,4,2000,0.9771363628351754,0.504123323989788,8.05757736088708e-07,1.0,1.0
97,4,2050,0.9793922234662475,0.5033001955024319,7.960920811456162e-07,1.0,1.0
97,4,2100,0.9812693900674098,0.5025826915985853,7.870780791563448e-07,1.0,1.0
97,4,2150,0.9828030971759861,0.5019945193916808,7.778830877214205e-07,1.0,1.0
97,4,2200,0.9840584892359612,0.5028035055786685,7.693396923968976e-07,1.0,1.0
97,4,2250,0.985107152347618,0.5035874138823503,7.600722824463446e-07,1.0,1.0
97,4,2300,0.9860068140773214,0.5043430993757759,7.517822950831032e-07,1.0,1.0
97,4,2350,0.9867866089122593,0.5050443204396211,7.431121957779396e-07,1.0,1.0
97,4,2400,0.9874514940590817,0.5055757091155136,7.347679229496862e-07,1.0,1.0
97,4,2450,0.9880293725829578,0.5060796534711723,7.267675528055406e-07,1.0,1.0
97,4,2500,0.9885063235983896,0.5065787641994965,7.189481721070479e-07,1.0,1.0
97,4,2550,0.9888723471116416,0.5071406542572936,7.117623113117588e-07,1.0,1.0
97,4,2600,0.98919123366349,0.5077017450326456,7.040515015432902e-07,1.0,1.0
97,4,2650,0.9894817965301739,0.5081701831329701,6.968656407480012e-07,1.0,1.0
97,4,2700,0.989741235464608,0.5086720535798983,6.900418156874366e-07,1.0,1.0
97,4,2750,0.989988580663573,0.5090903493755875,6.838695867372735e-07,1.0,1.0
97,4,2800,0.9901970077983652,0.5093586416101222,6.769009246454516e-07,1.0,1.0
97,4,2850,0.9903639761820188,0.5096185777308258,6.709639706059534e-07,1.0,1.0
97,4,2900,0.9905219356578276,0.509819933452503,6.662397709078505e-07,1.0,1.0
97,4,2950,0.9906380801965058,0.5099060537463284,6.596330877073342e-07,1.0,1.0
97,4,3000,0.9907415368055683,0.5099838741817114,6.534970680149854e-07,1.0,1.0
97,4,3050,0.9908237124695257,0.5100692146255982,6.477954457295709e-07,1.0,1.0
97,4,3100,0.9908524749754559,0.5101522477690964,6.422929459404259e-07,1.0,1.0
97,4,3150,0.990834893191383,0.5102253297857013,6.380392960636527e-07,1.0,1.0
97,4,3200,0.9908020390339448,0.5102361226887231,6.331883923849091e-07,1.0,1.0
97,4,3250,0.9907653784360606,0.5102793409853577,6.267989647312788e-07,1.0,1.0
97,4,3300,0.9907189031190444,0.510337022620045,6.222919637366431e-07,1.0,1.0
97,4,3350,0.990640881711907,0.5103904636777782,6.174410600578994e-07,1.0,1.0
97,4,3400,0.9905035843805721,0.510470647317904,6.131512577667309e-07,1.0,1.0
97,4,3450,0.9903128496001162,0.5105254047671826,6.086261805648974e-07,1.0,1.0
97,4,3500,0.9900568507102504,0.5106192527256851,6.036304398548964e-07,1.0,1.0
97,4,3550,0.989727109927318,0.5106816741734928,5.995759693178115e-07,1.0,1.0
97,4,3600,0.9893049745961013,0.5106391549607433,5.955033657301101e-07,1.0,1.0
97,4,3650,0.9887959330534316,0.5105678558260967,5.920099965806003e-07,1.0,1.0
97,4,3700,0.9881846735985902,0.5105633594380329,5.87249587624683e-07,1.0,1.0
97,4,3750,0.9874107277213049,0.5105872575090168,5.83376106533251e-07,1.0,1.0
97,4,3800,0.9864230706235128,0.5106786385049695,5.788691055386153e-07,1.0,1.0
97,4,3850,0.9851215136534398,0.5107918026169372,5.753033178734768e-07,1.0,1.0
97,4,3900,0.9833507321382798,0.5108555412428829,5.70850659187272e-07,1.0,1.0
97,4,3950,0.9808655965449573,0.5108343336160126,5.667780555995705e-07,1.0,1.0
97,4,4000,0.9771870161627322,0.5108090694774551,5.637733693220071e-07,1.0,1.0
97,4,4050,0.9713984854632632,0.5107730765806971,5.600628014690301e-07,1.0,1.0
97,4,4100,0.96146469160028,0.5107298878936991,5.579088337981375e-07,1.0,1.0
97,4,4150,0.9425501561301146,0.5106658975802855,5.5551959121658e-07,1.0,1.0
97,4,4200,0.9036328587404779,0.5105167293775159,5.509763809641299e-07,1.0,1.0
97,4,4250,0.8253537695508737,0.5103697041721517,5.484242251441174e-07,1.0,1.0
97,4,4300,0.7052488014660575,0.5102490894174971,5.452023401630868e-07,1.0,1.0
97,4,4350,0.7122953750223322,0.5101939832714483,5.420890829554992e-07,1.0,1.0
97,4,4400,0.8793450010647225,0.5100959165360961,5.399351721280254e-07,1.0,1.0
97,4,4450,0.9373904041332265,0.50994570629449,5.362969659472583e-07,1.0,1.0
97,4,4500,0.9628731102720076,0.5097458748340988,5.328216730049462e-07,1.0,1.0
97,4,4550,0.9753400800126703,0.5095509913739069,5.300885277392808e-07,1.0,1.0
97,4,4600,0.9822099959765287,0.5094331757786733,5.27554448126466e-07,1.0,1.0
97,4,4650,0.9863686884066749,0.5092404932642861,5.24350696196052e-07,1.0,1.0
97,4,4700,0.9890488319461292,0.5089016799550092,5.225044787948718e-07,1.0,1.0
97,4,4750,0.990928051176503,0.5085619878484376,5.204229296396079e-07,1.0,1.0
97,4,4800,0.9922805398610051,0.5082513527336335,5.17164835400763e-07,1.0,1.0
97,4,4850,0.9932634981928107,0.5080251969759033,5.153547704139783e-07,1.0,1.0
97,4,4900,0.9940152351853472,0.5078447957781655,5.135266292199958e-07,1.0,1.0
97,4,4950,0.9945989321032376,0.5077267645479514,5.098703468320309e-07,1.0,1.0
97,4,5000,0.9950708879005055,0.5076943656232633,5.070104975857248e-07,1.0,1.0
97,4,5050,0.9954571884547667,0.5076835561127486,5.052185656495567e-07,1.0,1.0
97,4,5100,0.9957825780117804,0.507733346407886,5.046574642619817e-07,1.0,1.0
97,4,5150,0.996044410931592,0.507804154447766,4.988653472537408e-07,1.0,1.0
97,4,5200,0.9962704994088827,0.5078604594389549,4.979060008736269e-07,1.0,1.0
97,4,5250,0.9964543327996048,0.5078932662521645,4.957520332027343e-07,1.0,1.0
97,4,5300,0.996615044511416,0.5078561879742036,4.918604759041045e-07,1.0,1.0
97,4,5350,0.9967408170299746,0.5078274451427012,4.92113883865386e-07,1.0,1.0
97,4,5400,0.996840124894245,0.5078303455569642,4.891454068456369e-07,1.0,1.0
97,4,5450,0.996931695282992,0.5078549373983537,4.87063857690373e-07,1.0,1.0
97,4,5500,0.9970105115056999,0.5079468961045757,4.853262112192169e-07,1.0,1.0
97,4,5550,0.9970750665676528,0.5080257286265434,4.835342792830488e-07,1.0,1.0
97,4,5600,0.9971379199739273,0.5081529567918612,4.808554194823955e-07,1.0,1.0
97,4,5650,0.9972028172757693,0.5083222733282823,4.796426651410002e-07,1.0,1.0
97,4,5700,0.9972648284078075,0.508494532235774,4.773982595907e-07,1.0,1.0
97,4,5750,0.9973244140296357,0.5085925490574482,4.7538910052935535e-07,1.0,1.0
97,4,5800,0.9973820533265407,0.5086803134709371,4.750089885874331e-07,1.0,1.0
97,4,5850,0.9974459250186695,0.5088442597992713,4.7070108166735736e-07,1.0,1.0
97,4,5900,0.9975125688879467,0.5090594067845701,4.693616517670307e-07,1.0,1.0
97,4,5950,0.9975779972546214,0.5092695197353642,4.678955178860633e-07,1.0,1.0
97,4,6000,0.99763975666729,0.5094578911202953,4.6539767595277226e-07,1.0,1.0
97,4,6050,0.9976965313390251,0.5096842522367252,4.639677229079098e-07,1.0,1.0
97,4,6100,0.997749130203689,0.5099593940115118,4.6212147708502016e-07,1.0,1.0
97,4,6150,0.9977986011039472,0.5103411166791297,4.609449604231486e-07,1.0,1.0
97,4,6200,0.9978464130213716,0.5107597434455793,4.578135985866538e-07,1.0,1.0
97,4,6250,0.9978920400282435,0.5111952410586224,4.5589496266984497e-07,1.0,1.0
97,4,6300,0.9979424297344034,0.5118110726679236,4.554967460990156e-07,1.0,1.0
97,4,6350,0.9979951030665485,0.512583313742577,4.5404871684695536e-07,1.0,1.0
97,4,6400,0.9980464899053111,0.5134186664078643,4.5142414251131413e-07,1.0,1.0
97,4,6450,0.9980930245052103,0.5142563205844687,4.4952361122341244e-07,1.0,1.0
97,4,6500,0.9981359037761154,0.5151543441335932,4.479307733618043e-07,1.0,1.0
97,4,6550,0.9981781464972811,0.5161312702449397,4.468085421649448e-07,1.0,1.0
97,4,6600,0.9982206857699308,0.517439484924783,4.444735850483994e-07,1.0,1.0
97,4,6650,0.9982630057272003,0.519510651178746,4.4425638634493225e-07,1.0,1.0
97,4,6700,0.9983012372185145,0.5224572739108804,4.4327896375762066e-07,1.0,1.0
97,4,6750,0.9983325711585792,0.5275473560751341,4.413603278408118e-07,1.0,1.0
97,4,6800,0.9983564147059638,0.5375560296956885,4.3913397007599997e-07,1.0,1.0
97,4,6850,0.9983755521107041,0.5619299676053933,4.379936342502333e-07,1.0,1.0
97,4,6900,0.9983905766266222,0.6455045958719268,4.362560162007867e-07,1.0,1.0
97,4,6950,0.9984002700320095,0.954309271536079,4.3491658630046004e-07,1.0,1.0
97,4,7000,0.9984059416468682,0.9891723239417762,4.3348663325559755e-07,1.0,1.0
97,4,7050,0.9984098641268997,0.9919387170264381,4.324549252032739e-07,1.0,1.0
97,4,7100,0.9984114532111088,0.992517501443209,4.295769429063512e-07,1.0,1.0
97,4,7150,0.9984112063195405,0.9927062125336181,4.290882316126954e-07,1.0,1.0
97,4,7200,0.9984066388080083,0.9927983891661424,4.2834614077946753e-07,1.0,1.0
97,4,7250,0.9983982753352263,0.9928567736755647,4.274954221727967e-07,1.0,1.0
97,4,7300,0.9983877593095152,0.9929033733035775,4.258663750533742e-07,1.0,1.0
97,4,7350,0.9983749270058662,0.9929415614247588,4.252509597790777e-07,1.0,1.0
97,4,7400,0.9983617576070425,0.9929775754358777,4.233866093272809e-07,1.0,1.0
97,4,7450,0.9983482844762809,0.993011974466991,4.211964608202834e-07,1.0,1.0
97,4,7500,0.998332126136191,0.9930454992915273,4.196941461032111e-07,1.0,1.0
97,4,7550,0.9983145911133545,0.9930779788315187,4.1824608842944144e-07,1.0,1.0
97,4,7600,0.998298795838509,0.9931078723126405,4.161464630669798e-07,1.0,1.0
97,4,7650,0.9982823807249024,0.9931397896171346,4.1645415649327333e-07,1.0,1.0
97,4,7700,0.9982632854085868,0.9931744319812211,4.1487942326057237e-07,1.0,1.0
97,4,7750,0.9982409167548354,0.993211428071633,4.136304880830721e-07,1.0,1.0
97,4,7800,0.998218177868616,0.9932485212313407,4.143364265019045e-07,1.0,1.0
97,4,7850,0.9981927251347318,0.9932826163075316,4.1220056345991907e-07,1.0,1.0
97,4,7900,0.9981658533034771,0.9933151392006351,4.0953980828817294e-07,1.0,1.0
97,4,7950,0.9981414692511967,0.9933456728367623,4.080374651493912e-07,1.0,1.0
97,4,8000,0.9981168475552766,0.9933790810560486,4.081822737589391e-07,1.0,1.0
97,4,8050,0.9980888107613555,0.9934134932466621,4.073134505233611e-07,1.0,1.0
97,4,8100,0.9980580552331093,0.993450971191385,4.0628174247103743e-07,1.0,1.0
97,4,8150,0.9980274393042149,0.9934886877423513,4.049784934068157e-07,1.0,1.0
97,4,8200,0.997994838282818,0.9935259377351019,4.0193762629314733e-07,1.0,1.0
97,4,8250,0.9979622281319865,0.9935638390778628,4.022815289772552e-07,1.0,1.0
97,4,8300,0.9979282421708159,0.9936016162354505,4.006886911156471e-07,1.0,1.0
97,4,8350,0.997891952600163,0.9936339045558005,4.003447884315392e-07,1.0,1.0
97,4,8400,0.9978556705317961,0.9936639828618963,3.9819084918235603e-07,1.0,1.0
97,4,8450,0.9978209120589543,0.9936904457150062,3.9867956047601183e-07,1.0,1.0
97,4,8500,0.9977836794735597,0.9937216634043899,3.9574729271407705e-07,1.0,1.0
97,4,8550,0.9977472053096483,0.9937572578312629,3.9569297882735555e-07,1.0,1.0
97,4,8600,0.9977122344279742,0.993795649983597,3.948965741074062e-07,1.0,1.0
97,4,8650,0.9976756568929535,0.9938341201586501,3.9321324152297166e-07,1.0,1.0
97,4,8700,0.9976428081746566,0.9938727028147488,3.9272453022931586e-07,1.0,1.0
97,4,8750,0.9976095018252076,0.9939115020702177,3.914936996807228e-07,1.0,1.0
97,4,8800,0.9975747991314516,0.9939495191103718,3.8999135654194106e-07,1.0,1.0
97,4,8850,0.9975375868814553,0.9939869948446868,3.8852522266097367e-07,1.0,1.0
97,4,8900,0.9974983206294192,0.9940263350103156,3.8863382201270724e-07,1.0,1.0
97,4,8950,0.9974591189561263,0.994068799448563,3.8707719340891344e-07,1.0,1.0
97,4,9000,0.9974151945893135,0.9941121742366376,3.8619026554442826e-07,1.0,1.0
97,4,9050,0.9973652129783029,0.9941588579359865,3.840725355530594e-07,1.0,1.0
97,4,9100,0.9973165938091257,0.9942058361933347,3.844345428660745e-07,1.0,1.0
97,4,9150,0.997263367505632,0.9942521515008775,3.834028063920414e-07,1.0,1.0
97,4,9200,0.9972095252785745,0.994296515520264,3.8088685982984316e-07,1.0,1.0
97,4,9250,0.9971542032784517,0.9943414743073888,3.8128507640067255e-07,1.0,1.0
97,4,9300,0.9970967709699244,0.9943866033023178,3.812126578850439e-07,1.0,1.0
97,4,9350,0.9970352477330007,0.9944330824798184,3.785337980843906e-07,1.0,1.0
97,4,9400,0.9969680281670363,0.9944781379099038,3.783889894748427e-07,1.0,1.0
97,4,9450,0.9968939610909335,0.9945233038530348,3.771219780901447e-07,1.0,1.0
97,4,9500,0.996815946057264,0.9945702318644396,3.7616266013174027e-07,1.0,1.0
97,4,9550,0.9967292241811633,0.9946164147573545,3.7641606809302175e-07,1.0,1.0
97,4,9600,0.9966361325650767,0.9946621353986125,3.750223243059736e-07,1.0,1.0
97,4,9650,0.9965411826120714,0.9947066608029792,3.7455171764122497e-07,1.0,1.0
97,4,9700,0.9964352166300012,0.9947508224219448,3.7275978570505686e-07,1.0,1.0
97,4,9750,0.9963261202520326,0.9947932577402089,3.714565366408351e-07,1.0,1.0
97,4,9800,0.9962077060838261,0.9948341879003584,3.70732522014805e-07,1.0,1.0
97,4,9850,0.9960711910550176,0.9948740639637818,3.6919399803991837e-07,1.0,1.0
97,4,9900,0.9959195615161868,0.9949118685805063,3.6812608072978037e-07,1.0,1.0
97,4,9950,0.9957530060630836,0.9949499128883842,3.676192648072174e-07,1.0,1.0
97,4,10000,0.9955661294781877,0.994989010703151,3.6751066545548383e-07,1.0,1.0
97,5,0,0.20173643544460235,0.2649129461005412,4.575335502624512,0.01138779241591692,0.012752391397953033
97,5,50,0.19457861288297043,0.32680315690494005,2.3366451263427734,0.8311569690704346,0.0
97,5,100,0.35172362039392424,0.2860409841700227,0.0348660871386528,1.0,0.0010626992443576455
97,5,150,0.3950562457203989,0.3275685915610768,0.011897883377969265,1.0,0.003542330814525485
97,5,200,0.4294837150147442,0.40772631678613575,0.006682786159217358,1.0,0.015232022851705551
97,5,250,0.4536623848120113,0.4369093507968149,0.0035426297690719366,1.0,0.0538434274494648
97,5,300,0.431077681129029,0.45842104675629775,0.0018948335200548172,1.0,0.1335458755493164
97,5,350,0.795374539924495,0.47692135802155217,0.0010363098699599504,1.0,0.2600070834159851
97,5,400,0.8336506368585642,0.4923827725268023,0.0005762598011642694,1.0,0.4190577268600464
97,5,450,0.8594551348360377,0.506625992251262,0.0003246821870561689,1.0,0.5837761163711548
97,5,500,0.8741458095734104,0.5191995466354588,0.00018511923553887755,1.0,0.7275947332382202
97,5,550,0.8811362754807385,0.5304180104911276,0.00010693584044929594,1.0,0.8448458909988403
97,5,600,0.8836383036564758,0.5404600242934536,6.26868786639534e-05,1.0,0.9160467386245728
97,5,650,0.8932884275050565,0.5488210935054988,3.723704139702022e-05,1.0,0.9571377635002136
97,5,700,0.8781869884825405,0.5583330726835448,2.2560954676009715e-05,1.0,0.9805171489715576
97,5,750,0.499683995554974,0.5697433691979098,1.4021160495758522e-05,1.0,0.9911441802978516
97,5,800,0.45982283021658005,0.5842700113776406,8.973185686045326e-06,1.0,0.9957491755485535
97,5,850,0.44565353052068585,0.600006158576444,5.955618689768016e-06,1.0,0.997166097164154
97,5,900,0.46607802949776245,0.616149648820553,4.10598340749857e-06,1.0,0.9989373087882996
97,5,950,0.4849318915582709,0.6328774163321501,2.9483023809007136e-06,1.0,0.9992915391921997
97,5,1000,0.4993112596064969,0.6641692208224577,2.207760871897335e-06,1.0,0.9996457695960999
97,5,1050,0.5071436857455751,0.6911948431076037,1.7295300267505809e-06,1.0,1.0
97,5,1100,0.5101231033166224,0.7314833378386777,1.4207008689481881e-06,1.0,1.0
97,5,1150,0.5076933338338673,0.8258691805107439,1.227352299792983e-06,1.0,1.0
97,5,1200,0.4983721028833691,0.8931483147911567,1.1036904652428348e-06,1.0,1.0
97,5,1250,0.488239056964295,0.8676187010270131,1.033098783409514e-06,1.0,1.0
97,5,1300,0.49314888758790726,0.8165562159893118,9.898569715005578e-07,1.0,1.0
97,5,1350,0.5026129919848343,0.7599145845144342,9.663807531978819e-07,1.0,1.0
97,5,1400,0.5148906102199557,0.729196855612062,9.507238587502798e-07,1.0,1.0
97,5,1450,0.522224916420329,0.704073505343045,9.394835274179059e-07,1.0,1.0
97,5,1500,0.5238833462142387,0.6839035346893666,9.295463883063348e-07,1.0,1.0
97,5,1550,0.524717546800249,0.6642346882108878,9.204781008520513e-07,1.0,1.0
97,5,1600,0.5253591114318654,0.6368443879448408,9.121338280237978e-07,1.0,1.0
97,5,1650,0.525820450183598,0.6209960029229135,9.031921877067361e-07,1.0,1.0
97,5,1700,0.5265361838023525,0.6078217312039309,8.927663657232188e-07,1.0,1.0
97,5,1750,0.5278119123697074,0.5953151333837393,8.83987695488031e-07,1.0,1.0
97,5,1800,0.5295064221569618,0.5837846956557593,8.7405055637646e-07,1.0,1.0
97,5,1850,0.5318478070284365,0.5735021929676728,8.636608868073381e-07,1.0,1.0
97,5,1900,0.5353823748074135,0.5644491771164624,8.536333098163595e-07,1.0,1.0
97,5,1950,0.541222976298994,0.5563103967628661,8.443839760730043e-07,1.0,1.0
97,5,2000,0.5563692621101838,0.5495135181422253,8.350984899152536e-07,1.0,1.0
97,5,2050,0.6334126803498363,0.5437019446437786,8.251613508036826e-07,1.0,1.0
97,5,2100,0.9764583675792804,0.5385223988444005,8.156405328918481e-07,1.0,1.0
97,5,2150,0.986408749420095,0.533915057440298,8.071876322901517e-07,1.0,1.0
97,5,2200,0.9898015497725692,0.5298048568426845,7.981012117852515e-07,1.0,1.0
97,5,2250,0.9917118558012897,0.5260601350382471,7.885080322012072e-07,1.0,1.0
97,5,2300,0.9929416895316301,0.5227431006045065,7.805076620570617e-07,1.0,1.0
97,5,2350,0.9937692920860499,0.5196877298678094,7.721633323853894e-07,1.0,1.0
97,5,2400,0.99432740638955,0.5170301210223347,7.637828502993216e-07,1.0,1.0
97,5,2450,0.9947348417660997,0.5146251371950803,7.553661589554395e-07,1.0,1.0
97,5,2500,0.9950508800216991,0.51242281172452,7.467141927008925e-07,1.0,1.0
97,5,2550,0.9952911763485842,0.5105114540081906,7.400351478281664e-07,1.0,1.0
97,5,2600,0.9955057951619178,0.5088153134513783,7.334284646276501e-07,1.0,1.0
97,5,2650,0.9956921320326761,0.5071530369658878,7.254100182763068e-07,1.0,1.0
97,5,2700,0.9958569133802073,0.5055243944616221,7.193644364633656e-07,1.0,1.0
97,5,2750,0.9960014706556399,0.5072742655014677,7.116898927961302e-07,1.0,1.0
97,5,2800,0.9961234563497547,0.5101180554492449,7.051013426462305e-07,1.0,1.0
97,5,2850,0.996227527511014,0.5131847674653774,6.982955937928637e-07,1.0,1.0
97,5,2900,0.9963269385242765,0.5165154574082578,6.919423185536289e-07,1.0,1.0
97,5,2950,0.9964190876163211,0.5201899445319742,6.861139922875736e-07,1.0,1.0
97,5,3000,0.996504871351136,0.524464163516199,6.802133043493086e-07,1.0,1.0
97,5,3050,0.9965831193132062,0.5296446348062569,6.751813543814933e-07,1.0,1.0
97,5,3100,0.9966564352548754,0.5358918541719737,6.690815439469588e-07,1.0,1.0
97,5,3150,0.9967253766877131,0.5436530232888782,6.633075031459157e-07,1.0,1.0
97,5,3200,0.9967881588743225,0.5535382358790863,6.587823691006633e-07,1.0,1.0
97,5,3250,0.9968480039921782,0.5663931448856842,6.537323997690692e-07,1.0,1.0
97,5,3300,0.9969045501677333,0.5837704376271274,6.491710564660025e-07,1.0,1.0
97,5,3350,0.9969558909055751,0.6073857501651575,6.433970725083782e-07,1.0,1.0
97,5,3400,0.9970037504711448,0.6415901101788206,6.395778768819582e-07,1.0,1.0
97,5,3450,0.9970477750375021,0.692613652461666,6.340210347843822e-07,1.0,1.0
97,5,3500,0.9970910887565678,0.7517127690451348,6.294597483247344e-07,1.0,1.0
97,5,3550,0.9971370238701718,0.809008195897942,6.241743903956376e-07,1.0,1.0
97,5,3600,0.9971846303029167,0.8558494110868715,6.195226092131634e-07,1.0,1.0
97,5,3650,0.9972306927656756,0.891053034751515,6.168980348775222e-07,1.0,1.0
97,5,3700,0.9972743346348956,0.915959454976811,6.135494459158508e-07,1.0,1.0
97,5,3750,0.9973139963629524,0.9333165666931537,6.07920242146065e-07,1.0,1.0
97,5,3800,0.9973502194583336,0.945451002599994,6.043001690159144e-07,1.0,1.0
97,5,3850,0.9973873160102004,0.9541649444295888,6.006438866279495e-07,1.0,1.0
97,5,3900,0.9974240061564676,0.9604757807820938,5.973134307168948e-07,1.0,1.0
97,5,3950,0.9974581756908966,0.9652153462286941,5.938562139817805e-07,1.0,1.0
97,5,4000,0.9974873257702703,0.9688599347428818,5.910325739932887e-07,1.0,1.0
97,5,4050,0.9975154970725564,0.9717365520993804,5.868513994755631e-07,1.0,1.0
97,5,4100,0.9975443173730779,0.9740334806440142,5.831589078297839e-07,1.0,1.0
97,5,4150,0.9975730092422319,0.9758963640461639,5.795931201646454e-07,1.0,1.0
97,5,4200,0.9976030299596992,0.9774496233763491,5.763350827692193e-07,1.0,1.0
97,5,4250,0.9976302162054647,0.9787543648282598,5.735657282457396e-07,1.0,1.0
97,5,4300,0.9976566734445765,0.9798389398894444,5.711040671485534e-07,1.0,1.0
97,5,4350,0.9976842399246278,0.9807676211693238,5.680088861481636e-07,1.0,1.0
97,5,4400,0.9977112733498835,0.9815810805872055,5.644250222758274e-07,1.0,1.0
97,5,4450,0.9977382412301663,0.9822966119892053,5.620719321086654e-07,1.0,1.0
97,5,4500,0.9977658317263348,0.9829373038236979,5.585423537013412e-07,1.0,1.0
97,5,4550,0.9977888744059585,0.9835133847188098,5.554471727009513e-07,1.0,1.0
97,5,4600,0.997806945615484,0.9840308364176197,5.523339154933637e-07,1.0,1.0
97,5,4650,0.9978205110280838,0.9844921979864346,5.504514888343692e-07,1.0,1.0
97,5,4700,0.9978311485060037,0.9849107232421628,5.462883905238414e-07,1.0,1.0
97,5,4750,0.9978385776490133,0.9852904678038877,5.443154691420204e-07,1.0,1.0
97,5,4800,0.9978419379009703,0.9856443667257637,5.428130975815293e-07,1.0,1.0
97,5,4850,0.9978435854698443,0.985971091582388,5.392292337091931e-07,1.0,1.0
97,5,4900,0.9978438550414267,0.9862819475317418,5.369847713154741e-07,1.0,1.0
97,5,4950,0.9978408654483923,0.9865708259108745,5.345955287339166e-07,1.0,1.0
97,5,5000,0.997831883897988,0.9868391897194473,5.313555675456882e-07,1.0,1.0
97,5,5050,0.9978194918139129,0.9870870737775621,5.295997880239156e-07,1.0,1.0
97,5,5100,0.9978079164289906,0.9873157163290456,5.270657652545196e-07,1.0,1.0
97,5,5150,0.9977941313139421,0.9875253649526825,5.245136094345071e-07,1.0,1.0
97,5,5200,0.9977795269621137,0.9877227879531968,5.224320602792432e-07,1.0,1.0
97,5,5250,0.9977674062761499,0.9879116208629675,5.211650204728357e-07,1.0,1.0
97,5,5300,0.9977557494005415,0.9880925073990477,5.190110528019432e-07,1.0,1.0
97,5,5350,0.9977431876424967,0.9882651002840901,5.151013624526968e-07,1.0,1.0
97,5,5400,0.9977299187749227,0.9884225102676778,5.133637728249596e-07,1.0,1.0
97,5,5450,0.9977145564326844,0.9885711009495334,5.116623356116179e-07,1.0,1.0
97,5,5500,0.9976949254585934,0.9887099312679379,5.092549599794438e-07,1.0,1.0
97,5,5550,0.9976729022553127,0.9888421469577177,5.080241294308507e-07,1.0,1.0
97,5,5600,0.9976484247962594,0.9889670256291216,5.050556524111016e-07,1.0,1.0
97,5,5650,0.997626136263159,0.9890828443664671,5.036800416746701e-07,1.0,1.0
97,5,5700,0.9976046754698826,0.9891918585017262,5.014717885387654e-07,1.0,1.0
97,5,5750,0.9975833345786734,0.9892937206086942,4.997341420676094e-07,1.0,1.0
97,5,5800,0.9975637282913481,0.989387728140437,4.98630015499657e-07,1.0,1.0
97,5,5850,0.9975459865548993,0.9894757887915661,4.954805490342551e-07,1.0,1.0
97,5,5900,0.997529673046302,0.989558589758168,4.950642278345185e-07,1.0,1.0
97,5,5950,0.9975173747947245,0.9896363234585599,4.92674985252961e-07,1.0,1.0
97,5,6000,0.9975086049775854,0.9897106314593574,4.904124466520443e-07,1.0,1.0
97,5,6050,0.9974973830624091,0.9897794334426889,4.886205147158762e-07,1.0,1.0
97,5,6100,0.9974846879967019,0.9898439691179535,4.871362762060016e-07,1.0,1.0
97,5,6150,0.9974681552636706,0.9899079232393382,4.847469767810253e-07,1.0,1.0
97,5,6200,0.9974454101170039,0.9899655447442187,4.834256515096058e-07,1.0,1.0
97,5,6250,0.9974140455819513,0.9900183197324665,4.808011340173834e-07,1.0,1.0
97,5,6300,0.9973783426732176,0.9900682028690029,4.790453544956108e-07,1.0,1.0
97,5,6350,0.9973375794261915,0.9901162275602051,4.7683712978141557e-07,1.0,1.0
97,5,6400,0.9972857489607012,0.9901607279868541,4.759502019169304e-07,1.0,1.0
97,5,6450,0.997220267543844,0.9902021245470031,4.749546747007116e-07,1.0,1.0
97,5,6500,0.9971425981121662,0.9902397394443985,4.7386865276166645e-07,1.0,1.0
97,5,6550,0.9970512751042738,0.9902709912685947,4.711535837031988e-07,1.0,1.0
97,5,6600,0.996955103141417,0.9902994169846471,4.706467962023453e-07,1.0,1.0
97,5,6650,0.9968545763127935,0.9903252021619172,4.69596955099405e-07,1.0,1.0
97,5,6700,0.9967441759107726,0.9903499888929199,4.6718960788894037e-07,1.0,1.0
97,5,6750,0.9966224923009182,0.9903720016788968,4.652347627143172e-07,1.0,1.0
97,5,6800,0.9964918934785252,0.9903909206796216,4.641125315174577e-07,1.0,1.0
97,5,6850,0.9963405384628047,0.9904048186694631,4.628817009688646e-07,1.0,1.0
97,5,6900,0.9961654530683869,0.9904146526085277,4.6107166440378933e-07,1.0,1.0
97,5,6950,0.9959728420450487,0.9904235866289395,4.604562491294928e-07,1.0,1.0
97,5,7000,0.9957613574087238,0.9904286628854791,4.576144760903844e-07,1.0,1.0
97,5,7050,0.9955251495592087,0.9904279631527778,4.5690856609326147e-07,1.0,1.0
97,5,7100,0.9952544310734563,0.9904242580717213,4.5453742814061115e-07,1.0,1.0
97,5,7150,0.994933905088361,0.9904163126210561,4.5428402017932967e-07,1.0,1.0
97,5,7200,0.994557589383472,0.9904037156669546,4.527454677827336e-07,1.0,1.0
97,5,7250,0.9941235686862679,0.9903878559058562,4.5122504843675415e-07,1.0,1.0
97,5,7300,0.9936251960731031,0.9903680474449786,4.4992182779424184e-07,1.0,1.0
97,5,7350,0.9930387789765385,0.9903435017072996,4.474601666970557e-07,1.0,1.0
97,5,7400,0.9923424619265677,0.9903117802469587,4.46627552719292e-07,1.0,1.0
97,5,7450,0.9915035344755975,0.9902720158556036,4.4595782355827396e-07,1.0,1.0
97,5,7500,0.9905123147839874,0.9902266348549309,4.456863109680853e-07,1.0,1.0
97,5,7550,0.9893325025708412,0.9901772458577559,4.420300285801204e-07,1.0,1.0
97,5,7600,0.987876977494577,0.9901256527744133,4.415413172864646e-07,1.0,1.0
97,5,7650,0.9860511653849867,0.9900665011940595,4.4011139266331156e-07,1.0,1.0
97,5,7700,0.9837109959207138,0.9900022158091023,4.383737461921555e-07,1.0,1.0
97,5,7750,0.9806123869445923,0.9899339399470003,4.3806605276586197e-07,1.0,1.0
97,5,7800,0.9763563123761905,0.9898568535184186,4.377945401756733e-07,1.0,1.0
97,5,7850,0.9700165652700068,0.9897660310210263,4.365456049981731e-07,1.0,1.0
97,5,7900,0.9589540812422718,0.9896298182398428,4.346450737102714e-07,1.0,1.0
97,5,7950,0.9327889865193355,0.9892714920082438,4.3379435510360054e-07,1.0,1.0
97,5,8000,0.8377373798542296,0.9841162199716409,4.3193000465180376e-07,1.0,1.0
97,5,8050,0.6821254808701686,0.5674455612308306,4.3145939798705513e-07,1.0,1.0
97,5,8100,0.5888719105744683,0.5185770414476565,4.28997736889869e-07,1.0,1.0
97,5,8150,0.5518566216405403,0.5081136929831466,4.289796322609618e-07,1.0,1.0
97,5,8200,0.5333940861407087,0.5037019931767355,4.2688000689850014e-07,1.0,1.0
97,5,8250,0.5223739988319895,0.5011476146202369,4.2492516172387695e-07,1.0,1.0
97,5,8300,0.514902202577217,0.49950559237907843,4.245088405241404e-07,1.0,1.0
97,5,8350,0.5094007374336437,0.4983213818438682,4.249070570949698e-07,1.0,1.0
97,5,8400,0.5048723621854512,0.4974660754391456,4.238210351559246e-07,1.0,1.0
97,5,8450,0.5011288492492026,0.49680892983144304,4.21974789333035e-07,1.0,1.0
97,5,8500,0.5091963521600802,0.4962382838284145,4.199294494355854e-07,1.0,1.0
97,5,8550,0.5232166521578617,0.49579440323161245,4.1945881434912735e-07,1.0,1.0
97,5,8600,0.5532828411707369,0.49542187304033725,4.186080957424565e-07,1.0,1.0
97,5,8650,0.6457983894904918,0.49514607178465625,4.177393009285879e-07,1.0,1.0
97,5,8700,0.8502497239564528,0.4948896280750326,4.157844557539647e-07,1.0,1.0
97,5,8750,0.9670265911791736,0.4946477914415058,4.154043438120425e-07,1.0,1.0
97,5,8800,0.9780259287708327,0.49440930298526226,4.141191993767279e-07,1.0,1.0
97,5,8850,0.9826677523924496,0.4941951242590807,4.1343139400851214e-07,1.0,1.0
97,5,8900,0.9856348685627571,0.4940077345652164,4.1191094624082325e-07,1.0,1.0
97,5,8950,0.9877836391081051,0.49382746078167544,4.113679494821554e-07,1.0,1.0
97,5,9000,0.9894309844295497,0.4936769848401508,4.10770638836766e-07,1.0,1.0
97,5,9050,0.9907458252450628,0.493530865014947,4.088700791271549e-07,1.0,1.0
97,5,9100,0.9918256338869301,0.49338671701288495,4.092682956979843e-07,1.0,1.0
97,5,9150,0.9927107668967241,0.49328514304825655,4.0620932395540876e-07,1.0,1.0
97,5,9200,0.9934569081295088,0.49316712914080185,4.0686094848751964e-07,1.0,1.0
97,5,9250,0.9940882829649575,0.4930339175629353,4.0534050071983074e-07,1.0,1.0
97,5,9300,0.9946234342732324,0.4928946809756111,4.039648899833992e-07,1.0,1.0
97,5,9350,0.9950827724918151,0.49275563728734856,4.036571681353962e-07,1.0,1.0
97,5,9400,0.9954831622451552,0.4926064720395457,4.0168421833186585e-07,1.0,1.0
97,5,9450,0.995836754845288,0.4924646423812716,4.00833499725195e-07,1.0,1.0
97,5,9500,0.996148260244148,0.4923224847557858,4.007249003734614e-07,1.0,1.0
97,5,9550,0.9964245396594247,0.49217662227342307,4.0007330426306e-07,1.0,1.0
97,5,9600,0.9966657063412802,0.4920346518943184,3.9945788898876344e-07,1.0,1.0
97,5,9650,0.9968759992424112,0.4918702070743024,3.968514192820294e-07,1.0,1.0
97,5,9700,0.9970625429132532,0.4917045498858161,3.988424737144669e-07,1.0,1.0
97,5,9750,0.9972273142220623,0.4915312747366471,3.95385285401062e-07,1.0,1.0
97,5,9800,0.9973769299240403,0.4913547476520042,3.974668345563259e-07,1.0,1.0
97,5,9850,0.9975090722499321,0.4911640632666258,3.932313461518788e-07,1.0,1.0
97,5,9900,0.9976244150089191,0.49097208820989535,3.940820647585497e-07,1.0,1.0
97,5,9950,0.9977231170981935,0.4907834970976153,3.9321324152297166e-07,1.0,1.0
97,5,10000,0.997810701513449,0.49058727274758734,3.911497969966149e-07,1.0,1.0
113,1,0,0.18332454278315058,0.23469551714183354,4.727849006652832,0.01029313076287508,0.008874966762959957
113,1,50,0.24273400790821706,0.20802803460689373,2.7649385929107666,0.7016111016273499,0.0
113,1,100,0.27464629671388435,0.21408849273307481,0.04728560894727707,1.0,0.003915426786988974
113,1,150,0.3526774581147141,0.22662425309906117,0.012402098625898361,1.0,0.018794048577547073
113,1,200,0.3760918889499168,0.24008182370874778,0.007120976690202951,1.0,0.05847037211060524
113,1,250,0.3833997677528886,0.25042598537678346,0.003821996273472905,1.0,0.14017227292060852
113,1,300,0.39799971145460705,0.24976332798517428,0.0020610245410352945,1.0,0.2761680781841278
113,1,350,0.4001307584465468,0.2624938225272395,0.001132232486270368,1.0,0.4458365738391876
113,1,400,0.3822333296249624,0.27113000271321996,0.0006313674384728074,1.0,0.614721953868866
113,1,450,0.4101916088469915,0.2720152071872736,0.00035694523830898106,1.0,0.761419951915741
113,1,500,0.4326731686017421,0.2845643806861312,0.00020399897766765207,1.0,0.8694857358932495
113,1,550,0.45287948973930564,0.2966225647549086,0.00011793013254646212,1.0,0.9339597821235657
113,1,600,0.462894501302292,0.30474531764690804,6.906247290316969e-05,1.0,0.9686765670776367
113,1,650,0.4655461195967546,0.32295424599433403,4.109099609195255e-05,1.0,0.9853823781013489
113,1,700,0.4662337822141226,0.34304669637510476,2.4933966415119357e-05,1.0,0.9932132363319397
113,1,750,0.46566162931385346,0.36166331800451024,1.5497727872570977e-05,1.0,0.9968675971031189
113,1,800,0.4630880261792646,0.37603006364361213,9.927847713697702e-06,1.0,0.9986948370933533
113,1,850,0.4568797902740067,0.387566931462517,6.587666575796902e-06,1.0,0.9989558458328247
113,1,900,0.45253724762980047,0.3970220486464529,4.542552687780699e-06,1.0,0.9994779229164124
113,1,950,0.44182960572843527,0.414237565570639,3.265877239755355e-06,1.0,0.9994779229164124
113,1,1000,0.4202972192512182,0.4598106044571694,2.454766672599362e-06,1.0,0.9997389316558838
113,1,1050,0.4459991969386439,0.5170425842336461,1.930608732436667e-06,1.0,0.9999999403953552
113,1,1100,0.490463241887221,0.5572719633980281,1.5928669654385885e-06,1.0,0.9999999403953552
113,1,1150,0.49455078606907815,0.5896158075852777,1.3782556607111474e-06,1.0,0.9999999403953552
113,1,1200,0.49785394436721236,0.6123846348759391,1.2462290897019557e-06,1.0,0.9999999403953552
113,1,1250,0.5037872598334838,0.6285213049848024,1.168005496765545e-06,1.0,0.9999999403953552
113,1,1300,0.511861121481435,0.6410318405700368,1.1226318292756332e-06,1.0,0.9999999403953552
113,1,1350,0.5155541146896784,0.6519415268828085,1.0963439081024262e-06,1.0,0.9999999403953552
113,1,1400,0.5228328958085107,0.6636389841820981,1.0792721241159597e-06,1.0,0.9999999403953552
113,1,1450,0.5374378480948377,0.677839542291182,1.0665482932381565e-06,1.0,0.9999999403953552
113,1,1500,0.5495071941745047,0.6962028706126155,1.0554382470218115e-06,1.0,0.9999999403953552
113,1,1550,0.5645347777492233,0.71297333445549,1.0454085668243351e-06,1.0,0.9999999403953552
113,1,1600,0.5876927706425522,0.7286945288670761,1.0342718042011256e-06,1.0,0.9999999403953552
113,1,1650,0.6343361166623193,0.7458576118741611,1.0232151907985099e-06,1.0,0.9999999403953552
113,1,1700,0.7334888572317015,0.765894508688593,1.0127987479791045e-06,1.0,0.9999999403953552
113,1,1750,0.8355530126977391,0.7983789433781673,1.0023821914728615e-06,1.0,0.9999999403953552
113,1,1800,0.9263731389673995,0.8370320588502238,9.903652653520112e-07,1.0,0.9999999403953552
113,1,1850,0.9632478967041572,0.8672609152213608,9.791218644750188e-07,1.0,0.9999999403953552
113,1,1900,0.9781842427407345,0.8922780375462134,9.674250804891926e-07,1.0,0.9999999403953552
113,1,1950,0.9851445539150786,0.9137263472423738,9.558615374771762e-07,1.0,0.9999999403953552
113,1,2000,0.9888519921258399,0.929735042363872,9.444980832995498e-07,1.0,0.9999999403953552
113,1,2050,0.991060651957514,0.9411273259610777,9.333214165963e-07,1.0,0.9999999403953552
113,1,2100,0.9925037286160632,0.9495204082510371,9.229983106706641e-07,1.0,0.9999999403953552
113,1,2150,0.9935024356713095,0.9559196136093492,9.128485771725536e-07,1.0,0.9999999403953552
113,1,2200,0.9942357544461224,0.9609088597779042,9.027388614413212e-07,1.0,0.9999999403953552
113,1,2250,0.9948139589236333,0.964918546686989,8.929358727982617e-07,1.0,0.9999999403953552
113,1,2300,0.9952885990923545,0.9681565804979217,8.83132940998621e-07,1.0,0.9999999403953552
113,1,2350,0.9956697440333319,0.9708402966744685,8.734634207030467e-07,1.0,0.9999999403953552
113,1,2400,0.9959825295225602,0.9730931643845592,8.641539466225368e-07,1.0,0.9999999403953552
113,1,2450,0.9962422614356267,0.9750168962001512,8.551378982701863e-07,1.0,0.9999999403953552
113,1,2500,0.9964709366224188,0.9766620477004395,8.467486622976139e-07,1.0,0.9999999403953552
113,1,2550,0.9966777137317411,0.9780883747100354,8.37639277051494e-07,1.0,0.9999999403953552
113,1,2600,0.9968694616768378,0.9793247651201596,8.285832109322655e-07,1.0,0.9999999403953552
113,1,2650,0.9970469733784221,0.9804110886832694,8.203674042306375e-07,1.0,0.9999999403953552
113,1,2700,0.9972040996479444,0.9813832326490548,8.122983103930892e-07,1.0,0.9999999403953552
113,1,2750,0.9973366938228634,0.9822755234876329,8.051494546634785e-07,1.0,0.9999999403953552
113,1,2800,0.9974535229041026,0.9830848667522395,7.97813925146329e-07,1.0,0.9999999403953552
113,1,2850,0.9975597925521643,0.9838277581183058,7.900382570369402e-07,1.0,0.9999999403953552
113,1,2900,0.9976545764674676,0.9845047266350617,7.826359933460481e-07,1.0,0.9999999403953552
113,1,2950,0.9977408389147101,0.9851320681729039,7.765808618387382e-07,1.0,0.9999999403953552
113,1,3000,0.9978182960805813,0.9857068813340333,7.69645396303531e-07,1.0,0.9999999403953552
113,1,3050,0.9978866328702435,0.9862317425099112,7.631767857674276e-07,1.0,0.9999999403953552
113,1,3100,0.9979477998325291,0.9867245013222402,7.563480721728411e-07,1.0,0.9999999403953552
113,1,3150,0.9980039010539752,0.9871921900904804,7.500928518311412e-07,1.0,0.9999999403953552
113,1,3200,0.9980534087209282,0.9876281825993738,7.436509008584835e-07,1.0,0.9999999403953552
113,1,3250,0.9980957039931401,0.9880329345275259,7.379158546427789e-07,1.0,0.9999999403953552
113,1,3300,0.9981331045567805,0.98841091184503,7.318073471651587e-07,1.0,0.9999999403953552
113,1,3350,0.9981653424625803,0.9887740597895597,7.264056876010727e-07,1.0,0.9999999403953552
113,1,3400,0.9981916475298136,0.9891135589383812,7.204972689578426e-07,1.0,0.9999999403953552
113,1,3450,0.9982120477376691,0.9894352577458255,7.152290208978229e-07,1.0,0.9999999403953552
113,1,3500,0.9982226627879454,0.9897341078871477,7.099073968674929e-07,1.0,0.9999999403953552
113,1,3550,0.9982275661320792,0.9900126377250785,7.050792873997125e-07,1.0,0.9999999403953552
113,1,3600,0.9982294570217203,0.9902791105901855,6.996376669121673e-07,1.0,0.9999999403953552
113,1,3650,0.9982278103979115,0.9905306171120103,6.944760571059305e-07,1.0,0.9999999403953552
113,1,3700,0.9982272352675148,0.9907690309228251,6.896613058415824e-07,1.0,0.9999999403953552
113,1,3750,0.9982240652493667,0.9909981906840393,6.851799412288528e-07,1.0,0.9999999403953552
113,1,3800,0.9982173661014545,0.9912193347476905,6.801117251598043e-07,1.0,0.9999999403953552
113,1,3850,0.9982064811182843,0.9914337830775388,6.754970058864274e-07,1.0,0.9999999403953552
113,1,3900,0.9981893636591701,0.99163811362775,6.712691060783982e-07,1.0,0.9999999403953552
113,1,3950,0.9981670891367934,0.9918322490143733,6.666943477284804e-07,1.0,0.9999999403953552
113,1,4000,0.9981468682387834,0.9920160940598509,6.632533313677413e-07,1.0,0.9999999403953552
113,1,4050,0.9981286564185847,0.992190316115193,6.587853249584441e-07,1.0,0.9999999403953552
113,1,4100,0.9981086729079486,0.9923568999247115,6.538771799569076e-07,1.0,0.9999999403953552
113,1,4150,0.9980872265303905,0.9925169128156004,6.505695182568161e-07,1.0,0.9999999403953552
113,1,4200,0.9980640841550064,0.9926713712652766,6.464482567025698e-07,1.0,0.9999999403953552
113,1,4250,0.9980428210135275,0.9928212945488356,6.42620420876483e-07,1.0,0.9999999403953552
113,1,4300,0.9980173510977366,0.9929646282545639,6.380190598065383e-07,1.0,0.9999999403953552
113,1,4350,0.9979736706694718,0.9931010220192772,6.350848593683622e-07,1.0,0.9999999403953552
113,1,4400,0.997917606882096,0.9932329728144078,6.308302431534685e-07,1.0,0.9999999403953552
113,1,4450,0.9978488667010049,0.9933609387994888,6.276959538809024e-07,1.0,0.9999999403953552
113,1,4500,0.9977530054873249,0.9934834122829077,6.238547598513833e-07,1.0,0.9999999403953552
113,1,4550,0.9976367791408953,0.9936020607003881,6.209072012097749e-07,1.0,0.9999999403953552
113,1,4600,0.9975045213174711,0.9937180149921248,6.170927235871204e-07,1.0,0.9999999403953552
113,1,4650,0.9973422850084467,0.9938308410968857,6.140384698483103e-07,1.0,0.9999999403953552
113,1,4700,0.9971469512141591,0.9939402106265186,6.100639780015626e-07,1.0,0.9999999403953552
113,1,4750,0.9969204843526908,0.9940448885272036,6.078632850403665e-07,1.0,0.9999999403953552
113,1,4800,0.9966669635680564,0.994147076426225,6.045689815437072e-07,1.0,0.9999999403953552
113,1,4850,0.9963799282712766,0.9942458126118674,6.013813163008308e-07,1.0,0.9999999403953552
113,1,4900,0.9960459861362196,0.9943415609876141,5.984337576592225e-07,1.0,0.9999999403953552
113,1,4950,0.9956142087293184,0.9944337916212406,5.950727768322395e-07,1.0,0.9999999403953552
113,1,5000,0.9950392483859556,0.994522385347171,5.922585728512786e-07,1.0,0.9999999403953552
113,1,5050,0.9942328234302215,0.994607304519418,5.898178301322332e-07,1.0,0.9999999403953552
113,1,5100,0.9930661289597608,0.9946890166488009,5.864568493052502e-07,1.0,0.9999999403953552
113,1,5150,0.9912818570292844,0.9947676911431511,5.831224711982941e-07,1.0,0.9999999403953552
113,1,5200,0.9883955325050634,0.9948427428599234,5.801616111966723e-07,1.0,0.9999999403953552
113,1,5250,0.9836752692424623,0.9949154199785549,5.785211101283494e-07,1.0,0.9999999403953552
113,1,5300,0.9750896436218913,0.9949852558491948,5.749200227000983e-07,1.0,0.9999999403953552
113,1,5350,0.9580180917641237,0.9950527769929131,5.726526524085784e-07,1.0,0.9999999403953552
113,1,5400,0.9206482430215338,0.9951188704685275,5.698117888641718e-07,1.0,0.9999999403953552
113,1,5450,0.8163238937015903,0.9951832197971778,5.677978833773523e-07,1.0,0.9999999403953552
113,1,5500,0.7137748017316002,0.995245718482954,5.655838890561427e-07,1.0,0.9999999403953552
113,1,5550,0.6382906138518218,0.9953066407101462,5.627563268717495e-07,1.0,0.9999999403953552
113,1,5600,0.6003750413598251,0.9953655080554982,5.600355166279769e-07,1.0,0.9999999403953552
113,1,5650,0.577132649111666,0.9954223990795208,5.580349125011708e-07,1.0,0.9999999403953552
113,1,5700,0.5609907953243218,0.9954769488495048,5.540337042475585e-07,1.0,0.9999999403953552
113,1,5750,0.5486528297772659,0.9955300017004791,5.524199195861001e-07,1.0,0.9999999403953552
113,1,5800,0.5388334408098627,0.9955811211034408,5.50259244391782e-07,1.0,0.9999999403953552
113,1,5850,0.534532319446123,0.9956305558272691,5.470582777888922e-07,1.0,0.9999999403953552
113,1,5900,0.5438900431402607,0.9956792552363198,5.453510993902455e-07,1.0,0.9999999403953552
113,1,5950,0.5552159225744822,0.9957268823511242,5.436439209915989e-07,1.0,0.9999999403953552
113,1,6000,0.5694807397583536,0.9957727738112574,5.406830041465582e-07,1.0,0.9999999403953552
113,1,6050,0.5865353211432113,0.9958163326131094,5.388558292906964e-07,1.0,0.9999999403953552
113,1,6100,0.6059036934263993,0.9958589022072585,5.360416253097355e-07,1.0,0.9999999403953552
113,1,6150,0.6341776006565361,0.9959006221003968,5.343210887076566e-07,1.0,0.9999999403953552
113,1,6200,0.6775865257261897,0.9959411587038243,5.321204525898793e-07,1.0,0.9999999403953552
113,1,6250,0.740742809014338,0.9959805287190331,5.300398129293171e-07,1.0,0.9999999403953552
113,1,6300,0.8059493887049948,0.9960192003651532,5.286527198222757e-07,1.0,0.9999999403953552
113,1,6350,0.8910233769079163,0.9960566490656036,5.266921334623476e-07,1.0,0.9999999403953552
113,1,6400,0.9347075662733102,0.9960929301867308,5.2350452506289e-07,1.0,0.9999999403953552
113,1,6450,0.9546594627705995,0.9961278274570036,5.227309429756133e-07,1.0,0.9999999403953552
113,1,6500,0.9665769872409564,0.9961619107199002,5.208904099163192e-07,1.0,0.9999999403953552
113,1,6550,0.9745027183297812,0.99619551342271,5.178094397706445e-07,1.0,0.9999999403953552
113,1,6600,0.9800200873001705,0.9962279544686762,5.158488534107164e-07,1.0,0.9999999403953552
113,1,6650,0.983974224055734,0.996259161177454,5.140083203514223e-07,1.0,0.9999999403953552
113,1,6700,0.9868832423896057,0.9962899160202799,5.121277695252502e-07,1.0,0.9999999403953552
113,1,6750,0.9890846629322693,0.9963199433500759,5.101404667584575e-07,1.0,0.9999999403953552
113,1,6800,0.990760299166572,0.996348949614182,5.082465577288531e-07,1.0,0.9999999403953552
113,1,6850,0.9920364177389113,0.996377756632317,5.059125669504283e-07,1.0,0.9999999403953552
113,1,6900,0.993019552576942,0.9964060233093076,5.041520125814714e-07,1.0,0.9999999403953552
113,1,6950,0.9937878100440108,0.9964343148877864,5.026049052503367e-07,1.0,0.9999999403953552
113,1,7000,0.9944081879453238,0.9964615135665664,5.008843686482578e-07,1.0,0.9999999403953552
113,1,7050,0.9949258071884952,0.9964887000010763,5.001908220947371e-07,1.0,0.9999999403953552
113,1,7100,0.9953640827163727,0.9965145574939328,4.968698021912132e-07,1.0,0.9999999403953552
113,1,7150,0.9957238374454805,0.9965388997547336,4.960162414135993e-07,1.0,0.9999999403953552
113,1,7200,0.9960316604353504,0.9965617389337741,4.938822257827269e-07,1.0,0.9999999403953552
113,1,7250,0.9962943456678018,0.9965843925519561,4.911747737423866e-07,1.0,0.9999999403953552
113,1,7300,0.9965242246710323,0.9966059038847966,4.908279720439168e-07,1.0,0.9999999403953552
113,1,7350,0.9967268418258112,0.9966264654080143,4.888140665570972e-07,1.0,0.9999999403953552
113,1,7400,0.9969100261935523,0.9966458835756499,4.878537538388628e-07,1.0,0.9999999403953552
113,1,7450,0.9970708185057127,0.9966640824915001,4.855064048570057e-07,1.0,0.9999999403953552
113,1,7500,0.9972166437340129,0.9966812616067471,4.834257651964435e-07,1.0,0.9999999403953552
113,1,7550,0.9973471702560234,0.996698339347879,4.831990167986078e-07,1.0,0.9999999403953552
113,1,7600,0.9974679521915902,0.9967147184511534,4.804782065548352e-07,1.0,0.9999999403953552
113,1,7650,0.9975779246252842,0.9967300646165316,4.7902443611747e-07,1.0,0.9999999403953552
113,1,7700,0.9976790288499394,0.9967449969586112,4.776239848069963e-07,1.0,0.9999999403953552
113,1,7750,0.9977751982058903,0.9967593698300976,4.758634872814582e-07,1.0,0.9999999403953552
113,1,7800,0.9978659737863557,0.9967727340105496,4.753033238102944e-07,1.0,0.9999999403953552
113,1,7850,0.9979484534403482,0.9967855626402371,4.7366282274197147e-07,1.0,0.9999999403953552
113,1,7900,0.9980224937253155,0.9967977579959729,4.714621582024847e-07,1.0,0.9999999403953552
113,1,7950,0.9980891511297366,0.9968095812523581,4.699016926679178e-07,1.0,0.9999999403953552
113,1,8000,0.9981495361323272,0.996820678412384,4.696882740518049e-07,1.0,0.9999999403953552
113,1,8050,0.9982058823709496,0.9968308885317887,4.6820784405099403e-07,1.0,0.9999999403953552
113,1,8100,0.9982582742050561,0.9968401293888088,4.6547367560378916e-07,1.0,0.9999999403953552
113,1,8150,0.9983059683469135,0.996848755928304,4.647534694868227e-07,1.0,0.9999999403953552
113,1,8200,0.9983500626066871,0.9968568886639988,4.6470012193822186e-07,1.0,0.9999999403953552
113,1,8250,0.9983904363408325,0.99686464430789,4.6215268412197474e-07,1.0,0.9999999403953552
113,1,8300,0.9984267423393139,0.9968714106676829,4.6008537424313545e-07,1.0,0.9999999403953552
113,1,8350,0.9984601997398245,0.996877549979821,4.591384481500427e-07,1.0,0.9999999403953552
113,1,8400,0.9984917902403281,0.9968832682086038,4.5853826691200084e-07,1.0,0.9999999403953552
113,1,8450,0.9985207648106567,0.9968886274560629,4.574312413296866e-07,1.0,0.9999999403953552
113,1,8500,0.9985479920998409,0.9968936773757807,4.560041588774766e-07,1.0,0.9999999403953552
113,1,8550,0.9985735378978161,0.9968981471920279,4.5292321715351136e-07,1.0,0.9999999403953552
113,1,8600,0.9985962764998821,0.9969022460292305,4.5252309632815013e-07,1.0,0.9999999403953552
113,1,8650,0.9986164188272023,0.9969058938786963,4.5165617734710395e-07,1.0,0.9999999403953552
113,1,8700,0.9986355206243331,0.9969090753183756,4.5000234649705817e-07,1.0,0.9999999403953552
113,1,8750,0.9986533746429682,0.9969118228457344,4.489220088998991e-07,1.0,0.9999999403953552
113,1,8800,0.9986687455090243,0.9969151958532787,4.4790837705477315e-07,1.0,0.9999999403953552
113,1,8850,0.9986822751876686,0.9969181849107307,4.4581440761248814e-07,1.0,0.9999999403953552
113,1,8900,0.9986943586618878,0.9969204792590672,4.442672718596441e-07,1.0,0.9999999403953552
113,1,8950,0.9987045859699561,0.9969229469485336,4.4498750639831997e-07,1.0,0.9999999403953552
113,1,9000,0.9987132732652773,0.9969248958183108,4.424934161306737e-07,1.0,0.9999999403953552
113,1,9050,0.9987195514101742,0.9969267082215213,4.4174652202855214e-07,1.0,0.9999999403953552
113,1,9100,0.9987232792740016,0.9969281236470673,4.4074621996514907e-07,1.0,0.9999999403953552
113,1,9150,0.9987252711489338,0.9969288868043575,4.394925099404645e-07,1.0,0.9999999403953552
113,1,9200,0.9987257885434535,0.9969285356667636,4.3906570112994814e-07,1.0,0.9999999403953552
113,1,9250,0.9987253882176673,0.9969276557357873,4.373585227313015e-07,1.0,0.9999999403953552
113,1,9300,0.9987243266728897,0.9969263629173587,4.3637160729304014e-07,1.0,0.9999999403953552
113,1,9350,0.9987229428333191,0.9969250773294135,4.3414425476839824e-07,1.0,0.9999999403953552
113,1,9400,0.9987202580711626,0.9969231317428467,4.3258378923383134e-07,1.0,0.9999999403953552
113,1,9450,0.9987181480613688,0.9969204447376986,4.327971794282348e-07,1.0,0.9999999403953552
113,1,9500,0.9987159107243512,0.9969172180338034,4.320636151078361e-07,1.0,0.9999999403953552
113,1,9550,0.9987141887277036,0.99691335300534,4.2964956037394586e-07,1.0,0.9999999403953552
113,1,9600,0.9987128903173657,0.9969089768258294,4.290627089176269e-07,1.0,0.9999999403953552
113,1,9650,0.9987129272464385,0.9969044119852644,4.283691907858156e-07,1.0,0.9999999403953552
113,1,9700,0.9987139428241455,0.9968998608292766,4.271554701062996e-07,1.0,0.9999999403953552
113,1,9750,0.9987154682294664,0.9968952082204678,4.2570169966893445e-07,1.0,0.9999999403953552
113,1,9800,0.9987170483766495,0.9968908007618366,4.2372778352728346e-07,1.0,0.9999999403953552
113,1,9850,0.9987183871783678,0.9968864643153926,4.2274081124560325e-07,1.0,0.9999999403953552
113,1,9900,0.9987197761027988,0.9968818767477937,4.2150043100264156e-07,1.0,0.9999999403953552
113,1,9950,0.998721083439908,0.9968768628668735,4.215804665363976e-07,1.0,0.9999999403953552
113,1,10000,0.9987226626109924,0.9968713645403773,4.2118034571103635e-07,1.0,0.9999999403953552
113,2,0,0.22609678349984177,0.2329241030424617,4.727734088897705,0.009733721613883972,0.007308796513825655
113,2,50,0.2002577743518389,0.21891651929175743,2.737355947494507,0.7061982750892639,0.0
113,2,100,0.2465320739696434,0.21256606041904091,0.04922829568386078,1.0,0.003915426786988974
113,2,150,0.22449403720388847,0.22398527487696582,0.01321023516356945,1.0,0.017749933525919914
113,2,200,0.1980361133536247,0.22691791411832918,0.007525603752583265,1.0,0.04646306112408638
113,2,250,0.19199713441226904,0.24734443162787287,0.004032602999359369,1.0,0.11485251784324646
113,2,300,0.3255516340019153,0.33101885824055166,0.002171554369851947,1.0,0.22526754438877106
113,2,350,0.46543711941110166,0.34038217405504456,0.0011893908958882093,1.0,0.3771860897541046
113,2,400,0.5771951280113903,0.3489886939558251,0.000661291996948421,1.0,0.5468546152114868
113,2,450,0.6301501600064874,0.36643187869729477,0.0003722603723872453,1.0,0.6948577165603638
113,2,500,0.6548903305254429,0.4067129396054376,0.0002117767435265705,1.0,0.818585216999054
113,2,550,0.6723007921053914,0.39969373835690614,0.00012179654731880873,1.0,0.8945444822311401
113,2,600,0.6861107438176542,0.3985811486655832,7.100877701304853e-05,1.0,0.9493604302406311
113,2,650,0.7028375730336474,0.3996951508450394,4.209423786960542e-05,1.0,0.9754632711410522
113,2,700,0.724352802867031,0.42127495932668496,2.542328365962021e-05,1.0,0.9874706268310547
113,2,750,0.746565435035213,0.44055136927715915,1.577019975229632e-05,1.0,0.9947794079780579
113,2,800,0.7762410856352333,0.45341419730275384,1.0086798283737153e-05,1.0,0.9971286654472351
113,2,850,0.8244455121472815,0.4714598153024571,6.6860161496151704e-06,1.0,0.9986948370933533
113,2,900,0.9032784099718623,0.4955201871875584,4.60778528577066e-06,1.0,0.9997389316558838
113,2,950,0.9349244200166386,0.5333408470502509,3.309957037345157e-06,1.0,0.9999999403953552
113,2,1000,0.9573317609287901,0.5605393146448763,2.4865762497938704e-06,1.0,0.9999999403953552
113,2,1050,0.9695136709966115,0.595524858925422,1.954429308170802e-06,1.0,0.9999999403953552
113,2,1100,0.976701668655201,0.6517532276938047,1.6092052419480751e-06,1.0,0.9999999403953552
113,2,1150,0.9817751595129168,0.8171335217017156,1.3894723451812752e-06,1.0,0.9999999403953552
113,2,1200,0.9854742315946576,0.9268394654635137,1.2533112112578237e-06,1.0,0.9999999403953552
113,2,1250,0.9882742686876775,0.9533345694209084,1.1722468116204254e-06,1.0,0.9999999403953552
113,2,1300,0.9904056072885155,0.9629700039233525,1.1257394589847536e-06,1.0,0.9999999403953552
113,2,1350,0.9920335773538956,0.9679981086821077,1.0973708413075656e-06,1.0,0.9999999403953552
113,2,1400,0.9932920388321489,0.9713290250173752,1.0793254432428512e-06,1.0,0.9999999403953552
113,2,1450,0.9942643612408673,0.9737731064851121,1.065587980519922e-06,1.0,0.9999999403953552
113,2,1500,0.9950337479914304,0.9757089537790103,1.0540511539147701e-06,1.0,0.9999999403953552
113,2,1550,0.995658560257631,0.9773228118180709,1.0432612498334493e-06,1.0,0.9999999403953552
113,2,1600,0.9961664504445984,0.9786959252286378,1.0324579307052772e-06,1.0,0.9999999403953552
113,2,1650,0.9965825347833642,0.9799458003824469,1.021494654196431e-06,1.0,0.9999999403953552
113,2,1700,0.996925517649379,0.9810650058702237,1.0102379519594251e-06,1.0,0.9999999403953552
113,2,1750,0.9972112322714584,0.9820389741426908,9.983676818592357e-07,1.0,0.9999999403953552
113,2,1800,0.997451985387787,0.9828934452668546,9.873243698166334e-07,1.0,0.9999999403953552
113,2,1850,0.9976532476139546,0.9836862423805358,9.744137514644535e-07,1.0,0.9999999403953552
113,2,1900,0.9978289244578742,0.9844353568076487,9.632503861212172e-07,1.0,0.9999999403953552
113,2,1950,0.9979811553522118,0.9851228446577301,9.521403967482911e-07,1.0,0.9999999403953552
113,2,2000,0.9981108292467505,0.9857486027370413,9.406169283465715e-07,1.0,0.9999999403953552
113,2,2050,0.9982252985127968,0.9863146829203315,9.296536518377252e-07,1.0,0.9999999403953552
113,2,2100,0.9983275063364679,0.9868371645619134,9.187169780489057e-07,1.0,0.9999999403953552
113,2,2150,0.9984185741340285,0.987321113166537,9.075803291125339e-07,1.0,0.9999999403953552
113,2,2200,0.9984973150003502,0.9877598215292789,8.968837619249825e-07,1.0,0.9999999403953552
113,2,2250,0.998565930690507,0.988172321968145,8.868807412909518e-07,1.0,0.9999999403953552
113,2,2300,0.9986276104675043,0.9885694127083725,8.769310397838126e-07,1.0,0.9999999403953552
113,2,2350,0.9986809913275941,0.9889464435092988,8.663412813803006e-07,1.0,0.9999999403953552
113,2,2400,0.9987287898151564,0.9893020554769988,8.574452294851653e-07,1.0,0.9999999403953552
113,2,2450,0.9987725889949043,0.9896456449123724,8.482691100653028e-07,1.0,0.9999999403953552
113,2,2500,0.9988116484317943,0.9899767428369746,8.393731150135864e-07,1.0,0.9999999403953552
113,2,2550,0.998848123657938,0.9902854112437136,8.307171697197191e-07,1.0,0.9999999403953552
113,2,2600,0.99888045177567,0.9905787079855279,8.219411711252178e-07,1.0,0.9999999403953552
113,2,2650,0.9989090842700956,0.9908628702693255,8.146056416080683e-07,1.0,0.9999999403953552
113,2,2700,0.9989360625489361,0.9911275475070713,8.06029731847957e-07,1.0,0.9999999403953552
113,2,2750,0.9989607362054058,0.9913739488815234,7.980273153407325e-07,1.0,0.9999999403953552
113,2,2800,0.9989837188702343,0.9916154238206676,7.902382890279114e-07,1.0,0.9999999403953552
113,2,2850,0.9990059242985586,0.9918486453819795,7.827960644135601e-07,1.0,0.9999999403953552
113,2,2900,0.9990287628291873,0.9920685532004764,7.748070061097678e-07,1.0,0.9999999403953552
113,2,2950,0.9990520076614808,0.9922759032477473,7.676981681470352e-07,1.0,0.9999999403953552
113,2,3000,0.9990746152083108,0.9924743812617507,7.61589660669415e-07,1.0,0.9999999403953552
113,2,3050,0.9990960499965373,0.9926650339932643,7.548142662017199e-07,1.0,0.9999999403953552
113,2,3100,0.9991165388671458,0.9928486029468769,7.483590138690488e-07,1.0,0.9999999403953552
113,2,3150,0.9991358608223714,0.9930242380023693,7.420504175570386e-07,1.0,0.9999999403953552
113,2,3200,0.9991543806143824,0.9931943379539808,7.361686584772542e-07,1.0,0.9999999403953552
113,2,3250,0.9991714607868961,0.9933557398812893,7.301268283299578e-07,1.0,0.9999999403953552
113,2,3300,0.9991876497940296,0.9935099143381966,7.240716968226479e-07,1.0,0.9999999403953552
113,2,3350,0.9992038894817581,0.9936568149995629,7.184966648310365e-07,1.0,0.9999999403953552
113,2,3400,0.9992197657866568,0.9937977138751912,7.123614977899706e-07,1.0,0.9999999403953552
113,2,3450,0.9992345625055551,0.993932083837694,7.070532319630729e-07,1.0,0.9999999403953552
113,2,3500,0.9992488570515337,0.9940601985384968,7.022650834187516e-07,1.0,0.9999999403953552
113,2,3550,0.9992619764908899,0.9941859566200181,6.961965937080095e-07,1.0,0.9999999403953552
113,2,3600,0.9992735050012607,0.9943089213991261,6.920086548234394e-07,1.0,0.9999999403953552
113,2,3650,0.9992843683897918,0.9944302717702352,6.863536441414908e-07,1.0,0.9999999403953552
113,2,3700,0.9992946814561088,0.9945476559299633,6.822457407906768e-07,1.0,0.9999999403953552
113,2,3750,0.9993050780861771,0.9946614872220095,6.766707087990653e-07,1.0,0.9999999403953552
113,2,3800,0.9993159091616381,0.9947702211666928,6.723760748172936e-07,1.0,0.9999999403953552
113,2,3850,0.9993266019873148,0.9948727942970546,6.677080364170251e-07,1.0,0.9999999403953552
113,2,3900,0.9993370278525863,0.99497092419788,6.633733846683754e-07,1.0,0.9999999403953552
113,2,3950,0.9993466376122426,0.9950681585621581,6.594254955416545e-07,1.0,0.9999999403953552
113,2,4000,0.9993556658994226,0.9951651861093683,6.55104201996437e-07,1.0,0.9999999403953552
113,2,4050,0.9993641445732356,0.9952599496627116,6.504494649561821e-07,1.0,0.9999999403953552
113,2,4100,0.9993718589563434,0.995351233931477,6.464215971391241e-07,1.0,0.9999999403953552
113,2,4150,0.9993780945259015,0.995439700320483,6.423403533517558e-07,1.0,0.9999999403953552
113,2,4200,0.9993845646149799,0.9955266240398447,6.394194542735931e-07,1.0,0.9999999403953552
113,2,4250,0.9993909194172236,0.9956096817003853,6.340312097563583e-07,1.0,0.9999999403953552
113,2,4300,0.9993974419686534,0.9956896607755988,6.309502396106836e-07,1.0,0.9999999403953552
113,2,4350,0.9994043066773651,0.9957677845614004,6.266556056289119e-07,1.0,0.9999999403953552
113,2,4400,0.999410459478869,0.9958438580523272,6.227610924725013e-07,1.0,0.9999999403953552
113,2,4450,0.9994161331270186,0.9959170092786258,6.187199232954299e-07,1.0,0.9999999403953552
113,2,4500,0.999421212322957,0.9959872168485158,6.159723966447928e-07,1.0,0.9999999403953552
113,2,4550,0.9994274211795836,0.996055228107572,6.122912736827857e-07,1.0,0.9999999403953552
113,2,4600,0.9994339287976385,0.9961198572926939,6.094771265452437e-07,1.0,0.9999999403953552
113,2,4650,0.9994409731830765,0.9961818688192265,6.052625280972279e-07,1.0,0.9999999403953552
113,2,4700,0.999447609703056,0.9962414064233023,6.026750725141028e-07,1.0,0.9999999403953552
113,2,4750,0.9994532986794635,0.9963000858695185,5.979669595035375e-07,1.0,0.9999999403953552
113,2,4800,0.9994578179270028,0.9963568457946241,5.95366202560399e-07,1.0,0.9999999403953552
113,2,4850,0.999461701651526,0.9964124628911848,5.921785373175226e-07,1.0,0.9999999403953552
113,2,4900,0.9994647908411293,0.9964664544104662,5.888442160539853e-07,1.0,0.9999999403953552
113,2,4950,0.9994676596538871,0.9965184905046057,5.862701186742925e-07,1.0,0.9999999403953552
113,2,5000,0.9994711870318854,0.996570068762102,5.832425244989281e-07,1.0,0.9999999403953552
113,2,5050,0.999476690748758,0.9966204171581439,5.806284093523573e-07,1.0,0.9999999403953552
113,2,5100,0.9994830261099955,0.9966691061326486,5.773607654191437e-07,1.0,0.9999999403953552
113,2,5150,0.9994896749774616,0.9967162582498662,5.744798841078591e-07,1.0,0.9999999403953552
113,2,5200,0.9994963881558654,0.9967620133559943,5.715456836696831e-07,1.0,0.9999999403953552
113,2,5250,0.9995028861771873,0.9968074549570386,5.700518954654399e-07,1.0,0.9999999403953552
113,2,5300,0.9995096860146271,0.9968519248834684,5.668509288625501e-07,1.0,0.9999999403953552
113,2,5350,0.999515221252488,0.9968956063134615,5.63676621823106e-07,1.0,0.9999999403953552
113,2,5400,0.999520303499572,0.9969389964931307,5.607290631814976e-07,1.0,0.9999999403953552
113,2,5450,0.9995248427044764,0.996981652812874,5.577281854129978e-07,1.0,0.9999999403953552
113,2,5500,0.9995286680707087,0.9970228053918313,5.561009857046884e-07,1.0,0.9999999403953552
113,2,5550,0.9995314892743579,0.9970631604053952,5.534602109946718e-07,1.0,0.9999999403953552
113,2,5600,0.9995336704967415,0.9971021117123755,5.51006166915613e-07,1.0,0.9999999403953552
113,2,5650,0.9995365790958006,0.997139983848126,5.483919949256233e-07,1.0,0.9999999403953552
113,2,5700,0.9995397759877794,0.9971764098922947,5.464581249725597e-07,1.0,0.9999999403953552
113,2,5750,0.9995427860715873,0.9972121154625242,5.441773964776075e-07,1.0,0.9999999403953552
113,2,5800,0.9995457408445342,0.9972473616275116,5.400962095336581e-07,1.0,0.9999999403953552
113,2,5850,0.9995477578021387,0.9972819085653695,5.391225386119913e-07,1.0,0.9999999403953552
113,2,5900,0.999548336552081,0.9973150774964891,5.381755840971891e-07,1.0,0.9999999403953552
113,2,5950,0.9995485358484292,0.9973479006011704,5.354547738534166e-07,1.0,0.9999999403953552
113,2,6000,0.9995490817514124,0.9973798736963779,5.313735300660483e-07,1.0,0.9999999403953552
113,2,6050,0.9995498713057122,0.997411002806814,5.28706095792586e-07,1.0,0.9999999403953552
113,2,6100,0.9995506145299314,0.9974412948926705,5.282125812300364e-07,1.0,0.9999999403953552
113,2,6150,0.9995520986004409,0.9974709768663321,5.250783488008892e-07,1.0,0.9999999403953552
113,2,6200,0.9995533150334481,0.9975003642683001,5.23464507296012e-07,1.0,0.9999999403953552
113,2,6250,0.9995541448444669,0.9975290636128321,5.215839564698399e-07,1.0,0.9999999403953552
113,2,6300,0.9995538333083329,0.9975569932397407,5.189831426832825e-07,1.0,0.9999999403953552
113,2,6350,0.9995527641950901,0.9975839721288093,5.172893224880681e-07,1.0,0.9999999403953552
113,2,6400,0.999551711709546,0.9976108141780857,5.154754489922198e-07,1.0,0.9999999403953552
113,2,6450,0.9995504378450195,0.9976375373205438,5.123411597196537e-07,1.0,0.9999999403953552
113,2,6500,0.9995479942797756,0.9976635296707574,5.113275278745277e-07,1.0,0.9999999403953552
113,2,6550,0.9995449216180389,0.9976888268858082,5.078998128738021e-07,1.0,0.9999999403953552
113,2,6600,0.999542197735524,0.9977134319144888,5.071528903499711e-07,1.0,0.9999999403953552
113,2,6650,0.9995391965898685,0.9977372963661554,5.042853672421188e-07,1.0,0.9999999403953552
113,2,6700,0.9995360229279691,0.9977606617932336,5.037652499595424e-07,1.0,0.9999999403953552
113,2,6750,0.999534098847096,0.9977834462400166,5.00657620250422e-07,1.0,0.9999999403953552
113,2,6800,0.9995318325830058,0.9978056772843292,4.994706159777706e-07,1.0,0.9999999403953552
113,2,6850,0.9995273921858624,0.997827495642658,4.982035761713632e-07,1.0,0.9999999403953552
113,2,6900,0.9995222274670305,0.9978489095051104,4.954560495207261e-07,1.0,0.9999999403953552
113,2,6950,0.9995159575247783,0.9978695989535741,4.943223643749661e-07,1.0,0.9999999403953552
113,2,7000,0.9995081653138828,0.9978895332650289,4.922017637909448e-07,1.0,0.9999999403953552
113,2,7050,0.9994995307371314,0.9979088194870466,4.8946759534374e-07,1.0,0.9999999403953552
113,2,7100,0.9994899661235632,0.9979271040007284,4.878004347119713e-07,1.0,0.9999999403953552
113,2,7150,0.9994787960729202,0.9979449769746874,4.857998305851652e-07,1.0,0.9999999403953552
113,2,7200,0.9994657140499702,0.9979626652833199,4.8414597131341e-07,1.0,0.9999999403953552
113,2,7250,0.9994509350201601,0.9979804803342419,4.834124069930112e-07,1.0,0.9999999403953552
113,2,7300,0.9994363489338524,0.9979983214396279,4.811583949049236e-07,1.0,0.9999999403953552
113,2,7350,0.9994218567779299,0.9980158472949086,4.789310992237006e-07,1.0,0.9999999403953552
113,2,7400,0.999407360108658,0.9980331584435395,4.778107154379541e-07,1.0,0.9999999403953552
113,2,7450,0.9993933043091497,0.9980502759613696,4.763703032040212e-07,1.0,0.9999999403953552
113,2,7500,0.999379803331954,0.9980668933543854,4.738628831546521e-07,1.0,0.9999999403953552
113,2,7550,0.9993661794406415,0.9980831361036194,4.7259581492653524e-07,1.0,0.9999999403953552
113,2,7600,0.9993531738624443,0.9980988140654714,4.711420444891701e-07,1.0,0.9999999403953552
113,2,7650,0.9993411775373231,0.998113855886514,4.697416216004058e-07,1.0,0.9999999403953552
113,2,7700,0.9993290571261243,0.9981282811451588,4.684612520122755e-07,1.0,0.9999999403953552
113,2,7750,0.9993178516363925,0.9981426829921474,4.665940025461168e-07,1.0,0.9999999403953552
113,2,7800,0.9993074180013609,0.9981571222607915,4.641799478122266e-07,1.0,0.9999999403953552
113,2,7850,0.999297373909286,0.9981716599803119,4.63433053710105e-07,1.0,0.9999999403953552
113,2,7900,0.9992888809559148,0.9981863213750324,4.6205931880649587e-07,1.0,0.9999999403953552
113,2,7950,0.9992803272273166,0.9982006609661824,4.5976528895153024e-07,1.0,0.9999999403953552
113,2,8000,0.9992731916730819,0.9982145512084265,4.576846492909681e-07,1.0,0.9999999403953552
113,2,8050,0.9992674792668076,0.9982277510704683,4.5680440052819904e-07,1.0,0.9999999403953552
113,2,8100,0.9992631088878514,0.9982408992144216,4.553506300908339e-07,1.0,0.9999999403953552
113,2,8150,0.9992603404384207,0.9982538645483625,4.550972221295524e-07,1.0,0.9999999403953552
113,2,8200,0.9992587366355248,0.9982666464369451,4.53203313099948e-07,1.0,0.9999999403953552
113,2,8250,0.9992571695014774,0.9982790581030867,4.5070922283230175e-07,1.0,0.9999999403953552
113,2,8300,0.9992571222024379,0.9982910543195671,4.499089811815793e-07,1.0,0.9999999403953552
113,2,8350,0.9992590783460377,0.9983030489347228,4.4889534933645336e-07,1.0,0.9999999403953552
113,2,8400,0.999261415774194,0.9983147325943381,4.469080749913701e-07,1.0,0.9999999403953552
113,2,8450,0.9992638591808426,0.9983259602419435,4.457477302821644e-07,1.0,0.9999999403953552
113,2,8500,0.9992666571591481,0.9983368379472316,4.4396051634976175e-07,1.0,0.9999999403953552
113,2,8550,0.9992705097110215,0.9983476076162429,4.4206660732015735e-07,1.0,0.9999999403953552
113,2,8600,0.9992744175093112,0.9983580205825211,4.4119968833911116e-07,1.0,0.9999999403953552
113,2,8650,0.9992788900688796,0.9983681733548019,4.4029275159118697e-07,1.0,0.9999999403953552
113,2,8700,0.999284822577583,0.9983782146242269,4.384388603284606e-07,1.0,0.9999999403953552
113,2,8750,0.9992896458764814,0.9983884094164062,4.3783867909041874e-07,1.0,0.9999999403953552
113,2,8800,0.9992931293799483,0.998398318706105,4.367050223663682e-07,1.0,0.9999999403953552
113,2,8850,0.9992946230436476,0.9984076516714979,4.35798085618444e-07,1.0,0.9999999403953552
113,2,8900,0.9992935576816571,0.9984169245516031,4.327571616613568e-07,1.0,0.9999999403953552
113,2,8950,0.9992911978434195,0.9984257908803545,4.3319730025359604e-07,1.0,0.9999999403953552
113,2,9000,0.999288079854407,0.9984343787918414,4.315301396218274e-07,1.0,0.9999999403953552
113,2,9050,0.9992835507124572,0.9984425198516655,4.2944949996126525e-07,1.0,0.9999999403953552
113,2,9100,0.9992786985950337,0.9984500104848503,4.2847588588301733e-07,1.0,0.9999999403953552
113,2,9150,0.9992728376203215,0.9984569574116307,4.2694207991189614e-07,1.0,0.9999999403953552
113,2,9200,0.9992662507713063,0.9984638731192768,4.2540827394077496e-07,1.0,0.9999999403953552
113,2,9250,0.9992592177104201,0.998470862421887,4.256883698872116e-07,1.0,0.9999999403953552
113,2,9300,0.9992527394203741,0.998477718400491,4.240345390371658e-07,1.0,0.9999999403953552
113,2,9350,0.9992439360388938,0.9984843332237635,4.2171384961875447e-07,1.0,0.9999999403953552
113,2,9400,0.9992351507326854,0.9984907879552323,4.211936754927592e-07,1.0,0.9999999403953552
113,2,9450,0.9992256379944807,0.9984970150191926,4.20833572434276e-07,1.0,0.9999999403953552
113,2,9500,0.999215745630456,0.9985031643048656,4.2039343384203676e-07,1.0,0.9999999403953552
113,2,9550,0.9992054533373956,0.9985089626113656,4.169924068264663e-07,1.0,0.9999999403953552
113,2,9600,0.9991943833383174,0.9985146501954276,4.1547195905877743e-07,1.0,0.9999999403953552
113,2,9650,0.999182371286182,0.9985202329946055,4.1484508983558044e-07,1.0,0.9999999403953552
113,2,9700,0.9991709762674996,0.9985256441148719,4.1409819573345885e-07,1.0,0.9999999403953552
113,2,9750,0.9991590946182141,0.9985314291863564,4.133379718496144e-07,1.0,0.9999999403953552
113,2,9800,0.9991466508217531,0.9985371635858399,4.1221764490728674e-07,1.0,0.9999999403953552
113,2,9850,0.9991339702451365,0.998542658097589,4.108705695671233e-07,1.0,0.9999999403953552
113,2,9900,0.9991213024301978,0.9985478957195473,4.0933676359600213e-07,1.0,0.9999999403953552
113,2,9950,0.9991085871465348,0.9985530216386633,4.084965326001111e-07,1.0,0.9999999403953552
113,2,10000,0.9990971029284286,0.9985578065626172,4.0777629806143523e-07,1.0,0.9999999403953552
113,3,0,0.2250658384511479,0.26542957853761145,4.727811813354492,0.01029313076287508,0.008352910168468952
113,3,50,0.22038805393263647,0.23125403943127845,2.761476755142212,0.6955695152282715,0.0
113,3,100,0.4365780362150066,0.2509136751826705,0.050715621560811996,1.0,0.0026102843694388866
113,3,150,0.5116192611847779,0.2829199938777083,0.012874548323452473,1.0,0.016444791108369827
113,3,200,0.5982123911240133,0.3001915490267084,0.007308707106858492,1.0,0.04541894793510437
113,3,250,0.7093482682756763,0.33733488120914357,0.0039006187580525875,1.0,0.11302531510591507
113,3,300,0.7819014515659002,0.4103889770091747,0.0020964215509593487,1.0,0.23022708296775818
113,3,350,0.8434103431319175,0.49290841327057006,0.00115065963473171,1.0,0.39284780621528625
113,3,400,0.8772218525936321,0.5866878885249631,0.0006407806067727506,1.0,0.5664317011833191
113,3,450,0.901011953973824,0.6859786130053089,0.0003608280385378748,1.0,0.7165230512619019
113,3,500,0.9158436621513326,0.7350234732919718,0.00020570354536175728,1.0,0.835813045501709
113,3,550,0.9209520446466067,0.7723195111706036,0.00011879733938258141,1.0,0.9112502932548523
113,3,600,0.9248810138551309,0.8018940636093305,6.945050699869171e-05,1.0,0.9582354426383972
113,3,650,0.9286104266511799,0.8249471289404117,4.125924169784412e-05,1.0,0.9838162064552307
113,3,700,0.933168653037968,0.8459108865070888,2.4997230866574682e-05,1.0,0.9911249876022339
113,3,750,0.9397508542092926,0.8661355490401902,1.5527399227721617e-05,1.0,0.9950404167175293
113,3,800,0.947537313187807,0.8854212148641396,9.941732059814967e-06,1.0,0.9984337687492371
113,3,850,0.9525724087994125,0.9016371313530754,6.593881153094117e-06,1.0,0.9994779229164124
113,3,900,0.9558368467051154,0.9134734755022066,4.550741323328111e-06,1.0,0.9999999403953552
113,3,950,0.958782748846206,0.9191385177356451,3.2749462661740836e-06,1.0,0.9999999403953552
113,3,1000,0.9618425264205347,0.917149230796421,2.4628491246403428e-06,1.0,0.9999999403953552
113,3,1050,0.9651493999213824,0.9231658524307255,1.937957677000668e-06,1.0,0.9999999403953552
113,3,1100,0.9688933411742756,0.942771312476413,1.5974817415553844e-06,1.0,0.9999999403953552
113,3,1150,0.9728857320874597,0.950285064390094,1.3821368156641256e-06,1.0,0.9999999403953552
113,3,1200,0.9768376870127549,0.9557574720015872,1.24792290989717e-06,1.0,0.9999999403953552
113,3,1250,0.9806150870264793,0.9607564859483524,1.1674720781229553e-06,1.0,0.9999999403953552
113,3,1300,0.9840313908385013,0.9652479831054467,1.1220183750992874e-06,1.0,0.9999999403953552
113,3,1350,0.9867580318534622,0.9691107668347219,1.0953169748972869e-06,1.0,0.9999999403953552
113,3,1400,0.9888977817085909,0.9724192088602338,1.0780984212033218e-06,1.0,0.9999999403953552
113,3,1450,0.9905080576705105,0.9750544703065027,1.065507944986166e-06,1.0,0.9999999403953552
113,3,1500,0.9917075201591952,0.977264748287042,1.0542245263422956e-06,1.0,0.9999999403953552
113,3,1550,0.9926275119302651,0.9791187135226668,1.0436480124553782e-06,1.0,0.9999999403953552
113,3,1600,0.993368066474446,0.9807313932067009,1.0333382078897557e-06,1.0,0.9999999403953552
113,3,1650,0.9939869922867373,0.9821373127073759,1.0231484566247673e-06,1.0,0.9999999403953552
113,3,1700,0.9944802679087781,0.9833211633094212,1.0122118965227855e-06,1.0,0.9999999403953552
113,3,1750,0.9948715976487484,0.9843027376590135,1.0010618325395626e-06,1.0,0.9999999403953552
113,3,1800,0.9951879570964017,0.9851572299432594,9.896317578750313e-07,1.0,0.9999999403953552
113,3,1850,0.9954322344578408,0.9859258603871516,9.777747891348554e-07,1.0,0.9999999403953552
113,3,1900,0.9956372270074364,0.9866099603806778,9.667447784522665e-07,1.0,0.9999999403953552
113,3,1950,0.9958010101049061,0.9872112027677243,9.556481472827727e-07,1.0,0.9999999403953552
113,3,2000,0.9959443166189441,0.9877618062032311,9.45178328493057e-07,1.0,0.9999999403953552
113,3,2050,0.9960721694434078,0.98824053439167,9.343750662083039e-07,1.0,0.9999999403953552
113,3,2100,0.9961775107940402,0.9886759957150494,9.23891889215156e-07,1.0,0.9999999403953552
113,3,2150,0.9962587111642193,0.9890776036360411,9.133420348916843e-07,1.0,0.9999999403953552
113,3,2200,0.9963255976843324,0.989429263546687,9.029789111991704e-07,1.0,0.9999999403953552
113,3,2250,0.9963831985242095,0.989742792314531,8.927358408072905e-07,1.0,0.9999999403953552
113,3,2300,0.9964166206810976,0.9900281416124234,8.833997071633348e-07,1.0,0.9999999403953552
113,3,2350,0.9964219344732161,0.9902704214329736,8.73863541528408e-07,1.0,0.9999999403953552
113,3,2400,0.9964114145049306,0.9904791810266788,8.643139608466299e-07,1.0,0.9999999403953552
113,3,2450,0.9963866938649556,0.9906616040792181,8.561515301153122e-07,1.0,0.9999999403953552
113,3,2500,0.9963431386450247,0.9908230747157011,8.467220027341682e-07,1.0,0.9999999403953552
113,3,2550,0.9962799326098642,0.9909723787800979,8.389996537516708e-07,1.0,0.9999999403953552
113,3,2600,0.9961936153896749,0.9911144089819951,8.303970844281139e-07,1.0,0.9999999403953552
113,3,2650,0.9960723698475286,0.9912508850780026,8.218344760280161e-07,1.0,0.9999999403953552
113,3,2700,0.995913429577763,0.9913724720219794,8.147390531121346e-07,1.0,0.9999999403953552
113,3,2750,0.995706737671643,0.9914861061052227,8.067765975283692e-07,1.0,0.9999999403953552
113,3,2800,0.995422196163862,0.991586446649681,7.991743586899247e-07,1.0,0.9999999403953552
113,3,2850,0.9950252200399711,0.9916741420172942,7.922255917947041e-07,1.0,0.9999999403953552
113,3,2900,0.9944927337747173,0.9917534003836116,7.847032748031779e-07,1.0,0.9999999403953552
113,3,2950,0.9937352671505097,0.991830075329617,7.784347531014646e-07,1.0,0.9999999403953552
113,3,3000,0.9925929866949509,0.9919059198204466,7.710858653808828e-07,1.0,0.9999999403953552
113,3,3050,0.9907969198620789,0.9919750048371764,7.649239819329523e-07,1.0,0.9999999403953552
113,3,3100,0.9876916710840206,0.9920350089372042,7.57641828386113e-07,1.0,0.9999999403953552
113,3,3150,0.9818606171787337,0.9920879806968701,7.516799769291538e-07,1.0,0.9999999403953552
113,3,3200,0.9694293432524216,0.9921327904454235,7.454781325577642e-07,1.0,0.9999999403953552
113,3,3250,0.9394168058599689,0.9921705901486982,7.403698987218377e-07,1.0,0.9999999403953552
113,3,3300,0.8614797704511811,0.9921973789567171,7.346215511461196e-07,1.0,0.9999999403953552
113,3,3350,0.7224871852169752,0.9922161293537232,7.287664516297809e-07,1.0,0.9999999403953552
113,3,3400,0.6447301876634076,0.992228039695603,7.242983883770648e-07,1.0,0.9999999403953552
113,3,3450,0.6020786425540893,0.9922333216679036,7.18123203569121e-07,1.0,0.9999999403953552
113,3,3500,0.5728617681342041,0.9922287943168345,7.1245483468374e-07,1.0,0.9999999403953552
113,3,3550,0.5510455024427183,0.9922113255310563,7.079734700710105e-07,1.0,0.9999999403953552
113,3,3600,0.5479451789776426,0.9921816185910837,7.025452077868977e-07,1.0,0.9999999403953552
113,3,3650,0.5609843957579274,0.9921408735243622,6.981038609410462e-07,1.0,0.9999999403953552
113,3,3700,0.577139396226329,0.9920926332889008,6.927822369107162e-07,1.0,0.9999999403953552
113,3,3750,0.5976762447246639,0.992032639616151,6.880874821035832e-07,1.0,0.9999999403953552
113,3,3800,0.6253079983369719,0.9919590723463451,6.83779546761798e-07,1.0,0.9999999403953552
113,3,3850,0.6659340430191796,0.9918744251919861,6.790314159843547e-07,1.0,0.9999999403953552
113,3,3900,0.733783230426298,0.9917767194988673,6.744166967109777e-07,1.0,0.9999999403953552
113,3,3950,0.8613731733092764,0.9916626945130683,6.708956448164827e-07,1.0,0.9999999403953552
113,3,4000,0.9284733081732146,0.991527675005668,6.662409077762277e-07,1.0,0.9999999403953552
113,3,4050,0.9593579443233443,0.9913755221014697,6.615728125325404e-07,1.0,0.9999999403953552
113,3,4100,0.9749568834762745,0.9912029622291051,6.575983206857927e-07,1.0,0.9999999403953552
113,3,4150,0.9833201318154601,0.9910050281392754,6.540639105878654e-07,1.0,0.9999999403953552
113,3,4200,0.9881837135816678,0.9907773958283451,6.507962666546518e-07,1.0,0.9999999403953552
113,3,4250,0.9912150306577229,0.9905220982650379,6.465282922363258e-07,1.0,0.9999999403953552
113,3,4300,0.9931934604386038,0.9902345409587994,6.422870342248643e-07,1.0,0.9999999403953552
113,3,4350,0.9945382775676733,0.9899088150386067,6.393661351467017e-07,1.0,0.9999999403953552
113,3,4400,0.9954838963829894,0.9895420012302159,6.355382993206149e-07,1.0,0.9999999403953552
113,3,4450,0.9961729885838818,0.9891174099691186,6.319772296592419e-07,1.0,0.9999999403953552
113,3,4500,0.9966883202185729,0.9886325631371805,6.278826845118601e-07,1.0,0.9999999403953552
113,3,4550,0.997090802636048,0.9880700251831763,6.241749019864073e-07,1.0,0.9999999403953552
113,3,4600,0.9974152854105257,0.9874172609579592,6.207604883456952e-07,1.0,0.9999999403953552
113,3,4650,0.9976760944401077,0.9866602905484239,6.185064762576076e-07,1.0,0.9999999403953552
113,3,4700,0.9978869346263746,0.9857746471334655,6.155856340228638e-07,1.0,0.9999999403953552
113,3,4750,0.998060326134759,0.9847295503765795,6.111176276135666e-07,1.0,0.9999999403953552
113,3,4800,0.9982062234313971,0.9834928823890328,6.072897917874798e-07,1.0,0.9999999403953552
113,3,4850,0.9983330064961232,0.9820116026907943,6.047156944077869e-07,1.0,0.9999999403953552
113,3,4900,0.9984446083391352,0.9802435170258119,6.029284804753843e-07,1.0,0.9999999403953552
113,3,4950,0.9985420022848253,0.9781191546141046,5.990606268824195e-07,1.0,0.9999999403953552
113,3,5000,0.998627697747021,0.9755249463258647,5.963931926089572e-07,1.0,0.9999999403953552
113,3,5050,0.9987016202580826,0.9723199001338891,5.937390596955083e-07,1.0,0.9999999403953552
113,3,5100,0.9987662290521518,0.9682844584747371,5.912315828027204e-07,1.0,0.9999999403953552
113,3,5150,0.9988243111857649,0.9631911629972602,5.876038358110236e-07,1.0,0.9999999403953552
113,3,5200,0.9988758363127694,0.9566776671011602,5.847496709066036e-07,1.0,0.9999999403953552
113,3,5250,0.9989224927474617,0.948215240661344,5.822422508572345e-07,1.0,0.9999999403953552
113,3,5300,0.9989648340238398,0.9371881242495161,5.793213517790718e-07,1.0,0.9999999403953552
113,3,5350,0.9990031724877266,0.9225124927834213,5.764804882346652e-07,1.0,0.9999999403953552
113,3,5400,0.9990373148428517,0.9029865692059995,5.741197810493759e-07,1.0,0.9999999403953552
113,3,5450,0.9990681018530458,0.8779726920125919,5.714122721656167e-07,1.0,0.9999999403953552
113,3,5500,0.9990953692837891,0.8304899682406666,5.689582280865579e-07,1.0,0.9999999403953552
113,3,5550,0.9991193857040587,0.7987712350010906,5.662507192027988e-07,1.0,0.9999999403953552
113,3,5600,0.9991417241689465,0.771607168967276,5.631431463370973e-07,1.0,0.9999999403953552
113,3,5650,0.9991621305541436,0.7468896742674835,5.617026772597455e-07,1.0,0.9999999403953552
113,3,5700,0.9991802777863739,0.7244816511177874,5.58595104394044e-07,1.0,0.9999999403953552
113,3,5750,0.999196997976675,0.6945930606183068,5.563277341025241e-07,1.0,0.9999999403953552
113,3,5800,0.9992118444827154,0.6713675120016442,5.544605414797843e-07,1.0,0.9999999403953552
113,3,5850,0.9992267117374881,0.6554247136121983,5.516196779353777e-07,1.0,0.9999999403953552
113,3,5900,0.9992409315954951,0.6414228637199877,5.49125559246022e-07,1.0,0.9999999403953552
113,3,5950,0.999255109012079,0.6291302197663665,5.467248342938547e-07,1.0,0.9999999403953552
113,3,6000,0.9992690600456557,0.6182221487877577,5.442974497782416e-07,1.0,0.9999999403953552
113,3,6050,0.9992832106850872,0.6084714008047772,5.431637646324816e-07,1.0,0.9999999403953552
113,3,6100,0.9992994586360383,0.5996135722022308,5.403095997280616e-07,1.0,0.9999999403953552
113,3,6150,0.999316370326559,0.5913666536891143,5.383490133681335e-07,1.0,0.9999999403953552
113,3,6200,0.9993330517716078,0.583505227441519,5.36681795892946e-07,1.0,0.9999999403953552
113,3,6250,0.9993490754211222,0.5759656820158233,5.334541697266104e-07,1.0,0.9999999403953552
113,3,6300,0.9993641261151123,0.5689003707002592,5.330940666681272e-07,1.0,0.9999999403953552
113,3,6350,0.9993785724107188,0.5625589235967723,5.304799515215564e-07,1.0,0.9999999403953552
113,3,6400,0.9993936826787687,0.5571223486913109,5.28239297636901e-07,1.0,0.9999999403953552
113,3,6450,0.999408375712759,0.552482557284518,5.26905523656751e-07,1.0,0.9999999403953552
113,3,6500,0.9994232143757835,0.5484967297751246,5.238379685579275e-07,1.0,0.9999999403953552
113,3,6550,0.9994389124172122,0.5450315373409332,5.228243367128016e-07,1.0,0.9999999403953552
113,3,6600,0.9994555953270129,0.5419939425030935,5.207837148191174e-07,1.0,0.9999999403953552
113,3,6650,0.9994723506345597,0.5392965860881319,5.181962592359923e-07,1.0,0.9999999403953552
113,3,6700,0.9994890950677904,0.5368687373598806,5.156754809831909e-07,1.0,0.9999999403953552
113,3,6750,0.9995055586725509,0.5346633635576252,5.149819344296702e-07,1.0,0.9999999403953552
113,3,6800,0.999520438867723,0.5326009804574312,5.14074997681746e-07,1.0,0.9999999403953552
113,3,6850,0.9995345933578288,0.5306878281851529,5.095669735055708e-07,1.0,0.9999999403953552
113,3,6900,0.9995483778650781,0.5289090374283243,5.091668526802096e-07,1.0,0.9999999403953552
113,3,6950,0.999561996788048,0.5272494080901132,5.076464049125207e-07,1.0,0.9999999403953552
113,3,7000,0.9995750652255527,0.5256954070543988,5.058458327766857e-07,1.0,0.9999999403953552
113,3,7050,0.9995874371020264,0.5242389799508556,5.039919415139593e-07,1.0,0.9999999403953552
113,3,7100,0.9995992477786158,0.5228823279349084,5.02258103551867e-07,1.0,0.9999999403953552
113,3,7150,0.9996097065902908,0.5216213265282589,5.009376877751492e-07,1.0,0.9999999403953552
113,3,7200,0.9996187904509056,0.5204360163249293,4.992172080164892e-07,1.0,0.9999999403953552
113,3,7250,0.9996272920240614,0.5193116001917674,4.98350289035443e-07,1.0,0.9999999403953552
113,3,7300,0.9996355465195518,0.518227595864234,4.958028512191959e-07,1.0,0.9999999403953552
113,3,7350,0.9996427811301519,0.5171829936041885,4.944023999087221e-07,1.0,0.9999999403953552
113,3,7400,0.9996491226089986,0.5161883393282769,4.921483878206345e-07,1.0,0.9999999403953552
113,3,7450,0.9996550062599714,0.5152296873003047,4.916682314615173e-07,1.0,0.9999999403953552
113,3,7500,0.9996608898102678,0.5143220044573749,4.89000797188055e-07,1.0,0.9999999403953552
113,3,7550,0.9996666180840325,0.5134575490508951,4.875336685472575e-07,1.0,0.9999999403953552
113,3,7600,0.9996720967031744,0.5126280230352086,4.857464546148549e-07,1.0,0.9999999403953552
113,3,7650,0.9996773071283824,0.5118376613127896,4.855464226238837e-07,1.0,0.9999999403953552
113,3,7700,0.9996824171703592,0.5110872917838004,4.828122541766788e-07,1.0,0.9999999403953552
113,3,7750,0.9996872247201731,0.510369188615538,4.808916855836287e-07,1.0,0.9999999403953552
113,3,7800,0.9996917136555239,0.5096799168177708,4.805582420885912e-07,1.0,0.9999999403953552
113,3,7850,0.9996958198916166,0.5090099134330132,4.795846280103433e-07,1.0,0.9999999403953552
113,3,7900,0.9996995685540392,0.5083532546701508,4.770638497575419e-07,1.0,0.9999999403953552
113,3,7950,0.9997027417638649,0.5077198004380321,4.752899656068621e-07,1.0,0.9999999403953552
113,3,8000,0.9997053681933367,0.5071039022965863,4.7494319233010174e-07,1.0,0.9999999403953552
113,3,8050,0.9997074416770162,0.5064888598302157,4.735961169899383e-07,1.0,0.9999999403953552
113,3,8100,0.9997088690130096,0.5058799881343653,4.715821830814093e-07,1.0,0.9999999403953552
113,3,8150,0.9997101658730404,0.5052766195896924,4.7071526410036313e-07,1.0,0.9999999403953552
113,3,8200,0.9997111731859152,0.5046706050423487,4.6856794710947725e-07,1.0,0.9999999403953552
113,3,8250,0.9997117131358212,0.5062163443543847,4.668874282742763e-07,1.0,0.9999999403953552
113,3,8300,0.9997113809139273,0.5079203700988373,4.669541340263095e-07,1.0,0.9999999403953552
113,3,8350,0.9997105419194139,0.5097806748334232,4.6468676373478957e-07,1.0,0.9999999403953552
113,3,8400,0.9997099192415452,0.5118306475847054,4.629929435395752e-07,1.0,0.9999999403953552
113,3,8450,0.9997089185707143,0.5141005493869171,4.624994573987351e-07,1.0,0.9999999403953552
113,3,8500,0.9997075173213628,0.5165533836041641,4.6016540977689147e-07,1.0,0.9999999403953552
113,3,8550,0.9997052919543176,0.5191560996043045,4.588716819853289e-07,1.0,0.9999999403953552
113,3,8600,0.9997030177047794,0.5218911093537799,4.5864496200920257e-07,1.0,0.9999999403953552
113,3,8650,0.9997003699488471,0.5247244016860311,4.5589746378027485e-07,1.0,0.9999999403953552
113,3,8700,0.9996972918704324,0.5276278774367616,4.555106727366365e-07,1.0,0.9999999403953552
113,3,8750,0.9996941554199682,0.5305861544000328,4.553772896542796e-07,1.0,0.9999999403953552
113,3,8800,0.9996910039684567,0.5336347905363483,4.526698091922299e-07,1.0,0.9999999403953552
113,3,8850,0.9996882775486864,0.5368389801274109,4.5202961018731003e-07,1.0,0.9999999403953552
113,3,8900,0.9996860668278389,0.5403045270466865,4.497489385357767e-07,1.0,0.9999999403953552
113,3,8950,0.9996841405839704,0.54417972279575,4.500423642639362e-07,1.0,0.9999999403953552
113,3,9000,0.999682739226262,0.5487718784229512,4.4824182054981065e-07,1.0,0.9999999403953552
113,3,9050,0.9996812800351833,0.5555820995799511,4.4717481273437443e-07,1.0,0.9999999403953552
113,3,9100,0.9996800513297027,0.5749612432450613,4.456810529518407e-07,1.0,0.9999999403953552
113,3,9150,0.9996789864803923,0.5821654275814513,4.4461404513640446e-07,1.0,0.9999999403953552
113,3,9200,0.9996779146935125,0.5914491486055962,4.4360041329127853e-07,1.0,0.9999999403953552
113,3,9250,0.9996763079466711,0.6027594571362468,4.4202661797498877e-07,1.0,0.9999999403953552
113,3,9300,0.9996745474367679,0.6155089832183037,4.4090626261095167e-07,1.0,0.9999999403953552
113,3,9350,0.9996728725648463,0.6296979678366316,4.3985261299894773e-07,1.0,0.9999999403953552
113,3,9400,0.9996710787953157,0.6461638353723717,4.388923287024227e-07,1.0,0.9999999403953552
113,3,9450,0.999669011703351,0.6665762873089984,4.37065097003142e-07,1.0,0.9999999403953552
113,3,9500,0.9996664075084158,0.6931753678825479,4.362115362255281e-07,1.0,0.9999999403953552
113,3,9550,0.9996635671973889,0.7254283595566817,4.350245319528767e-07,1.0,0.9999999403953552
113,3,9600,0.9996606097724868,0.7630412620786692,4.3515788661352417e-07,1.0,0.9999999403953552
113,3,9650,0.9996577221490577,0.8156640088512217,4.324370763697516e-07,1.0,0.9999999403953552
113,3,9700,0.9996544279764152,0.8619477147039083,4.3266379634587793e-07,1.0,0.9999999403953552
113,3,9750,0.999650514741043,0.8916988919840841,4.3102332369926444e-07,1.0,0.9999999403953552
113,3,9800,0.9996463651743929,0.9137269564882654,4.3102332369926444e-07,1.0,0.9999999403953552
113,3,9850,0.9996423427364876,0.9302344932537898,4.294361701795424e-07,1.0,0.9999999403953552
113,3,9900,0.9996384782380193,0.942650068227899,4.294761879464204e-07,1.0,0.9999999403953552
113,3,9950,0.9996347705733074,0.9521301388546958,4.2587510051816935e-07,1.0,0.9999999403953552
113,3,10000,0.9996314399803473,0.9594349353938506,4.26995427460497e-07,1.0,0.9999999403953552
113,4,0,0.26837253338591155,0.23838795020165515,4.728213787078857,0.009062429890036583,0.010702165775001049
113,4,50,0.24190562690815803,0.2845398633132436,2.7695512771606445,0.6972477436065674,0.0
113,4,100,0.3291328930258309,0.2798912507545092,0.05046059191226959,1.0,0.0026102843694388866
113,4,150,0.34605988563478823,0.28605604806255613,0.012856578454375267,1.0,0.013312450610101223
113,4,200,0.3532124481972664,0.2998547276057354,0.0072951531037688255,1.0,0.03863221034407616
113,4,250,0.36794347376082986,0.3070525209144237,0.0038843706715852022,1.0,0.10597755014896393
113,4,300,0.3802948991859657,0.3074803727578395,0.00208191922865808,1.0,0.24510571360588074
113,4,350,0.3845316232733672,0.2948119700713818,0.0011399880750104785,1.0,0.4163403809070587
113,4,400,0.38281988649444715,0.3058901241653512,0.0006346707814373076,1.0,0.5925345420837402
113,4,450,0.3690426264042807,0.2961187636362475,0.0003584079968277365,1.0,0.7501957416534424
113,4,500,0.38430100602869516,0.34520458862503656,0.00020489824237301946,1.0,0.8595666885375977
113,4,550,0.37808890269636164,0.340989669634832,0.00011850699956994504,1.0,0.9279561042785645
113,4,600,0.36280287340886036,0.32779171585041994,6.932407995918766e-05,1.0,0.9645000696182251
113,4,650,0.3281443143307707,0.3243821657775027,4.120262383366935e-05,1.0,0.9819890260696411
113,4,700,0.3119486587375849,0.32010626543603216,2.4981833121273667e-05,1.0,0.992691159248352
113,4,750,0.34799118378900945,0.2980880896322526,1.5526720744674094e-05,1.0,0.9968675971031189
113,4,800,0.3984425628829043,0.30480446973124625,9.947425496648066e-06,1.0,0.9986948370933533
113,4,850,0.4305676529565578,0.31725323408238487,6.602350822504377e-06,1.0,0.9999999403953552
113,4,900,0.47814309482947376,0.3213875650106169,4.557823558570817e-06,1.0,0.9999999403953552
113,4,950,0.5491124861803699,0.3204836153125566,3.281095132479095e-06,1.0,0.9999999403953552
113,4,1000,0.5529476428819757,0.324616298972306,2.4661301267769886e-06,1.0,0.9999999403953552
113,4,1050,0.5778549919735431,0.3354304226026039,1.9414387679717038e-06,1.0,0.9999999403953552
113,4,1100,0.6003698461452625,0.3403858351248075,1.6021498367990716e-06,1.0,0.9999999403953552
113,4,1150,0.6310025910604449,0.34382788399015174,1.3868715313947177e-06,1.0,0.9999999403953552
113,4,1200,0.6855659059476247,0.34398380022300923,1.2522175438789418e-06,1.0,0.9999999403953552
113,4,1250,0.7254931498031865,0.3321650011884763,1.1723001307473169e-06,1.0,0.9999999403953552
113,4,1300,0.7806275609002602,0.4219101081600134,1.1277800240350189e-06,1.0,0.9999999403953552
113,4,1350,0.8384512810646263,0.449853170173115,1.1013720495611778e-06,1.0,0.9999999403953552
113,4,1400,0.9028626335802573,0.46779128705023415,1.0836868113983655e-06,1.0,0.9999999403953552
113,4,1450,0.9382122787913241,0.4881882749006835,1.0698558980948292e-06,1.0,0.9999999403953552
113,4,1500,0.9567604557861135,0.5090101874206286,1.0579723266346264e-06,1.0,0.9999999403953552
113,4,1550,0.9647707141033669,0.5284810053728972,1.0469557309988886e-06,1.0,0.9999999403953552
113,4,1600,0.9668565050460498,0.5555363949564839,1.0365658908995101e-06,1.0,0.9999999403953552
113,4,1650,0.9646792192345985,0.5679172882893874,1.0248957096337108e-06,1.0,0.9999999403953552
113,4,1700,0.9582104108818438,0.5775854142643734,1.0140523727386608e-06,1.0,0.9999999403953552
113,4,1750,0.9455574509299252,0.5779536373742142,1.002288854579092e-06,1.0,0.9999999403953552
113,4,1800,0.9232085381144122,0.5757863090936655,9.907920457408181e-07,1.0,0.9999999403953552
113,4,1850,0.8765268439881685,0.5700050404245175,9.787351018530899e-07,1.0,0.9999999403953552
113,4,1900,0.814707697017477,0.5663822763329107,9.673050271885586e-07,1.0,0.9999999403953552
113,4,1950,0.7665737665034554,0.5641852431979085,9.567017968947766e-07,1.0,0.9999999403953552
113,4,2000,0.7109829787999821,0.5639012921571542,9.448315267945873e-07,1.0,0.9999999403953552
113,4,2050,0.6548623732340771,0.563871764579633,9.335881259175949e-07,1.0,0.9999999403953552
113,4,2100,0.6206071569306304,0.5591636259337533,9.229449347003538e-07,1.0,0.9999999403953552
113,4,2150,0.5934036160073332,0.5541957408580915,9.122483675128024e-07,1.0,0.9999999403953552
113,4,2200,0.573896272847753,0.5497860067101494,9.01631835859007e-07,1.0,0.9999999403953552
113,4,2250,0.5598374169627585,0.5458540996531691,8.908819495445641e-07,1.0,0.9999999403953552
113,4,2300,0.5490787781394831,0.5426117026336017,8.819592380859831e-07,1.0,0.9999999403953552
113,4,2350,0.5409070287664434,0.5393717391451334,8.720496680325596e-07,1.0,0.9999999403953552
113,4,2400,0.5343570033175553,0.5354759856233827,8.624734277873358e-07,1.0,0.9999999403953552
113,4,2450,0.5287567201432175,0.530203224338276,8.53950837154116e-07,1.0,0.9999999403953552
113,4,2500,0.5242025431660768,0.5244791611483237,8.448280937045638e-07,1.0,0.9999999403953552
113,4,2550,0.5202770762927557,0.5197000581470405,8.354653004971624e-07,1.0,0.9999999403953552
113,4,2600,0.5170251803456252,0.5159285535962164,8.273694902527495e-07,1.0,0.9999999403953552
113,4,2650,0.5141572274223125,0.5132666474368063,8.195004852495913e-07,1.0,0.9999999403953552
113,4,2700,0.5116240456011998,0.51118834599068,8.119248491311737e-07,1.0,0.9999999403953552
113,4,2750,0.5091559325414678,0.5093764915030945,8.042158583521086e-07,1.0,0.9999999403953552
113,4,2800,0.5097987002072752,0.5078144817581873,7.964001724758418e-07,1.0,0.9999999403953552
113,4,2850,0.5114739112069737,0.5062803556008147,7.898648277659959e-07,1.0,0.9999999403953552
113,4,2900,0.5130978516181532,0.5046149634007295,7.824626209185226e-07,1.0,0.9999999403953552
113,4,2950,0.5105620749647012,0.5029195860832263,7.763274538774567e-07,1.0,0.9999999403953552
113,4,3000,0.5072670556703051,0.5012950439747189,7.693253110119258e-07,1.0,0.9999999403953552
113,4,3050,0.5061877082611884,0.4996712597101713,7.621231361554237e-07,1.0,0.9999999403953552
113,4,3100,0.5060468291492408,0.49811983068416454,7.566014801341225e-07,1.0,0.9999999403953552
113,4,3150,0.5062289120556062,0.496632208102386,7.502795824620989e-07,1.0,0.9999999403953552
113,4,3200,0.5065048714958339,0.49526006733880973,7.439977025569533e-07,1.0,0.9999999403953552
113,4,3250,0.5067985721217464,0.49396463100897614,7.377557835752668e-07,1.0,0.9999999403953552
113,4,3300,0.5070622574908011,0.49276674153111344,7.326876243496372e-07,1.0,0.9999999403953552
113,4,3350,0.5073163124504271,0.4916777516528474,7.273259825524292e-07,1.0,0.9999999403953552
113,4,3400,0.5077164007763127,0.4906598375223189,7.221111104627198e-07,1.0,0.9999999403953552
113,4,3450,0.508119844751367,0.4897159952540356,7.166960926952015e-07,1.0,0.9999999403953552
113,4,3500,0.5085286949827137,0.48875423007464935,7.124281751202943e-07,1.0,0.9999999403953552
113,4,3550,0.5088890646234001,0.4877752730112598,7.071332106534101e-07,1.0,0.9999999403953552
113,4,3600,0.5093402726869233,0.4868686985129685,7.012381502136122e-07,1.0,0.9999999403953552
113,4,3650,0.5097911475046982,0.4861297147226862,6.964633598727232e-07,1.0,0.9999999403953552
113,4,3700,0.5102281079450645,0.48556567688707564,6.916352504049428e-07,1.0,0.9999999403953552
113,4,3750,0.5106222963652709,0.48537583057575956,6.877407372485322e-07,1.0,0.9999999403953552
113,4,3800,0.5109571181215017,0.4851708408692258,6.8260584384916e-07,1.0,0.9999999403953552
113,4,3850,0.511308111494599,0.48495332813585224,6.781644970033085e-07,1.0,0.9999999403953552
113,4,3900,0.5116283122996483,0.48472418742646334,6.744433562744234e-07,1.0,0.9999999403953552
113,4,3950,0.5120086563888901,0.48446818791107915,6.694951935060089e-07,1.0,0.9999999403953552
113,4,4000,0.5125332753094232,0.484180785730914,6.666143690381432e-07,1.0,0.9999999403953552
113,4,4050,0.51303887951678,0.48388792583044976,6.621463057854271e-07,1.0,0.9999999403953552
113,4,4100,0.513577386898537,0.4835568016608175,6.584785410268523e-07,1.0,0.9999999403953552
113,4,4150,0.5143686609756807,0.4831944394648518,6.548507940351556e-07,1.0,0.9999999403953552
113,4,4200,0.5152988410846238,0.48278285777920316,6.520365900541947e-07,1.0,0.9999999403953552
113,4,4250,0.5162144759411781,0.48230562857925713,6.476752787420992e-07,1.0,0.9999999403953552
113,4,4300,0.5171808638572463,0.48175564232941986,6.437807655856886e-07,1.0,0.9999999403953552
113,4,4350,0.5182848188131536,0.4811002523594669,6.405398380593397e-07,1.0,0.9999999403953552
113,4,4400,0.519291943430791,0.48163678583925634,6.372054599523835e-07,1.0,0.9999999403953552
113,4,4450,0.520204190457046,0.48270609115656615,6.339644755826157e-07,1.0,0.9999999403953552
113,4,4500,0.5211931096040019,0.48398616736857547,6.29829912668356e-07,1.0,0.9999999403953552
113,4,4550,0.5220364008603385,0.4855256907613202,6.277092552409158e-07,1.0,0.9999999403953552
113,4,4600,0.5225749225283102,0.487292764731476,6.233746603356849e-07,1.0,0.9999999403953552
113,4,4650,0.5230396739502352,0.4891592821346297,6.207071692188038e-07,1.0,0.9999999403953552
113,4,4700,0.5233934002897996,0.4909939767311963,6.168926915961492e-07,1.0,0.9999999403953552
113,4,4750,0.5236715390524351,0.4926291507427932,6.136917249932594e-07,1.0,0.9999999403953552
113,4,4800,0.5237750172811739,0.4939752489730289,6.114510142651852e-07,1.0,0.9999999403953552
113,4,4850,0.523840829138885,0.4950299864455261,6.074498628549918e-07,1.0,0.9999999403953552
113,4,4900,0.5239939778235376,0.4958244181948052,6.047023362043547e-07,1.0,0.9999999403953552
113,4,4950,0.5241407042409894,0.49643032348711363,6.030218173691537e-07,1.0,0.9999999403953552
113,4,5000,0.5241679083009282,0.4969207640229051,5.985137931929785e-07,1.0,0.9999999403953552
113,4,5050,0.5239404132962646,0.4973299150151696,5.962864406683366e-07,1.0,0.9999999403953552
113,4,5100,0.5234690744679343,0.49769028614840505,5.936190063948743e-07,1.0,0.9999999403953552
113,4,5150,0.5227131544875404,0.4980114592738173,5.910315508117492e-07,1.0,0.9999999403953552
113,4,5200,0.5217729692429984,0.4983222271619853,5.882307050342206e-07,1.0,0.9999999403953552
113,4,5250,0.5206608058455295,0.4986121162852772,5.85509894790448e-07,1.0,0.9999999403953552
113,4,5300,0.5193203182136333,0.4988826809807044,5.833225600326841e-07,1.0,0.9999999403953552
113,4,5350,0.5179360857720061,0.49914805740832435,5.804283773613861e-07,1.0,0.9999999403953552
113,4,5400,0.5166360096221032,0.49941059829014717,5.785211101283494e-07,1.0,0.9999999403953552
113,4,5450,0.5152617845603868,0.49966795733433506,5.756135692536191e-07,1.0,0.9999999403953552
113,4,5500,0.5137502503887246,0.4999347045197853,5.726126346417004e-07,1.0,0.9999999403953552
113,4,5550,0.5124135510857065,0.5002001948757604,5.708121193492843e-07,1.0,0.9999999403953552
113,4,5600,0.5109137490055011,0.5004490432370532,5.689982458534359e-07,1.0,0.9999999403953552
113,4,5650,0.5090043797825301,0.5006815958955106,5.659572934746393e-07,1.0,0.9999999403953552
113,4,5700,0.5067872373912188,0.5008989440105243,5.646235763379082e-07,1.0,0.9999999403953552
113,4,5750,0.50429671283448,0.5011137276428196,5.611825599771691e-07,1.0,0.9999999403953552
113,4,5800,0.5044568272968674,0.501315537272646,5.598888037638972e-07,1.0,0.9999999403953552
113,4,5850,0.5050076108289562,0.5015049364142473,5.575814725489181e-07,1.0,0.9999999403953552
113,4,5900,0.5055734568188986,0.501680157322819,5.553541200242762e-07,1.0,0.9999999403953552
113,4,5950,0.5060327027726026,0.5018572675940514,5.518597276932269e-07,1.0,0.9999999403953552
113,4,6000,0.5064928599336959,0.5020439538315743,5.519797809938609e-07,1.0,0.9999999403953552
113,4,6050,0.5069822196861857,0.502242856229314,5.484587290993659e-07,1.0,0.9999999403953552
113,4,6100,0.5074753202193573,0.5024479759243848,5.471249551192159e-07,1.0,0.9999999403953552
113,4,6150,0.5079465659055349,0.5026515969165583,5.450843332255317e-07,1.0,0.9999999403953552
113,4,6200,0.508357393057224,0.5028479979820352,5.427236260402424e-07,1.0,0.9999999403953552
113,4,6250,0.5086558457934847,0.5030369955901253,5.41376550700079e-07,1.0,0.9999999403953552
113,4,6300,0.5088693000480121,0.5032354738448298,5.385223857956589e-07,1.0,0.9999999403953552
113,4,6350,0.5090720096439522,0.503444149111718,5.370686153582938e-07,1.0,0.9999999403953552
113,4,6400,0.5092144048260071,0.5036640294708189,5.347879437067604e-07,1.0,0.9999999403953552
113,4,6450,0.5092640518712843,0.5038847766179932,5.330674071046815e-07,1.0,0.9999999403953552
113,4,6500,0.5092176090190272,0.5041109904063368,5.301998839968292e-07,1.0,0.9999999403953552
113,4,6550,0.5090088287024676,0.5043358321193536,5.297063694342796e-07,1.0,0.9999999403953552
113,4,6600,0.5086761668427677,0.5045594721739929,5.274256977827463e-07,1.0,0.9999999403953552
113,4,6650,0.508117336495007,0.5047837538215909,5.267855271995359e-07,1.0,0.9999999403953552
113,4,6700,0.5073307717552222,0.5050139110992934,5.243580858405039e-07,1.0,0.9999999403953552
113,4,6750,0.5062959890593519,0.505250017265919,5.225442123446555e-07,1.0,0.9999999403953552
113,4,6800,0.5049880206415825,0.5054710060024172,5.210104063735344e-07,1.0,0.9999999403953552
113,4,6850,0.5036753990268252,0.5056404012201352,5.19863419867761e-07,1.0,0.9999999403953552
113,4,6900,0.5024144866214617,0.5056626257794933,5.169692371964629e-07,1.0,0.9999999403953552
113,4,6950,0.5012556066632669,0.5049570965541675,5.155687858859892e-07,1.0,0.9999999403953552
113,4,7000,0.5001853585504973,0.49965662658288446,5.14074997681746e-07,1.0,0.9999999403953552
113,4,7050,0.49930011048085593,0.4918704307949256,5.122344646224519e-07,1.0,0.9999999403953552
113,4,7100,0.49851857282073825,0.49031860430147595,5.09967094330932e-07,1.0,0.9999999403953552
113,4,7150,0.49785652226380156,0.49013963059664994,5.092468882139656e-07,1.0,0.9999999403953552
113,4,7200,0.4989632929146243,0.4902456418314837,5.071395889899577e-07,1.0,0.9999999403953552
113,4,7250,0.5005440922289314,0.4904478503749767,5.063393473392352e-07,1.0,0.9999999403953552
113,4,7300,0.5025323106682157,0.4906733016918159,5.044054205427528e-07,1.0,0.9999999403953552
113,4,7350,0.5050173634785186,0.4909175552464375,5.035251433582744e-07,1.0,0.9999999403953552
113,4,7400,0.5079426794269482,0.4911764168943868,5.024448341828247e-07,1.0,0.9999999403953552
113,4,7450,0.5109524974273633,0.4914454992389919,4.995106337446487e-07,1.0,0.9999999403953552
113,4,7500,0.5142248809811895,0.49171446937084246,4.992038498130569e-07,1.0,0.9999999403953552
113,4,7550,0.5179449676043025,0.49197922651490034,4.974299940840865e-07,1.0,0.9999999403953552
113,4,7600,0.5219141859151656,0.49224174004742133,4.960695605404908e-07,1.0,0.9999999403953552
113,4,7650,0.5261705815536835,0.49250793645386776,4.932954311698268e-07,1.0,0.9999999403953552
113,4,7700,0.5307214177206853,0.49277831434352437,4.919083380627853e-07,1.0,0.9999999403953552
113,4,7750,0.5362774111410928,0.49305144237748955,4.919883167531225e-07,1.0,0.9999999403953552
113,4,7800,0.542656419424278,0.49332320698251136,4.902144610241521e-07,1.0,0.9999999403953552
113,4,7850,0.5496438058276517,0.49358929342790886,4.88920761654299e-07,1.0,0.9999999403953552
113,4,7900,0.5565395540212895,0.49384793763061324,4.870001930612489e-07,1.0,0.9999999403953552
113,4,7950,0.5629860503618328,0.49410278619279874,4.862399691774044e-07,1.0,0.9999999403953552
113,4,8000,0.5687342041713712,0.4943500226286711,4.847995001000527e-07,1.0,0.9999999403953552
113,4,8050,0.5737842599389048,0.49459729674285413,4.835324602936453e-07,1.0,0.9999999403953552
113,4,8100,0.5785060993433824,0.4948437632794981,4.817586045646749e-07,1.0,0.9999999403953552
113,4,8150,0.583380415920611,0.4950942600899156,4.79998050195718e-07,1.0,0.9999999403953552
113,4,8200,0.588276841957521,0.4953337895017889,4.795178938366007e-07,1.0,0.9999999403953552
113,4,8250,0.5928922135462298,0.49556931323883874,4.781308575729781e-07,1.0,0.9999999403953552
113,4,8300,0.5973183679429823,0.4957986120090267,4.779707865054661e-07,1.0,0.9999999403953552
113,4,8350,0.6017050410581679,0.49602870605670807,4.762102605582186e-07,1.0,0.9999999403953552
113,4,8400,0.6061569417816705,0.49625318779613287,4.743163515286142e-07,1.0,0.9999999403953552
113,4,8450,0.6105046885527731,0.4964752251081308,4.731426486159762e-07,1.0,0.9999999403953552
113,4,8500,0.614851186191982,0.496693157594623,4.723690949504089e-07,1.0,0.9999999403953552
113,4,8550,0.6191284621534373,0.49690891605305626,4.703951503870485e-07,1.0,0.9999999403953552
113,4,8600,0.6231286689055723,0.49712025405155713,4.6931484121159883e-07,1.0,0.9999999403953552
113,4,8650,0.6269009487820905,0.49732496223689593,4.6908809281376307e-07,1.0,0.9999999403953552
113,4,8700,0.6301253622611815,0.49752266905754916,4.667674033953517e-07,1.0,0.9999999403953552
113,4,8750,0.6327288620593096,0.4977199464932241,4.6590048441430554e-07,1.0,0.9999999403953552
113,4,8800,0.6346015537665002,0.4979200156898178,4.6462008640446584e-07,1.0,0.9999999403953552
113,4,8850,0.636061898156451,0.4981202157150547,4.6375316742341965e-07,1.0,0.9999999403953552
113,4,8900,0.6369623906625052,0.49831792316376683,4.6276619514173944e-07,1.0,0.9999999403953552
113,4,8950,0.637706922612184,0.4985166365787627,4.616458681994118e-07,1.0,0.9999999403953552
113,4,9000,0.6382680079273203,0.4987105337262206,4.59405185893047e-07,1.0,0.9999999403953552
113,4,9050,0.6389198597658123,0.49889946669074337,4.595252107719716e-07,1.0,0.9999999403953552
113,4,9100,0.6401197882758022,0.4990838912677026,4.579647452374047e-07,1.0,0.9999999403953552
113,4,9150,0.6415590251300407,0.4992634963154058,4.5664435788239643e-07,1.0,0.9999999403953552
113,4,9200,0.6432303161328858,0.4994327300967552,4.5556402028523735e-07,1.0,0.9999999403953552
113,4,9250,0.6446703900232095,0.49960359832668644,4.5487047373171663e-07,1.0,0.9999999403953552
113,4,9300,0.6461393567305309,0.49978169030524866,4.5337668552747346e-07,1.0,0.9999999403953552
113,4,9350,0.6478780886070141,0.49995863965640563,4.5284321004146477e-07,1.0,0.9999999403953552
113,4,9400,0.6497979890795619,0.5001361355740345,4.513494218372216e-07,1.0,0.9999999403953552
113,4,9450,0.6517169271946237,0.5003137292473238,4.502290664731845e-07,1.0,0.9999999403953552
113,4,9500,0.6536491729569919,0.5004924287322858,4.4873530669065076e-07,1.0,0.9999999403953552
113,4,9550,0.655673754584809,0.500670279638486,4.48468540525937e-07,1.0,0.9999999403953552
113,4,9600,0.6579417754759737,0.5008445811253918,4.462545462047274e-07,1.0,0.9999999403953552
113,4,9650,0.6602773364640907,0.5010176106536091,4.448541233159631e-07,1.0,0.9999999403953552
113,4,9700,0.6624246490790022,0.5011861789920476,4.4488081130111823e-07,1.0,0.9999999403953552
113,4,9750,0.6643767981740087,0.5013418498388801,4.4417393496587465e-07,1.0,0.9999999403953552
113,4,9800,0.6658845690092637,0.5015001957999662,4.4285351918915694e-07,1.0,0.9999999403953552
113,4,9850,0.6674065287819941,0.501663837971718,4.426134410095983e-07,1.0,0.9999999403953552
113,4,9900,0.6694474538036853,0.5018258003326729,4.4117302877566544e-07,1.0,0.9999999403953552
113,4,9950,0.6714551924861918,0.5019907149793644,4.3955918727078824e-07,1.0,0.9999999403953552
113,4,10000,0.6736391338875501,0.5021530048159676,4.3935912685810763e-07,1.0,0.9999999403953552
113,5,0,0.2786015388531792,0.21871867475445766,4.7275004386901855,0.008503020741045475,0.007830853573977947
113,5,50,0.263266837768977,0.209355101314267,2.7610061168670654,0.6926605701446533,0.0
113,5,100,0.26303447329288127,0.2091398716630993,0.047628674656152725,1.0,0.003915426786988974
113,5,150,0.31588422604655825,0.23525380918195124,0.012584008276462555,1.0,0.01722787693142891
113,5,200,0.3421613667971422,0.23863589886993403,0.007211983669549227,1.0,0.05351082980632782
113,5,250,0.3642378698164027,0.24877928969646707,0.0038608782924711704,1.0,0.12790393829345703
113,5,300,0.38574134624924955,0.2692126960808829,0.002075382275506854,1.0,0.2589402198791504
113,5,350,0.4012118041224499,0.27464585556361426,0.0011403479147702456,1.0,0.41555729508399963
113,5,400,0.4346768348292945,0.2814765746681099,0.0006368242902681231,1.0,0.6001043915748596
113,5,450,0.44221593830243244,0.285620236092742,0.000360103469574824,1.0,0.7473244071006775
113,5,500,0.4784501376535484,0.2834085416525087,0.00020559350377880037,1.0,0.8582615256309509
113,5,550,0.49446819548884136,0.2968832288965258,0.00011885337153216824,1.0,0.927695095539093
113,5,600,0.494307914090696,0.3000413284941007,6.961149483686313e-05,1.0,0.9678934812545776
113,5,650,0.4943034946618867,0.2904512394133843,4.1362793126609176e-05,1.0,0.9879926443099976
113,5,700,0.506780524947852,0.29641887914910076,2.507600402168464e-05,1.0,0.9950404167175293
113,5,750,0.5119371176750067,0.30003442008754494,1.558105395815801e-05,1.0,0.9971286654472351
113,5,800,0.49931421235581597,0.33455023782384075,9.976861292670947e-06,1.0,0.9986948370933533
113,5,850,0.5101261723707389,0.3670177472654804,6.613501227548113e-06,1.0,0.9989558458328247
113,5,900,0.5186177987993255,0.3923391316458995,4.561064997687936e-06,1.0,0.9997389316558838
113,5,950,0.5366561526891771,0.4259578838510041,3.280001465100213e-06,1.0,0.9999999403953552
113,5,1000,0.5300602781942051,0.4504580171972953,2.4668504465807928e-06,1.0,0.9999999403953552
113,5,1050,0.5221854057404609,0.4616659865876945,1.9385711311770137e-06,1.0,0.9999999403953552
113,5,1100,0.5116272823757189,0.4666322118822455,1.597348386894737e-06,1.0,0.9999999403953552
113,5,1150,0.49517702249885315,0.46984065957246385,1.383057110615482e-06,1.0,0.9999999403953552
113,5,1200,0.4717564385443005,0.4729408436631782,1.249643446499249e-06,1.0,0.9999999403953552
113,5,1250,0.43191009684253495,0.4764721150752603,1.170112795989553e-06,1.0,0.9999999403953552
113,5,1300,0.40014339301938273,0.4812204217852749,1.1241922948102001e-06,1.0,0.9999999403953552
113,5,1350,0.4008282510244272,0.49006410349770185,1.0971308483931352e-06,1.0,0.9999999403953552
113,5,1400,0.44523567240739637,0.49912545202304537,1.0798455605254276e-06,1.0,0.9999999403953552
113,5,1450,0.4710563101581818,0.5023795853917867,1.0670283927538549e-06,1.0,0.9999999403953552
113,5,1500,0.4844134523198475,0.5050837222262853,1.05631852420629e-06,1.0,0.9999999403953552
113,5,1550,0.4905321898344566,0.5080505313883367,1.0456486734256032e-06,1.0,0.9999999403953552
113,5,1600,0.4934289122750307,0.5111347421995276,1.0351920991524821e-06,1.0,0.9999999403953552
113,5,1650,0.494615352753129,0.5142357649271063,1.0237220067210728e-06,1.0,0.9999999403953552
113,5,1700,0.49493846280588516,0.516968526718239,1.012892084872874e-06,1.0,0.9999999403953552
113,5,1750,0.49479524013675674,0.5192300354782547,1.0014352938014781e-06,1.0,0.9999999403953552
113,5,1800,0.4944530599977261,0.5213397824415513,9.900318218569737e-07,1.0,0.9999999403953552
113,5,1850,0.49406027074402553,0.5232951006799802,9.77374725152913e-07,1.0,0.9999999403953552
113,5,1900,0.4936517834044579,0.5251102544331334,9.65517756412737e-07,1.0,0.9999999403953552
113,5,1950,0.4931935223487004,0.5269349924892306,9.542610541757313e-07,1.0,0.9999999403953552
113,5,2000,0.4927424733952919,0.5287086162717815,9.429909937352932e-07,1.0,0.9999999403953552
113,5,2050,0.49229306565078185,0.530280837745634,9.31680915527977e-07,1.0,0.9999999403953552
113,5,2100,0.4918574256178897,0.5315728939744224,9.210110079038714e-07,1.0,0.9999999403953552
113,5,2150,0.49142608356154405,0.5327882523250104,9.102344620259828e-07,1.0,0.9999999403953552
113,5,2200,0.4910211548109265,0.5336932971459108,8.996712494990788e-07,1.0,0.9999999403953552
113,5,2250,0.4906398440185753,0.5340975399970004,8.891480547390529e-07,1.0,0.9999999403953552
113,5,2300,0.49025405432188707,0.5336421460857194,8.79691924637882e-07,1.0,0.9999999403953552
113,5,2350,0.48985401859724664,0.5320815656420276,8.696089253135142e-07,1.0,0.9999999403953552
113,5,2400,0.49063645137333856,0.5296901827755756,8.595658869126055e-07,1.0,0.9999999403953552
113,5,2450,0.492835497799649,0.5268688065329611,8.502163950652175e-07,1.0,0.9999999403953552
113,5,2500,0.4955194430664063,0.5237628493113942,8.419472123932792e-07,1.0,0.9999999403953552
113,5,2550,0.49874699470628414,0.5202890233692723,8.333446430697222e-07,1.0,0.9999999403953552
113,5,2600,0.5026142766541387,0.5165842933545801,8.242752187470614e-07,1.0,0.9999999403953552
113,5,2650,0.5073707990841629,0.5132242204864331,8.166329052983201e-07,1.0,0.9999999403953552
113,5,2700,0.5135473730961119,0.5102257923137845,8.079903182078851e-07,1.0,0.9999999403953552
113,5,2750,0.5199007245455743,0.5073296319300147,8.01174905973312e-07,1.0,0.9999999403953552
113,5,2800,0.5264091784889655,0.5046480542471776,7.93079152572318e-07,1.0,0.9999999403953552
113,5,2850,0.5334890455262126,0.5023973708757742,7.861837616474077e-07,1.0,0.9999999403953552
113,5,2900,0.5418213965628775,0.5003414501632553,7.779946145092254e-07,1.0,0.9999999403953552
113,5,2950,0.5517389794586958,0.49856362616634486,7.71485986206244e-07,1.0,0.9999999403953552
113,5,3000,0.5637200302786514,0.49703901506201265,7.640037438250147e-07,1.0,0.9999999403953552
113,5,3050,0.5785440154066016,0.49569104929717783,7.580152328046097e-07,1.0,0.9999999403953552
113,5,3100,0.5966510918120592,0.49459650271849964,7.514132676078589e-07,1.0,0.9999999403953552
113,5,3150,0.6191886775956537,0.49366505248005854,7.453447778971167e-07,1.0,0.9999999403953552
113,5,3200,0.6464403953372619,0.49285859202813104,7.385027060990978e-07,1.0,0.9999999403953552
113,5,3250,0.6886522906617505,0.4921877319802221,7.323408226511674e-07,1.0,0.9999999403953552
113,5,3300,0.7352792304500174,0.4916245060460192,7.270192554642563e-07,1.0,0.9999999403953552
113,5,3350,0.7910300301940357,0.4911600227378343,7.202038432296831e-07,1.0,0.9999999403953552
113,5,3400,0.8333268658551861,0.4908034776319033,7.150689498303109e-07,1.0,0.9999999403953552
113,5,3450,0.8767884315909664,0.4905350803415765,7.087870699251653e-07,1.0,0.9999999403953552
113,5,3500,0.9181425145744576,0.49034400652504506,7.038255489533185e-07,1.0,0.9999999403953552
113,5,3550,0.934505007768216,0.49022400469853905,6.984506057960971e-07,1.0,0.9999999403953552
113,5,3600,0.9462031252535302,0.4901458452638788,6.935024430276826e-07,1.0,0.9999999403953552
113,5,3650,0.9552553571331349,0.4900855115759319,6.888477059874276e-07,1.0,0.9999999403953552
113,5,3700,0.9627839993097618,0.490090313796673,6.837128125880554e-07,1.0,0.9999999403953552
113,5,3750,0.9690443409043107,0.4901467906048062,6.784845822949137e-07,1.0,0.9999999403953552
113,5,3800,0.97419197335126,0.4902164158211619,6.742166647200065e-07,1.0,0.9999999403953552
113,5,3850,0.9779703669635513,0.4903123804807081,6.700687436023145e-07,1.0,0.9999999403953552
113,5,3900,0.9806675823318661,0.4904220553808974,6.65507343455829e-07,1.0,0.9999999403953552
113,5,3950,0.9825632540127248,0.490555434131883,6.605458224839822e-07,1.0,0.9999999403953552
113,5,4000,0.9839580242664587,0.49069384197853755,6.56157851608441e-07,1.0,0.9999999403953552
113,5,4050,0.9852789372478564,0.49085413362225455,6.510496746159333e-07,1.0,0.9999999403953552
113,5,4100,0.9863957553772271,0.4910088450622577,6.477819738393009e-07,1.0,0.9999999403953552
113,5,4150,0.9874487633261168,0.491173175423365,6.435673753912852e-07,1.0,0.9999999403953552
113,5,4200,0.9884642013251812,0.4913545149592675,6.392860996129457e-07,1.0,0.9999999403953552
113,5,4250,0.9893888402544554,0.4915486541405071,6.362718636410136e-07,1.0,0.9999999403953552
113,5,4300,0.990060770352707,0.49173390505861875,6.316437861642044e-07,1.0,0.9999999403953552
113,5,4350,0.9906689190914852,0.4919068517494139,6.282160711634788e-07,1.0,0.9999999403953552
113,5,4400,0.9912988500373229,0.49210100311783567,6.245216468414583e-07,1.0,0.9999999403953552
113,5,4450,0.991916665345,0.49230181787344357,6.203604243637528e-07,1.0,0.9999999403953552
113,5,4500,0.992635805101136,0.49249932213863745,6.168526738292712e-07,1.0,0.9999999403953552
113,5,4550,0.9933712151364827,0.4926992191015104,6.139984520814323e-07,1.0,0.9999999403953552
113,5,4600,0.9940454720952782,0.49289987641822436,6.100372615946981e-07,1.0,0.9999999403953552
113,5,4650,0.9946323422316186,0.4930986555529445,6.065695856705133e-07,1.0,0.9999999403953552
113,5,4700,0.9951365023279007,0.49330994312938015,6.029018209119386e-07,1.0,0.9999999403953552
113,5,4750,0.9955271075357929,0.4934918145966093,6.004477199894609e-07,1.0,0.9999999403953552
113,5,4800,0.995829210021406,0.4936690842689501,5.969799872218573e-07,1.0,0.9999999403953552
113,5,4850,0.9961405239839984,0.493847129197466,5.938724143561558e-07,1.0,0.9999999403953552
113,5,4900,0.9964339391835614,0.49403123217001904,5.909648734814255e-07,1.0,0.9999999403953552
113,5,4950,0.9966710499552331,0.4942327653372065,5.874838393538084e-07,1.0,0.9999999403953552
113,5,5000,0.9968354939258136,0.49444685922499804,5.852564868291665e-07,1.0,0.9999999403953552
113,5,5050,0.9969655369627557,0.49463696277676283,5.816553994009155e-07,1.0,0.9999999403953552
113,5,5100,0.9970653857779608,0.4947778158694499,5.794013873128279e-07,1.0,0.9999999403953552
113,5,5150,0.9971154092941312,0.49494027821944425,5.756135692536191e-07,1.0,0.9999999403953552
113,5,5200,0.9971107494139378,0.4951030244593323,5.728660426029819e-07,1.0,0.9999999403953552
113,5,5250,0.9970226956925293,0.49523695005536306,5.703853389604774e-07,1.0,0.9999999403953552
113,5,5300,0.9968738531470385,0.4953723540593402,5.675711349795165e-07,1.0,0.9999999403953552
113,5,5350,0.9966707423760615,0.49555807696037346,5.643568101731944e-07,1.0,0.9999999403953552
113,5,5400,0.9963667973487272,0.4957311430597402,5.619027660941356e-07,1.0,0.9999999403953552
113,5,5450,0.99593610740983,0.49591768982924855,5.592486331806867e-07,1.0,0.9999999403953552
113,5,5500,0.9953526454082561,0.49610756593701666,5.571413339566789e-07,1.0,0.9999999403953552
113,5,5550,0.9946582400812118,0.49632367243147246,5.545805379369995e-07,1.0,0.9999999403953552
113,5,5600,0.9939021158217151,0.49657055432665625,5.517530325960252e-07,1.0,0.9999999403953552
113,5,5650,0.9931324350612089,0.49685131414193245,5.484053531290556e-07,1.0,0.9999999403953552
113,5,5700,0.9923622303678659,0.4972055038629275,5.464047490022494e-07,1.0,0.9999999403953552
113,5,5750,0.9916372251470054,0.4975638008223067,5.443908435154299e-07,1.0,0.9999999403953552
113,5,5800,0.9909523427648047,0.49794548124568255,5.426703069133509e-07,1.0,0.9999999403953552
113,5,5850,0.9903091949037388,0.49831728105591694,5.396960887082969e-07,1.0,0.9999999403953552
113,5,5900,0.9896967355795943,0.4987281625861666,5.372286295823869e-07,1.0,0.9999999403953552
113,5,5950,0.9891039826420552,0.499144198279636,5.346945499695721e-07,1.0,0.9999999403953552
113,5,6000,0.9885491289271142,0.4996055632254388,5.327206054062117e-07,1.0,0.9999999403953552
113,5,6050,0.9881512229256602,0.5000732491080663,5.304665933181241e-07,1.0,0.9999999403953552
113,5,6100,0.9878343247990011,0.5005274372812489,5.267187930257933e-07,1.0,0.9999999403953552
113,5,6150,0.9874678571985281,0.5010227313299518,5.254384518593724e-07,1.0,0.9999999403953552
113,5,6200,0.9870620403997631,0.5015473893158974,5.243848022473685e-07,1.0,0.9999999403953552
113,5,6250,0.986629519553341,0.502108555530184,5.212238534113567e-07,1.0,0.9999999403953552
113,5,6300,0.9862310168233046,0.5026859917322325,5.198500616643287e-07,1.0,0.9999999403953552
113,5,6350,0.9859107668051225,0.5032845317548856,5.178494575375225e-07,1.0,0.9999999403953552
113,5,6400,0.9856381815687597,0.503878402017192,5.156221618562995e-07,1.0,0.9999999403953552
113,5,6450,0.985491934430745,0.5045052222403384,5.132613978275913e-07,1.0,0.9999999403953552
113,5,6500,0.985272616029706,0.5051268093441263,5.105272862238053e-07,1.0,0.9999999403953552
113,5,6550,0.9850516852869077,0.5057935708688401,5.093135655442893e-07,1.0,0.9999999403953552
113,5,6600,0.9848945878185804,0.5064824383791928,5.083132919025957e-07,1.0,0.9999999403953552
113,5,6650,0.9849021755141414,0.5071885553805505,5.064727019998827e-07,1.0,0.9999999403953552
113,5,6700,0.9849698555625856,0.5079242251708634,5.036451966589084e-07,1.0,0.9999999403953552
113,5,6750,0.984740912604189,0.5086954013833525,5.021914262215432e-07,1.0,0.9999999403953552
113,5,6800,0.9836699729310995,0.5095103901100536,4.994839173377841e-07,1.0,0.9999999403953552
113,5,6850,0.9806294300348631,0.5103425808940636,4.980435051038512e-07,1.0,0.9999999403953552
113,5,6900,0.9735654690369235,0.5112149636500485,4.960829187439231e-07,1.0,0.9999999403953552
113,5,6950,0.9597843671274873,0.512121926335145,4.945624709762342e-07,1.0,0.9999999403953552
113,5,7000,0.9347798466212756,0.513090547286265,4.92241724714404e-07,1.0,0.9999999403953552
113,5,7050,0.8899938566292901,0.5141317689020033,4.914681994705461e-07,1.0,0.9999999403953552
113,5,7100,0.8243153115418751,0.5152164385595417,4.899210352959926e-07,1.0,0.9999999403953552
113,5,7150,0.7653622442159007,0.5163646121165429,4.875736863141356e-07,1.0,0.9999999403953552
113,5,7200,0.7187472271032014,0.5175681830289096,4.858264901486109e-07,1.0,0.9999999403953552
113,5,7250,0.6862708521557347,0.5188527968289959,4.856264013142209e-07,1.0,0.9999999403953552
113,5,7300,0.6622964425083555,0.5202177115560829,4.823320978175616e-07,1.0,0.9999999403953552
113,5,7350,0.6441044306150158,0.521690410367514,4.806782385458064e-07,1.0,0.9999999403953552
113,5,7400,0.6307458320540674,0.5232238561725063,4.787576699527563e-07,1.0,0.9999999403953552
113,5,7450,0.6211048812421414,0.524831725833585,4.768504595631384e-07,1.0,0.9999999403953552
113,5,7500,0.6130546412531203,0.5265795729722575,4.775306479132269e-07,1.0,0.9999999403953552
113,5,7550,0.6063980796151442,0.528421061708881,4.74796479466022e-07,1.0,0.9999999403953552
113,5,7600,0.6002801572833923,0.5304045379416019,4.72902598858127e-07,1.0,0.9999999403953552
113,5,7650,0.594110906606835,0.5325087249326116,4.7176891371236707e-07,1.0,0.9999999403953552
113,5,7700,0.5859603768897033,0.53481757748244,4.696616144883592e-07,1.0,0.9999999403953552
113,5,7750,0.5690821514490929,0.5372927988577214,4.6876800752215786e-07,1.0,0.9999999403953552
113,5,7800,0.540652172291982,0.5399807467184334,4.6775437567703193e-07,1.0,0.9999999403953552
113,5,7850,0.520783880112865,0.5428812190758096,4.6495352989950334e-07,1.0,0.9999999403953552
113,5,7900,0.5066102017678162,0.5461257220669751,4.639932456029783e-07,1.0,0.9999999403953552
113,5,7950,0.5002229249865391,0.5496213337343762,4.6309963863677694e-07,1.0,0.9999999403953552
113,5,8000,0.4917627792090422,0.5534578519582813,4.6127240693749627e-07,1.0,0.9999999403953552
113,5,8050,0.496306894782572,0.5577629478421103,4.595785583205725e-07,1.0,0.9999999403953552
113,5,8100,0.5001525761441584,0.5626043893977969,4.5803142256772844e-07,1.0,0.9999999403953552
113,5,8150,0.5024056768911772,0.5680691195246308,4.566043401155184e-07,1.0,0.9999999403953552
113,5,8200,0.5034855474564294,0.5743523262184002,4.5609752419295546e-07,1.0,0.9999999403953552
113,5,8250,0.5038653784649377,0.58155466434452,4.5515056967815326e-07,1.0,0.9999999403953552
113,5,8300,0.5040017866103637,0.5899098311649993,4.530432704541454e-07,1.0,0.9999999403953552
113,5,8350,0.5041635170313582,0.5995657708939522,4.523897416675027e-07,1.0,0.9999999403953552
113,5,8400,0.5043142303187478,0.6106962935776621,4.501090415942599e-07,1.0,0.9999999403953552
113,5,8450,0.5043698426763558,0.6235443137394272,4.4989565139985643e-07,1.0,0.9999999403953552
113,5,8500,0.50446046096229,0.6382941810129305,4.4762830953004595e-07,1.0,0.9999999403953552
113,5,8550,0.5045030928023302,0.6551038503031938,4.4680137989416835e-07,1.0,0.9999999403953552
113,5,8600,0.5047433029477716,0.6743362874539378,4.4540095700540405e-07,1.0,0.9999999403953552
113,5,8650,0.5050343019424184,0.7009624741003135,4.4334700532999705e-07,1.0,0.9999999403953552
113,5,8700,0.505208944377675,0.746609460615545,4.4242673880035e-07,1.0,0.9999999403953552
113,5,8750,0.5052786926491577,0.7789376507499015,4.419999299898336e-07,1.0,0.9999999403953552
113,5,8800,0.505349442658142,0.8110997485834603,4.40372787124943e-07,1.0,0.9999999403953552
113,5,8850,0.50543492708939,0.8414323149780181,4.388656407172675e-07,1.0,0.9999999403953552
113,5,8900,0.5054878618933379,0.8685951471051591,4.3885231093554466e-07,1.0,0.9999999403953552
113,5,8950,0.5055443299585892,0.8923885738768285,4.3694510054592683e-07,1.0,0.9999999403953552
113,5,9000,0.5056304249036343,0.9118430001562424,4.3558469542404055e-07,1.0,0.9999999403953552
113,5,9050,0.5056788245551465,0.9272273206555963,4.3353074374863354e-07,1.0,0.9999999403953552
113,5,9100,0.5058509301354503,0.9394369165059938,4.336774566127133e-07,1.0,0.9999999403953552
113,5,9150,0.5060841750358105,0.949134112482264,4.31770217801386e-07,1.0,0.9999999403953552
113,5,9200,0.5063293776791293,0.9568835993599197,4.303297771457437e-07,1.0,0.9999999403953552
113,5,9250,0.5064926310919018,0.963109856722299,4.2908939690278203e-07,1.0,0.9999999403953552
113,5,9300,0.5067279442034524,0.96818803001004,4.283291730189376e-07,1.0,0.9999999403953552
113,5,9350,0.5070329217879692,0.9723516309106254,4.27035445227375e-07,1.0,0.9999999403953552
113,5,9400,0.5072071727683612,0.9757453982491432,4.262485333583754e-07,1.0,0.9999999403953552
113,5,9450,0.5071779414943478,0.9785727439262822,4.244613478476822e-07,1.0,0.9999999403953552
113,5,9500,0.5069628972646633,0.9809319225342941,4.227541410273261e-07,1.0,0.9999999403953552
113,5,9550,0.506404874741219,0.9829111129703246,4.2290085389140586e-07,1.0,0.9999999403953552
113,5,9600,0.5055356256965435,0.9845611203736733,4.219005518280028e-07,1.0,0.9999999403953552
113,5,9650,0.5047300976357939,0.9859875812956009,4.2020673163278843e-07,1.0,0.9999999403953552
113,5,9700,0.5038345075967222,0.987215339871174,4.194998268758354e-07,1.0,0.9999999403953552
113,5,9750,0.5030635311221089,0.9882776235956393,4.1843284748210863e-07,1.0,0.9999999403953552
113,5,9800,0.5027565277997362,0.9892007083809408,4.1772597114686505e-07,1.0,0.9999999403953552
113,5,9850,0.503464353317047,0.9899907798957471,4.167123393017391e-07,1.0,0.9999999403953552
113,5,9900,0.5048287887929824,0.9906931669435289,4.1596544519961753e-07,1.0,0.9999999403953552
113,5,9950,0.5064576491829208,0.9913192041281749,4.135913798108959e-07,1.0,0.9999999403953552
113,5,10000,0.5073890188763973,0.9918750022630971,4.1429825614613947e-07,1.0,0.9999999403953552
